Locality,LOC_PID,Longitude,Latitude
BEAUCHAMP,VIC180,143.62503359,-35.62573262
TOOLONDO,VIC2543,141.8916118,-37.02080674
KALPIENUNG,VIC1283,143.26329096,-35.83748989
YANDOIT,VIC2903,144.10512232,-37.20232086
ST ARNAUD NORTH,VIC2341,143.16626015,-36.59168244
GERANG GERUNG,VIC974,141.87883178,-36.38153561
YAAPEET,VIC2887,142.08383399,-35.67893894
STONY CREEK,VIC2957,143.68713812,-37.22655828
BOLINDA,VIC273,144.77695923,-37.43811501
WARNE,VIC2698,143.11436659,-35.78455236
MORTON PLAINS,VIC1762,142.9047676,-36.07792499
CHIRRIP,VIC555,143.12803303,-36.16804152
CHINANGIN,VIC551,143.18318099,-35.52357118
KENMARE,VIC1318,142.2047962,-35.93439403
GLADFIELD,VIC993,143.95469233,-36.05870347
DUNACH,VIC802,143.73464228,-37.22062687
LORQUON,VIC1538,141.7723579,-36.14625015
DOCTORS FLAT,VIC762,147.73821887,-37.30083734
SHEEP HILLS,VIC2275,142.54431671,-36.34314635
PERONNE,VIC2056,141.37220139,-36.66067451
ULTIMA,VIC2611,143.27936675,-35.48169816
BOGONG,VIC266,147.21992234,-36.79923723
TANDARRA,VIC2441,144.21165508,-36.43326127
REEDY LAKE,VIC2155,143.87577427,-35.66383806
TRESCO WEST,VIC2583,143.63236671,-35.50855212
KALKEE,VIC1280,142.22261985,-36.55012726
DELATITE,VIC728,146.16083905,-37.12958637
CALIVIL,VIC445,144.08417798,-36.25307855
MIRALIE,VIC1694,143.32303018,-35.12788993
CORACK EAST,VIC634,143.05817291,-36.1529637
LAH,VIC1419,142.42345351,-36.12857453
GIL GIL,VIC984,143.04093293,-36.32165221
MININERA,VIC1689,142.95021122,-37.60446411
MOUNT COLE CREEK,VIC1779,143.12431492,-37.21998884
YARRAWONGA SOUTH,VIC2921,146.0261909,-36.0844386
SEA LAKE,VIC2250,142.89444739,-35.49658513
CRYMELON,VIC684,142.23652041,-36.15191023
SUTTON,VIC2405,142.97358988,-35.73285202
JIL JIL,VIC1261,142.97617529,-35.82187516
ANGLERS REST,VIC44,147.46747654,-37.01632044
JEFFCOTT NORTH,VIC1257,143.06805316,-36.2628361
YANDOIT HILLS,VIC2904,144.05162426,-37.21242653
NULLAWIL,VIC1979,143.14066747,-35.85774244
NOWHERE CREEK,VIC1972,143.29263675,-37.12521678
GRASS FLAT,VIC1082,141.82739605,-36.65486819
BAMAWM,VIC124,144.62869475,-36.26122665
CARALULUP,VIC478,143.64927444,-37.20416345
CAMPBELLTOWN,VIC459,143.95232039,-37.2081729
BULGANA,VIC380,142.99483018,-37.12973436
TATYOON,VIC2471,142.99409825,-37.50811909
WATCHUPGA,VIC2720,142.68992692,-35.76940954
BIMBOURIE,VIC240,142.75978094,-35.34033348
KARYRIE,VIC1300,142.85014022,-35.92606703
GOLDEN POINT,VIC2978,143.76121245,-37.09060571
LILLIPUT,VIC1498,146.4551379,-36.13032568
WAAIA,VIC2642,145.31116488,-36.04440588
NYAH WEST,VIC1989,143.33577475,-35.18351434
PYRAMID HILL,VIC2126,144.13201443,-36.04938833
MURRINDAL,VIC1842,148.21199589,-37.41616459
ENSAY NORTH,VIC868,147.8571162,-37.30064755
GOOROC,VIC1061,143.20756925,-36.46741659
NORMANVILLE,VIC1957,143.73222984,-35.80000636
STRATEN,VIC2372,142.57636078,-35.37973579
WALLALOO,VIC2661,142.87644232,-36.74713868
MOUNT GLASGOW,VIC1792,143.75861891,-37.20433757
MARNOO EAST,VIC1604,142.9564017,-36.65689065
BUTCHERS RIDGE,VIC430,148.25703539,-37.26239754
BOOMAHNOOMOONAH,VIC292,146.0991238,-36.12412358
BULLUMWAAL,VIC389,147.58441669,-37.64308499
APPIN SOUTH,VIC50,143.86429387,-35.93068879
WOODSIDE NORTH,VIC2844,146.82210321,-38.41989009
KINNABULLA,VIC1361,142.71793016,-35.89832064
MYRRHEE,VIC1856,146.30624754,-36.74787809
POLISBET,VIC2086,143.14877763,-35.27503075
MOYSTON,VIC1818,142.73729749,-37.29093147
KOOLOONONG,VIC1376,143.11962719,-34.85785282
NYARRIN,VIC1990,142.67077365,-35.38650811
REEDY DAM,VIC2154,142.64531013,-35.95793876
ROSEBERY,VIC2197,142.42147909,-35.83346203
GRANYA,VIC1081,147.3062484,-36.09632814
BUNGEET WEST,VIC406,146.00063282,-36.34007157
KARNAK,VIC1298,141.49921295,-36.83836718
ST JAMES,VIC2995,145.8876757,-36.25742685
KOTTA,VIC1396,144.52472381,-36.19158715
GRANITE FLAT,VIC1078,143.13163843,-36.21410787
BROOKVILLE,VIC353,147.65561583,-37.35134323
LAWLER,VIC1473,142.75568534,-36.36389989
SAWMILL SETTLEMENT,VIC2244,146.36627496,-37.12193926
LIMA EAST,VIC1501,145.96506823,-36.81216356
COPE COPE,VIC631,143.07245584,-36.46589924
HAVILAH,VIC1140,146.8942116,-36.62004501
SPEED,VIC2322,142.43096788,-35.40987964
LAEN EAST,VIC1417,142.90225838,-36.39814142
MARLBED,VIC1601,142.85770585,-35.81510952
PINE VIEW,VIC2072,143.66480123,-35.80864282
BOLTON,VIC274,142.93321406,-34.96252237
MEATIAN,VIC1630,143.35540364,-35.57202728
WALLAGARAUGH,VIC2660,149.741749,-37.43391073
SWANWATER WEST,VIC2415,143.01904957,-36.5182192
WARMUR,VIC2696,142.75496308,-36.08627456
AREEGRA,VIC64,142.67626804,-36.24601959
SOUTH GEELONG,VIC2313,144.36122088,-38.1667446
CALLAWADDA,VIC446,142.79404106,-36.82283592
GATEWAY ISLAND,VIC960,146.89610768,-36.09657044
STREATHAM,VIC2386,143.08243075,-37.64480055
ST KILDA WEST,VIC2348,144.97121338,-37.85805273
MACKS CREEK,VIC1558,146.62195164,-38.46447993
BRADVALE,VIC318,143.37091159,-37.78872994
TABBERABBERA,VIC2419,147.371041,-37.55651487
BLACK ROCK,VIC251,145.02165139,-37.97112493
MCMAHONS CREEK,VIC1625,145.85009685,-37.70020337
BONEGILLA,VIC280,146.99217055,-36.13643577
COLDSTREAM,VIC610,145.40873044,-37.70368949
DRUNG,VIC795,142.3283274,-36.76557967
CARAMUT,VIC479,142.52190568,-37.95227646
YARRAWONGA,VIC2920,146.0017898,-36.03704952
ABBEYARD,VIC1,146.7640703,-37.02131257
EDI UPPER,VIC841,146.52161694,-36.75185902
LAVERTON,VIC1471,144.76749332,-37.85917612
KILLAWARRA,VIC1344,146.2082701,-36.24796084
MOUNT ALFRED,VIC1765,147.63130807,-36.00066076
CHELTENHAM,VIC537,145.06031317,-37.96356461
SHOREHAM,VIC2284,145.03275121,-38.42177505
EBDEN,VIC831,147.03593256,-36.16542859
BUNDALONG,VIC395,146.1292975,-36.05833604
FOXHOW,VIC935,143.47753211,-38.05367521
BUDGERUM EAST,VIC374,143.65185022,-35.77018233
YIELIMA,VIC2934,145.18644475,-35.90291771
YALCA,VIC2891,145.28421443,-35.92809479
CABBAGE TREE CREEK,VIC439,148.71271298,-37.65527191
RIPPLEBROOK,VIC2174,145.76425777,-38.19880552
GNARWARRE,VIC1040,144.14302571,-38.15686974
LOWER NORTON,VIC1541,142.07965648,-36.81228761
GRAYTOWN,VIC1086,144.94189953,-36.82654467
NANGANA,VIC1868,145.53595815,-37.87759472
RIVERSIDE,VIC2177,142.24688029,-36.72109391
BEARII,VIC178,145.34526009,-35.88571891
WHOROULY SOUTH,VIC2782,146.59665455,-36.59366113
CASTLEMAINE,VIC515,144.21850679,-37.05812236
CHURCHILL,VIC559,146.42325711,-38.31632494
REEFTON,VIC2156,145.91481976,-37.6708428
GREAT WESTERN,VIC1090,142.88193619,-37.1666986
LOY YANG,VIC1543,146.57665166,-38.25135823
BARFOLD,VIC136,144.50387932,-37.10261129
DOCKERS PLAINS,VIC760,146.33614962,-36.2853911
CALULU,VIC451,147.51003645,-37.78161576
RAYMOND ISLAND,VIC2142,147.74781615,-37.92072468
HAVEN,VIC1139,142.19207288,-36.75942904
PATYAH,VIC2044,141.27053362,-36.90743999
BENAMBRA,VIC205,147.80682301,-36.8846686
JERUK,VIC1260,143.42607741,-36.01383274
HORFIELD,VIC1197,144.21344467,-35.89166187
HUMEVALE,VIC1207,145.18560226,-37.50197185
EAGLEMONT,VIC820,145.06374717,-37.76370446
BEVERIDGE,VIC233,144.97191534,-37.47615486
BRUNSWICK,VIC361,144.96128808,-37.76637246
GLADSTONE PARK,VIC994,144.89370214,-37.68999428
WEST MELBOURNE,VIC2760,144.92536471,-37.80913678
DANDENONG NORTH,VIC706,145.21407603,-37.95583742
ARDEER,VIC62,144.80152979,-37.77620112
OAK PARK,VIC1994,144.91699469,-37.71749375
LALOR,VIC1446,145.00747564,-37.6658354
MONT ALBERT NORTH,VIC1727,145.11080914,-37.80330984
KALKALLO,VIC1279,144.96035666,-37.52591467
FAWCETT,VIC899,145.71824666,-37.09746149
WOODFIELD,VIC2836,145.79030737,-37.05679341
LYSTERFIELD,VIC1553,145.30083275,-37.93532252
LYSTERFIELD SOUTH,VIC1554,145.26696579,-37.95248162
THOMASTOWN,VIC2507,145.00815203,-37.68377986
BULDAH,VIC378,149.11925794,-37.24440764
PERCYDALE,VIC2055,143.38913878,-37.07874194
GREENHILL,VIC1094,144.44397346,-37.17206339
ROBINVALE,VIC2180,142.75404881,-34.61904099
ASPENDALE,VIC78,145.10255368,-38.02193539
KEW,VIC1331,145.03320088,-37.80341447
TRAWOOL,VIC2577,145.23787185,-37.1223822
SUNSHINE,VIC2398,144.8343417,-37.7892906
FOOTSCRAY,VIC927,144.89719898,-37.79813977
KINGLAKE WEST,VIC1355,145.25015017,-37.47866593
SUNSHINE NORTH,VIC2399,144.83641761,-37.76396716
HEIDELBERG,VIC1159,145.06991161,-37.75250608
MALVERN EAST,VIC1582,145.06540291,-37.8766211
DANDENONG,VIC705,145.21197101,-37.98515231
IVANHOE,VIC1239,145.04369306,-37.76782855
BONANG,VIC278,148.64804695,-37.16697321
MURRAY-SUNSET,VIC1839,141.47590733,-34.70940724
MAFFRA,VIC1566,146.99384234,-37.95759523
CARBOOR,VIC483,146.54739819,-36.65408456
MILAWA,VIC1675,146.44130547,-36.45562986
HAVELOCK,VIC1138,143.78518102,-36.9673911
BAILIESTON,VIC101,145.08090775,-36.74949797
ESKDALE,VIC875,147.22802819,-36.50411902
KIEWA,VIC1339,147.0065587,-36.2726029
LACEBY,VIC1414,146.29736803,-36.45436879
JARKLIN,VIC1250,143.95797185,-36.25319996
FLINDERS,VIC922,144.97840607,-38.45879756
COHUNA,VIC601,144.24293744,-35.77605174
LOCKSLEY,VIC1522,145.3189193,-36.84210777
ARCHDALE JUNCTION,VIC59,143.51490717,-36.88552958
LITTLE RIVER,VIC1515,144.46680273,-37.9319736
BEECH FOREST,VIC185,143.5925897,-38.63470679
TANTARABOO,VIC2446,144.82374069,-37.23760001
ALBION,VIC20,144.81628133,-37.77650896
ABBOTSFORD,VIC2,144.99970654,-37.80435387
BULLEEN,VIC386,145.08696722,-37.76864666
KEILOR EAST,VIC1311,144.85682364,-37.73877493
HEIDELBERG WEST,VIC1161,145.04351165,-37.73815197
DONCASTER,VIC766,145.12408527,-37.78478379
TOORA NORTH,VIC2548,146.3370449,-38.60169226
LONGFORD,VIC1531,147.0923163,-38.21706146
LITTLE DESERT,VIC1513,141.7612331,-36.50257146
WHEELERS HILL,VIC2769,145.1870082,-37.90752269
WAHGUNYAH,VIC2647,146.42126045,-36.00463913
TORQUAY,VIC2554,144.32254729,-38.30812182
BARANDUDA,VIC135,146.95731662,-36.18266847
PENTAL ISLAND,VIC2053,143.69109855,-35.40339809
OVENS,VIC2017,146.78443371,-36.60435296
DRIK DRIK,VIC782,141.26443725,-38.01107346
LUBECK,VIC1544,142.5335718,-36.73974651
COTSWOLD,VIC652,143.89426482,-37.14461096
GOLDIE,VIC1050,144.80237552,-37.25667305
HARKNESS,VIC3017,144.54720953,-37.65378224
EVERTON,VIC887,146.554082,-36.43910984
ROSE RIVER,VIC2196,146.58235219,-36.90836012
WILLUNG,VIC2799,146.83830413,-38.2686307
CAIRNLEA,VIC441,144.78786493,-37.75946086
DUTSON DOWNS,VIC814,147.31939312,-38.20328066
DANDONGADALE,VIC708,146.70401462,-36.83957184
WOODSTOCK,VIC2845,145.05533053,-37.54552352
TEMPLESTOWE LOWER,VIC2486,145.11219829,-37.76383171
DERRINAL,VIC739,144.60927129,-36.89400009
WULGULMERANG EAST,VIC2872,148.30965352,-37.10331907
NARRE WARREN,VIC1889,145.30593639,-38.01908021
GREENSBOROUGH,VIC1096,145.10712373,-37.69890514
KANGAROO FLAT,VIC1288,144.24184055,-36.80668512
TONIMBUK,VIC2534,145.71339477,-38.01505553
TALLANGATTA,VIC2428,147.18609633,-36.23146486
DOOBOOBETIC,VIC770,143.20100599,-36.37876836
DEDDICK VALLEY,VIC722,148.47258214,-37.05832102
MAUDE,VIC1618,144.18831234,-37.9466065
WERRIBEE SOUTH,VIC2754,144.69702735,-37.93831414
PRINCES HILL,VIC2118,144.96659162,-37.78180688
WARRANWOOD,VIC2708,145.24978167,-37.77261721
WATSONIA,VIC2725,145.08356765,-37.71050943
WILLOWMAVIN,VIC2797,144.86722409,-37.2485535
JACANA,VIC1241,144.91008862,-37.68752126
MIA MIA,VIC1668,144.60799324,-36.9900384
GRE GRE NORTH,VIC1088,143.06571503,-36.60439414
BEALIBA,VIC177,143.56396699,-36.76740981
MERBEIN,VIC1647,142.04750971,-34.16132067
RYANS,VIC2220,147.47445059,-37.55195075
POMONAL,VIC2090,142.61844398,-37.23301903
UPPER FERNTREE GULLY,VIC2617,145.30926587,-37.89808617
KALIMNA WEST,VIC1278,147.9398643,-37.81528034
WATERHOLES,VIC2722,147.6932836,-37.64794835
CLAYTON,VIC567,145.13043131,-37.91816786
STRATHMORE HEIGHTS,VIC2385,144.89693501,-37.71336721
COIMADAI,VIC602,144.48664454,-37.5909856
KANAGULK,VIC1286,141.83583859,-37.11131747
BARWON HEADS,VIC161,144.48810327,-38.27481273
ENOCHS POINT,VIC2954,146.1186231,-37.41853429
DENISON,VIC731,146.86319678,-38.03221819
MALLACOOTA,VIC1579,149.79889222,-37.50980863
BILLABONG,VIC239,146.82798541,-37.25887011
COBURG,VIC593,144.96430352,-37.74485608
MOUNT ELIZA,VIC1788,145.09271611,-38.19501962
TOORA,VIC2547,146.31545548,-38.65426911
BARINGHUP,VIC137,143.97575254,-36.97219629
GUNYAH,VIC1111,146.29154322,-38.54023001
ARBUCKLE,VIC55,146.82916415,-37.36901349
MANNS BEACH,VIC1591,146.79399248,-38.66371937
GOORNONG,VIC1060,144.4985323,-36.61496723
MOUNT BUFFALO,VIC1771,146.78406278,-36.73131651
TIMBARRA,VIC2518,147.93333763,-37.49118998
ADA,VIC6,145.85186823,-37.84220581
MOROKA,VIC1758,146.93882909,-37.48990591
AIRE VALLEY,VIC11,143.56599093,-38.69226047
SARGOOD,VIC2241,146.73896416,-37.58634625
STEELS CREEK,VIC2359,145.38122632,-37.57966198
KINGLAKE,VIC1353,145.35685938,-37.51079184
YARRA GLEN,VIC2911,145.38153622,-37.64678748
TALLAROOK,VIC2431,145.13075913,-37.12815126
GUNBOWER,VIC1109,144.35494364,-35.94941544
ESSENDON,VIC877,144.91092982,-37.74979298
CHRISTMAS HILLS,VIC557,145.31414241,-37.65785653
MITCHAM,VIC1700,145.19900832,-37.81816277
DONVALE,VIC769,145.19131206,-37.78978669
MOONEE PONDS,VIC1736,144.92143477,-37.76561153
MACLEOD,VIC1559,145.07046973,-37.72119999
KINGLAKE CENTRAL,VIC1354,145.32036741,-37.47031942
SPOTSWOOD,VIC2324,144.88784458,-37.82960211
DARLINGTON,VIC712,143.03023066,-37.98772018
LANCE CREEK,VIC1449,145.67426239,-38.54811219
BASALT,VIC162,144.10348161,-37.30786266
EVERSLEY,VIC886,143.17576044,-37.19377148
BULLA,VIC381,144.79188883,-37.6343291
KEILOR,VIC1309,144.82717768,-37.70725566
MORTLAKE,VIC1761,142.80895735,-38.0576957
VINIFERA,VIC2637,143.39998021,-35.21157128
HATTAH,VIC1137,142.33152077,-34.72000562
LOCKWOOD,VIC1523,144.16934381,-36.81148501
VERMONT SOUTH,VIC2631,145.1878211,-37.85437097
TARRA VALLEY,VIC2456,146.56236179,-38.46880414
PLENTY,VIC2080,145.1123599,-37.66739947
ESMOND,VIC876,146.18457357,-36.06390297
ALTONA,VIC34,144.81379622,-37.86016815
GEORGES CREEK,VIC972,147.25815196,-36.15061165
GLENGOWER,VIC1018,143.87337119,-37.21445486
GRANTVILLE,VIC1080,145.54464921,-38.41833039
SANDY CREEK,VIC2239,147.12186585,-36.36298904
LANGSBOROUGH,VIC1460,146.67051791,-38.65093956
SEBASTIAN,VIC2258,144.19793453,-36.59450426
BUNGALALLY,VIC403,142.2546569,-36.80624329
BALLARAT NORTH,VIC112,143.86645845,-37.53912958
LANCASTER,VIC1448,145.14255446,-36.31016593
SHELBOURNE,VIC2276,144.06370015,-36.84706771
LONGLEA,VIC1532,144.42426247,-36.75994874
MITCHELL PARK,VIC1701,143.77979922,-37.50690068
TYENNA,VIC2597,142.57587284,-35.32431789
LEICHARDT,VIC1479,144.07607014,-36.68721209
KYABRAM,VIC1406,145.03640401,-36.32707394
NERRINA,VIC1913,143.89561926,-37.53785005
JUNORTOUN,VIC1274,144.36424157,-36.77057554
SULKY,VIC2392,143.8542159,-37.46272829
BOINKA,VIC270,141.56649067,-35.15493624
BIG HILL,VIC2960,144.22959427,-36.83552119
BOXWOOD,VIC316,145.8067304,-36.324675
GERAHMIN,VIC973,142.79978422,-35.17249319
ECHUCA VILLAGE,VIC833,144.82058893,-36.140174
KOORLONG,VIC1382,142.04590295,-34.31475109
ZEERUST,VIC2944,145.39680158,-36.27396867
WEATHERBOARD,VIC2736,143.67245739,-37.4355604
GONG GONG,VIC1052,143.93732247,-37.54898619
SAILORS GULLY,VIC2226,144.23235255,-36.70560163
CRESWICK,VIC670,143.89124214,-37.4241093
YELTA,VIC2927,142.00807041,-34.12698803
ORRVALE,VIC2013,145.44684592,-36.41157261
BELGRAVE,VIC188,145.35529755,-37.91238692
PORT WELSHPOOL,VIC2104,146.48276276,-38.69281466
NORTH BENDIGO,VIC1959,144.28044117,-36.7374477
WINNINDOO,VIC2814,146.75426237,-38.07706331
EMU CREEK,VIC863,144.34970474,-36.84595732
DRUMANURE,VIC789,145.48693246,-36.1692365
THREE BRIDGES,VIC2516,145.68998083,-37.84817484
BYRNESIDE,VIC436,145.16470837,-36.41206204
MILLOO,VIC1680,144.37701675,-36.35595759
YABBA SOUTH,VIC2889,145.68158393,-36.28071238
WILSONS HILL,VIC2801,144.0906778,-36.72897935
COOMA,VIC623,145.07123196,-36.41106676
MCLOUGHLINS BEACH,VIC1624,146.90368362,-38.60532081
LONG GULLY,VIC1529,144.25821976,-36.74308387
PINE LODGE,VIC2070,145.54773985,-36.35515353
RUSHWORTH,VIC2217,144.99877808,-36.58124706
YACKANDANDAH,VIC2890,146.86800341,-36.33564213
HIAWATHA,VIC1175,146.44612394,-38.5378889
WOORINEN NORTH,VIC2860,143.43137422,-35.23972738
RAVENSWOOD SOUTH,VIC2140,144.21120189,-36.94582091
CROYDON NORTH,VIC682,145.2839227,-37.77185052
LAKE GARDENS,VIC1429,143.81653151,-37.54627111
CARINA,VIC489,141.09511644,-35.21415053
ANNUELLO,VIC46,142.82666575,-34.86598062
COOMOORA,VIC625,144.19761636,-37.33071185
WEMEN,VIC2747,142.66744222,-34.80416105
MUSK,VIC1847,144.20032145,-37.36752789
WALHALLA EAST,VIC2655,146.58078749,-37.93253882
BUNDARA,VIC397,147.33976999,-36.97780977
WABONGA,VIC2645,146.55100378,-37.03325209
MARTHAVALE,VIC1610,147.50760327,-37.44430924
KERRISDALE,VIC1329,145.25430226,-37.17379132
HADFIELD,VIC1116,144.95008145,-37.7101478
MICKLEHAM,VIC1669,144.90063568,-37.5398145
PASCOE VALE SOUTH,VIC2038,144.93837141,-37.74312867
CAPEL SOUND,VIC3009,144.87409422,-38.37223581
TINAMBA WEST,VIC2525,146.83073778,-37.92469457
WAIL,VIC2649,142.08672155,-36.52994416
CHINTIN,VIC553,144.83189824,-37.39306144
MITTA MITTA,VIC1705,147.39851606,-36.63001481
NAREEN,VIC1878,141.53679699,-37.3862232
MAIDSTONE,VIC1570,144.87414736,-37.78191642
BUDGEE BUDGEE,VIC372,147.09564899,-37.54591955
NELSE,VIC1909,147.36034905,-36.83247097
LAKE WELLINGTON,VIC1440,147.31747148,-38.09048194
BURAGWONDUC,VIC413,146.77064774,-37.49087099
REYNARD,VIC2159,146.62526886,-37.35593037
GRAMPIANS,VIC1076,142.32995285,-37.3489627
HOWITT PLAINS,VIC1202,146.6858926,-37.20629672
SELWYN,VIC2263,146.99989152,-37.06709847
EXFORD,VIC889,144.5430706,-37.73066
BACCHUS MARSH,VIC94,144.4462448,-37.67639527
CLONBINANE,VIC574,145.15750941,-37.35671378
TOOLERN VALE,VIC2540,144.58984285,-37.60466302
MOUNT EMU,VIC1789,143.40049711,-37.60386329
PATHO,VIC2042,144.41452141,-36.02603736
IRAAK,VIC1232,142.29380012,-34.42718912
GAPSTED,VIC954,146.69918667,-36.50241451
WEIR VIEWS,VIC3020,144.56834147,-37.72869089
WILSONS PROMONTORY,VIC2802,146.3682322,-38.95884436
MINJAH,VIC1690,142.46839134,-38.04980692
BULLENGAROOK,VIC387,144.49637616,-37.47620365
MELBOURNE AIRPORT,VIC1635,144.83802397,-37.67374411
BUCHAN SOUTH,VIC367,148.1038708,-37.5646742
NEWMERELLA,VIC1929,148.45136117,-37.75226967
ORBOST,VIC2010,148.51474796,-37.65147317
CARLTON NORTH,VIC495,144.96853488,-37.78655038
WORROWING,VIC2866,146.74198184,-37.66887571
CHAPEL FLAT,VIC529,143.8946207,-37.47797661
SNAKE ISLAND,VIC2305,146.50020556,-38.74348695
ALBACUTYA,VIC15,141.96618985,-35.73954904
WRIXON,VIC2868,146.85124482,-37.68350747
DOOEN,VIC771,142.23524173,-36.64539828
CORAL BANK,VIC636,147.10837304,-36.61913611
YULECART,VIC2940,141.89356855,-37.75646284
HEYFIELD,VIC1171,146.77490437,-37.97803991
COLBINABBIN,VIC608,144.80045795,-36.60046417
INVERLOCH,VIC1228,145.72428331,-38.61523618
MOOROOPNA NORTH,VIC1751,145.31135352,-36.32489798
CHETWYND,VIC544,141.37584686,-37.29606531
SHEPPARTON,VIC2280,145.39781134,-36.37263142
COOMBOONA,VIC624,145.29768466,-36.27376351
MOUTAJUP,VIC1814,142.21674877,-37.67481117
NELSON,VIC1910,141.10981704,-38.06584774
HAWTHORN,VIC1143,145.03208102,-37.82479779
CLAYTON SOUTH,VIC568,145.12519069,-37.94366077
WARRANDYTE SOUTH,VIC2707,145.24404518,-37.76022843
CROOKAYAN,VIC673,146.62143772,-37.48410034
TAMBORITHA,VIC2436,146.71011259,-37.43346293
GILLUM,VIC987,146.73530742,-37.75353626
NAP NAP MARRA,VIC1872,146.84589254,-37.5785931
YORK PLAINS,VIC2937,142.91670029,-36.58742313
WRATHUNG,VIC2867,146.94923802,-37.59552612
PORT FRANKLIN,VIC2102,146.26842063,-38.68556899
HOWES CREEK,VIC1201,146.00494863,-37.14226638
ALLANS FLAT,VIC26,146.9367829,-36.29602036
PEARSONDALE,VIC2047,147.03308267,-38.13684313
ANAKIE,VIC41,144.28560707,-37.93560748
POUND CREEK,VIC2110,145.84539662,-38.61686911
WHITTLESEA,VIC2778,145.13109367,-37.46564792
LYAL,VIC1548,144.45660841,-36.92224521
ARCHERTON,VIC60,146.20748394,-36.86922629
DARGO,VIC709,147.29347211,-37.33431538
CRAIGIEBURN,VIC660,144.92737039,-37.58614841
YANGOURA,VIC2906,146.56775282,-37.82194031
TOORONGO,VIC2552,146.0868912,-37.77551729
TOOLOME,VIC2542,147.05344669,-37.61643856
WONNANGATTA,VIC2829,146.81567666,-37.1382287
GOWANBRAE,VIC1070,144.89765968,-37.70302938
YALLAMBIE,VIC2893,145.09336809,-37.72504001
DOREEN,VIC774,145.14325667,-37.5970472
ALPHINGTON,VIC33,145.03082742,-37.78041948
DOVETON,VIC778,145.23848714,-37.98848751
RESERVOIR,VIC2158,145.00689726,-37.71200115
TOORAK,VIC2550,145.01751223,-37.84154753
GHIN GHIN,VIC981,145.35265768,-37.14251387
ENDEAVOUR HILLS,VIC864,145.25627717,-37.97019023
MOUNT BEAUTY,VIC1766,147.22539623,-36.75129266
WAHRING,VIC2648,145.25382674,-36.69931207
KIRWANS BRIDGE,VIC1364,145.14690796,-36.72888897
NEWLANDS ARM,VIC1926,147.69109369,-37.92821367
WINLATON,VIC2811,143.75155243,-35.48283253
MOUNT WALLACE,VIC1810,144.20970448,-37.73032209
EILDON,VIC844,145.99810462,-37.38782588
WULGULMERANG WEST,VIC2873,148.1086161,-37.22493855
ST HELENS PLAINS,VIC2345,142.43199559,-36.78555978
NEWPORT,VIC1930,144.88042878,-37.84357543
TARWIN LOWER,VIC2467,145.91189501,-38.77331867
KARDELLA,VIC1295,145.87955889,-38.42003546
RYE,VIC2222,144.81217197,-38.38525422
ROWVILLE,VIC2209,145.24393896,-37.92434215
BOX HILL NORTH,VIC314,145.12957607,-37.8055864
BALMORAL,VIC118,141.82560987,-37.22232354
KEILOR PARK,VIC1314,144.85189704,-37.71909927
YARRAVILLE,VIC2918,144.88198237,-37.8179304
LOWER PLENTY,VIC1542,145.11617837,-37.73880676
MANGALORE,VIC1587,145.16476053,-36.92597644
MARIBYRNONG,VIC1598,144.88777051,-37.77268092
TULLAMARINE,VIC2588,144.87228519,-37.70539889
YARRAMBAT,VIC2917,145.1350317,-37.63744148
BURNLEY,VIC418,145.01741904,-37.82960268
DONNYBROOK,VIC768,144.99399783,-37.54027701
BUNDOORA,VIC399,145.05964233,-37.6985917
GLENROY,VIC1037,144.92730215,-37.70261904
BALWYN NORTH,VIC123,145.08433919,-37.7917458
SUNSHINE WEST,VIC2400,144.81108236,-37.7980876
AVONDALE HEIGHTS,VIC88,144.86261126,-37.7615382
PASCOE VALE,VIC2037,144.93817594,-37.725006
NORTHCOTE,VIC1967,145.00056873,-37.7725192
PORT MELBOURNE,VIC2103,144.92177594,-37.8331904
CALLIGNEE SOUTH,VIC449,146.60354797,-38.38047148
TOWONG,VIC2566,147.97111114,-36.12948539
BURNSIDE,VIC419,144.75305329,-37.74920983
BATESFORD,VIC164,144.28052545,-38.09258096
BARJARG,VIC139,146.00381177,-36.91988511
LILYDALE,VIC1499,145.36781865,-37.75565129
ELDORADO,VIC846,146.55449241,-36.323963
CONNEWIRRICOO,VIC620,141.46755662,-37.19435821
WARRNAMBOOL,VIC2714,142.49821499,-38.3686648
LEITCHVILLE,VIC1481,144.29122935,-35.91299558
VIEWBANK,VIC2636,145.09323585,-37.73967245
BRUNSWICK WEST,VIC363,144.94284505,-37.76311279
PARWAN,VIC2035,144.4684664,-37.74279342
STRATHMORE,VIC2384,144.91695919,-37.73325387
HOPETOUN PARK,VIC1194,144.50164068,-37.69501699
REEDY CREEK,VIC2990,145.15399765,-37.25579428
BROOKFIELD,VIC351,144.54122932,-37.69937389
NORTHWOOD,VIC1968,145.10078222,-36.94876462
CAMPBELLFIELD,VIC455,144.95950838,-37.66372462
TOOTGAROOK,VIC2553,144.85017482,-38.37775467
CLIFTON HILL,VIC572,144.99766471,-37.79020405
STRATH CREEK,VIC2374,145.23063096,-37.24751909
ASHBURTON,VIC76,145.08018839,-37.86728545
FAIRFIELD,VIC892,145.01579543,-37.78460198
ROMSEY,VIC2194,144.72896935,-37.35258729
KIALLA,VIC1335,145.41313431,-36.44877206
KEW EAST,VIC1332,145.05254398,-37.79061393
WOORNDOO,VIC2862,142.81666383,-37.87945454
HASTINGS,VIC1136,145.18518908,-38.29723542
CAPE CONRAN,VIC471,148.72659605,-37.78988181
OCEAN GRANGE,VIC2000,147.68937935,-37.99683722
WANDO VALE,VIC2678,141.49464516,-37.48615546
BRAYBROOK,VIC323,144.85484182,-37.7866707
LONG FOREST,VIC1528,144.50695836,-37.65578936
PARKINS REEF,,144.05424618,-37.01337677
MYALL,VIC2981,144.00178633,-35.58053676
HAZELDENE,,145.30215181,-37.37775155
ROBINVALE IRRIGATION DISTRICT SECTION B,,142.78703039,-34.61519586
ROBINVALE IRRIGATION DISTRICT SECTION C,,142.72722204,-34.62290508
ROBINVALE IRRIGATION DISTRICT SECTION D,,142.75775557,-34.63831388
ROBINVALE IRRIGATION DISTRICT SECTION E,,142.75837754,-34.66549523
SMOKEY TOWN,,143.92214551,-37.39999723
MERRIJIG,VIC2958,146.31280957,-37.07808261
CAMPASPE WEST,,144.73521746,-36.1292197
MOONLIGHT FLAT,VIC2988,144.24646292,-37.06216126
ROSEBUD WEST,,144.87542038,-38.37361698
REEDY CREEK,VIC2990,147.9477623,-37.40525259
ASCOT,VIC2974,144.33541514,-36.71223217
BIG HILL,VIC2960,144.00793445,-38.47819635
BIG HILL,VIC2960,144.229594,-36.8355209
SPRINGFIELD,VIC2969,144.82026976,-37.33133799
ECHUCA EAST,,144.76529002,-36.12991244
KILLARA,VIC2959,141.40001512,-37.75192336
HAPPY VALLEY,VIC2976,143.59553417,-37.72757296
GLEN FALLOCH,,146.62965181,-37.69371148
KINYPANIAL,VIC1362,143.79119378,-36.35487273
PAINSWICK,VIC2022,143.72843658,-36.79647254
NAGAMBIE,VIC1863,145.21537477,-36.78330631
HAMPTON,VIC1123,145.00926445,-37.9378673
CHEWTON,VIC545,144.26792403,-37.09578311
WILLANGIE,VIC2789,142.81266004,-35.71592443
CHESHUNT,VIC541,146.43820619,-36.84612451
JILPANGER,VIC1262,141.74620834,-36.90998779
BIRCHIP WEST,VIC245,142.81835229,-36.0132428
WOODSIDE BEACH,VIC2843,146.9753032,-38.54554884
HOPETOUN,VIC1193,142.35200136,-35.70901633
WESTBY,VIC2763,143.96828306,-35.63968034
EASTVILLE,VIC830,143.954775,-36.88069399
TYRRELL DOWNS,VIC2608,142.93339072,-35.31347916
CHEPSTOWE,VIC538,143.49031104,-37.59684038
GERMANTOWN,VIC977,147.07313885,-36.73819579
LANDSBOROUGH,VIC1451,143.14769697,-37.01593458
SHAYS FLAT,VIC2272,143.0871442,-37.06681587
PICOLA WEST,VIC2063,145.05073177,-35.96364065
CARAPOOEE WEST,VIC481,143.24427788,-36.70389535
GOONGERAH,VIC1056,148.70123854,-37.34671787
RICH AVON,VIC2164,142.90773453,-36.44497496
BOIGBEAT,VIC269,142.94988424,-35.56369787
BINGO MUNJIE,VIC243,147.56420269,-37.00884942
WAL WAL,VIC2652,142.62119011,-36.80987473
WILLENABRINA,VIC2793,142.22540958,-36.05316232
TOSTAREE,VIC2558,148.19082207,-37.78082907
SWANPOOL,VIC2413,145.99981984,-36.72702093
TALBOT,VIC2426,143.69522707,-37.17869498
CRAIGIE,VIC659,143.76998926,-37.10942682
BANGERANG,VIC129,142.58004381,-36.20385623
BERRINGAMA,VIC220,147.66409303,-36.20028737
NUG NUG,VIC1974,146.72767474,-36.66461874
THALIA,VIC2497,143.0759287,-36.09928628
SWIFTS CREEK,VIC2416,147.72321233,-37.25133295
WOMBELANO,VIC2823,141.58592382,-37.01819102
DAISY HILL,VIC698,143.72339869,-37.11153413
LITCHFIELD,VIC1512,142.83489793,-36.29597801
BANYAN,VIC133,142.79468505,-35.61826875
MONTGOMERY,VIC1728,147.06079626,-38.03738742
MIRAM,VIC1695,141.37922161,-36.37405772
BOORHAMAN EAST,VIC296,146.3307706,-36.16358207
SAMARIA,VIC2232,146.07741878,-36.80385692
BANNERTON,VIC131,142.79758573,-34.73959072
SPRINGHURST,VIC2331,146.46290708,-36.20752037
BAYINDEEN,VIC169,143.18077051,-37.30302314
CHEROKEE,VIC539,144.64437169,-37.39569343
BARWITE,VIC159,146.21661923,-37.01100453
TOWAN,VIC2562,143.22336753,-35.14975882
DONALD,VIC765,142.98530464,-36.33208823
CLEAR LAKE,VIC569,141.89348834,-36.93657981
NYRRABY,VIC1993,143.22383256,-35.22160222
NOORINBEE,VIC1953,149.21528631,-37.5154639
ROCKY POINT,VIC2190,142.85242364,-37.33662892
ROSSBRIDGE,VIC2206,142.86169826,-37.51868741
PASTORIA EAST,VIC2040,144.63436571,-37.1776107
BEAZLEYS BRIDGE,VIC183,143.15055687,-36.71062015
AUBREY,VIC82,142.21812538,-36.22621703
THE HEART,VIC2502,147.17246843,-38.11793007
RUNNING CREEK,VIC2214,147.05638392,-36.55039287
FAIRLEY,VIC894,143.81312732,-35.68330864
SPEEWA,VIC2323,143.51451761,-35.22082478
TUROAR,VIC2590,143.08357978,-35.1800709
GORMANDALE,VIC1065,146.69283542,-38.30297256
ROSLYNMEAD,VIC2204,144.52943965,-36.13459504
WAIREWA,VIC2650,148.16604336,-37.69135038
NAMBROK,VIC1866,146.84925473,-38.08409046
POOTILLA,VIC2093,143.95807248,-37.52882179
NEWLYN NORTH,VIC1928,144.00816017,-37.39489624
MOORILIM,VIC1744,145.3045034,-36.63067623
DEVON NORTH,VIC744,146.61317329,-38.52311716
NORTH GEELONG,VIC1961,144.3491743,-38.11572659
NANGILOC,VIC1870,142.30102715,-34.47846727
MOUNT BECKWORTH,VIC1767,143.69745764,-37.30739202
YUNDOOL,VIC2941,145.81579633,-36.27828261
GLENDARUEL,VIC1012,143.73090142,-37.34681367
DIGGORA,VIC750,144.5388553,-36.36159857
FLORA HILL,VIC923,144.29563473,-36.78116978
STANHOPE SOUTH,VIC2354,145.04102457,-36.4916833
WANDIN NORTH,VIC2676,145.42638026,-37.78089008
RAVENSWOOD,VIC2139,144.19961092,-36.89190308
WARGAN,VIC2695,141.83276793,-34.18967992
TOOBORAC,VIC2536,144.79374602,-37.04500682
MARAMINGO CREEK,VIC1594,149.6201479,-37.39737488
BARKLY,VIC141,143.21731236,-36.93826943
MOORABBIN,VIC1740,145.05778652,-37.94144518
QUANTONG,VIC2129,142.04510518,-36.74991302
LAKE POWELL,VIC1435,142.93616337,-34.72208738
PIANGIL,VIC2061,143.21736142,-35.05417138
MANSFIELD,VIC1593,146.0797494,-37.0581026
MERRIJIG,VIC2958,146.31280957,-37.0780829
GRETA SOUTH,VIC1101,146.25108283,-36.65449105
POOLAIJELO,VIC2092,141.0841003,-37.19230699
BLACKBURN SOUTH,VIC254,145.14654633,-37.83934722
DINGEE,VIC752,144.21257313,-36.3651731
MYALL,VIC2981,144.01976207,-35.60070162
JARVIS CREEK,VIC1252,147.19532711,-36.18165761
CARAPOOEE,VIC480,143.33724681,-36.71324499
WINDSOR,VIC2807,144.99266734,-37.85453622
ARMADALE,VIC66,145.02017781,-37.85667421
CAULFIELD EAST,VIC521,145.04200486,-37.88121066
FLAMINGO BEACH,VIC920,147.31368679,-38.26996241
MCKINNON,VIC1623,145.03865768,-37.91072919
SOUTH WHARF,VIC2953,144.95208912,-37.82527085
LANGI LOGAN,VIC1457,142.92561487,-37.39213888
BUNGEET,VIC405,146.05469425,-36.28057588
RINGWOOD NORTH,VIC2173,145.23120183,-37.79304167
INDENTED HEAD,VIC1221,144.70198618,-38.13771298
NATIMUK,VIC1895,141.93594804,-36.73533364
MURRABIT WEST,VIC1837,143.88260584,-35.50998818
LANGKOOP,VIC1458,141.06114598,-37.09905175
WERONA,VIC2752,144.02337514,-37.24444186
HOWQUA HILLS,VIC1204,146.29754014,-37.1850103
CLYDEBANK,VIC581,147.19165596,-38.04541983
MONT ALBERT,VIC1726,145.10778355,-37.81767029
PARKVILLE,VIC2034,144.95130149,-37.78683182
LAKE CHARM,VIC1424,143.81774133,-35.59434628
COCAMBA,VIC595,142.90531608,-35.11079253
MAROONA,VIC1607,142.86271997,-37.42850991
JEPARIT,VIC1258,141.97423123,-36.10044469
BOX HILL SOUTH,VIC315,145.12337998,-37.83660617
BALACLAVA,VIC104,144.99499136,-37.87034859
MITIAMO,VIC1703,144.23970852,-36.21545104
DEVON MEADOWS,VIC743,145.30903524,-38.17634193
CARNEGIE,VIC497,145.05560162,-37.89336926
FRANKLINFORD,VIC938,144.09310801,-37.24193812
TOTTINGTON,VIC2560,143.10317853,-36.76872457
MIGA LAKE,VIC1674,141.64086426,-36.85910814
YALMY,VIC2896,148.41432712,-37.41556458
W TREE,VIC2641,148.29341515,-37.33762108
ERRINUNDRA,VIC874,148.75059302,-37.46484804
LEOPOLD,VIC1488,144.46709841,-38.19443079
STRATHEWEN,VIC2379,145.27014858,-37.53874885
DIAMOND CREEK,VIC747,145.15668469,-37.66792712
HAWKHURST,VIC1142,147.16947619,-37.44488233
CANNONS CREEK,VIC466,145.31203996,-38.20631186
NARRE WARREN SOUTH,VIC1892,145.30251506,-38.05530003
BALWYN,VIC122,145.08333169,-37.80899066
ORMOND,VIC2012,145.04175981,-37.90390176
CRANBOURNE,VIC661,145.27525433,-38.11282226
BOTANIC RIDGE,VIC2993,145.26684797,-38.14363499
FOREST HILL,VIC929,145.17105747,-37.83985525
ALMONDS,VIC31,146.06070282,-36.22495527
GLENHOPE EAST,VIC1020,144.70111875,-37.07347584
TRAFALGAR EAST,VIC2569,146.1925116,-38.17228297
VITE VITE NORTH,VIC2640,143.20336031,-37.79054868
WURDIBOLUC,VIC2875,144.05125467,-38.28988771
BERRYBANK,VIC222,143.49038677,-37.97127122
KOORNALLA,VIC1383,146.52534241,-38.34807207
YEODENE,VIC2930,143.70698892,-38.39495007
GLENORMISTON NORTH,VIC1032,142.99015816,-38.13914345
HAMPTON PARK,VIC1125,145.26866765,-38.03861912
SANDHURST,VIC2236,145.2086932,-38.08208117
SUNDERLAND BAY,VIC2396,145.27164714,-38.50305783
CURDIES RIVER,VIC693,142.94592345,-38.44295556
NIRRANDA EAST,VIC1946,142.85380803,-38.48343589
ONDIT,VIC2009,143.61763782,-38.2426351
BARRYS REEF,VIC155,144.31116442,-37.45539809
NEWFIELD,VIC1922,143.01051168,-38.56253981
OUTTRIM,VIC2015,145.77127786,-38.52874829
COLAC EAST,VIC606,143.61736371,-38.33292962
SCOTTS CREEK,VIC2249,143.08677917,-38.46144818
MADDINGLEY,VIC1564,144.41952146,-37.69745749
WARRONG,VIC2716,142.32124007,-38.19786639
STONYFORD,VIC2369,143.30744351,-38.33084841
WINGEEL,VIC2809,143.81307852,-38.08752667
LILLICO,VIC1495,145.96532648,-38.12361619
TOWER HILL,VIC2565,142.35787279,-38.32667668
ARARAT,VIC53,142.97561639,-37.26244024
HAWKESDALE,VIC1141,142.28639454,-38.08716807
DREEITE SOUTH,VIC780,143.47718465,-38.19818871
MOUNTAIN VIEW,VIC1813,145.86646535,-38.30274499
DRIFFIELD,VIC781,146.3086718,-38.26925165
TARWIN,VIC2466,145.95330942,-38.60376125
WONGA,VIC2825,146.25700214,-38.60105531
KANUMBRA,VIC1291,145.68228923,-37.05335264
TANJIL BREN,VIC2444,146.15955548,-37.85358297
HAZELWOOD,VIC1147,146.37488114,-38.28856339
APOLLO BAY,VIC48,143.64146129,-38.72778805
ALBANVALE,VIC16,144.76866379,-37.74593686
SEAHOLME,VIC2254,144.84406446,-37.86421179
SEDDON,VIC2260,144.89167555,-37.80662685
WERRIBEE,VIC2753,144.64218431,-37.90680357
GRITJURK,VIC1105,141.79786043,-37.56675801
MELTON,VIC1636,144.61176602,-37.67562844
ROKEWOOD JUNCTION,VIC2193,143.68823214,-37.84849262
CERES,VIC526,144.27280615,-38.16456785
CASTELLA,VIC511,145.42281558,-37.51766656
CLARKES HILL,VIC566,143.9789805,-37.49588564
YARRA JUNCTION,VIC2912,145.62538223,-37.79389691
WHITE HILLS,VIC2772,144.30198157,-36.72838603
UPWEY,VIC2623,145.32904479,-37.90548588
WARBURTON,VIC2693,145.69813867,-37.72834214
KYABRAM SOUTH,VIC1407,145.06792509,-36.38480931
LEMNOS,VIC1482,145.474957,-36.34428426
LAWRENCE,VIC1475,143.89820734,-37.32548152
KAMAROOKA,VIC1284,144.37180368,-36.49680596
HODDLES CREEK,VIC1188,145.593996,-37.85092637
MUNDOONA,VIC1825,145.35277889,-36.16407083
MUSK VALE,VIC1848,144.14620857,-37.38297841
POWELLTOWN,VIC2111,145.76581208,-37.85705861
MOOROOPNA NORTH WEST,VIC1752,145.2512859,-36.34722087
HORSHAM,VIC1198,142.19623515,-36.71884511
SEVILLE,VIC2267,145.47554161,-37.79262867
HUNTLY,VIC1211,144.32422866,-36.65642538
TUTYE,VIC2594,141.48021729,-35.18998253
JACK RIVER,VIC1242,146.55586013,-38.56817927
CROSSLEY,VIC676,142.31333948,-38.31703434
LAHARUM,VIC1420,142.34148948,-36.91418039
LINDENOW,VIC1504,147.46643735,-37.79912203
BOWENVALE,VIC308,143.69816764,-36.99785792
ASHBOURNE,VIC75,144.45793382,-37.40395525
BEAUFORT,VIC181,143.34521031,-37.44142687
STRATHBOGIE,VIC2376,145.76057421,-36.87963141
CORRYONG,VIC647,147.90166129,-36.18315199
BRUTHEN,VIC364,147.86263962,-37.70710192
BOOSEY,VIC301,145.79162153,-36.05052225
GRANITE ROCK,VIC1079,147.67198905,-37.75693185
WATTLE BANK,VIC2728,145.7081015,-38.57575728
LOCH,VIC1518,145.69574039,-38.37598525
KAWARREN,VIC1306,143.61281654,-38.4967914
NORVAL,VIC1969,142.86253494,-37.25355523
JUMBUK,VIC1269,146.42264817,-38.40026003
TRAFALGAR,VIC2568,146.14716828,-38.16962944
THORPDALE SOUTH,VIC2514,146.12187015,-38.33256777
BOOROOL,VIC299,146.0529553,-38.44938629
HILL END,VIC1181,146.1438792,-38.01240031
DREEITE,VIC779,143.50494842,-38.15564525
DROUIN,VIC785,145.84874996,-38.13537065
KILCUNDA,VIC1340,145.49568349,-38.5490062
NULLAWARRE NORTH,VIC1978,142.79642063,-38.43794635
WINCHELSEA,VIC2804,143.95019414,-38.23837493
DUNDONNELL,VIC803,142.96881051,-37.88756949
WOODFORD,VIC2837,142.48203441,-38.31596992
YALLOURN,VIC2894,146.3446421,-38.1919583
WOORARRA WEST,VIC2857,146.21948437,-38.59268189
BENA,VIC203,145.73754733,-38.43508736
MOE,VIC1710,146.25033483,-38.17859397
DOLLAR,VIC763,146.17831468,-38.55431801
SMITHS BEACH,VIC2299,145.25780273,-38.50126664
KNEBSWORTH,VIC1366,141.87168257,-37.98881555
CARLISLE RIVER,VIC492,143.41734949,-38.56550176
COLBROOK,VIC609,144.22567647,-37.53126651
DOBIE,VIC758,143.0299141,-37.33426809
MALDON,VIC1578,144.07031259,-36.99792239
RATHSCAR,VIC2136,143.54872248,-36.97362716
MOGLONEMBY,VIC1713,145.54225676,-36.65806114
TAMBO UPPER,VIC2434,147.87043887,-37.76509105
CULLEN,VIC689,144.15739396,-35.7838405
WUNGHNU,VIC2874,145.42415879,-36.16746946
WEHLA,VIC2743,143.6277797,-36.60892153
DRUMMOND NORTH,VIC794,144.31624462,-37.19590536
INKERMAN,VIC1225,143.67742871,-36.79196301
MACARTHUR,VIC1555,142.01857553,-38.04793703
ALLANSFORD,VIC27,142.61177527,-38.39351955
NOORAT EAST,VIC1952,142.97740977,-38.20150271
KILLARNEY,VIC1343,142.3192714,-38.34442389
SANDY POINT,VIC2240,146.11931521,-38.81152166
HAZELWOOD NORTH,VIC1148,146.47872323,-38.27053481
HALLORA,VIC1118,145.83964443,-38.25809106
CAPE WOOLAMAI,VIC475,145.34398324,-38.54293875
DIXIE,VIC756,142.93009669,-38.30558821
SOUTHERN CROSS,VIC2320,142.40601926,-38.28737731
NAYOOK,VIC1900,145.9323642,-37.91373859
MORRISONS,VIC1759,144.11917198,-37.76889857
TETOORA ROAD,VIC2496,145.88868991,-38.27759028
TANYBRYN,VIC2448,143.71433191,-38.65668089
KARDELLA SOUTH,VIC1296,145.87384927,-38.4575287
FAIRBANK,VIC891,145.92577351,-38.40696787
NULLAWARRE,VIC1977,142.76472464,-38.4760715
TANJIL SOUTH,VIC2445,146.26722393,-38.10344389
WESTBURY,VIC2762,146.22126365,-38.14180262
BALLAN,VIC107,144.21462506,-37.60681435
ST CLAIR,VIC2342,145.6520256,-38.58139478
ALLAMBEE RESERVE,VIC24,146.05521924,-38.30666499
KROWERA,VIC1399,145.6683781,-38.44607197
POREPUNKAH,VIC2098,146.91996202,-36.68061023
GOLDSBOROUGH,VIC1051,143.65403561,-36.81481842
CATUMNAL,VIC519,143.61833681,-36.07631091
NEWSTEAD,VIC1932,144.05399609,-37.10567861
NINE MILE,VIC1942,143.46728653,-36.44854668
GLENISLA,VIC1021,142.26980696,-37.22555717
NUMURKAH,VIC1980,145.43430908,-36.08609743
MALMSBURY,VIC1580,144.3939551,-37.18199573
ST ARNAUD,VIC2339,143.24891208,-36.61860257
STOCKYARD HILL,VIC2364,143.29789721,-37.53704634
CHILTERN VALLEY,VIC550,146.54804035,-36.14644384
CHUTE,VIC561,143.40933141,-37.30886938
NEWHAM,VIC1923,144.60395128,-37.29963337
BURKES FLAT,VIC415,143.56048318,-36.63963639
WOORARRA EAST,VIC2856,146.38225784,-38.60522577
THORPDALE,VIC2513,146.17191942,-38.30160622
NYORA,VIC1992,145.68368356,-38.30864754
MERRIMU,VIC1662,144.47682525,-37.65715208
WILLOWVALE,VIC2798,143.46472514,-37.84308873
GLEN FORBES,VIC999,145.52586175,-38.45098228
STRZELECKI,VIC2387,145.9011449,-38.34344263
VESPER,VIC2633,146.06906791,-37.87161138
JUMBUNNA,VIC1270,145.76038451,-38.47197719
WOOLAMAI,VIC2850,145.51625213,-38.50982722
GOBUR,VIC1043,145.62008793,-37.01413879
BLAKEVILLE,VIC259,144.2111686,-37.47886976
COLAC WEST,VIC607,143.5432223,-38.33262973
GNOTUK,VIC1041,143.0792989,-38.19991173
KILMORE EAST,VIC1348,145.01123308,-37.27826964
TESBURY,VIC2495,143.16671509,-38.29059043
MARENGO,VIC1597,143.65514124,-38.77837324
RYANSTON,VIC2221,145.58905592,-38.50832519
SOUTH PURRUMBETE,VIC2317,143.21360788,-38.34366591
CAPE CLEAR,VIC470,143.61144166,-37.78109422
SHE OAKS,VIC2273,144.14465707,-37.89735923
BARRABOOL,VIC150,144.22632216,-38.16663691
INVERLEIGH,VIC1227,144.00128243,-38.10903663
COOLAROO,VIC622,144.93493409,-37.65640068
BLAIRGOWRIE,VIC258,144.77224943,-38.36852599
RUSSELLS BRIDGE,VIC2218,144.1817166,-38.00426668
MERRICKS NORTH,VIC1658,145.07674406,-38.34515161
WOOTONG VALE,VIC2865,141.74180585,-37.51748508
BURNSIDE HEIGHTS,VIC420,144.75566315,-37.73217409
MCCRAE,VIC1619,144.93252453,-38.35593437
SPRINGVALE,VIC2333,145.1579738,-37.94569578
BUCKLEY,VIC369,144.08737408,-38.21757284
STEIGLITZ,VIC2360,144.18868661,-37.86367012
OFFICER SOUTH,VIC2003,145.42303763,-38.10093501
WINCHELSEA SOUTH,VIC2805,143.98921893,-38.32456954
MORGIANA,VIC1755,141.83809302,-37.72876836
AIREYS INLET,VIC12,144.09716142,-38.43549888
CAVENDISH,VIC525,142.05601887,-37.49954431
MOUNT BURNETT,VIC1773,145.5085758,-37.97428058
SOMERTON,VIC2309,144.95073494,-37.63460029
PORTSEA,VIC2109,144.70016395,-38.3226661
BAHGALLAH,VIC100,141.3126863,-37.69590894
CLYDE NORTH,VIC580,145.35873959,-38.10189359
IONA,VIC1231,145.68745281,-38.15235899
DORODONG,VIC775,141.04818996,-37.31190994
MODEWARRE,VIC1709,144.127322,-38.26887787
MERINO,VIC1652,141.54810649,-37.72836764
BUNYIP NORTH,VIC412,145.72512138,-38.06098808
FYANSFORD,VIC951,144.2894937,-38.13026634
TAHARA,VIC2423,141.71884142,-37.73973921
FRANKSTON SOUTH,VIC941,145.12900661,-38.17598466
FRANKSTON,VIC939,145.14568453,-38.1481534
MIRRANATWA,VIC1699,142.38814475,-37.40438811
DIGBY,VIC748,141.5282985,-37.81091927
LYNDHURST,VIC1550,145.2307028,-38.06847933
CONNEWARRE,VIC619,144.42323873,-38.25759599
WATERWAYS,VIC2724,145.13052287,-38.01475028
SHELFORD,VIC2277,143.93045118,-37.96794546
GREENVALE,VIC1097,144.8797437,-37.6365282
TARRENLEA,VIC2463,141.74274146,-37.67897499
HILLCREST,VIC1182,143.63482531,-37.61595192
GARFIELD,VIC956,145.6697878,-38.10035144
PORTLAND,VIC2106,141.60412211,-38.36088187
GATUM,VIC961,141.95320578,-37.38238098
MYAMYN,VIC1852,141.7138876,-38.00386161
RYTHDALE,VIC2223,145.46260577,-38.13954523
KOO WEE RUP,VIC1374,145.48763175,-38.18781162
DUNKELD,VIC804,142.35903733,-37.67648825
CORA LYNN,VIC632,145.6171352,-38.14576313
LETHBRIDGE,VIC1491,144.09657885,-37.95596945
MOUNT MORIAC,VIC1800,144.19172263,-38.21268508
ROSEBUD,VIC2199,144.91360031,-38.37370858
TAYLORS HILL,VIC2475,144.75291252,-37.71514756
CREMORNE,VIC668,144.99305526,-37.82901427
VICTORIA VALLEY,VIC2635,142.32451021,-37.51760227
NEWTOWN,VIC2968,143.65935093,-37.702744
COLERAINE,VIC611,141.67517412,-37.59055733
GRANGEFIELDS,VIC3016,144.63869504,-37.70236571
HAPPY VALLEY,VIC2976,143.59553461,-37.72757293
CRANBOURNE WEST,VIC665,145.24951306,-38.09941751
NOBLE PARK NORTH,VIC1949,145.19060004,-37.95126625
TARNEIT,VIC2453,144.66467179,-37.83546749
PAKENHAM,VIC2023,145.48515783,-38.07356414
DELAHEY,VIC727,144.77748158,-37.71978513
DINGLEY VILLAGE,VIC753,145.12590755,-37.97619961
TEESDALE,VIC2481,144.05490381,-38.02364739
PLUMPTON,VIC2081,144.68900565,-37.66911326
BANNOCKBURN,VIC132,144.15416894,-38.04497148
ENFIELD,VIC865,143.77654251,-37.7496275
CRANBOURNE SOUTH,VIC664,145.2521542,-38.15495153
DALLAS,VIC700,144.9352871,-37.67054912
MELVILLE FOREST,VIC1639,141.85790229,-37.48681696
GHERINGHAP,VIC980,144.22635593,-38.0772989
PEARCEDALE,VIC2046,145.24775351,-38.19776304
CALDER PARK,VIC442,144.76105223,-37.67613148
BOLWARRA,VIC275,141.61157209,-38.27998698
COBBLEBANK,VIC3012,144.60086027,-37.70730712
BRANXHOLME,VIC321,141.80606124,-37.84636996
HMAS CERBERUS,VIC1187,145.198312,-38.38121874
ATTWOOD,VIC81,144.88459337,-37.66703902
KURUNJANG,VIC1405,144.59148637,-37.66089054
GLEN IRIS,VIC1001,145.06499614,-37.85596271
ASPENDALE GARDENS,VIC79,145.11983101,-38.02209609
BURWOOD EAST,VIC427,145.15042171,-37.85357329
HENTY,VIC1163,141.52669568,-37.65899113
ASHWOOD,VIC77,145.10232098,-37.86653017
MOUNT NAPIER,VIC1801,142.06176356,-37.90399366
RICHMOND,VIC2167,145.00246345,-37.82032239
ROKEWOOD,VIC2192,143.7482545,-37.92720147
DUTTON WAY,VIC815,141.6240652,-38.29830184
STRATHTULLOH,VIC3018,144.59691512,-37.73397653
CLARINDA,VIC564,145.10608841,-37.94367893
COLLINGWOOD,VIC613,144.98817027,-37.80194257
AINTREE,VIC3010,144.6682539,-37.71980962
KOO WEE RUP NORTH,VIC1375,145.5390554,-38.15117206
BRIT BRIT,VIC343,141.74168703,-37.41236128
ST ANDREWS BEACH,VIC2338,144.83127042,-38.42006793
YUROKE,VIC2942,144.86402997,-37.58027446
HUGHESDALE,VIC1206,145.08114252,-37.89946402
PIGEON PONDS,VIC2066,141.68237679,-37.28823319
LANGWARRIN,VIC1461,145.19739512,-38.15455928
DRUMBORG,VIC790,141.49394274,-38.09802267
MURRUMBEENA,VIC1845,145.07015454,-37.89668183
SEABROOK,VIC2251,144.75866153,-37.88090189
CAROLINE SPRINGS,VIC499,144.73721933,-37.73445832
FITZROY,VIC916,144.97916306,-37.80089516
TYNONG NORTH,VIC2602,145.62795379,-38.02813431
BAMGANIE,VIC127,143.99404621,-37.93777195
MONOMEITH,VIC1725,145.53377098,-38.21158509
DEREEL,VIC736,143.75827044,-37.82137483
PAKENHAM SOUTH,VIC2024,145.50211489,-38.13752804
BERRINGA,VIC219,143.6741758,-37.77290744
MOOROODUC,VIC1748,145.11897139,-38.24706502
TYNONG,VIC2601,145.62628104,-38.09528079
BUCKLEY SWAMP,VIC370,142.08680134,-37.85887098
DROMANA,VIC783,145.00978835,-38.33203319
CORNDALE,VIC640,141.25468871,-37.54080134
BONNIE BROOK,VIC3011,144.66989399,-37.69607588
MERRICKS BEACH,VIC1657,145.1069984,-38.39391135
HOTSPUR,VIC1200,141.56017794,-37.94308169
TAHARA BRIDGE,VIC2424,141.64957503,-37.68851097
MELTON SOUTH,VIC1637,144.57077212,-37.70687213
GUYS HILL,VIC1113,145.3916766,-38.01373347
GARFIELD NORTH,VIC957,145.67917825,-38.0404161
SPRINGVALE SOUTH,VIC2334,145.14802007,-37.97075742
STAFFORDSHIRE REEF,VIC2351,143.68758634,-37.73392399
KARABEAL,VIC1294,142.18792477,-37.60119388
KNOXFIELD,VIC1368,145.24938568,-37.89055081
ARMSTRONG CREEK,VIC3002,144.37079235,-38.23412701
MANOR LAKES,VIC3007,144.58123627,-37.8669287
CARRUM,VIC506,145.12802361,-38.07665274
HAZEL PARK,VIC1145,146.38489558,-38.63465148
FUMINA,VIC948,146.08939751,-37.91033454
FORREST,VIC931,143.69998559,-38.51000109
LAVERTON NORTH,VIC1472,144.78700375,-37.83003778
YARCK,VIC2909,145.60474266,-37.09153093
CODRINGTON,VIC599,141.96822395,-38.25179962
CROSSOVER,VIC677,145.96901962,-38.0591448
MOLESWORTH,VIC1715,145.52449005,-37.15923788
CONDAH,VIC616,141.70966652,-37.94505065
NEWHAVEN,VIC1924,145.33236473,-38.51568387
YANGERY,VIC2905,142.43599344,-38.31690288
BARWON DOWNS,VIC160,143.788519,-38.50829394
NAROGHID,VIC1884,143.06716507,-38.25245618
ARCHIES CREEK,VIC61,145.5668574,-38.54798873
CARPENDEIT,VIC500,143.25010181,-38.38757044
GLENAIRE,VIC1006,143.49191979,-38.74231802
MURROON,VIC1844,143.80603782,-38.42060789
KILLINGWORTH,VIC1345,145.43187921,-37.18120165
BOSTOCKS CREEK,VIC306,143.12628832,-38.3024359
CARINGAL,VIC490,146.33806525,-37.94788701
COWLEYS CREEK,VIC657,143.04051832,-38.49898868
GERANGAMETE,VIC975,143.69478622,-38.45295223
COWES,VIC656,145.2353965,-38.47086299
ELLERSLIE,VIC851,142.65382222,-38.1281472
JANCOURT EAST,VIC1249,143.18856837,-38.41835106
MEREDITH,VIC1650,144.04167814,-37.86230202
CLOVERLEA,VIC576,145.99460362,-38.24034103
MILLBROOK,VIC1678,144.04830314,-37.60417164
CATHKIN,VIC518,145.60321582,-37.15562057
SPARGO CREEK,VIC2321,144.14679723,-37.48819105
GAZETTE,VIC962,142.15130769,-37.91513014
OMBERSLEY,VIC2006,143.81412888,-38.2001165
POMBORNEIT EAST,VIC2088,143.39627984,-38.29134019
LANG LANG,VIC1453,145.58200866,-38.29539904
COROROOKE,VIC645,143.5282295,-38.29638002
NIRRANDA,VIC1945,142.77046242,-38.50604557
ST HELENS,VIC2344,142.05267354,-38.24669474
KOROBEIT,VIC1389,144.34310965,-37.58125701
BULLAHARRE,VIC382,143.14041932,-38.34964363
TURTONS CREEK,VIC2593,146.22734157,-38.55012563
TYAAK,VIC2595,145.13852951,-37.21816314
MEPUNGA EAST,VIC1645,142.70861374,-38.44581284
PIONEER BAY,VIC2073,145.54928927,-38.38064962
TANDAROOK,VIC2440,143.19343017,-38.31222583
PIRRON YALLOCK,VIC2077,143.41873233,-38.35314562
BOLWARRAH,VIC276,144.10950964,-37.51205761
WALKERVILLE,VIC2656,145.98854737,-38.81103757
CHURCHILL ISLAND,VIC560,145.33877581,-38.50010202
MEADOW HEIGHTS,VIC1629,144.91820964,-37.65117995
WOOD WOOD,VIC2833,143.33287519,-35.10149438
CHINKAPOOK,VIC552,142.94840514,-35.18521754
TRAYNORS LAGOON,VIC2578,142.98324788,-36.58277264
YAMBUNA,VIC2898,144.97083971,-36.15022098
MARNOO,VIC1603,142.8896621,-36.68971441
BLACKWARRY,VIC256,146.62795108,-38.4102415
MOLOGA,VIC1719,144.12951685,-36.16087273
GOROKE,VIC1066,141.48887797,-36.67134171
MOORA,VIC1739,144.94543148,-36.60387824
BOOLITE,VIC291,142.67923673,-36.34197069
CORACK,VIC633,143.02625166,-36.18423732
MOOLERR,VIC1732,143.17179886,-36.64368782
LIMA,VIC1500,145.94797537,-36.75123223
CASSILIS,VIC510,147.60518295,-37.20479007
BELLBIRD CREEK,VIC194,148.81479194,-37.63818213
LODDON VALE,VIC1525,143.94640084,-35.99747972
BROUGHTON,VIC355,141.32258627,-36.14806593
JUNG,VIC1272,142.33880059,-36.57666151
NATHALIA,VIC1894,145.19539484,-36.05749036
GIFFARD WEST,VIC983,146.99709995,-38.3823682
RIACHELLA,VIC2163,142.71212507,-36.83313185
KANIVA,VIC1290,141.26487032,-36.38286001
GLENROWAN WEST,VIC1036,146.16491168,-36.51357104
WILLAURA NORTH,VIC2792,142.74539587,-37.38724457
MONOMAK,VIC1724,146.82501217,-37.78388085
BALLAPUR,VIC109,142.75039388,-35.97215532
BENAYEO,VIC206,141.04304272,-36.84075092
FIERY FLAT,VIC911,143.81058695,-36.41138551
STRADBROKE,VIC2370,147.03465743,-38.27945986
TARNOOK,VIC2454,145.86526334,-36.535584
KANCOONA,VIC1287,147.01045336,-36.60385445
TAMBO CROSSING,VIC2433,147.83247766,-37.49808494
SERVICETON,VIC2266,141.01823493,-36.37636135
CLUB TERRACE,VIC577,148.93198845,-37.53245454
OMEO VALLEY,VIC2008,147.61572657,-36.94710491
LASCELLES,VIC1467,142.60662977,-35.55601462
PELLUEBLA,VIC2050,145.98192073,-36.20588177
WALLUP,VIC2666,142.26296551,-36.35659083
KELVIN VIEW,VIC1316,145.66428111,-36.82845204
THOONA,VIC2510,146.07723662,-36.34464505
GRAYS BRIDGE,VIC1085,142.89975691,-36.61839212
SHANNONVALE,VIC2271,147.42325547,-36.93106483
DUNNEWORTHY,VIC806,143.04992213,-37.20262893
YARRABERB,VIC2913,144.06399597,-36.57458679
GLEN CREEK,VIC997,146.95016277,-36.43320166
MORRL MORRL,VIC1760,142.8949527,-36.86637109
YARRAWALLA,VIC2919,144.02722261,-36.15570118
CHESHUNT SOUTH,VIC542,146.4220141,-36.92148515
LALBERT,VIC1445,143.44428093,-35.65158997
WHITLANDS,VIC2776,146.3454084,-36.82247324
BAMAWM EXTENSION,VIC125,144.60142041,-36.18094508
MEADOW CREEK,VIC1628,146.45349243,-36.60251178
KEILOR LODGE,VIC1312,144.80016366,-37.69843557
TAYLORS LAKES,VIC2476,144.78639377,-37.69856354
PANTON HILL,VIC2028,145.2464472,-37.64278672
CLIFTON SPRINGS,VIC573,144.57271615,-38.15308541
KENLEY,VIC1317,143.30484801,-34.83397702
WANGIE,VIC2685,143.26081631,-35.69180995
NOORINBEE NORTH,VIC1954,149.22501657,-37.43914923
RHYMNEY,VIC2162,142.78125688,-37.2218018
KUNAT,VIC1401,143.53798454,-35.51399452
MOKEPILLY,VIC1714,142.64481346,-37.0928934
WHITTINGTON,VIC2777,144.39207159,-38.17709021
HEIDELBERG HEIGHTS,VIC1160,145.05349245,-37.74323715
CHARLEMONT,VIC3003,144.36880818,-38.20970068
ESSENDON NORTH,VIC878,144.90083457,-37.73801952
ROSANNA,VIC2195,145.06968744,-37.7396277
DRYSDALE,VIC797,144.59988232,-38.17548868
TRAVANCORE,VIC2575,144.93547185,-37.78076856
EAST GEELONG,VIC824,144.38015604,-38.15531383
ELTHAM NORTH,VIC859,145.14166789,-37.69786684
MARSHALL,VIC1609,144.35726842,-38.19751167
ABERFELDIE,VIC3,144.89732116,-37.75953611
ESSENDON FIELDS,VIC2955,144.90110968,-37.7267329
MORDIALLOC,VIC1754,145.09608095,-37.99938366
NUTFIELD,VIC1987,145.18550838,-37.60210903
MANNERIM,VIC1589,144.60344468,-38.21836473
POINT LONSDALE,VIC2084,144.60190482,-38.26819446
ESSENDON WEST,VIC879,144.88510137,-37.75406107
WATSONS CREEK,VIC2727,145.26191426,-37.66212372
GEELONG,VIC963,144.36172462,-38.149905
WALLINGTON,VIC2665,144.5119041,-38.22636584
GROVEDALE,VIC1106,144.33184114,-38.20306981
OCEAN GROVE,VIC2001,144.53821157,-38.25953426
ST ALBANS PARK,VIC2336,144.39078133,-38.19386805
SMITHS GULLY,VIC2300,145.28834804,-37.62698605
HURSTBRIDGE,VIC1215,145.19476986,-37.63779101
HEATHERTON,VIC1155,145.09288076,-37.95601698
MENTONE,VIC1642,145.06941311,-37.98157499
KINGSBURY,VIC1358,145.03406236,-37.71617919
DRUMCONDRA,VIC791,144.35406724,-38.13020958
MARCUS HILL,VIC1595,144.57173386,-38.24022248
COTTLES BRIDGE,VIC653,145.22330968,-37.60700574
MOOLAP,VIC1731,144.4248316,-38.1798619
HIGHTON,VIC1179,144.3114804,-38.17044519
BELLARINE,VIC193,144.62173008,-38.13621536
PARKDALE,VIC2033,145.08129939,-37.99180688
ROCKBANK,VIC2187,144.64906063,-37.7338795
CALDERMEADE,VIC443,145.53890703,-38.24344816
SEAFORD,VIC2253,145.13849537,-38.10468016
OAKLANDS JUNCTION,VIC1995,144.84100345,-37.58931638
FIELDSTONE,VIC3014,144.64994194,-37.75044351
BELLBRAE,VIC195,144.23630192,-38.33764987
YATCHAW,VIC2923,142.14059062,-37.84107105
SOMERS,VIC2308,145.1609739,-38.38138705
MUMBANNAR,VIC1824,141.08848115,-37.92036934
HEATHMERE,VIC1156,141.62522969,-38.21283493
LINTON,VIC1509,143.55102406,-37.6890553
NOBLE PARK,VIC1948,145.17690561,-37.96949556
WAURN PONDS,VIC2734,144.27514231,-38.20331451
LANGWARRIN SOUTH,VIC1462,145.19100737,-38.18906395
BURWOOD,VIC426,145.11132746,-37.849592
MARYKNOLL,VIC1613,145.60429093,-38.03392557
TARRINGTON,VIC2464,142.12055741,-37.7679376
LINDSAY,VIC1506,141.05733792,-37.6147549
CRIB POINT,VIC672,145.20298136,-38.35249668
FRESHWATER CREEK,VIC945,144.24958691,-38.27028199
WYNDHAM VALE,VIC2884,144.60798423,-37.86010197
MAIN RIDGE,VIC1573,144.9689487,-38.40146059
CHADSTONE,VIC527,145.10017821,-37.88212697
NARRAWONG,VIC1888,141.70771439,-38.23901086
BIG HILL,VIC2960,144.00793505,-38.47819695
WARRAYURE,VIC2709,142.17934671,-37.71683334
GRINGEGALGONA,VIC1104,141.80767765,-37.4080878
WANNON,VIC2687,141.83146784,-37.65195186
RED HILL,VIC2145,145.01608379,-38.36346634
PORTLAND NORTH,VIC2107,141.56966903,-38.30213201
TYABB,VIC2596,145.18447904,-38.26512953
EASTERN VIEW,VIC829,144.04184241,-38.45025821
COOJAR,VIC621,141.67072171,-37.35893628
BAYLES,VIC170,145.58057953,-38.1760633
MUNTHAM,VIC1827,141.54433935,-37.57335504
HILLSIDE,VIC2984,144.74169777,-37.69043778
SMYTHESDALE,VIC2304,143.68206774,-37.63920914
KONONGWOOTONG,VIC1373,141.66954577,-37.48049803
FINGAL,VIC912,144.8546357,-38.41663947
TARRAYOUKYAN,VIC2461,141.55692692,-37.29668486
PARAPARAP,VIC2031,144.18280135,-38.29720633
OAKLEIGH,VIC1996,145.09568102,-37.90067085
GHERANG,VIC979,144.10301483,-38.31115661
NINTINGBOOL,VIC1943,143.72101444,-37.61048242
DUNROBIN,VIC809,141.37843893,-37.5195195
WENSLEYDALE,VIC2749,144.05347329,-38.37380512
MILLTOWN,VIC1681,141.70984752,-38.05086758
MOGGS CREEK,VIC1712,144.06693667,-38.45606162
ALLESTREE,VIC29,141.6515055,-38.27134498
MAMBOURIN,VIC1583,144.55315757,-37.8997421
SOUTH YARRA,VIC2318,144.99186548,-37.83921837
FRANKSTON NORTH,VIC940,145.1638627,-38.12391087
HOPPERS CROSSING,VIC1195,144.69466589,-37.86648824
HUNTINGDALE,VIC1210,145.10847935,-37.90764362
BENTLEIGH EAST,VIC215,145.06704918,-37.92209826
KINGSVILLE,VIC1360,144.87943798,-37.80884151
YANNATHAN,VIC2907,145.64396256,-38.22526297
FAIRHAVEN,VIC893,144.08521561,-38.45747636
CORINDHAP,VIC637,143.75401417,-37.86766264
CASTERTON,VIC512,141.33179599,-37.60311364
CASHMORE,VIC509,141.49493923,-38.30706162
POINT LEO,VIC2083,145.0698252,-38.41547818
BROADMEADOWS,VIC346,144.93132998,-37.68255423
KEYSBOROUGH,VIC1334,145.16735492,-38.00530628
MOUNT RICHMOND,VIC1804,141.33239346,-38.15435864
CARLTON,VIC494,144.96815465,-37.8004373
DEANSIDE,VIC3013,144.70534829,-37.73192784
TUERONG,VIC2586,145.0967952,-38.29871901
PIGGOREET,VIC2067,143.63532264,-37.72402449
BALNARRING,VIC119,145.12188167,-38.35318141
MOUNT WAVERLEY,VIC1811,145.12850255,-37.87836713
VICTORIA POINT,VIC2634,142.22233839,-37.50918841
SANDFORD,VIC2234,141.45195804,-37.64715468
NANGEELA,VIC1869,141.33948643,-37.47892333
VERVALE,VIC2632,145.65981695,-38.13784159
LAKE MUNDI,VIC1434,141.08104092,-37.49916659
GORAE,VIC1062,141.55180998,-38.23678104
WEST FOOTSCRAY,VIC2759,144.87089837,-37.80051862
SKYE,VIC2296,145.21621551,-38.10505149
DANDENONG SOUTH,VIC707,145.220877,-38.02793299
GISBORNE SOUTH,VIC992,144.62450046,-37.54876343
BONEO,VIC281,144.90355422,-38.40989592
BYADUK NORTH,VIC433,141.97845244,-37.86069916
STRATHDOWNIE,VIC2378,141.11160155,-37.73323892
WESTMEADOWS,VIC2764,144.89276179,-37.67524512
STRATHKELLAR,VIC2381,142.11568495,-37.70154171
NAR NAR GOON,VIC1874,145.56895934,-38.10592591
SCARSDALE,VIC2245,143.66695455,-37.67949981
MOUNT DUNEED,VIC1784,144.31279449,-38.24981904
SNAKE VALLEY,VIC2306,143.58604284,-37.61469188
BREAMLEA,VIC326,144.38795112,-38.2939179
RED HILL SOUTH,VIC2146,145.03940343,-38.38772778
RAVENHALL,VIC2138,144.7365886,-37.7754745
THORNHILL PARK,VIC3019,144.62490255,-37.73027651
TABOR,VIC2421,142.19223182,-37.82863552
ROXBURGH PARK,VIC2210,144.92540148,-37.62575497
ARTHURS SEAT,VIC71,144.95981171,-38.36325859
HEYWOOD,VIC1173,141.64699108,-38.13433766
BORNES HILL,VIC303,142.47925601,-37.53473932
NOTTING HILL,VIC1970,145.14175687,-37.90474215
BAMBRA,VIC126,143.95502799,-38.36288262
CARAPOOK,VIC482,141.55503332,-37.51649185
TOTTENHAM,VIC2559,144.85290105,-37.80464015
BRIMBOAL,VIC339,141.40578507,-37.39329215
FITZROY NORTH,VIC917,144.98429846,-37.78388186
SPRINGDALLAH,VIC2328,143.62914969,-37.74660543
BALNARRING BEACH,VIC120,145.11986578,-38.39037257
CARDINIA,VIC486,145.41817612,-38.1427533
OAKLEIGH EAST,VIC1997,145.11533035,-37.90389453
FRASER RISE,VIC3015,144.71262742,-37.70480866
KILLARA,VIC2959,141.40001522,-37.75192356
OFFICER,VIC2002,145.41254027,-38.05422611
VERMONT,VIC2630,145.19918393,-37.83844492
ENGLEFIELD,VIC866,141.81291028,-37.32367019
BRUNSWICK EAST,VIC362,144.97743275,-37.76886491
TRUGANINA,VIC2585,144.71201185,-37.79967763
STONEHAVEN,VIC2365,144.2234471,-38.12203124
BOONAH,VIC293,143.97969481,-38.4287405
SYDENHAM,VIC2417,144.76533557,-37.69973868
GORAE WEST,VIC1063,141.47418149,-38.24867676
MOORALLA,VIC1743,142.11765255,-37.39403642
MORIAC,VIC1756,144.17477309,-38.24606204
CLOVER FLAT,VIC575,141.56259846,-37.60778255
HERNE HILL,VIC1166,144.32400981,-38.13423978
BRIAR HILL,VIC330,145.12108372,-37.7062203
BELMONT,VIC201,144.34211589,-38.17843089
PORTARLINGTON,VIC2105,144.66362811,-38.1376551
EDITHVALE,VIC842,145.1150113,-38.03748925
LOVELY BANKS,VIC1539,144.32236021,-38.04068464
AIRPORT WEST,VIC14,144.88190597,-37.72371239
ALTONA NORTH,VIC36,144.83431981,-37.83783036
BONBEACH,VIC279,145.12761739,-38.06309304
HAMPTON EAST,VIC1124,145.03063324,-37.93879797
WATSONIA NORTH,VIC2726,145.08515304,-37.69583827
THOMSON,VIC2986,144.37893641,-38.16949782
ST HELENA,VIC2996,145.12948447,-37.68948631
BRAESIDE,VIC319,145.12295476,-38.00046567
BOORHAMAN,VIC295,146.31662696,-36.22523621
NORTH WARRANDYTE,VIC1965,145.21612991,-37.72545137
CURLEWIS,VIC695,144.52391845,-38.1771166
STIRLING,VIC2362,147.71010976,-37.45187621
EPPING,VIC870,145.01044881,-37.63791598
RIPPLESIDE,VIC2175,144.35574374,-38.12379173
MANIFOLD HEIGHTS,VIC1588,144.33370079,-38.13760079
MOORABBIN AIRPORT,VIC1741,145.0997744,-37.97742127
NEWCOMB,VIC1921,144.3953485,-38.16312214
WANDANA HEIGHTS,VIC2672,144.29965958,-38.17761643
NORTH SHORE,VIC1963,144.37337918,-38.09500434
BELL POST HILL,VIC192,144.32070406,-38.09433718
SWAN ISLAND,VIC2410,144.67391594,-38.25020682
SOUTH KINGSVILLE,VIC2314,144.87140825,-37.83068135
CLEMATIS,VIC570,145.41934796,-37.93246226
SPRING GULLY,VIC2325,144.28608998,-36.80019575
CANADIAN,VIC461,143.88527799,-37.5844749
BRADFORD,VIC317,144.06391014,-36.91989407
GLEN PARK,VIC1002,143.92194329,-37.50680086
COSTERFIELD,VIC651,144.7999829,-36.87343275
OLINDA,VIC2005,145.37988101,-37.85255294
BEVERFORD,VIC232,143.46725521,-35.22266731
COCKATOO,VIC597,145.50809588,-37.92593107
LEARMONTH,VIC1477,143.72199964,-37.42075887
EUREKA,VIC882,143.88252299,-37.56470682
EAST BENDIGO,VIC823,144.32233462,-36.73980549
MOLLONGGHIP,VIC1718,144.04557031,-37.46810807
WAGGARANDALL,VIC2646,145.76691128,-36.24489519
ALFREDTON,VIC22,143.80063673,-37.55590037
LEIGH CREEK,VIC1480,143.96062311,-37.56027828
CARDROSS,VIC487,142.12536917,-34.30720024
TARRAVILLE,VIC2458,146.74346233,-38.62635342
MURRAWEE,VIC1838,143.51336036,-35.29960023
STACEYS BRIDGE,VIC2350,146.51074895,-38.55780816
SCOTSBURN,VIC2248,143.93656537,-37.68410255
TYNTYNDER,VIC2603,143.54523878,-35.24050532
CHUM CREEK,VIC558,145.48735913,-37.60530422
CAMBRIAN HILL,VIC454,143.81868319,-37.64022868
GILDEROY,VIC985,145.71406624,-37.86345984
SHEPHERDS FLAT,VIC2279,144.10552877,-37.27489529
BEENAK,VIC187,145.63707066,-37.89900162
MOUNT PROSPECT,VIC1803,144.04641801,-37.39405823
COSGROVE SOUTH,VIC650,145.63330325,-36.41033582
BENDIGO,VIC208,144.27939607,-36.75700296
WENDOUREE,VIC2748,143.82843482,-37.53081381
KATANDRA WEST,VIC1304,145.55847934,-36.24375307
MOOROOPNA,VIC1750,145.34511314,-36.39768233
HARKAWAY,VIC1131,145.36002941,-37.99418214
NAVIGATORS,VIC1899,143.9343017,-37.61278361
LOCKWOOD SOUTH,VIC1524,144.1428565,-36.87230439
BALD HILLS,VIC105,143.83435076,-37.4425917
WOODSTOCK ON LODDON,VIC2846,144.00461366,-36.76494444
WANDIN EAST,VIC2675,145.45489002,-37.81232135
MURCHISON NORTH,VIC1830,145.26951866,-36.56585275
MOORMBOOL WEST,VIC1745,144.85895252,-36.80283213
MOUNT MAJOR,VIC1797,145.69901157,-36.36501519
SMOKEYTOWN,VIC2301,143.92214653,-37.39999744
ROCHESTER,VIC2185,144.68055203,-36.36138367
DHURRINGILE,VIC746,145.2131637,-36.53185732
BUNKERS HILL,VIC410,143.74597826,-37.57154878
MONTROSE,VIC1730,145.34714931,-37.81249489
SHEPPARTON EAST,VIC2281,145.48304957,-36.39709651
GIRGARRE EAST,VIC990,145.06663239,-36.44921654
TOOLAMBA WEST,VIC2538,145.2688914,-36.4835894
BO PEEP,VIC263,143.66834486,-37.5462247
TATURA,VIC2469,145.21714074,-36.44176166
OAKLEIGH SOUTH,VIC1998,145.09428787,-37.9243789
GILLIESTON,VIC986,145.20740662,-36.33425749
MERINGUR,VIC1651,141.28384918,-34.39632348
MITTYACK,VIC1706,142.62227532,-35.15425978
HUON CREEK,VIC1214,146.82121521,-36.15609557
SPRINGMOUNT,VIC2332,143.93615228,-37.41291299
GOLDEN GULLY,VIC1045,144.26590935,-36.79187234
BAKERY HILL,VIC103,143.86574812,-37.56321453
HUNTLY NORTH,VIC1212,144.33949138,-36.59045081
TYNTYNDER SOUTH,VIC2604,143.51180737,-35.27373899
ARCADIA SOUTH,VIC57,145.38113037,-36.59378421
GOLDEN POINT,VIC2978,143.86499462,-37.57368051
GLENDONALD,VIC2980,143.84435972,-37.36044231
BROOMFIELD,VIC354,143.90684901,-37.38444638
IRONBARK,VIC1234,144.26367379,-36.75478822
SASSAFRAS,VIC2243,145.34768234,-37.86352014
BIG PATS CREEK,VIC237,145.76264951,-37.76366188
MERBEIN WEST,VIC1649,142.00727252,-34.16725736
TINAMBA,VIC2524,146.87515839,-37.9689527
MARYSVILLE,VIC1614,145.79517552,-37.51797166
WYUNA EAST,VIC2886,145.09075473,-36.24003372
DRUMMARTIN,VIC792,144.40757061,-36.4358797
LENEVA,VIC1483,146.86614532,-36.20970283
WHROO,VIC2783,145.0359961,-36.68253227
GOLDEN SQUARE,VIC1049,144.25278585,-36.77381908
MOUNT TOOLEBEWONG,VIC1809,145.5603947,-37.7198801
MARUNGI,VIC1611,145.52559341,-36.19559525
STANHOPE,VIC2353,144.98194627,-36.46266576
NORTH BLACKWOOD,VIC1960,144.36320455,-37.41761604
MOUNT ROWAN,VIC1805,143.84133854,-37.50083687
WOORINEN,VIC2859,143.46906623,-35.26707076
AVONMORE,VIC89,144.5361539,-36.53701431
LAUNCHING PLACE,VIC1468,145.57617467,-37.77802588
NOOJEE,VIC1950,145.96924796,-37.84521782
KENNINGTON,VIC1321,144.30295286,-36.7712261
DRY DIGGINGS,VIC796,144.16011636,-37.29741904
AVONSLEIGH,VIC90,145.48433164,-37.91184836
KALORAMA,VIC1282,145.38324442,-37.81811966
INVERMAY,VIC1229,143.8753277,-37.5019786
QUARRY HILL,VIC2130,144.2802547,-36.77642023
KAMAROOKA NORTH,VIC1285,144.31375823,-36.40402007
MAJOR PLAINS,VIC1576,145.7809037,-36.36744345
NEWBURY,VIC1920,144.28556511,-37.42143298
AXEDALE,VIC92,144.52405323,-36.76590776
MILDURA,VIC1676,142.12456014,-34.20800367
ADDINGTON,VIC8,143.66788137,-37.39571927
KAARIMBA,VIC1275,145.28770718,-36.14535678
WATTLE FLAT,VIC2730,143.9480286,-37.48088787
MERRINEE,VIC1663,141.85005189,-34.40121748
SWAN HILL WEST,VIC2409,143.4038433,-35.36596615
WHEATSHEAF,VIC2768,144.24338025,-37.33896971
SEATON,VIC2256,146.68400497,-37.93859415
HEATHCOTE,VIC1152,144.72249087,-36.91535289
PANITYA,VIC2026,141.02012137,-35.12069762
KULWIN,VIC1400,142.59362189,-34.98681481
DENVER,VIC733,144.29247778,-37.28461446
KIALLA EAST,VIC1336,145.49893174,-36.4648776
MOUNT CAMEL,VIC1775,144.74685066,-36.80777715
MOUNT HELEN,VIC1793,143.88562657,-37.62806524
GLADYSDALE,VIC995,145.64249872,-37.83893363
BLACKWOOD,VIC257,144.29817375,-37.49224175
NEILBOROUGH,VIC1908,144.27425982,-36.56482992
WOODVALE,VIC2848,144.1955406,-36.65283726
KYVALLEY,VIC1410,145.00558255,-36.28070142
BINGINWARRI,VIC242,146.44791928,-38.5890556
GIRGARRE,VIC989,144.94970682,-36.39984162
TORRITA,VIC2555,141.93557337,-35.136769
BULLARTO,VIC384,144.22114508,-37.38828753
FERNTREE GULLY,VIC908,145.28043523,-37.88435027
BLOWHARD,VIC262,143.78466719,-37.43574025
BELGRAVE SOUTH,VIC190,145.35731473,-37.94246879
TEMPY,VIC2487,142.45046854,-35.29253921
DAYLESFORD,VIC719,144.14955496,-37.34520086
ARGYLE,VIC65,144.71698929,-36.96746941
LYONVILLE,VIC1552,144.26444196,-37.3955926
KATANDRA,VIC1303,145.60593962,-36.25073788
NANDALY,VIC1867,142.67958976,-35.31193769
FERNY CREEK,VIC910,145.33533725,-37.87671618
PORT ALBERT,VIC2099,146.69000553,-38.66983697
MURRAYDALE,VIC1840,143.56549662,-35.28114656
LEONARDS HILL,VIC1484,144.13935985,-37.41136586
CARDIGAN VILLAGE,VIC485,143.70972696,-37.51746528
BONN,VIC282,144.71998975,-36.41205787
MOUNT DANDENONG,VIC1781,145.35021018,-37.83626501
SMEATON,VIC2298,143.95657249,-37.30372381
GOULBURN WEIR,VIC1069,145.17468716,-36.71497179
BALLARAT CENTRAL,VIC110,143.85026178,-37.56214501
WHIPSTICK,VIC2770,144.26909166,-36.65046245
COGHILLS CREEK,VIC600,143.75270614,-37.38400587
GRAHAMVALE,VIC1075,145.43660149,-36.34782938
EAGLEHAWK NORTH,VIC819,144.25672448,-36.68835264
WYUNA,VIC2885,145.0681327,-36.20630647
THE PATCH,VIC2504,145.40090092,-37.89141443
OUYEN,VIC2016,142.29540073,-35.04872198
EAGLEHAWK,VIC818,144.26569693,-36.70662223
UNDERBOOL,VIC2615,141.82492918,-35.15320412
WARRENHEIP,VIC2711,143.92447893,-37.57490642
DELACOMBE,VIC726,143.81599168,-37.58068231
BADGER CREEK,VIC96,145.54007174,-37.69004475
BULLAROOK,VIC383,144.00646427,-37.51134144
KILSYTH SOUTH,VIC1350,145.31098132,-37.83146956
WOORINEN SOUTH,VIC2861,143.44843618,-35.29404459
COWANGIE,VIC655,141.36527016,-35.18810178
WINTER VALLEY,VIC3008,143.79280531,-37.58011476
EPPALOCK,VIC869,144.46059632,-36.85244189
EMERALD,VIC861,145.43601104,-37.94607334
HUNTER,VIC1208,144.51394859,-36.43120178
ALBERTON,VIC18,146.66267914,-38.61709187
MARIONVALE,VIC1599,145.52638589,-36.26368376
JACKASS FLAT,VIC1243,144.28437962,-36.71847848
WOODSIDE,VIC2842,146.89137408,-38.53051468
HUNTERSTON,VIC1209,146.81196451,-38.61767948
KILLARA,VIC2959,146.9495655,-36.14041982
KORWEINGUBOORA,VIC1395,144.13882921,-37.44254585
MADALYA,VIC1563,146.50952609,-38.50521017
CABBAGE TREE,VIC438,143.90456281,-37.4639259
GRUYERE,VIC1107,145.46551994,-37.73011512
NEWINGTON,VIC1925,143.82760785,-37.56405375
BULLARTO SOUTH,VIC385,144.22264458,-37.42704289
SELBY,VIC2262,145.3785787,-37.91855917
NEWLYN,VIC1927,143.98399371,-37.41671084
MAIDEN GULLY,VIC1569,144.20759756,-36.75510757
WERRIMULL,VIC2755,141.56221863,-34.40882897
BALLARAT EAST,VIC111,143.88702617,-37.56480836
SAILORS HILL,VIC2227,144.12538321,-37.35994364
MERBEIN SOUTH,VIC1648,142.01805986,-34.21976115
CHIRNSIDE PARK,VIC554,145.31419369,-37.7386451
ARDMONA,VIC63,145.30104633,-36.38017268
STRATHFIELDSAYE,VIC2380,144.35578846,-36.80425459
WEST BENDIGO,VIC2757,144.24701903,-36.75305881
RUNNYMEDE,VIC2215,144.67024712,-36.54451495
LOCH VALLEY,VIC1520,146.00864494,-37.81160589
FERNSHAW,VIC907,145.63836779,-37.61610215
TOURELLO,VIC2561,143.78898393,-37.35436075
MERRIGUM,VIC1659,145.15019883,-36.36823619
MYERS FLAT,VIC1853,144.18186582,-36.70433701
HEATHCOTE SOUTH,VIC1154,144.71391946,-37.00873145
EGANSTOWN,VIC843,144.09116117,-37.35997562
CONGUPNA,VIC618,145.46913102,-36.29456527
BOWSER,VIC312,146.36178595,-36.3080968
TATURA EAST,VIC2470,145.29332176,-36.43961957
THE BASIN,VIC2499,145.31906854,-37.85540082
PIER MILAN,VIC2065,142.6920314,-35.23729829
MANDURANG,VIC1585,144.29476919,-36.82753433
HEDLEY,VIC1158,146.55127872,-38.66306573
DURHAM LEAD,VIC811,143.88807013,-37.69785697
MURRAYVILLE,VIC1841,141.20627823,-35.19754642
TRENTHAM,VIC2580,144.33043537,-37.38103894
REDCASTLE,VIC2150,144.82943212,-36.74439854
NALINGA,VIC1865,145.72854124,-36.42794623
CARWARP,VIC508,142.13587893,-34.53000536
YARRAM,VIC2916,146.71996185,-38.55918064
ARCADIA,VIC56,145.37423469,-36.53726656
LERDERDERG,VIC1489,144.40594145,-37.50047334
CLUNES,VIC578,143.78819718,-37.28825663
NARRE WARREN NORTH,VIC1891,145.31326334,-37.98191271
CANIAMBO,VIC463,145.59812199,-36.46506119
WALPEUP,VIC2669,142.04585476,-35.09915584
COBAINS,VIC584,147.13781373,-38.0760664
SMYTHES CREEK,VIC2303,143.76727622,-37.60458165
MURCHISON EAST,VIC1829,145.25321508,-36.61504005
KNOWSLEY,VIC1367,144.60097,-36.82913169
DOOKIE COLLEGE,VIC773,145.69980521,-36.39398429
STRATHDALE,VIC2377,144.31547623,-36.76589742
PIRA,VIC2075,143.3635424,-35.24892158
LITTLE HAMPTON,VIC1514,144.29118755,-37.36124923
BROWN HILL,VIC356,143.91302948,-37.5488635
DOOKIE,VIC772,145.70733764,-36.32515702
LINGA,VIC1508,141.68361496,-35.17363165
ROSS CREEK,VIC2205,143.76419277,-37.6461721
WELLSFORD,VIC2744,144.37349247,-36.71377977
RAYWOOD,VIC2143,144.18506248,-36.51752815
MYRTLEBANK,VIC1858,147.02715151,-38.06339374
ROCKLYN,VIC2189,144.05363631,-37.43649792
TOOLLEEN,VIC2541,144.67411342,-36.72083823
REDAN,VIC2148,143.83845641,-37.57642726
MANANGATANG,VIC1584,142.90028278,-35.052811
HEPBURN SPRINGS,VIC1165,144.14477243,-37.31461131
MOUNT CLEAR,VIC1777,143.87159205,-37.60355013
MILLGROVE,VIC1679,145.65070948,-37.74483471
ALLENDALE,VIC28,143.91514211,-37.3620502
KINGSTON,VIC1359,143.95680046,-37.37822693
EPSOM,VIC871,144.30934717,-36.69985587
CASTLE DONNINGTON,VIC514,143.5694482,-35.42530487
YERING,VIC2931,145.36892084,-37.68723658
CALROSSIE,VIC450,146.67072805,-38.49996969
WALDARA,VIC2653,146.2844356,-36.31992251
ALBERTON WEST,VIC19,146.57705197,-38.60368202
CALIFORNIA GULLY,VIC444,144.26081126,-36.72864297
PATCHEWOLLOCK,VIC2041,142.18751045,-35.43527661
COSGROVE,VIC649,145.6271581,-36.34726709
LUCAS,VIC3000,143.76909076,-37.554098
MOUNT PLEASANT,VIC1802,143.85484142,-37.58199144
TOL TOL,VIC2528,142.82578331,-34.65134557
MAGPIE,VIC1568,143.84703363,-37.63171096
INVERMAY PARK,VIC1230,143.85909866,-37.52918545
BAGSHOT,VIC98,144.39329582,-36.65273756
BIRDWOODTON,VIC246,142.06915772,-34.20163204
MINERS REST,VIC1685,143.79750976,-37.48005513
LADYS PASS,VIC1415,144.69243307,-36.82065353
ULLINA,VIC2609,143.88800728,-37.27628322
DEAN,VIC720,143.98353666,-37.45541069
SHERBROOKE,VIC2283,145.35930603,-37.88840537
PORCUPINE RIDGE,VIC2097,144.19286751,-37.27639375
ASCOT,VIC2974,143.81307559,-37.39645878
BONSHAW,VIC284,143.81370168,-37.60333433
GELLIONDALE,VIC968,146.60387189,-38.62582068
BAGSHOT NORTH,VIC99,144.41377607,-36.58638964
ELEVATED PLAINS,VIC847,144.13334188,-37.29401413
AXE CREEK,VIC91,144.38910578,-36.86057025
CABARITA,VIC437,142.08550869,-34.2064925
CRESWICK NORTH,VIC671,143.87613239,-37.36120186
GOWANGARDIE,VIC1072,145.69779164,-36.47162486
CASTLE CREEK,VIC513,146.82488911,-36.18348584
YOUANMITE,VIC2938,145.69218972,-36.16895362
KARRAMOMUS,VIC1299,145.4918293,-36.53054229
HADDON,VIC1115,143.69591144,-37.58916501
LAKE WENDOUREE,VIC1441,143.83402068,-37.5501428
ASCOT,VIC2974,144.33457198,-36.70843437
MANDURANG SOUTH,VIC1586,144.27692936,-36.86162529
SAILORS FALLS,VIC2225,144.1128581,-37.39314457
WINNAMBOOL,VIC2812,142.76756294,-34.96051164
MOUNT BOLTON,VIC1769,143.6959453,-37.35920498
WURRUK,VIC2876,147.02338516,-38.1127238
BUNINYONG,VIC409,143.89680282,-37.65169645
WARANGA SHORES,VIC2691,145.09120239,-36.54805247
SOLDIERS HILL,VIC2307,143.85871908,-37.54944324
YABBA NORTH,VIC2888,145.68225652,-36.23100041
MARONG,VIC1606,144.10359142,-36.75141448
BARKSTEAD,VIC142,144.10267105,-37.47482237
KIALLA WEST,VIC1337,145.38990671,-36.47904681
SEBASTOPOL,VIC2259,143.83564293,-37.60018612
HARSTON,VIC1135,145.11830031,-36.46657675
WARANGA,VIC2690,145.06831982,-36.49175133
WON WRON,VIC2824,146.73951872,-38.46261941
BLACK HILL,VIC249,143.87249504,-37.5499752
LANGDONS HILL,VIC1455,144.06620293,-37.41298626
BLAMPIED,VIC260,144.0266963,-37.35230811
KALIMNA,VIC1277,147.96708329,-37.86982966
PEECHELBA,VIC2048,146.18725429,-36.16540306
BOORHAMAN NORTH,VIC297,146.24398003,-36.09895137
MIOWERA,VIC1693,147.07483418,-37.47113627
LIMA SOUTH,VIC1502,146.02099598,-36.83981805
EAST WARBURTON,VIC828,145.7767212,-37.70428831
NERRING,VIC1914,143.44599585,-37.49798532
BROKEN CREEK,VIC349,145.88685557,-36.4396358
MYRTLEFORD,VIC1859,146.73952987,-36.57229547
TERRICK TERRICK,VIC2493,144.26336379,-36.12010915
RED CLIFFS,VIC2144,142.24712218,-34.3427539
LILLICUR,VIC1496,143.59644625,-37.16816157
WANDILIGONG,VIC2674,146.97637553,-36.79223276
LAKE BOLAC,VIC1422,142.84543275,-37.71724066
NIRRANDA SOUTH,VIC1947,142.80043911,-38.54350767
EARLSTON,VIC821,145.68163864,-36.531158
HAZELWOOD SOUTH,VIC1149,146.46190952,-38.31790427
FERN HILL,VIC903,144.41102959,-37.36959112
MARKWOOD,VIC1600,146.50799675,-36.47150823
KNOCKWOOD,VIC2950,146.25949516,-37.42570186
LEXTON,VIC1492,143.51629796,-37.2581977
HAMILTON,VIC1121,142.01790414,-37.74555767
NICHOLS POINT,VIC1936,142.21454926,-34.21195864
BOOLE POOLE,VIC290,147.79024136,-37.89931242
CROXTON EAST,VIC679,142.22854963,-37.77680324
PORTLAND WEST,VIC2108,141.53318024,-38.36608122
AVENEL,VIC85,145.28241194,-36.92483048
MONBULK,VIC1721,145.42782287,-37.87398786
WOORI YALLOCK,VIC2858,145.53570066,-37.78107568
BELLS BEACH,VIC200,144.25640708,-38.37527614
BOISDALE,VIC271,146.94131207,-37.85203474
SOMERVILLE,VIC2310,145.20066154,-38.23212292
PEECHELBA EAST,VIC2049,146.26162015,-36.1536063
KYNETON,VIC1408,144.46162625,-37.2274516
BRIDGEWATER NORTH,VIC333,144.00563611,-36.55191994
TOOLAMBA,VIC2537,145.32350255,-36.49403085
BOOKAAR,VIC285,143.09262365,-38.11651099
KOONDROOK,VIC1378,144.1093252,-35.64347218
CORINELLA,VIC638,145.46617248,-38.42373372
GENOA,VIC970,149.54370572,-37.48239499
FALLS CREEK,VIC897,147.23973176,-36.87278922
DAWSON,VIC718,146.68870178,-37.97412726
BARINGHUP WEST,VIC138,143.90290112,-36.95618434
NEW GISBORNE,VIC1917,144.61528075,-37.45235136
PASCHENDALE,VIC2036,141.60421679,-37.66028254
CLARKEFIELD,VIC565,144.80359491,-37.48669107
GONN CROSSING,VIC1053,143.92749126,-35.51094818
BERWICK,VIC224,145.34846904,-38.03991097
NARRE WARREN EAST,VIC1890,145.35948455,-37.96317606
BARRAKEE,VIC151,143.45227175,-36.26365388
GLENLYON,VIC1028,144.2424326,-37.26511536
SEYMOUR,VIC2269,145.16199466,-37.01606668
MYOLA,VIC1854,144.63895892,-36.62806785
BUCHAN,VIC366,148.14469778,-37.41609945
KIRKSTALL,VIC1363,142.27804074,-38.26799657
MOORABOOL,VIC1742,144.27968658,-38.04177823
NARRAPUMELAP SOUTH,VIC1887,142.63569301,-37.75295638
ELMHURST,VIC854,143.25845589,-37.17529737
DERGHOLM,VIC737,141.19074303,-37.35120422
LEONGATHA SOUTH,VIC1487,145.87535137,-38.53962759
LAKE TYRRELL,VIC1439,142.83217922,-35.34796767
SWAN BAY,VIC2407,144.65093595,-38.22680182
QUANDONG,VIC2128,144.50297087,-37.84385161
GOUGHS BAY,VIC1068,146.06380047,-37.14843058
NUNNIONG,VIC1983,147.95417209,-37.22414148
OMEO,VIC2007,147.58567527,-37.1104224
LONGWARRY,VIC1533,145.77196726,-38.12255044
MERNDA,VIC1653,145.08367624,-37.59164585
APPIN,VIC49,143.86844115,-35.87958873
ALTONA MEADOWS,VIC35,144.78426985,-37.88082423
SMOKO,VIC2302,147.07072735,-36.81882398
WAITCHIE,VIC2651,143.10810845,-35.38036406
MELWOOD,VIC1640,147.50524718,-37.74138263
GERMANIA,VIC976,142.75850013,-36.97658476
WANGARATTA,VIC2683,146.31722081,-36.36826478
LUCYVALE,VIC1546,147.60836611,-36.30282591
BROOKLYN,VIC352,144.84148975,-37.81607908
TOM GROGGIN,VIC2530,148.08054126,-36.59552723
PURA PURA,VIC2121,143.06858605,-37.83191272
JAN JUC,VIC1247,144.29527438,-38.34464435
DARTMOOR,VIC716,141.28910489,-37.87179544
IVANHOE EAST,VIC1240,145.06182246,-37.77346492
BERRYS CREEK,VIC223,146.07065273,-38.41573224
MERRICKS,VIC1656,145.08113063,-38.39108577
FRENCH ISLAND,VIC943,145.36481845,-38.34988929
POOWONG,VIC2094,145.77342341,-38.3387728
STAWELL,VIC2358,142.77053982,-37.05815576
MACORNA NORTH,VIC1561,144.0817904,-35.84471476
DUCHEMBEGARRA,VIC798,141.91400517,-36.60693297
CAPE BRIDGEWATER,VIC469,141.41493753,-38.32704632
MOUNT MARTHA,VIC1798,145.0306542,-38.27546769
GARVOC,VIC959,142.800789,-38.29043937
SKIPTON,VIC2295,143.33901803,-37.69427274
PERRY BRIDGE,VIC2057,147.27455692,-37.9912246
COBAW,VIC585,144.64119376,-37.26931648
BLACK RANGE,VIC250,142.76415497,-37.13486389
CROSS ROADS,VIC675,143.21253162,-37.5004447
MOUNT DRYDEN,VIC1783,142.5318658,-37.04637398
BINDI,VIC241,147.83521653,-37.12060448
WUK WUK,VIC2870,147.42669511,-37.74506602
MOUNT MERCER,VIC1799,143.86953546,-37.83758864
GOORAMBAT,VIC1059,145.95121092,-36.41439069
BETHANGA,VIC229,147.10595644,-36.14899007
BUCKLAND,VIC368,146.89285329,-36.87617174
MCKENZIE CREEK,VIC1621,142.16284273,-36.80739627
YEA,VIC2925,145.41130875,-37.27441049
PITFIELD,VIC2078,143.59610572,-37.8262946
WODONGA,VIC2820,146.88176978,-36.12408101
LYONS,VIC1551,141.48214882,-37.99727831
WARRENMANG,VIC2712,143.28316195,-37.0663268
POWERS CREEK,VIC2112,141.24663086,-37.22195079
MULGRAVE,VIC1823,145.17598025,-37.92567326
JAM JERRUP,VIC1245,145.5371604,-38.33041881
DURHAM OX,VIC812,143.91420657,-36.12225598
GLENMAGGIE,VIC1029,146.66820955,-37.81395138
CORRINGLE,VIC646,148.44832694,-37.78787625
KALLISTA,VIC1281,145.40421354,-37.900224
MERRIANG,VIC1654,146.68648161,-36.56461468
SAFETY BEACH,VIC2224,145.00014601,-38.31536753
EUMEMMERRING,VIC880,145.24685788,-37.99855031
CALLIGNEE,VIC447,146.57900475,-38.32284189
PIEDMONT,VIC2064,145.94165224,-37.89557521
FLYNNS CREEK,VIC926,146.64201295,-38.25253613
MIDDLE TARWIN,VIC1672,145.92717305,-38.66469806
MOUNT BEST,VIC1768,146.29583959,-38.58846517
BARRAPORT,VIC153,143.67154406,-36.00115624
THOWGLA VALLEY,VIC2515,147.93751297,-36.27340396
KINGOWER,VIC1356,143.75226793,-36.62266552
MUCKLEFORD,VIC1820,144.1535697,-37.05239538
WOOSANG,VIC2864,143.47316792,-36.3269661
KYNETON SOUTH,VIC1409,144.43656694,-37.28587401
NOWA NOWA,VIC1971,148.02012982,-37.6932839
DUNOLLY,VIC808,143.71756691,-36.86082442
BENALLA,VIC204,145.99675701,-36.57886218
MURTOA,VIC1846,142.47914626,-36.60144484
FLAGSTAFF,VIC919,143.77337398,-37.04849805
BERRIMAL,VIC218,143.46420632,-36.50097085
MINMINDIE,VIC1691,143.75032807,-36.02152748
CLIFTON CREEK,VIC571,147.66504102,-37.70710201
DROUIN EAST,VIC786,145.8910593,-38.1202884
WAARRE,VIC2644,143.04951361,-38.57585287
YARPTURK,VIC2910,142.43317608,-38.28601381
MINHAMITE,VIC1687,142.33674652,-37.9876063
COBDEN,VIC588,143.08879241,-38.33841207
BROADFORD,VIC344,145.06309499,-37.21103969
LAVERS HILL,VIC1470,143.37873004,-38.66803097
BUNDING,VIC398,144.16769686,-37.53918829
MOYARRA,VIC1815,145.7233439,-38.48172256
LAL LAL,VIC1444,144.02952753,-37.67305684
NEWBOROUGH,VIC1918,146.29302341,-38.17599636
BALINTORE,VIC106,143.56901509,-38.2829235
MEENIYAN,VIC1631,146.01407396,-38.5801539
BEREMBOKE,VIC217,144.22827665,-37.78961626
MOUNT ECCLES SOUTH,VIC1786,145.99378983,-38.41353634
BRAVINGTON,VIC322,145.92261846,-38.08300481
WEERITE,VIC2742,143.25927306,-38.22661107
DUNNSTOWN,VIC807,143.9721612,-37.59405224
ILLOWA,VIC1220,142.39889909,-38.33620328
DARLEY,VIC710,144.42603155,-37.63742355
HEYTESBURY LOWER,VIC1172,142.90325237,-38.56752188
IRREWILLIPE,VIC1236,143.41808997,-38.45318518
BALLANGEICH,VIC108,142.61759548,-38.18614823
GARIBALDI,VIC958,143.85851609,-37.73152607
GLENAROUA,VIC1009,144.95590281,-37.11629661
BOOLA,VIC286,146.46056768,-38.04855565
ST ANDREWS,VIC2337,145.28751703,-37.58331156
WYELANGTA,VIC2883,143.45491598,-38.65547182
ADAMS ESTATE,VIC7,145.5318693,-38.42518872
NEERIM,VIC1903,145.96085303,-37.95508083
MOUNT SABINE,VIC1806,143.74388254,-38.63408101
DENNINGTON,VIC732,142.43364628,-38.35520135
MOUNT LONARCH,VIC1795,143.38045519,-37.26559296
MIDDLE CREEK,VIC1670,143.24182445,-37.39896843
CHEWTON BUSHLANDS,VIC546,144.2919377,-37.07758078
LAURISTON,VIC1469,144.35520241,-37.25288171
COONOOER WEST,VIC628,143.21946604,-36.42476278
BUANGOR,VIC365,143.17137623,-37.37068211
EUROA,VIC883,145.56183084,-36.76862436
INGLEWOOD,VIC1223,143.85441437,-36.59711736
SPRING HILL,VIC2326,144.34792831,-37.30301444
NAREEWILLOCK,VIC1879,143.4352798,-36.1567696
TRAWALLA,VIC2576,143.48691699,-37.44447116
FLAGGY CREEK,VIC918,147.48023298,-37.7534622
GLENFALLOCH,VIC2956,146.62965261,-37.69371193
COBRICO,VIC591,143.0170731,-38.29116673
CAPE OTWAY,VIC472,143.55940929,-38.79753829
WARNCOORT,VIC2697,143.71526499,-38.31846545
WHANREGARWEN,VIC2766,145.61964986,-37.21891799
KENNEDYS CREEK,VIC1319,143.25092072,-38.59865715
CLARETOWN,VIC563,144.03326604,-37.51934416
CATHCART,VIC517,142.87659968,-37.30888048
BARONGAROOK,VIC148,143.61541091,-38.42820315
MINGAY,VIC1686,143.32201719,-37.84271551
CLARENDON,VIC562,143.97467003,-37.70211205
YINNAR,VIC2935,146.31893975,-38.33280956
WEERING,VIC2741,143.69494696,-38.09767357
SOUTH DUDLEY,VIC2312,145.57510297,-38.59360011
BENWERRIN,VIC216,143.90018014,-38.48452682
HESSE,VIC1169,143.88347306,-38.08220298
THALLOO,VIC2498,146.3086604,-38.08560426
WHOOREL,VIC2779,143.83595534,-38.37034806
LONGWARRY NORTH,VIC1534,145.78188129,-38.08047931
LAANG,VIC1412,142.8150162,-38.36807585
LAKE GOLDSMITH,VIC1430,143.38720112,-37.53482581
BELLFIELD,VIC2967,142.48933705,-37.22497666
MOLIAGUL,VIC1716,143.66449683,-36.7473279
COBRAM,VIC589,145.64076483,-35.93386349
SPRINGFIELD,VIC2969,144.82027029,-37.3313378
BUMBERRAH,VIC392,147.83214307,-37.79087189
LAKE BUNGA,VIC1423,148.03619264,-37.86287735
WARTOOK,VIC2717,142.38703356,-37.01499163
ARNOLD,VIC68,143.85957477,-36.67517687
SUTTON GRANGE,VIC2406,144.36141914,-36.98777214
ILLAWARRA,VIC1219,142.69137759,-37.06739293
WYCHEPROOF SOUTH,VIC2879,143.17971097,-36.13809429
PIPERS CREEK,VIC2074,144.54793653,-37.25010519
ELINGAMITE NORTH,VIC849,142.98326387,-38.34623799
PENNYROYAL,VIC2051,143.87278054,-38.44184177
WILLATOOK,VIC2790,142.223523,-38.15109702
SKENES CREEK,VIC2291,143.7102498,-38.71316098
YAMBUK,VIC2897,142.07542702,-38.31371869
BAROMI,VIC147,146.17751671,-38.40303206
NILMA NORTH,VIC1940,146.00391324,-38.12778504
KARIAH,VIC1297,143.22776583,-38.13820108
DROUIN WEST,VIC788,145.86409226,-38.08201907
BUNYIP,VIC411,145.71894542,-38.10003773
PRINCETOWN,VIC2119,143.17201441,-38.65133118
INGLISTON,VIC1224,144.313121,-37.6595497
WALLAN,VIC2663,144.96390628,-37.40812104
LORNE,VIC1537,143.92577532,-38.53328975
NARRACAN,VIC1885,146.23665802,-38.27103012
WELSHPOOL,VIC2746,146.43243345,-38.66640011
FUMINA SOUTH,VIC949,146.1213275,-37.95958455
NERRENA,VIC1911,146.01742006,-38.50706027
GLENMORE,VIC1030,144.29820422,-37.71539507
BONNIE DOON,VIC283,145.88103497,-37.01717398
CARRUM DOWNS,VIC507,145.17595996,-38.09279739
WARRION,VIC2713,143.55720607,-38.22502602
BULN BULN EAST,VIC391,146.01243809,-38.07175339
WOODHOUSE,VIC2839,142.42023883,-37.80010309
WALHALLA,VIC2654,146.47434176,-37.93400106
BOOLARONG,VIC287,146.25752685,-38.5680628
CORNISHTOWN,VIC642,146.57021363,-36.10290221
TARILTA,VIC2451,144.19122403,-37.17781703
RATHSCAR WEST,VIC2137,143.49271885,-37.01152616
NUGGETTY,VIC1975,144.05505648,-36.95277584
TERRAPPEE,VIC2492,143.57528009,-36.15498616
LANCEFIELD,VIC1450,144.71149663,-37.26124064
WINTON NORTH,VIC2817,146.09823765,-36.45936752
SEDGWICK,VIC2261,144.32294253,-36.90235019
REDBANK,VIC2149,143.30873881,-36.90912776
ERCILDOUNE,VIC872,143.58920443,-37.41480403
BATHUMI,VIC165,146.0852778,-36.02807953
RIGGS CREEK,VIC2170,145.59375385,-36.65279682
BARRAPORT WEST,VIC154,143.53446895,-36.01758308
HIGH CAMP,VIC1176,144.87225884,-37.19359742
NARINGAL EAST,VIC1883,142.79211329,-38.40839681
KILMORE,VIC1347,144.94972929,-37.30164362
TYRENDARRA EAST,VIC2606,141.89536619,-38.24995633
SUGARLOAF,VIC2389,143.79736296,-38.69092726
FISH CREEK,VIC913,146.07274723,-38.72839461
RUBICON,VIC2211,145.84690971,-37.39399085
WIMBLEDON HEIGHTS,VIC2803,145.23471923,-38.48027768
TRAFALGAR SOUTH,VIC2570,146.15957752,-38.24401316
TERANG,VIC2490,142.87885802,-38.23869013
YARRAGON,VIC2914,146.07452689,-38.18693015
LESLIE MANOR,VIC1490,143.36086613,-38.11484771
SUMMERLANDS,VIC2393,145.13841971,-38.50988179
CARGERIE,VIC488,143.95292261,-37.80357168
MOONDARRA,VIC1735,146.35459295,-38.04877982
MORWELL,VIC1763,146.41460722,-38.22759164
CAMPERDOWN,VIC460,143.15019553,-38.23856891
HERNES OAK,VIC1167,146.31248771,-38.22091161
BUFFALO,VIC375,146.01554398,-38.67016525
THOMSON,VIC2986,146.34508654,-37.75599826
CHILDERS,VIC547,146.10199468,-38.30027084
ATHLONE,VIC80,145.78649666,-38.24148511
WEST CREEK,VIC2758,145.61277895,-38.55265111
LANG LANG EAST,VIC1454,145.65695087,-38.27182305
DROUIN SOUTH,VIC787,145.82142382,-38.19010698
BOOLARRA,VIC288,146.27289113,-38.38322655
TERIP TERIP,VIC2491,145.55716398,-37.00899724
TAGGERTY,VIC2422,145.72454096,-37.34590348
JEERALANG,VIC1253,146.47495027,-38.37183845
GLEN ALVIE,VIC996,145.65187092,-38.50287134
STAUGHTON VALE,VIC2356,144.25505769,-37.84037218
WOOLSHED FLAT,VIC2852,143.65938374,-36.32748229
MAJORCA,VIC1577,143.82040794,-37.12791622
MIEPOLL,VIC1673,145.48069082,-36.60943593
YAWONG HILLS,VIC2924,143.38675411,-36.47150053
VIOLET TOWN,VIC2638,145.71113512,-36.60963341
FYANS CREEK,VIC950,142.57661975,-37.09379883
AMPHITHEATRE,VIC40,143.4148224,-37.18795596
FARADAY,VIC898,144.30141879,-37.04678315
WISELEIGH,VIC2819,147.79237506,-37.71160683
CARLYLE,VIC496,146.48578293,-36.00246397
MOUNT HOOGHLY,VIC1794,143.65835616,-36.9141557
KATUNGA,VIC1305,145.46544464,-35.99973477
JEETHO,VIC1255,145.72793943,-38.402405
DARNUM,VIC713,146.02103723,-38.17622175
FLOWERDALE,VIC924,145.30275353,-37.33204309
ICY CREEK,VIC1216,146.09728832,-37.8843726
MOUNT TASSIE,VIC1807,146.5619032,-38.38861466
LARRALEA,VIC1466,143.2411674,-38.05646534
CATANI,VIC516,145.65007163,-38.19441049
AYRFORD,VIC93,142.85236484,-38.43753051
MIRBOO,VIC1696,146.23773578,-38.47923145
BARUNAH PARK,VIC156,143.82497934,-38.00431722
DERRINALLUM,VIC740,143.18220711,-37.96193697
FRAMLINGHAM EAST,VIC937,142.71213021,-38.20065011
BAW BAW,VIC166,146.30686918,-37.8320424
WARRABKOOK,VIC2700,142.07161404,-37.98613607
UPPER PLENTY,VIC2620,145.05462123,-37.41973003
WALLINDUC,VIC2664,143.5191766,-37.87257334
WERNETH,VIC2751,143.60558155,-37.92909005
MOUNT DORAN,VIC1782,144.04106588,-37.72169371
STRATHALLAN,VIC2375,144.76229869,-36.25575176
CURYO,VIC696,142.71034395,-35.83639582
DEVENISH,VIC741,145.89862421,-36.33358147
MOYREISK,VIC1817,143.39053272,-36.87325169
BIRCHIP,VIC244,142.9255748,-35.99335053
AVON PLAINS,VIC87,142.9279676,-36.5437231
MITRE,VIC1704,141.77274099,-36.71829286
CHARAM,VIC531,141.51742829,-36.95269704
WOMBAT CREEK,VIC2822,148.25530924,-37.76226054
WEE WEE RUP,VIC2739,144.29139408,-35.86206569
MOUNT COLE,VIC1778,143.21472889,-37.25549593
NEUARPURR,VIC1916,141.0462176,-36.70290882
WATTLE CREEK,VIC2729,143.08801205,-36.96280236
NANNEELLA,VIC1871,144.79359206,-36.33032203
TENNYSON,VIC2489,144.375696,-36.29115027
PINE GROVE,VIC2069,144.40160808,-36.20975425
GLENLOGIE,VIC1024,143.29480913,-37.23932827
MOUNT FRANKLIN,VIC1791,144.15453969,-37.25966966
BOOROLITE,VIC298,146.2064103,-37.15239598
WILLUNG SOUTH,VIC2800,146.82521023,-38.32561228
WILKUR,VIC2788,142.66200238,-36.07253843
MYALL,VIC2981,142.75571288,-35.53649191
HINNOMUNJIE,VIC1186,147.65377145,-37.01250328
MOONLIGHT FLAT,VIC2988,143.64959473,-37.04768498
NOWIE,VIC1973,143.2781684,-35.3305491
BOLANGUM,VIC272,142.99351379,-36.72168564
EDENHOPE,VIC838,141.30512747,-37.06691366
EMU,VIC862,143.44507389,-36.73590628
AMHERST,VIC38,143.65302795,-37.13618973
GLENLEE,VIC1022,141.83252845,-36.23331095
LURG,VIC1547,146.12477856,-36.58293472
TAMINICK,VIC2437,146.16531392,-36.38631139
LAEN NORTH,VIC1418,142.82981097,-36.37861195
BEULAH,VIC231,142.42267761,-35.91993178
BOHO SOUTH,VIC268,145.81643307,-36.77230247
MANORINA,VIC1592,148.79949907,-37.69234997
WOOMELANG,VIC2854,142.6313923,-35.68071161
NURCOUNG,VIC1984,141.67686574,-36.62103463
MAFFRA WEST UPPER,VIC1567,146.82149549,-37.87542896
MINCHA,VIC1683,144.06326248,-35.99060762
GLENPATRICK,VIC1034,143.33147588,-37.14618801
WOODGLEN,VIC2838,147.38504511,-37.77346365
JUNGABURRA,VIC1273,144.28696175,-36.05640745
BOBINAWARRAH,VIC264,146.48734363,-36.53616349
TELFORD,VIC2483,145.94835592,-36.10238176
MARRAWEENEY,VIC1608,145.73235914,-36.76267635
IGUANA CREEK,VIC1217,147.34855679,-37.69500264
ANCONA,VIC42,145.80935862,-36.96191906
KOOROOL,VIC1385,146.9425912,-37.72616261
BELLELLEN,VIC197,142.69251544,-37.13782634
RED LION,VIC2147,143.75934849,-37.17037621
YOUARANG,VIC2939,145.77201456,-36.14715072
MYWEE,VIC1862,145.50886474,-35.84226082
WONWONDAH,VIC2831,142.1901737,-36.88550822
PRAHRAN,VIC2114,145.000343,-37.85174788
DEEPDENE,VIC2999,145.06586545,-37.81140077
HALLAM,VIC1117,145.26892255,-38.0075537
JUNCTION VILLAGE,VIC1271,145.29143107,-38.13601217
ST ALBANS,VIC2335,144.8052834,-37.74536136
NATYA,VIC1897,143.20027682,-34.95434602
SOUTHBANK,VIC2319,144.96227816,-37.82586063
CAULFIELD SOUTH,VIC523,145.02492847,-37.89465354
BRUARONG,VIC358,146.86381209,-36.42029784
GLEN VALLEY,VIC1003,147.52417864,-36.90901204
BRIGHTON EAST,VIC337,145.01667839,-37.91732963
CAMBERWELL,VIC453,145.07362622,-37.8384505
CANTERBURY,VIC468,145.0756952,-37.82359236
TIMMERING,VIC2521,144.87808839,-36.34785844
WHARPARILLA,VIC2767,144.63338827,-36.09279736
WATTLE GLEN,VIC2731,145.18839422,-37.66732826
HAMLYN HEIGHTS,VIC1122,144.32399087,-38.12098853
NARRUNG,VIC1893,143.22223347,-34.78123259
GYMBOWEN,VIC1114,141.62094204,-36.75091997
ST KILDA EAST,VIC2347,145.00212681,-37.86678876
ELWOOD,VIC860,144.98548584,-37.88077935
BLACKBURN,VIC252,145.15226237,-37.82168169
KEILOR DOWNS,VIC1310,144.80413027,-37.72058934
MURRABIT,VIC1836,143.93904397,-35.54322932
NAVARRE,VIC1898,143.09796425,-36.90552383
GLEN HUNTLY,VIC1000,145.04135797,-37.89235693
LYNBROOK,VIC1549,145.25612516,-38.05581331
NORTH MELBOURNE,VIC1962,144.94482109,-37.79843875
HOWQUA,VIC1203,146.19329883,-37.24253268
FISH POINT,VIC914,143.73059443,-35.45157111
BERRIWILLOCK,VIC221,142.96107437,-35.64704479
TULKARA,VIC2587,143.04844243,-36.94386097
ST KILDA,VIC2346,144.98179855,-37.86368633
MEAD,VIC1627,144.11501733,-35.81077457
TONGALA,VIC2531,144.95778968,-36.24556598
NUNAWADING,VIC1981,145.1765331,-37.81734766
ELSTERNWICK,VIC857,145.00701303,-37.88583832
BENTLEIGH,VIC214,145.03858436,-37.92264066
COBUNGRA,VIC592,147.3771519,-37.08630707
CRANBOURNE NORTH,VIC663,145.29878122,-38.07751044
BOWEYA,VIC309,146.12063999,-36.27478368
TALLANGATTA EAST,VIC2429,147.28443756,-36.21372839
CULGOA,VIC687,143.12098713,-35.70849043
EVANSFORD,VIC885,143.64988535,-37.26600778
UPPER LURG,VIC2619,146.19122747,-36.58420465
CROYDON HILLS,VIC681,145.26691635,-37.77561598
KANGAROO GROUND,VIC1289,145.23197349,-37.68936141
RIPPONLEA,VIC2176,144.99528196,-37.87775794
MALVERN,VIC1581,145.03502037,-37.85680884
GARDENVALE,VIC955,145.00913401,-37.89811245
CAULFIELD NORTH,VIC522,145.02158433,-37.87203311
KENSINGTON,VIC1322,144.92707323,-37.79433352
BUNDALAGUAH,VIC394,147.0175203,-38.02805521
CAPELS CROSSING,VIC476,143.91636628,-35.60897387
KOOYONG,VIC1387,145.03584225,-37.84136127
LONGWOOD EAST,VIC1536,145.45596159,-36.83821924
PARADISE,VIC2029,143.07388291,-36.83206295
TALLANDOON,VIC2946,147.22071225,-36.40131207
LLOWALONG,VIC1517,147.03767352,-37.9061832
PRAIRIE,VIC2115,144.21100894,-36.29958783
CAULFIELD,VIC520,145.02633919,-37.88405122
SURREY HILLS,VIC2402,145.09822561,-37.82673031
HAWTHORN EAST,VIC1144,145.05007851,-37.83118944
TARRANYURK,VIC2457,142.10041553,-36.22363638
BOX HILL,VIC313,145.12610078,-37.8215089
WOOLENOOK,VIC2851,147.04462884,-37.69782232
CROYDON SOUTH,VIC683,145.27783229,-37.81516714
SPRINGFIELD,VIC2969,143.11431682,-35.57473549
TAHARA WEST,VIC2425,141.63086039,-37.73593548
ALMA,VIC30,143.67810141,-37.02205675
CAPE SCHANCK,VIC474,144.90318505,-38.46023358
ELTHAM,VIC858,145.15909924,-37.71743485
AGNES,VIC10,146.38768689,-38.68148603
HEALESVILLE,VIC1150,145.55093485,-37.66023833
HOTHAM HEIGHTS,VIC1199,147.15838034,-37.01193954
GOOMALIBEE,VIC1054,145.87520808,-36.48860557
ARMSTRONG,VIC67,142.88213707,-37.21248516
GOON NURE,VIC1055,147.5467848,-37.98467042
TEAL POINT,VIC2477,144.05091155,-35.68003666
POMBORNEIT NORTH,VIC2089,143.33662958,-38.21668188
TARRENGOWER,VIC2462,144.0147741,-37.00487926
CAMPBELLS FOREST,VIC458,144.1167593,-36.61314013
CHARLEROI,VIC532,147.15314903,-36.30793914
YALLA-Y-POORA,VIC2892,143.13151706,-37.52619804
COCHRANES CREEK,VIC596,143.58039034,-36.6944811
FRYERSTOWN,VIC946,144.26517502,-37.13933366
KURRACA WEST,VIC1403,143.56330185,-36.51054627
BALLYROGAN,VIC116,143.08266263,-37.42525869
BANKSIA PENINSULA,VIC2992,147.67543913,-37.95034393
TOORADIN,VIC2549,145.38379573,-38.2007793
ROCKLANDS,VIC2188,142.05072138,-37.27490838
CARLSRUHE,VIC493,144.51458631,-37.28970005
CAMPBELLS BRIDGE,VIC456,142.7959953,-36.92540991
MACS COVE,VIC1562,146.14596931,-37.20514376
EAST MELBOURNE,VIC825,144.98259039,-37.81442411
BRIDGEWATER,VIC332,143.95984455,-36.63867395
ECKLIN SOUTH,VIC835,142.89987448,-38.38754184
LICOLA,VIC1493,146.59288198,-37.60277056
SEAVIEW,VIC2257,145.9577024,-38.28159098
REEDY FLAT,VIC2994,147.91656802,-37.40605493
POWLETT PLAINS,VIC2113,143.86782984,-36.47134874
TARCOMBE,VIC2450,145.37125534,-36.97833175
MELBOURNE,VIC1634,144.97151194,-37.82503942
TOLMIE,VIC2529,146.28316269,-36.93319174
DALYENONG,VIC703,143.41801216,-36.80616604
CANNIE,VIC465,143.49840284,-35.75102156
HARROW,VIC1134,141.60153301,-37.14439066
BOORCAN,VIC294,143.01571017,-38.2274944
BAYSWATER,VIC173,145.26473007,-37.84517001
MOORNAPA,VIC1746,147.17042019,-37.699146
LINDSAY POINT,VIC1507,141.01411912,-34.11910155
MARYBOROUGH,VIC1612,143.7445995,-37.04731986
REDESDALE,VIC2151,144.48425717,-37.00907368
COBURG NORTH,VIC594,144.96806245,-37.72701556
SAN REMO,VIC2233,145.41080091,-38.52801391
BRIGHTON,VIC336,144.99569211,-37.90840678
POINT WILSON,VIC2085,144.52684248,-38.0257624
WULGULMERANG,VIC2871,148.29923562,-37.02732017
BROADLANDS,VIC345,147.68737764,-37.85974001
WINGAN RIVER,VIC2808,149.48884762,-37.63660349
EAGLE POINT,VIC817,147.68111451,-37.90080852
GRASSDALE,VIC1083,141.64528414,-37.82493
WINJALLOK,VIC2810,143.1916332,-36.84583169
KOLORA,VIC1371,142.91676449,-38.12395763
TYLDEN,VIC2599,144.41097324,-37.32838364
BYLANDS,VIC435,144.93866249,-37.35423948
LONGERENONG,VIC1530,142.344566,-36.68411979
WY YUNG,VIC2877,147.60725419,-37.79093207
LAKE LONSDALE,VIC1431,142.62504266,-37.0334924
RAGLAN,VIC2133,143.30709482,-37.34066761
DUNLUCE,VIC805,143.58891279,-36.87940185
MAINDAMPLE,VIC1574,145.9588462,-37.02513376
METCALFE,VIC1665,144.43553688,-37.09004662
KOONWARRA,VIC1380,145.95176595,-38.55900766
SILVAN,VIC2286,145.43346077,-37.83651341
QUAMBATOOK,VIC2127,143.52955124,-35.84674813
DEER PARK,VIC725,144.77170305,-37.76935363
WESBURN,VIC2756,145.65352982,-37.77405954
BEND OF ISLANDS,VIC207,145.28447093,-37.69767482
TAWONGA,VIC2472,147.20062863,-36.68576009
FAWKNER,VIC900,144.96928458,-37.70463213
DOCKER,VIC759,146.36661792,-36.50957942
JAMIESON,VIC1246,146.11368326,-37.27886898
RINGWOOD,VIC2171,145.23341414,-37.81150624
VALENCIA CREEK,VIC2624,146.98973252,-37.7832629
CORNELLA,VIC641,144.7721939,-36.68610773
TOONGABBIE,VIC2546,146.59203559,-38.03587421
MINCHA WEST,VIC1684,144.12917804,-35.91442534
WARROCK,VIC2715,141.29409109,-37.43043506
BUNDALONG SOUTH,VIC396,146.17491663,-36.10700854
BENDOC,VIC209,148.89403439,-37.20847896
KELLALAC,VIC1315,142.40298951,-36.36678686
METCALFE EAST,VIC1666,144.45571686,-37.14587849
SUTHERLANDS CREEK,VIC2404,144.22183086,-38.0067212
COWA,VIC654,147.18041702,-37.38887448
GELANTIPY,VIC965,148.23901505,-37.19270051
HOWQUA INLET,VIC1205,146.1339588,-37.23160958
GLENTHOMPSON,VIC1038,142.52467417,-37.69412364
GIPSY POINT,VIC988,149.69064451,-37.48655985
HIGHETT,VIC1177,145.0404501,-37.95036349
WROXHAM,VIC2869,149.48608231,-37.34171352
LIPAROO,VIC1510,142.57303217,-34.81828889
MARNOO WEST,VIC1605,142.7794518,-36.71150976
WARNEET,VIC2699,145.31956687,-38.22581496
CORIO,VIC639,144.37400004,-38.06717979
SILVERLEAVES,VIC2287,145.27389851,-38.45309055
NARINGAL,VIC1882,142.71917704,-38.39702934
STUART MILL,VIC2388,143.28042461,-36.79432962
HILGAY,VIC1180,141.63249747,-37.62351243
VASEY,VIC2625,141.89138382,-37.33691207
MUNRO,VIC1826,147.22016541,-37.90510841
MOONAMBEL,VIC1734,143.30314423,-36.9866413
SUGGAN BUGGAN,VIC2391,148.3280732,-36.92430355
BAYNTON,VIC171,144.64106875,-37.13581027
RINGWOOD EAST,VIC2172,145.2535641,-37.81331501
MURGHEBOLUC,VIC1831,144.13886373,-38.10038449
ELAINE,VIC845,144.01250472,-37.76435619
INDIGO VALLEY,VIC1222,146.73977947,-36.18619317
BARNADOWN,VIC144,144.52622877,-36.64783105
BRODRIBB RIVER,VIC348,148.59142377,-37.69522203
MOOLORT,VIC1733,143.92373098,-37.06503239
COBBERAS,VIC587,148.09183936,-36.85153095
COLIGNAN,VIC612,142.33945047,-34.53902795
LAKE MERAN,VIC1433,143.79368319,-35.89475488
MCINTYRE,VIC1620,143.67764716,-36.6894575
WELSHMANS REEF,VIC2745,144.0356571,-37.0617483
WANDO BRIDGE,VIC2677,141.42388077,-37.43927201
TONGIO,VIC2533,147.69602876,-37.16875732
WIRRATE,VIC2818,144.98204696,-36.77042153
KEALBA,VIC1307,144.82814241,-37.73731045
KERGUNYAH,VIC1325,146.99337996,-36.35241951
BURKES BRIDGE,VIC414,144.33831578,-35.83000933
OXLEY FLATS,VIC2019,146.39159975,-36.39850372
ENSAY,VIC867,147.82141973,-37.37648445
LAMPLOUGH,VIC1447,143.51827697,-37.14990573
MOUNTAIN BAY,VIC1812,146.09878281,-37.1969072
MOONLIGHT FLAT,VIC2988,144.24646196,-37.06216617
STRATFORD,VIC2373,147.11202876,-37.95605403
BRIAGOLONG,VIC329,147.08709868,-37.80465469
BOWMANS FOREST,VIC311,146.62419808,-36.46830975
TAROON,VIC2455,142.87014938,-38.33071268
BALLIANG EAST,VIC115,144.43688487,-37.80868971
NAPOLEONS,VIC1873,143.80765058,-37.69009077
DEANS MARSH,VIC721,143.90233166,-38.40254704
BREWSTER,VIC328,143.53344158,-37.49799501
SHEPPARTON NORTH,VIC2282,145.39041162,-36.31944831
HARCOURT,VIC1129,144.25833375,-36.9934591
BEACONSFIELD UPPER,VIC176,145.42379499,-37.99819294
DINGWALL,VIC754,143.8420176,-35.81115869
MONGANS BRIDGE,VIC1723,147.12186662,-36.5891196
NORTH WANGARATTA,VIC1964,146.3438431,-36.32574925
BURROWYE,VIC424,147.53466026,-36.03631507
BEMM RIVER,VIC202,148.9275154,-37.71384071
TELANGATUK EAST,VIC2482,142.01563077,-37.1293648
WARRANDYTE,VIC2706,145.20959079,-37.74777541
CARRAJUNG SOUTH,VIC503,146.79999697,-38.38121788
SWAN HILL,VIC2408,143.51180912,-35.36216462
FREEBURGH,VIC942,147.05888947,-36.77074868
YEUNGROON,VIC2932,143.35437227,-36.39781627
WARRAGUL,VIC2702,145.92978813,-38.15373863
BUFFALO RIVER,VIC376,146.657364,-36.6716041
BRANDY CREEK,VIC320,145.91276692,-38.10202178
MORNINGTON,VIC1757,145.06007995,-38.23027911
BET BET,VIC226,143.75271275,-36.92487917
CANARY ISLAND,VIC462,143.87334201,-36.01045749
BARNAWARTHA,VIC145,146.67329484,-36.07897026
NERRIN NERRIN,VIC1912,143.01904531,-37.75888123
TALGARNO,VIC2427,147.1628951,-36.07449006
KIMBOLTON,VIC1351,144.5036397,-36.91949782
YAN YEAN,VIC2899,145.12929988,-37.55060493
YELLINGBO,VIC2926,145.5302972,-37.84635189
WANDELLA,VIC2673,143.82364381,-35.73724368
WINTON,VIC2816,146.09804267,-36.52132954
GLENLOTH EAST,VIC1026,143.46783818,-36.0541097
WOODEND NORTH,VIC2835,144.52819488,-37.32330384
PURNIM WEST,VIC2124,142.55453787,-38.29667559
MOOROOLBARK,VIC1749,145.32551079,-37.78125534
DIGGERS REST,VIC749,144.69621509,-37.62012238
WOOL WOOL,VIC2849,143.40905499,-38.22766098
MCMILLANS,VIC1626,144.16320155,-35.84888535
ANGLESEA,VIC45,144.15435771,-38.38081588
WONYIP,VIC2832,146.38277589,-38.54587048
HAPPY VALLEY,VIC2976,142.7162543,-34.69803352
DUVERNEY,VIC816,143.55889375,-38.02832162
CHELSEA,VIC535,145.12140374,-38.04971663
HARMERS HAVEN,VIC1132,145.57817679,-38.65395842
TELOPEA DOWNS,VIC2484,141.10784706,-36.01982143
KOONDA,VIC1377,145.75097705,-36.48876493
BOHO,VIC267,145.78359544,-36.67931071
WOOREEN,VIC3001,146.02046989,-38.40505166
PAYNESVILLE,VIC2045,147.71233874,-37.91124465
PIRIES,VIC2076,146.12696022,-37.17873289
WOLLERT,VIC2821,145.00557191,-37.59201147
STONY CREEK,VIC2957,146.09114306,-38.59271022
CARRANBALLAC,VIC504,143.18022638,-37.68992655
GRAND RIDGE,VIC1077,146.39866018,-38.4793642
CROYDON,VIC680,145.2840491,-37.79493972
HILLDENE,VIC1183,145.04579497,-37.03703034
BAXTER,VIC168,145.15666446,-38.20093209
ROSEDALE,VIC2201,146.82919383,-38.18325554
KERGUNYAH SOUTH,VIC1326,147.02840795,-36.42878582
SIDONIA,VIC2285,144.56022981,-37.16358457
GOBARUP,VIC1042,144.8712697,-36.67767901
BENGWORDEN,VIC210,147.44460246,-37.96377923
FLYNN,VIC925,146.67590613,-38.19651006
GRE GRE SOUTH,VIC1089,143.01718344,-36.67858805
PANMURE,VIC2027,142.72227847,-38.33160883
HARCOURT NORTH,VIC1130,144.27617273,-36.95107372
NYAH,VIC1988,143.36374153,-35.14870462
TONGHI CREEK,VIC2532,149.07158687,-37.60736443
MOSSIFACE,VIC1764,147.81811591,-37.74230018
MUCKLEFORD SOUTH,VIC1821,144.12374444,-37.10545761
CHILTERN,VIC549,146.61611122,-36.19929556
HALLS GAP,VIC1119,142.52766542,-37.12367006
UNDERA,VIC2614,145.21395224,-36.24537859
FERNDALE,VIC905,145.94095761,-38.30700169
WALPA,VIC2668,147.39417295,-37.79434229
PARADISE BEACH,VIC2030,147.41585096,-38.19365667
BAEL BAEL,VIC97,143.73821746,-35.68707261
KINGS PARK,VIC1357,144.77197453,-37.73370384
WALKERVILLE NORTH,VIC3005,145.99934971,-38.84260135
SALISBURY WEST,VIC2231,143.93664692,-36.5154884
ARTHURS CREEK,VIC70,145.21011126,-37.56499335
GOLDEN BEACH,VIC1044,147.36280761,-38.2292137
GLENALBYN,VIC1008,143.72373785,-36.48747676
GREENS CREEK,VIC1095,142.94450734,-36.9324375
WHOROULY,VIC2780,146.57829358,-36.51691216
BUNBARTHA,VIC393,145.33131657,-36.23545765
CARRAJUNG,VIC501,146.68237055,-38.37691298
KING VALLEY,VIC1352,146.40477929,-36.6946023
TOWONG UPPER,VIC2567,148.00817947,-36.2110412
GOORAM,VIC1057,145.60464001,-36.90019936
TERRICK TERRICK EAST,VIC2494,144.38008644,-36.11637318
KOOREH,VIC1381,143.40283089,-36.64956932
LOCH SPORT,VIC1519,147.5627742,-38.05956859
COLAC COLAC,VIC605,147.84814989,-36.22346714
FRAMLINGHAM,VIC936,142.6939951,-38.26041293
WYE RIVER,VIC2882,143.84939689,-38.62495918
CREIGHTONS CREEK,VIC667,145.51973795,-36.85268747
GORDON,VIC1064,144.11241814,-37.56755732
NEERIM NORTH,VIC1906,146.02681937,-37.92439908
WALLALOO EAST,VIC2662,142.90897638,-36.80558059
AUCHMORE,VIC83,144.09608346,-36.46867291
WAUBRA,VIC2733,143.61883992,-37.33362879
GOLDEN POINT,VIC2978,144.27435149,-37.06369276
BUNGULUKE,VIC408,143.36357646,-36.05610137
EVERTON UPPER,VIC888,146.56809254,-36.38397146
LONGWOOD,VIC1535,145.39462736,-36.8015617
MERRIANG SOUTH,VIC1655,146.66551961,-36.60117538
BLACKBURN NORTH,VIC253,145.15435592,-37.80536979
EDI,VIC840,146.40841245,-36.64992247
HARRIETVILLE,VIC1133,147.04642432,-36.90078155
BARWIDGEE,VIC158,146.7720892,-36.51544236
STRATHMERTON,VIC2383,145.44997962,-35.91153793
GISBORNE,VIC991,144.56957927,-37.51046544
NORLANE,VIC1956,144.35370136,-38.09185497
GLENGARRY,VIC1015,146.63532486,-38.12768423
LARA,VIC1463,144.40189273,-38.00477687
ULLSWATER,VIC2610,141.39973196,-36.92054396
LAKE TYERS,VIC1437,148.1256722,-37.83995877
EAST BAIRNSDALE,VIC822,147.66281125,-37.8440433
BARMAH,VIC143,144.99109243,-35.95627303
WINDERMERE,VIC2806,143.71706343,-37.48304797
OXLEY,VIC2018,146.37717351,-36.4487845
BELGRAVE HEIGHTS,VIC189,145.34370835,-37.92622434
MURCHISON,VIC1828,145.17970429,-36.62517167
NULLA VALE,VIC1976,144.76465524,-37.17198908
NINYEUNOOK,VIC1944,143.42134134,-35.95737565
SOUTH MELBOURNE,VIC2315,144.95747163,-37.83392841
CAMBARVILLE,VIC452,146.01298514,-37.61051413
BENJEROOP,VIC211,143.82657067,-35.49294181
STEWARTON,VIC2361,145.81417433,-36.41458251
WILLIAMS LANDING,VIC2948,144.74301565,-37.86198427
TINTALDRA,VIC2526,147.91272772,-36.05957246
BLIND BIGHT,VIC261,145.33991746,-38.21385035
WILLIAMSTOWN,VIC2794,144.89009225,-37.86128768
LAKE EILDON,VIC1426,145.96795752,-37.18270335
FORGE CREEK,VIC930,147.62935595,-37.93208629
PETERBOROUGH,VIC2058,142.88219018,-38.58799127
LAANECOORIE,VIC1411,143.91654593,-36.82760498
TORRUMBARRY,VIC2556,144.52768035,-36.04631358
FERNIHURST,VIC906,143.86683584,-36.22689012
RESEARCH,VIC2157,145.18778661,-37.70680234
BENNISON,VIC213,146.27001596,-38.66697957
DOUBLE BRIDGES,VIC776,147.88564239,-37.59522678
BYAWATHA,VIC434,146.4667566,-36.28878641
BROWNS PLAINS,VIC357,146.62494779,-36.04598147
DINNER PLAIN,VIC755,147.27776573,-37.03029354
GEMBROOK,VIC969,145.63905772,-37.94502864
BULART,VIC377,141.91938962,-37.57604402
CARRAJUNG LOWER,VIC502,146.73912369,-38.39233014
NIDDRIE,VIC1938,144.88465772,-37.73946394
TALLANGATTA SOUTH,VIC2947,147.28153627,-36.32410602
SANDRINGHAM,VIC2238,145.01463238,-37.95361065
TOOLANGI,VIC2539,145.50057504,-37.52156212
WANTIRNA SOUTH,VIC2689,145.22194081,-37.8738775
WEST WODONGA,VIC2761,146.82188723,-36.11103752
PRANJIP,VIC2116,145.38257115,-36.73206213
KILSYTH,VIC1349,145.31849534,-37.81437399
BANDIANA,VIC128,146.93076263,-36.13589679
GLENORCHY,VIC1031,142.64526019,-36.9078368
MOUNT MACEDON,VIC1796,144.59438251,-37.39353239
KERANG EAST,VIC1324,144.01403553,-35.77981578
STAGHORN FLAT,VIC2352,146.94302332,-36.24110498
TRAGOWEL,VIC2571,143.97242994,-35.84483406
MUDGEGONGA,VIC1822,146.86737567,-36.49413613
BROADWATER,VIC347,142.07787468,-38.12046906
TARADALE,VIC2449,144.34971544,-37.14147218
JARRAHMOND,VIC1251,148.4019421,-37.66150486
KERANG,VIC1323,143.94550487,-35.72458805
TIMOR,VIC2522,143.73445001,-36.97765435
BARNAWARTHA NORTH,VIC146,146.7480352,-36.08707343
MEERLIEU,VIC1633,147.39443283,-38.01623925
MURMUNGEE,VIC1832,146.68080994,-36.44327693
DEVILS RIVER,VIC742,145.83586926,-37.17347354
BEAUMARIS,VIC182,145.0389373,-37.9823912
VECTIS,VIC2627,142.07561522,-36.7008126
FULHAM,VIC947,146.96996664,-38.08135217
DON VALLEY,VIC764,145.59135603,-37.73856907
SOUTH MORANG,VIC2316,145.08470014,-37.63229697
KEVINGTON,VIC1330,146.16985858,-37.36027251
PASTORIA,VIC2039,144.58621486,-37.21524386
WANDONG,VIC2679,145.03145849,-37.35216851
MOUNT COTTRELL,VIC1780,144.62052377,-37.78979709
TARRONE,VIC2465,142.20330441,-38.22415724
BALLIANG,VIC114,144.34496851,-37.81836966
OSBORNES FLAT,VIC2014,146.90913911,-36.32061547
BOOLARRA SOUTH,VIC289,146.28495988,-38.44684907
WANGANDARY,VIC2681,146.22674823,-36.32530226
WEDDERBURN JUNCTION,VIC2738,143.70813296,-36.42941066
HEPBURN,VIC1164,144.12765935,-37.31188511
RIDDELLS CREEK,VIC2169,144.68321415,-37.44376746
TARRAWINGEE,VIC2460,146.47542726,-36.38274581
CUDGEE,VIC685,142.65485711,-38.34015363
AVOCA,VIC86,143.47011558,-37.08197945
DONCASTER EAST,VIC767,145.16391985,-37.7789624
WANTIRNA,VIC2688,145.22588593,-37.85234166
KONGWAK,VIC1372,145.71274902,-38.51202503
FOSTERVILLE,VIC934,144.47929756,-36.69685914
BOORT,VIC300,143.74192277,-36.13364791
OLD TALLANGATTA,VIC2004,147.24996268,-36.20192006
BESSIEBELLE,VIC225,141.93262637,-38.15935177
MILL PARK,VIC1677,145.06425715,-37.66418583
COMBIENBAR,VIC614,149.01504467,-37.3711457
VENUS BAY,VIC2629,145.79110169,-38.67655866
WINNAP,VIC2813,141.38706036,-37.90081168
FOSTER NORTH,VIC933,146.16399122,-38.6062231
NATTE YALLOCK,VIC1896,143.45637166,-36.94539783
EYNESBURY,VIC890,144.54289699,-37.78831801
HOLLANDS LANDING,VIC1189,147.46409974,-38.0499221
MURRINDINDI,VIC1843,145.57687715,-37.38648707
KEILOR NORTH,VIC1313,144.79328428,-37.68164223
KADNOOK,VIC1276,141.38669522,-37.16829887
BETLEY,VIC230,143.79451752,-36.9178486
GLENHOPE,VIC1019,144.61227593,-37.07435299
BRIMIN,VIC340,146.25980711,-36.05322878
CRANBOURNE EAST,VIC662,145.30541545,-38.10999904
STRANGWAYS,VIC2371,144.09549764,-37.14417576
BAIRNSDALE,VIC102,147.58894919,-37.85955363
MENZIES CREEK,VIC1643,145.40118584,-37.92316734
RUPANYUP,VIC2216,142.6752922,-36.63392078
SEPARATION CREEK,VIC2264,143.87322585,-38.59195549
JOYCES CREEK,VIC1268,143.98806804,-37.08853915
AVALON,VIC84,144.45170235,-38.05195125
LUCKNOW,VIC1545,147.66743335,-37.80701386
CULLULLERAINE,VIC690,141.64876676,-34.20087877
BOCHARA,VIC265,141.9090236,-37.68737613
THOLOGOLONG,VIC2506,147.42792081,-35.99098151
NEWBRIDGE,VIC1919,143.91883424,-36.74485537
SEASPRAY,VIC2255,147.16994868,-38.32553331
SORRENTO,VIC2311,144.74196733,-38.34461348
NEERIM EAST,VIC1904,146.05361797,-37.99616209
GOSCHEN,VIC1067,143.44341962,-35.49073494
MYSTIC PARK,VIC1861,143.73208992,-35.56484219
MELTON WEST,VIC1638,144.5411304,-37.67913578
LAKE FYANS,VIC1428,142.62872669,-37.13387777
WARRACKNABEAL,VIC2701,142.43030354,-36.22518263
FRENCHMANS,VIC944,143.20505375,-37.00564319
ARCHDALE,VIC58,143.51025148,-36.83734343
CUDGEWA,VIC686,147.79878148,-36.14713199
TALLANGATTA VALLEY,VIC2430,147.45964265,-36.33457057
TRARALGON,VIC2572,146.51979289,-38.20338568
GUNDOWRING,VIC1110,147.07193895,-36.37616858
TRARALGON EAST,VIC2573,146.5893585,-38.18715216
TANGAMBALANGA,VIC2442,147.03842483,-36.23954899
UPOTIPOTPON,VIC2616,145.78257524,-36.50815804
GEELONG WEST,VIC964,144.34488917,-38.13936488
LAKE EPPALOCK,VIC1427,144.57133566,-36.87347581
BAYSWATER NORTH,VIC174,145.28366402,-37.82688124
FLEMINGTON,VIC921,144.91929735,-37.7867387
ULTIMA EAST,VIC2612,143.37414492,-35.43229198
METUNG,VIC1667,147.84353467,-37.8686162
COCOROC,VIC598,144.62147921,-37.96865696
LONDRIGAN,VIC1527,146.4440086,-36.34324161
THE HONEYSUCKLES,VIC2503,147.23355757,-38.33424682
ILLABAROOK,VIC1218,143.6515641,-37.82059473
MARLO,VIC1602,148.68766924,-37.77159772
MOUNT EVELYN,VIC1790,145.38803017,-37.78744675
KOTUPNA,VIC1397,145.1118088,-36.13516508
MEPUNGA WEST,VIC1646,142.65166314,-38.43588921
BULLIOH,VIC388,147.36916025,-36.17367767
ELMORE,VIC855,144.58074856,-36.46628047
SEVILLE EAST,VIC2268,145.50319997,-37.7785701
NEEREMAN,VIC1902,143.95346129,-36.91918145
MYSIA,VIC1860,143.75326082,-36.22489345
MERRIJIG,VIC2958,147.44200017,-37.65551289
PUCKAPUNYAL,VIC2120,144.94867746,-36.93563179
PIMPINIO,VIC2068,142.08593507,-36.6138553
HOMEBUSH,VIC1190,143.53277131,-37.03750377
MUCKATAH,VIC1819,145.65117214,-36.00316166
BRIDGEWATER ON LODDON,VIC334,143.94076642,-36.60359563
GREDGWIN,VIC1091,143.61656682,-35.96012996
QUEENSCLIFF,VIC2131,144.64583905,-38.26910371
MITCHELLSTOWN,VIC1702,145.04605693,-36.83499686
CHATSWORTH,VIC534,142.65856654,-37.84798659
BELLFIELD,VIC2967,145.03844923,-37.75305272
COONGULLA,VIC626,146.77007548,-37.87118849
EDDINGTON,VIC836,143.8612363,-36.90672392
CLYDESDALE,VIC582,144.09725207,-37.17164159
SKINNERS FLAT,VIC2294,143.58459441,-36.353233
KURTING,VIC1404,143.80560287,-36.53786512
CHESNEY VALE,VIC543,146.05138934,-36.41248005
DEWHURST,VIC745,145.46690252,-37.98007453
MACCLESFIELD,VIC1556,145.48914759,-37.87828383
BORUNG,VIC305,143.78017845,-36.29421049
WENTWORTH,VIC2750,147.48844351,-37.30860437
MATLOCK,VIC1617,146.18388975,-37.57225525
WALWA,VIC2670,147.73150293,-35.99242698
TARRAWARRA,VIC2459,145.44422361,-37.6559091
WHITEHEADS CREEK,VIC2773,145.26487379,-37.05754593
ALBERT PARK,VIC17,144.95883088,-37.84443821
AIRLY,VIC13,147.09745765,-38.03075629
DADSWELLS BRIDGE,VIC697,142.49481587,-36.8981267
RUFFY,VIC2213,145.48541782,-36.9543362
ROBERTSONS BEACH,VIC2179,146.72921553,-38.65626697
DUMBALK NORTH,VIC800,146.17796359,-38.51225765
SHELLEY,VIC2278,147.55415786,-36.20314102
TREMONT,VIC2579,145.31625997,-37.87909368
DERRIMUT,VIC738,144.77606152,-37.79969729
THORNBURY,VIC2511,145.00580105,-37.75817285
ECHUCA,VIC832,144.76083237,-36.17260371
CHERRYPOOL,VIC540,142.16733961,-37.13325261
DELEGATE RIVER,VIC2997,148.81273239,-37.10935127
SCORESBY,VIC2246,145.21885283,-37.90172912
NAR NAR GOON NORTH,VIC1875,145.56517268,-38.03543739
FOSTER,VIC932,146.19930768,-38.67252766
TECOMA,VIC2478,145.34388947,-37.90460155
WONGUNGARRA,VIC2828,147.04508377,-37.25561988
HOMEWOOD,VIC1192,145.31124354,-37.20146946
IRYMPLE,VIC1238,142.16878233,-34.25256109
BIGGARA,VIC238,147.99443426,-36.35670477
BITTERN,VIC248,145.16923416,-38.33677473
TAMLEUGH NORTH,VIC2439,145.57840193,-36.52628584
DIXONS CREEK,VIC757,145.42748338,-37.59357539
WARRENBAYNE,VIC2710,145.88938989,-36.70458408
PAKENHAM UPPER,VIC2025,145.50775453,-38.00779505
MACEDON,VIC1557,144.55567932,-37.42814598
POMPAPIEL,VIC2091,144.08208363,-36.36884217
KURRACA,VIC1402,143.61424056,-36.5199282
MCKENZIE HILL,VIC1622,144.18279236,-37.06894947
GREEN GULLY,VIC1092,144.09809584,-37.11699747
EAST WANGARATTA,VIC827,146.38096952,-36.3633043
CANN RIVER,VIC464,149.15882335,-37.58903186
KOROOP,VIC1392,144.07009581,-35.73541444
NEWRY,VIC1931,146.89559508,-37.89635134
WYCHITELLA NORTH,VIC2881,143.62979648,-36.2050168
DALMORE,VIC701,145.42611096,-38.18412906
CROOKED RIVER,VIC674,146.99233537,-37.38787784
TAMLEUGH,VIC2438,145.58328174,-36.59030996
LICOLA NORTH,VIC1494,146.53449929,-37.52365361
CARDIGAN,VIC484,143.73485252,-37.53659971
NEDS CORNER,VIC1901,141.38926908,-34.21289464
BELL PARK,VIC191,144.3383545,-38.10517703
MUSKERRY,VIC1849,144.58326051,-36.68907904
HENSLEY PARK,VIC1162,142.05695365,-37.62447182
BURRAMINE,VIC422,145.88274431,-36.00971467
PINE MOUNTAIN,VIC2071,147.83275911,-36.01187741
MOUNT BULLER,VIC1772,146.43615646,-37.26159972
PARK ORCHARDS,VIC2032,145.21477019,-37.77699125
COBBANNAH,VIC586,147.27229192,-37.64850057
TUBBUT,VIC2949,148.59494678,-37.05776846
WICKLIFFE,VIC2784,142.71730014,-37.69808314
ASCOT VALE,VIC74,144.91369882,-37.77696479
VITE VITE,VIC2639,143.14493019,-37.86011144
MEPUNGA,VIC1644,142.67585414,-38.45794815
LEAGHUR,VIC1476,143.79893534,-35.98156774
MONTMORENCY,VIC1729,145.12513045,-37.71890472
TATONG,VIC2468,146.15291809,-36.76192851
TRENTHAM EAST,VIC2581,144.40178728,-37.41095228
SUNDAY CREEK,VIC2395,145.04489471,-37.24784154
LEONGATHA,VIC1485,145.9436721,-38.47401972
KORIELLA,VIC1388,145.65207988,-37.16331491
COBRAM EAST,VIC590,145.73649099,-35.97462738
DALTONS BRIDGE,VIC702,144.28414367,-35.82330362
GLENBRAE,VIC1010,143.55699869,-37.34812912
GOWAR EAST,VIC1073,143.3934587,-36.54810891
ROCHFORD,VIC2186,144.66645158,-37.31296233
NARING,VIC1881,145.58296133,-36.06293125
OAKVALE,VIC1999,143.54326982,-35.93005382
GLENLOTH,VIC1025,143.3403003,-36.13248813
WEDDERBURN,VIC2737,143.59646973,-36.41936375
ARNOLD WEST,VIC69,143.78529578,-36.66915486
BADDAGINNIE,VIC95,145.86307421,-36.60413151
KENNETT RIVER,VIC1320,143.80490328,-38.63845821
BONA VISTA,VIC277,145.9638979,-38.20506698
DOCKLANDS,VIC761,144.9407338,-37.81837791
ALLAMBEE SOUTH,VIC25,146.10067548,-38.35108021
DURDIDWARRAH,VIC810,144.18681496,-37.82080158
WARRAK,VIC2705,143.11444635,-37.28431485
BYADUK,VIC432,141.96782565,-37.94615304
BRUCKNELL,VIC359,142.89878316,-38.45947226
MOUNT ECCLES,VIC1785,145.9690142,-38.38032944
TYERS,VIC2598,146.47117005,-38.13917497
WOODLEIGH,VIC2840,145.61206467,-38.3937262
NAREEB,VIC1877,142.54812084,-37.83117513
SURF BEACH,VIC2401,145.2951954,-38.50808435
PENSHURST,VIC2052,142.3168789,-37.86892883
MARYVALE,VIC1615,146.42711455,-38.18590143
ERICA,VIC873,146.38002217,-37.97730271
CUNDARE NORTH,VIC692,143.56118113,-38.10307457
WARRAGUL SOUTH,VIC2703,145.91082472,-38.21467912
PYALONG,VIC2125,144.85891492,-37.11356647
MIRBOO NORTH,VIC1697,146.14984686,-38.39504745
THORNTON,VIC2512,145.81089616,-37.26549363
BUNGADOR,VIC401,143.3288728,-38.42541119
LISMORE,VIC1511,143.35066868,-37.96817452
BENLOCH,VIC212,144.67764873,-37.19987003
MAIN LEAD,VIC1572,143.37702224,-37.38586536
MOUNT TAYLOR,VIC1808,147.57687083,-37.72557145
BRIGHT,VIC335,147.02667926,-36.70380098
TARNAGULLA,VIC2452,143.83161596,-36.77732607
BRIMPAEN,VIC341,142.20381839,-37.04932232
STANLEY,VIC2355,146.77459929,-36.39023748
RHEOLA,VIC2160,143.70247356,-36.65312989
LAKE TYERS BEACH,VIC1438,148.06158088,-37.85863265
LANGI KAL KAL,VIC1456,143.49728767,-37.37974366
CADELLO,VIC440,144.53063995,-37.3031227
SARSFIELD,VIC2242,147.73619036,-37.75672475
KITHBROOK,VIC1365,145.72174218,-36.80694733
BEARS LAGOON,VIC179,143.95145259,-36.33167126
CHARLTON,VIC533,143.33568036,-36.28783002
ELLIMINYT,VIC852,143.58005845,-38.37113782
DENICULL CREEK,VIC730,142.93943348,-37.34079263
CORONET BAY,VIC643,145.44378741,-38.43495349
AMOR,VIC39,146.40368928,-37.94025144
DALES CREEK,VIC699,144.30179616,-37.5232205
PETTICOAT CREEK,VIC2059,143.73118517,-38.7134821
CRESSY,VIC669,143.66540103,-38.0331943
CAPE PATERSON,VIC473,145.6161892,-38.66068253
MAILORS FLAT,VIC1571,142.46478693,-38.28800586
DARLIMURLA,VIC711,146.21486542,-38.39106693
ORFORD,VIC2011,142.1048631,-38.19505139
BUNGAL,VIC402,144.13261782,-37.70323361
COALVILLE,VIC583,146.26480129,-38.24027848
ALVIE,VIC37,143.4941701,-38.2365567
MARDAN,VIC1596,146.12693842,-38.47123808
ELLINBANK,VIC853,145.93368173,-38.25225201
TIMBOON,VIC2519,142.97616272,-38.48924795
YINNAR SOUTH,VIC2936,146.35518482,-38.36713433
ROKEBY,VIC2191,145.93533989,-38.06947245
MINYIP,VIC1692,142.63815732,-36.45746394
BURRUMBEET,VIC425,143.62527663,-37.49353208
FAIRY DELL,VIC2971,147.7573677,-37.68872955
TANWOOD,VIC2447,143.38516981,-37.00524911
WATERLOO,VIC2723,143.43943581,-37.36249881
CARISBROOK,VIC491,143.8405743,-37.02735964
DUMOSA,VIC801,143.18327794,-35.94232998
LINDENOW SOUTH,VIC1505,147.42259805,-37.86835056
YEUNGROON EAST,VIC2933,143.43140435,-36.3590024
GLENLUCE,VIC1027,144.24526668,-37.18322516
FENTONS CREEK,VIC901,143.53107659,-36.55615231
THE GURDIES,VIC2501,145.56613385,-38.38680344
COORIEMUNGLE,VIC630,143.1362608,-38.55967052
SKENES CREEK NORTH,VIC2292,143.71760044,-38.69169725
KORUMBURRA SOUTH,VIC1394,145.83791167,-38.48420562
TORWOOD,VIC2557,145.87429244,-38.25782098
MOE SOUTH,VIC1711,146.24659442,-38.21487185
WATERFORD PARK,VIC2721,145.06684485,-37.30021951
BUSHFIELD,VIC428,142.51691269,-38.32504477
THE SISTERS,VIC2505,142.78516369,-38.18303265
TANJIL,VIC2443,146.2293922,-37.944751
TENBY POINT,VIC2488,145.4748778,-38.41415744
WARATAH BAY,VIC2692,146.05841981,-38.80232726
GERRIGERRUP,VIC978,142.19809495,-37.99191459
EURACK,VIC881,143.72981725,-38.15319162
DALYSTON,VIC704,145.54562881,-38.56891425
DELBURN,VIC729,146.24187629,-38.33413174
PENTLAND HILLS,VIC2054,144.37785261,-37.65653736
WINSLOW,VIC2815,142.45857741,-38.24115785
CORUNNUN,VIC648,143.48843374,-38.28264456
BUXTON,VIC431,145.71072476,-37.43810906
YUULONG,VIC2943,143.30835375,-38.72594423
BULN BULN,VIC390,145.95315103,-38.09482732
BALOOK,VIC121,146.56175969,-38.42984723
NOORAT,VIC1951,142.91948697,-38.19281867
DRUMMOND,VIC793,144.30581974,-37.24012127
TABILK,VIC2420,145.1692921,-36.84495736
ELLASWOOD,VIC850,147.56520707,-37.78020438
RICHMOND PLAINS,VIC2168,143.4785679,-36.39916074
MEERING WEST,VIC1632,143.70754069,-35.88554458
KATAMATITE EAST,VIC1302,145.7528152,-36.03728663
DEEP LEAD,VIC724,142.71106728,-36.99997977
GUILDFORD,VIC1108,144.16555236,-37.1880703
YAPEEN,VIC2908,144.17063044,-37.11826055
LAKE MARMAL,VIC1432,143.52422009,-36.11324461
KOOROOMAN,VIC1386,146.02536083,-38.46517891
GLENFYNE,VIC1014,143.00748474,-38.4087274
PHEASANT CREEK,VIC2060,145.29255349,-37.47117597
WALKERVILLE SOUTH,VIC2657,145.99613927,-38.86044119
CONDAH SWAMP,VIC617,141.83612382,-37.97108654
LARPENT,VIC1465,143.50659764,-38.35620783
BREAKAWAY CREEK,VIC324,141.81900034,-38.03202037
MERTON,VIC1664,145.70966548,-36.9780131
CAVEAT,VIC524,145.49972052,-37.05912786
COOPERS CREEK,VIC629,146.42805229,-37.98730259
WONTHAGGI,VIC2830,145.591621,-38.61651317
MOUNT EGERTON,VIC1787,144.11171223,-37.64758246
EDEN PARK,VIC837,145.06681301,-37.49545891
BEEAC,VIC184,143.66442345,-38.18126783
JINDIVICK,VIC1263,145.89106942,-38.0295906
NEERIM SOUTH,VIC1907,145.98379239,-38.01310317
SUGARLOAF CREEK,VIC2390,145.02770704,-37.12837874
GREENDALE,VIC1093,144.32225055,-37.54034297
TYRENDARRA,VIC2605,141.79602823,-38.21025905
SWAN MARSH,VIC2411,143.35102714,-38.37483487
WATTLE HILL,VIC2732,143.25340515,-38.75548444
RANCEBY,VIC2135,145.86087018,-38.37155475
BARONGAROOK WEST,VIC149,143.54558596,-38.43211143
MORANDING,VIC1753,144.95240788,-37.23362587
MAINTONGOON,VIC1575,145.77811421,-37.13111737
BRENANAH,VIC327,143.7059508,-36.55937284
YARROWEYAH,VIC2922,145.56817396,-35.94724887
INVERGORDON,VIC1226,145.5849665,-36.14607522
TEDDYWADDY,VIC2479,143.32402865,-36.1950711
NUNGURNER,VIC1982,147.8955251,-37.85461957
WOODEND,VIC2834,144.52442995,-37.36130745
LLANELLY,VIC1516,143.83084402,-36.72545375
WYCHEPROOF,VIC2878,143.2323163,-36.05654422
BELLBRIDGE,VIC196,147.06020405,-36.09707402
KOONOOMOO,VIC1379,145.56030622,-35.86287025
LEDCOURT,VIC1478,142.55406996,-36.98482066
DARRAWEIT GUIM,VIC714,144.8699274,-37.4217275
CHOCOLYN,VIC556,143.19988115,-38.20253544
TRIDA,VIC2584,145.97158973,-38.32357811
GELLIBRAND LOWER,VIC967,143.2271557,-38.71282538
BARRAMUNGA,VIC152,143.71509338,-38.58421625
FISKVILLE,VIC915,144.23190679,-37.68034097
MYRNIONG,VIC1855,144.35987265,-37.60474143
BAW BAW VILLAGE,VIC167,146.25800727,-37.84144841
CHAPPLE VALE,VIC530,143.29606381,-38.63371507
YEO,VIC2929,143.64672897,-38.3677458
THE COVE,VIC2500,142.69707538,-38.49032448
LIMESTONE,VIC1503,145.55788893,-37.277284
YENDON,VIC2928,143.97928859,-37.64096779
KERNOT,VIC1327,145.61243459,-38.43892444
GLENBURN,VIC1011,145.4294423,-37.40474705
CUNDARE,VIC691,143.59233862,-38.14623668
HORDERN VALE,VIC1196,143.49328345,-38.79361503
TAYLOR BAY,VIC2474,145.88022833,-37.20793573
MANNIBADAR,VIC1590,143.51068661,-37.77320965
JANCOURT,VIC1248,143.09127958,-38.36709802
JEERALANG JUNCTION,VIC1254,146.41302817,-38.34788233
GREY RIVER,VIC1103,143.83454575,-38.6801637
PAARATTE,VIC2021,142.96789887,-38.55373507
SHADY CREEK,VIC2270,146.07010984,-38.10008299
HOMERTON,VIC1191,141.80955642,-38.13468515
COLAC,VIC604,143.59203318,-38.31322912
WILLOW GROVE,VIC2796,146.1642921,-38.07317936
IRREWARRA,VIC1235,143.67608636,-38.27049278
NORTH WONTHAGGI,VIC1966,145.59417094,-38.57950418
ALLAMBEE,VIC23,146.02351827,-38.29635664
ABERFELDY,VIC4,146.3784359,-37.69978748
SIMPSON,VIC2288,143.25187531,-38.50352759
BUCKRABANYULE,VIC371,143.52466867,-36.26359377
RUTHERGLEN,VIC2219,146.49342094,-36.05889462
JOHNSONVILLE,VIC1267,147.81058468,-37.82042648
KATAMATITE,VIC1301,145.69203189,-36.0753298
BALMATTUM,VIC117,145.65950379,-36.7073035
ZUMSTEINS,VIC2945,142.3842417,-37.11877382
EDGECOMBE,VIC839,144.46335349,-37.18509247
EASTWOOD,VIC2998,147.63451596,-37.81287839
TALLYGAROOPNA,VIC2432,145.44006554,-36.2313116
WALLACEDALE,VIC2659,141.82086062,-37.92954808
HALLSTON,VIC1120,146.03668564,-38.35730483
ANDERSON,VIC43,145.44930095,-38.52172443
POMBORNEIT,VIC2087,143.28831547,-38.29217966
ELINGAMITE,VIC848,143.01272369,-38.37333636
IRREWILLIPE EAST,VIC1237,143.48514911,-38.43080218
GELLIBRAND,VIC966,143.56472942,-38.53477182
ARAWATA,VIC54,145.87784288,-38.39271508
TRARALGON SOUTH,VIC2574,146.5462391,-38.28995471
VENTNOR,VIC2628,145.19532459,-38.49242679
WILD DOG VALLEY,VIC2786,145.94273319,-38.36825201
ACHERON,VIC5,145.6993267,-37.26893154
LARDNER,VIC1464,145.8733946,-38.21757786
SKIBO,VIC2293,143.12851051,-38.20430545
BUNGAREE,VIC404,144.00320014,-37.55880314
WANGOOM,VIC2686,142.58186916,-38.33123599
NILMA,VIC1939,145.97319923,-38.16949317
SUNSET STRIP,VIC2397,145.26650627,-38.49526339
POOWONG EAST,VIC2095,145.83291357,-38.33004042
MOUNT BUTE,VIC1774,143.40924555,-37.8771502
MURPHYS CREEK,VIC1834,143.74805705,-36.73552544
NICHOLSON,VIC1937,147.74776991,-37.81308258
SWAN REACH,VIC2412,147.8686309,-37.81317751
TOWANINNY SOUTH,VIC2564,143.33404636,-35.94193083
SIMSON,VIC2290,143.77484327,-36.99820861
GOWER,VIC1074,144.09890418,-37.02849465
STRATHLEA,VIC2382,143.97295324,-37.1526412
WYCHITELLA,VIC2880,143.61744987,-36.26689383
CREEK JUNCTION,VIC666,145.89467656,-36.84846678
TEDDYWADDY WEST,VIC2480,143.2226736,-36.19665986
PURDEET,VIC2122,142.39639287,-37.93471523
PATTERSON LAKES,VIC2043,145.14328131,-38.06949122
BARUNAH PLAINS,VIC157,143.77269582,-38.04452452
NEERIM JUNCTION,VIC1905,145.96547026,-37.92371553
WHITELAW,VIC2774,145.77581025,-38.43590216
MODELLA,VIC1708,145.72236747,-38.17784989
GLENGARRY NORTH,VIC1016,146.55552674,-38.08484385
KOROIT,VIC1390,142.37271602,-38.27360953
GLENGARRY WEST,VIC1017,146.51182113,-38.11883392
YALLOURN NORTH,VIC2895,146.37225706,-38.13277026
TOOMBON,VIC2545,146.43932209,-37.72117932
ROSEBROOK,VIC2198,142.27020863,-38.34490709
LAKE CONDAH,VIC1425,141.81671203,-38.09109509
WONGARRA,VIC2827,143.78491297,-38.67691328
BAYNTON EAST,VIC172,144.71150904,-37.12356673
WOOLSTHORPE,VIC2853,142.46326362,-38.14810874
QUEENSFERRY,VIC2132,145.50111711,-38.41875329
KOALLAH,VIC1369,143.23890517,-38.29216497
ALEXANDRA,VIC21,145.73673063,-37.19809568
YARRAGON SOUTH,VIC2915,146.07298285,-38.24982622
JACOB CREEK,VIC1244,146.40183829,-38.00370006
YANAKIE,VIC2901,146.19890378,-38.80444424
RAWSON,VIC2141,146.40729384,-37.9613855
TIMBOON WEST,VIC2520,142.92399154,-38.53628794
NALANGIL,VIC1864,143.45922595,-38.32247699
ST ARNAUD EAST,VIC2340,143.32484507,-36.62711608
COONOOER BRIDGE,VIC627,143.31283021,-36.46409712
ROSES GAP,VIC2202,142.45619005,-36.97418296
TIMOR WEST,VIC2523,143.67883313,-36.95651653
IRISHTOWN,VIC1233,144.22939753,-37.14920439
KEELY,VIC1308,144.24617857,-35.85581892
CLYDE,VIC579,145.35381551,-38.14821021
HILLSIDE,VIC2984,147.51557091,-37.84077686
CAMPBELLS CREEK,VIC457,144.21135424,-37.10462922
WALMER,VIC2667,144.16036198,-36.97806922
STONELEIGH,VIC2366,143.22308489,-37.58899454
TOOLONG,VIC2544,142.23779399,-38.31532932
WALLACE,VIC2658,144.05497645,-37.56179767
CURDIEVALE,VIC694,142.86441155,-38.51853666
FERGUSON,VIC902,143.51624931,-38.62563114
CORAGULAC,VIC635,143.53663707,-38.26234317
KORUMBURRA,VIC1393,145.81509122,-38.43782365
GAINSBOROUGH,VIC952,145.97597295,-38.22729237
BANGHOLME,VIC130,145.17208364,-38.0483933
ALMURTA,VIC32,145.58387032,-38.45901146
JOHANNA,VIC1266,143.39428797,-38.73431435
WEEAPROINAH,VIC2740,143.49495189,-38.63386507
PORT CAMPBELL,VIC2100,143.02497508,-38.6095976
HEATH HILL,VIC1151,145.70860171,-38.24373141
HEATHCOTE JUNCTION,VIC1153,145.04377308,-37.38235564
WARRAGUL WEST,VIC2704,145.88202144,-38.16898114
ROWSLEY,VIC2208,144.36769317,-37.72506061
BUDGEREE,VIC373,146.36260432,-38.42120466
NORADJUHA,VIC1955,141.91950957,-36.84798649
LAKE BOGA,VIC1421,143.64691497,-35.44442588
WOOROONOOK,VIC2863,143.20901901,-36.26201044
MOUNT BRUNO,VIC1770,146.15641417,-36.320672
NARRAPORT,VIC1886,143.06654831,-36.01958634
DOUGLAS,VIC777,141.71075812,-37.03894673
SIMPSONS CREEK,VIC2289,148.36340733,-37.76593562
MURRA WARRA,VIC1835,142.22412487,-36.43896967
COKUM,VIC603,143.25690831,-35.75471773
NURRABIEL,VIC1985,142.04677153,-36.95030761
BURRAMINE SOUTH,VIC423,145.85669081,-36.0731716
MASSEY,VIC1616,142.86352152,-36.21982698
LOCKINGTON,VIC1521,144.50515003,-36.26810589
BUSHY PARK,VIC429,147.01778393,-37.8591934
BETE BOLONG NORTH,VIC228,148.29615038,-37.59952505
WATCHEM WEST,VIC2719,142.73718448,-36.18373142
LANDSBOROUGH WEST,VIC1452,143.0700827,-37.01002557
GRETA,VIC1100,146.28873963,-36.53988772
MOLKA,VIC1717,145.40914114,-36.67547198
ARAPILES,VIC52,141.84478561,-36.74285106
BETE BOLONG,VIC227,148.30073857,-37.68596995
GLEN WILLS,VIC1005,147.47677762,-36.83389488
BRINGALBERT,VIC342,141.16909388,-36.83586696
BORALMA,VIC302,146.3975628,-36.23686433
BALLENDELLA,VIC113,144.66920236,-36.29343983
CHILLINGOLLAH,VIC548,143.04372379,-35.27627937
MOCKINYA,VIC1707,142.17796637,-36.96017193
SWANWATER,VIC2414,143.10319648,-36.54105395
DERBY,VIC735,144.02390665,-36.65217509
KIATA,VIC1338,141.7828376,-36.35746451
KEWELL,VIC1333,142.42470715,-36.46719088
GOWANFORD,VIC1071,143.19068708,-35.41324203
RAINBOW,VIC2134,141.96318776,-35.90562654
ROSTRON,VIC2207,143.18076332,-36.76077188
BOUNDARY BEND,VIC307,143.09473636,-34.7383303
HANSONVILLE,VIC1126,146.29206411,-36.61079305
TITTYBONG,VIC2952,143.36344153,-35.75268196
ADELAIDE LEAD,VIC9,143.66842984,-37.08179275
CROWLANDS,VIC678,143.10652276,-37.12458255
LILLIMUR,VIC1497,141.11852991,-36.46841393
BULGA,VIC379,143.34508937,-35.30480334
BANYENA,VIC134,142.82652171,-36.58539825
LAKE WONGAN,VIC1442,143.15316718,-37.60885195
ECHUCA WEST,VIC834,144.67135999,-36.17563419
GLENLOFTY,VIC1023,143.20314419,-37.1250503
SYLVATERRE,VIC2418,144.23054642,-36.07703125
BUNG BONG,VIC400,143.58471633,-37.09491845
ANTWERP,VIC47,141.97095193,-36.26746949
DIMBOOLA,VIC751,142.06378867,-36.38619396
WHIRILY,VIC2771,142.99284274,-35.91998218
WOORAGEE,VIC2855,146.74282648,-36.28940526
SHEANS CREEK,VIC2274,145.65198967,-36.77276295
UPPER RYANS CREEK,VIC2621,146.2083453,-36.67469732
MINIMAY,VIC1688,141.20392821,-36.69913165
TYRRELL,VIC2607,142.99117296,-35.4333336
WAYGARA,VIC2735,148.32026333,-37.76764426
ROSEWHITE,VIC2203,146.88915566,-36.57427609
NETHERBY,VIC1915,141.64776609,-36.07394133
LAKE ROWAN,VIC1436,145.98489867,-36.26097479
GRETA WEST,VIC1102,146.23125414,-36.53483665
DARRIMAN,VIC715,146.92854566,-38.41497146
TAWONGA SOUTH,VIC2473,147.13768276,-36.76619595
FAIRY DELL,VIC2971,144.73243034,-36.32400603
NORONG,VIC1958,146.34964325,-36.09971774
CANNUM,VIC467,142.26997581,-36.26421965
SUTHERLAND,VIC2403,143.19458161,-36.53277847
BRIM,VIC338,142.44494689,-36.06540926
MOYHU,VIC1816,146.36441546,-36.59470713
TURRIFF,VIC2591,142.45227036,-35.47090056
MOORNGAG,VIC1747,146.05627696,-36.73414388
TOOAN,VIC2535,141.78102902,-36.80950461
KANYA,VIC1292,142.98607763,-36.77317534
ELIZABETH ISLAND,VIC3004,145.36875018,-38.41569727
CARRON,VIC505,142.75005374,-36.27982461
WANDOWN,VIC2680,142.94276823,-34.82230823
APSLEY,VIC51,141.08411824,-36.96670712
YANAC,VIC2900,141.40833,-36.08580317
DEDERANG,VIC723,147.00127471,-36.48257435
MOLYULLAH,VIC1720,146.1544482,-36.6751733
WILBY,VIC2785,146.04844098,-36.15521961
BOWEYA NORTH,VIC310,146.10722828,-36.23037397
GLENALADALE,VIC1007,147.31419165,-37.75293839
JEFFCOTT,VIC1256,143.13836998,-36.3190095
WATCHEM,VIC2718,142.87518424,-36.15161325
MIRIMBAH,VIC1698,146.39858911,-37.11470144
TUNGAMAH,VIC2589,145.87558474,-36.16165542
JOEL SOUTH,VIC1265,142.99948405,-37.06313568
WANGARABELL,VIC2682,149.48584916,-37.39168886
TYLDEN SOUTH,VIC2600,144.37428298,-37.35375551
TRESCO,VIC2582,143.6898595,-35.50429723
EUROBIN,VIC884,146.84352659,-36.63932509
SANDON,VIC2237,144.03298915,-37.16935394
WOODSTOCK WEST,VIC2847,143.98972306,-36.82188383
MACORNA,VIC1560,143.99504516,-35.92553981
BLACKHEATH,VIC255,142.28992447,-36.47114966
LAEN,VIC1416,142.7918308,-36.43235419
GLENROWAN,VIC1035,146.2150094,-36.45934942
OZENKADNOOK,VIC2020,141.35655636,-36.83016095
UPTON HILL,VIC2622,145.40347117,-36.89546574
KOYUGA,VIC1398,144.88104148,-36.23177876
CREEK VIEW,VIC3006,144.65139134,-36.60097676
COROP,VIC644,144.78381375,-36.45909072
HIAMDALE,VIC1174,146.74877327,-38.26491705
GUYS FOREST,VIC1112,147.68141425,-36.09190349
CARAG CARAG,VIC477,144.89381426,-36.46004961
JOEL JOEL,VIC1264,142.99087781,-37.01479315
TURRIFF EAST,VIC2592,142.58407601,-35.44757573
BURRAMBOOT,VIC421,144.83173164,-36.53002286
FRAMLINGHAM,VIC936,142.6420063,-38.30738669
LAKE TYERS COMMUNITY,,148.09900539,-37.84008707
WHITFIELD,VIC2775,146.41306399,-36.75223789
ST GERMAINS,VIC2343,145.15153773,-36.20826074
PICOLA,VIC2062,145.09048215,-35.95736003
WANALTA,VIC2671,144.90634924,-36.59959902
HEXHAM,VIC1170,142.67963569,-37.98293667
EAST SALE,VIC826,147.14144212,-38.10360469
WONGA PARK,VIC2826,145.2696944,-37.73554203
KOETONG,VIC1370,147.48532788,-36.15059641
CULLA,VIC688,141.57644827,-37.23781017
FERNBANK,VIC904,147.32171686,-37.86165429
HUON,VIC1213,147.08227782,-36.22905409
BARKERS CREEK,VIC140,144.23439757,-37.02059021
VAUGHAN,VIC2626,144.21462747,-37.16037123
STOCKDALE,VIC2363,147.18277974,-37.82975452
MAFEKING,VIC1565,142.55188755,-37.38736813
LOGAN,VIC1526,143.48392603,-36.62779039
MONEGEETTA,VIC1722,144.77648467,-37.40104407
SEACOMBE,VIC2252,147.42637926,-38.13718457
NEWTOWN,VIC2968,144.33505607,-38.15398409
BURNBANK,VIC416,143.58765554,-37.22955618
RICH AVON WEST,VIC2166,142.81498448,-36.5052491
BURNEWANG,VIC417,144.66686877,-36.47796814
GIFFARD,VIC982,147.09976089,-38.38409809
BREAKWATER,VIC325,144.37352454,-38.18237268
BIRREGURRA,VIC247,143.8200933,-38.33550411
WILLIAMSTOWN NORTH,VIC2795,144.86891928,-37.85263147
JERICHO,VIC1259,146.22889565,-37.66620035
GRE GRE,VIC1087,143.08754657,-36.67424746
RUBY,VIC2212,145.91774761,-38.43736836
STAVELY,VIC2357,142.62743494,-37.60680329
CONCONGELLA,VIC615,142.87400533,-37.04622728
RICH AVON EAST,VIC2165,142.8927612,-36.51747489
SALE,VIC2230,147.07303207,-38.10258716
KANYAPELLA,VIC1293,144.89122466,-36.13145043
POINT COOK,VIC2082,144.7516097,-37.90559622
GAFFNEYS CREEK,VIC2951,146.27965372,-37.49135035
BASS,VIC163,145.46641088,-38.47739852
ELPHINSTONE,VIC856,144.35759223,-37.07212558
COWWARR,VIC658,146.6714859,-38.01409136
BEECHWORTH,VIC186,146.65741493,-36.3381596
DARTMOUTH,VIC717,147.62526734,-36.59765555
SANDHILL LAKE,VIC2235,143.68944863,-35.73858308
CHANDLERS CREEK,VIC528,149.29805938,-37.32645112
YANDO,VIC2902,143.81204596,-36.07381643
MILNES BRIDGE,VIC1682,144.08238667,-35.78601097
RIVERSLEA,VIC2178,146.94506009,-38.00373623
LANGLEY,VIC1459,144.50108558,-37.15005248
DEPTFORD,VIC734,147.68839087,-37.56619461
HEATHMONT,VIC1157,145.24408735,-37.83078125
WAREEK,VIC2694,143.61219704,-36.99676222
HESKET,VIC1168,144.62996164,-37.35258281
DUTSON,VIC813,147.23722824,-38.17706544
GANNAWARRA,VIC953,144.14026745,-35.71748803
FORBES,VIC928,144.89040533,-37.31351657
WILLAURA,VIC2791,142.70970987,-37.51990351
NARIEL VALLEY,VIC1880,147.83982823,-36.50678937
TEMPLESTOWE,VIC2485,145.14875308,-37.75398577
ULUPNA,VIC2613,145.45169369,-35.83586259
BROMLEY,VIC350,143.78728497,-36.88729419
KOOROOCHEANG,VIC1384,144.04444227,-37.30058885
MURNUNGIN,VIC1833,143.24112682,-35.61435003
TAMBOON,VIC2435,149.20583753,-37.69509685
BIG DESERT,VIC234,141.48519709,-35.62091918
MOUNT CAMERON,VIC1776,143.81401371,-37.20413488
BUNGIL,VIC407,147.4041189,-36.06917114
WILDWOOD,VIC2787,144.80021867,-37.55888629
GREENWALD,VIC1098,141.39859115,-37.99849068
CARNGHAM,VIC498,143.58407624,-37.56165365
LEONGATHA NORTH,VIC1486,145.97477819,-38.42372221
SERPENTINE,VIC2265,143.98281973,-36.42487811
GENTLE ANNIE,VIC971,145.83662092,-37.93838488
LAWLOIT,VIC1474,141.45041835,-36.45349073
SPRINGBANK,VIC2327,144.06229977,-37.52113182
MYRTLE CREEK,VIC1857,144.40592823,-36.93635684
LAKES ENTRANCE,VIC1443,148.00093242,-37.85388268
TOORLOO ARM,VIC2551,148.06191023,-37.79270441
GLOMAR BEACH,VIC1039,147.27877531,-38.2985372
PRESTON,VIC2117,145.00803234,-37.74167026
CALLIGNEE NORTH,VIC448,146.62009389,-38.32791931
ST LEONARDS,VIC2349,144.68545247,-38.17820978
GRENVILLE,VIC1099,143.89512336,-37.75779568
KORONG VALE,VIC1391,143.70289515,-36.357483
SLATY CREEK,VIC2297,143.29752249,-36.53803912
KERRIE,VIC1328,144.67436664,-37.38230283
MENA PARK,VIC1641,143.47488881,-37.53905356
WOODS POINT,VIC2841,146.35269422,-37.56229003
BORONIA,VIC304,145.2860238,-37.856191
WESTMERE,VIC2765,142.96721547,-37.67654772
DUMBALK,VIC799,146.10686782,-38.52810886
MIDDLE PARK,VIC1671,144.96233955,-37.85121437
PURNIM,VIC2123,142.62046438,-38.27078258
BRIDGE CREEK,VIC331,146.10361263,-36.90857031
LOWER MOIRA,VIC1540,144.95562497,-36.0863963
GLEN WAVERLEY,VIC1004,145.16818189,-37.88158988
SUNBURY,VIC2394,144.71508514,-37.54702151
POOWONG NORTH,VIC2096,145.78162579,-38.28623517
TOWANINNY,VIC2563,143.35467888,-35.84636272
GRASSMERE,VIC1084,142.54666324,-38.24789874
KILMANY,VIC1346,146.92038085,-38.12172299
HIGHLANDS,VIC1178,145.41923712,-37.08657947
BRUMBY,VIC360,148.06970364,-37.01611039
DROPMORE,VIC784,145.43909231,-37.04116952
WHOROULY EAST,VIC2781,146.63678923,-36.54511414
NHILL,VIC1935,141.59119769,-36.3007444
TIDAL RIVER,VIC2517,146.3213108,-39.03171022
CHELSEA HEIGHTS,VIC536,145.13410102,-38.04081911
PORT FAIRY,VIC2101,142.17988054,-38.33522203
GOORAMADDA,VIC1058,146.57058683,-35.99684251
NYERIMILANG,VIC1991,147.91914793,-37.88957201
BEACONSFIELD,VIC175,145.38298849,-38.04092396
NARBETHONG,VIC1876,145.63292617,-37.53040996
PITTONG,VIC2079,143.47647048,-37.67495777
NINDA,VIC1941,142.72472403,-35.44220798
WAANYARRA,VIC2643,143.81788334,-36.81989019
SCOTCHMANS LEAD,VIC2247,143.84774285,-37.66494591
LABERTOUCHE,VIC1413,145.79328536,-38.02994299
NURRAN,VIC1986,148.58119955,-37.49579771
GLENORMISTON SOUTH,VIC1033,142.9646268,-38.16453972
UPPER GUNDOWRING,VIC2618,147.09526778,-36.52034176
WANGARATTA SOUTH,VIC2684,146.24874796,-36.39191833
RHYLL,VIC2161,145.28072148,-38.47691363
