Locality,Longitude,Latitude,State
BELCONNEN,149.00554509,-35.25501614,ACT
GUNGAHLIN,149.13333557,-35.18331714,ACT
MACNAMARA,148.97707034,-35.21907022,ACT
FORREST,149.12483413,-35.31720526,ACT
HOLT,149.01193133,-35.22439627,ACT
COTTER RIVER,148.83772007,-35.51665674,ACT
KENNY,149.16466827,-35.2155457,ACT
MITCHELL,149.13636624,-35.21888644,ACT
CAMPBELL,149.15821492,-35.29135449,ACT
ISAACS,149.11558172,-35.36865444,ACT
ACTON,149.11294842,-35.2851906,ACT
CAPITAL HILL,149.12444045,-35.30816646,ACT
BONNER,149.1429721,-35.15596302,ACT
AMAROO,149.12802848,-35.16957255,ACT
TORRENS,149.08767146,-35.37202674,ACT
TURNER,149.1245409,-35.26886875,ACT
MCKELLAR,149.0770643,-35.21748083,ACT
BRUCE,149.09163692,-35.24534256,ACT
MAWSON,149.09854582,-35.36333314,ACT
LYNEHAM,149.13068522,-35.23973667,ACT
STRATHNAIRN,148.98629381,-35.23267986,ACT
RIVETT,149.03792345,-35.34707288,ACT
PADDYS RIVER,148.96760366,-35.44395594,ACT
GUNGAHLIN,149.14495047,-35.17894508,ACT
ARANDA,149.0804241,-35.25804501,ACT
CRACE,149.10747946,-35.20286797,ACT
O'MALLEY,149.11282806,-35.35258787,ACT
GILMORE,149.13824437,-35.41506417,ACT
BARTON,149.13909455,-35.30679814,ACT
GUNGAHLIN,149.13619577,-35.18673222,ACT
PIALLIGO,149.18567821,-35.31267848,ACT
JACKA,149.13045625,-35.14951078,ACT
KINGSTON,149.14659763,-35.31522145,ACT
FARRER,149.1049327,-35.37669194,ACT
HACKETT,149.16348235,-35.24953619,ACT
O'CONNOR,149.11560052,-35.25658641,ACT
MONCRIEFF,149.11631149,-35.15880774,ACT
AINSLIE,149.14793004,-35.26216963,ACT
DOWNER,149.14350778,-35.24384717,ACT
CALWELL,149.10712254,-35.44039856,ACT
COOK,149.06635062,-35.26009246,ACT
MONASH,149.09064239,-35.41575108,ACT
HARRISON,149.15614389,-35.19907618,ACT
COOMBS,149.04244446,-35.31674762,ACT
OAKS ESTATE,149.22815526,-35.34004758,ACT
WATSON,149.15941253,-35.23482094,ACT
BEARD,149.21045705,-35.3417134,ACT
WANNIASSA,149.09079952,-35.3977255,ACT
KALEEN,149.1091855,-35.22772584,ACT
BRADDON,149.13572608,-35.27081114,ACT
CHARNWOOD,149.03413643,-35.20017407,ACT
MELBA,149.05415306,-35.21007373,ACT
FRASER,149.04534362,-35.19168921,ACT
CANBERRA AIRPORT,149.19404739,-35.30445556,ACT
PEARCE,149.08333538,-35.36220691,ACT
FLYNN,149.04414633,-35.20576187,ACT
LAWSON,149.08823875,-35.22499236,ACT
FORDE,149.14607419,-35.16821211,ACT
SYMONSTON,149.1600167,-35.348892,ACT
CHAPMAN,149.03742974,-35.35619791,ACT
DICKSON,149.14165995,-35.25277009,ACT
BELCONNEN,149.06767884,-35.23549696,ACT
WODEN VALLEY,149.0703908,-35.36358132,ACT
NARRABUNDAH,149.14924366,-35.33568517,ACT
DUFFY,149.03190169,-35.3345618,ACT
HIGGINS,149.02724162,-35.23239274,ACT
HOLDER,149.04616265,-35.33446236,ACT
MACARTHUR,149.13160273,-35.4051557,ACT
CHIFLEY,149.07684386,-35.35336462,ACT
KAMBAH,149.05794304,-35.386207,ACT
PALMERSTON,149.11942486,-35.19445184,ACT
NICHOLLS,149.09648613,-35.18714629,ACT
MAJURA,149.21347343,-35.27000537,ACT
RUSSELL,149.15022424,-35.29798451,ACT
EVATT,149.06897063,-35.21180876,ACT
LYONS,149.07394665,-35.34054708,ACT
STIRLING,149.04933292,-35.34963704,ACT
NGUNNAWAL,149.11147283,-35.17277761,ACT
HUGHES,149.09486847,-35.33265052,ACT
URIARRA VILLAGE,148.92461462,-35.29636428,ACT
LATHAM,149.03164879,-35.21637392,ACT
COREE,148.90836447,-35.28643049,ACT
OXLEY,149.07860242,-35.40949895,ACT
TAYLOR,149.107235,-35.14679102,ACT
DENMAN PROSPECT,149.02482052,-35.29640772,ACT
HAWKER,149.03667585,-35.24701536,ACT
CONDER,149.10426774,-35.45928673,ACT
KOWEN,149.31360869,-35.31079289,ACT
RED HILL,149.12056841,-35.33342945,ACT
FRANKLIN,149.14329936,-35.1994473,ACT
WARAMANGA,149.06213604,-35.35288569,ACT
FISHER,149.05690519,-35.36122654,ACT
THROSBY,149.16176998,-35.18894697,ACT
WRIGHT,149.03360047,-35.31926306,ACT
TUGGERANONG,149.10293157,-35.48209357,ACT
PAGE,149.04994254,-35.2385364,ACT
HUME,149.16574264,-35.38548535,ACT
CITY,149.12919442,-35.28125526,ACT
FADDEN,149.11756122,-35.40188515,ACT
GIRALANG,149.09593268,-35.21086515,ACT
SCULLIN,149.03908018,-35.2345207,ACT
THARWA,149.06339361,-35.51080954,ACT
GARRAN,149.10847187,-35.34146072,ACT
DEAKIN,149.10317139,-35.31918115,ACT
SPENCE,149.0643819,-35.19872474,ACT
FLOREY,149.05017445,-35.22577873,ACT
THEODORE,149.11970668,-35.44961528,ACT
WHITLAM,149.03593218,-35.27704162,ACT
GRIFFITH,149.13713991,-35.32532304,ACT
DUNLOP,149.01981534,-35.19399524,ACT
GREENWAY,149.06481468,-35.41584929,ACT
PHILLIP,149.09091846,-35.34698705,ACT
WESTON,149.05875084,-35.3324878,ACT
FYSHWICK,149.17085336,-35.32166854,ACT
BANKS,149.09965803,-35.47192351,ACT
GOWRIE,149.10904923,-35.41186353,ACT
MACQUARIE,149.06328346,-35.25111249,ACT
CASEY,149.09472422,-35.16698387,ACT
RENDEZVOUS CREEK,148.94457534,-35.70946766,ACT
REID,149.1411897,-35.28259189,ACT
JERRABOMBERRA,149.15879183,-35.36591446,ACT
WEETANGERA,149.04974082,-35.25009843,ACT
HALL,149.06679367,-35.17019828,ACT
WESTON CREEK,149.07176486,-35.31199411,ACT
STROMLO,148.99032436,-35.31402128,ACT
PARKES,149.13374555,-35.29827414,ACT
HALL,149.05572108,-35.16748998,ACT
MOLONGLO,149.04020467,-35.29981519,ACT
MOUNT CLEAR,148.98829972,-35.84838852,ACT
MACGREGOR,149.01101494,-35.20979113,ACT
ISABELLA PLAINS,149.09395909,-35.42800532,ACT
RICHARDSON,149.11384419,-35.42789882,ACT
MOLONGLO VALLEY,149.06005262,-35.29215696,ACT
BOOTH,149.04394902,-35.7206515,ACT
GORDON,149.08503809,-35.45666692,ACT
TENNENT,148.97835463,-35.57149677,ACT
CHISHOLM,149.12479923,-35.42201572,ACT
BELCONNEN,149.02106499,-35.24314735,ACT
CANBERRA CENTRAL,149.10728189,-35.26960492,ACT
YARRALUMLA,149.09887506,-35.30252787,ACT
BONYTHON,149.07824532,-35.43324423,ACT
CURTIN,149.07737462,-35.32462314,ACT
CUMBALUM,153.53444131,-28.82169805,NSW
BURRAGORANG VALLEY,150.38698597,-34.05866865,NSW
TAHMOOR,150.59076787,-34.22937188,NSW
JENNINGS,151.96942198,-28.94049742,NSW
GRIFFITH,146.04551339,-34.28009722,NSW
LAMBS VALLEY,151.79562869,-29.81403054,NSW
MOUNT FAIRY,149.60706347,-35.18854523,NSW
BINGIE,150.14382338,-36.01220473,NSW
ALUMY CREEK,152.95636446,-29.64411293,NSW
BRIGHTWATERS,151.54557414,-33.11140137,NSW
KANIMBLA,150.20995033,-33.63249587,NSW
BALLENGARRA,152.70524286,-31.31774816,NSW
YARRAGAL,149.10505889,-32.59640514,NSW
TURRAMURRA,151.12910105,-33.73296069,NSW
MAIN ARM,153.43714068,-28.51399516,NSW
MAIN CREEK,151.79658995,-32.30810003,NSW
RUTHERFORD,151.51193149,-32.71247373,NSW
SEFTON,151.01061002,-33.88762355,NSW
URIARRA,148.82078068,-35.2526383,NSW
LA PEROUSE,151.24133036,-33.99210255,NSW
WATERVIEW,152.90290879,-29.68667009,NSW
REEDY SWAMP,149.90305486,-36.70089749,NSW
LOWER ACACIA CREEK,152.2234027,-28.44558321,NSW
COMBO,151.18432315,-32.55223339,NSW
ROCKLEY,149.54344381,-33.69970988,NSW
ERIGOLIA,146.38747488,-33.93149787,NSW
COBAR PARK,150.15729301,-33.4652737,NSW
SHERWOOD,152.7816041,-28.42679356,NSW
GUMBALIE,145.20804464,-30.11502504,NSW
COILA,150.09489162,-36.00969367,NSW
PUNCHBOWL,151.05166735,-33.92873769,NSW
TOMAKIN,150.18918951,-35.82226592,NSW
DALTON,149.19509118,-34.72339311,NSW
CAMPVALE,151.85072522,-32.77455968,NSW
BLAIR ATHOL,150.80145936,-34.06213223,NSW
GRETA MAIN,151.28261296,-32.88881626,NSW
CARRS PENINSULA,152.90429382,-29.65294539,NSW
DURREN DURREN,151.39507963,-33.18183233,NSW
HAMBLEDON HILL,151.1247307,-32.59925498,NSW
BOTANY,151.20003877,-33.94806612,NSW
SOUTH LITTLETON,150.1373305,-33.50063705,NSW
NEWSTEAD,151.38581552,-29.82365745,NSW
ISLINGTON,151.74723281,-32.91391808,NSW
TOMKI,153.13272646,-28.8631823,NSW
ROCKY RIVER,151.45902879,-30.59708546,NSW
RIVERSIDE,152.86899338,-31.39626903,NSW
TOOLOON,148.1587564,-30.99933064,NSW
JACKY BULBIN FLAT,153.18712005,-29.28077367,NSW
MARYS MOUNT,150.0152655,-30.97833662,NSW
BELOKA,148.71054845,-36.54848952,NSW
BULLA,144.47309845,-32.0085011,NSW
BARRAGGA BAY,150.05226391,-36.50417206,NSW
BRUNGLE,148.22845649,-35.1539815,NSW
GUERILLA BAY,150.21972647,-35.82972795,NSW
DENHAMS BEACH,150.21144413,-35.75104458,NSW
PINDIMAR,152.09102481,-32.65782574,NSW
MAXWELL,147.29563428,-35.28493446,NSW
SILVERTON,141.14710294,-31.77357347,NSW
IRVINGTON,153.10317213,-28.86414395,NSW
MITCHELL,149.55672343,-33.42734646,NSW
CARRABOLLA,151.3850853,-32.190446,NSW
GUNDERBOOKA,145.72012884,-30.60807993,NSW
GLENGARRIE,153.40375621,-28.22712597,NSW
CREEWAH,149.37879521,-36.75391877,NSW
RODD POINT,151.14243365,-33.86573482,NSW
ALPINE,150.53729295,-34.40852923,NSW
BOWAN PARK,148.8404515,-33.31885048,NSW
MCMAHONS POINT,151.20304094,-33.84489128,NSW
BIMBIMBIE,150.11866566,-35.8420649,NSW
LISMORE,153.28829767,-28.80930116,NSW
BIDDON,148.7843888,-31.55940456,NSW
KYEEMAGH,151.16031877,-33.94907226,NSW
BUTTAI,151.56004528,-32.83250862,NSW
LAWSON,150.43431647,-33.71981255,NSW
FORBESDALE,151.95964421,-32.0761627,NSW
ARDING,151.52155371,-30.57010846,NSW
TREGEAR,150.79294943,-33.74569021,NSW
GRANTS BEACH,152.82096119,-31.61725959,NSW
STANFORD MERTHYR,151.49355255,-32.82475999,NSW
DEPOT BEACH,150.32147871,-35.6262794,NSW
BLACK RANGE,149.84483159,-36.73526901,NSW
MOUNT THORLEY,151.1147607,-32.64369829,NSW
PRIMROSE VALLEY,149.38848088,-35.48980878,NSW
TOTNES VALLEY,149.90733902,-32.4999882,NSW
RUNNYFORD,150.10871546,-35.72634008,NSW
GARRA,148.75515614,-33.12026117,NSW
GEORGICA,153.16061978,-28.644039,NSW
NEW BRIGHTON,153.55045765,-28.5196222,NSW
BREEZA,150.44676254,-31.26340773,NSW
CRAWFORD RIVER,152.10781424,-32.39127413,NSW
KEEPIT,150.50965701,-30.85194536,NSW
BANKSIA,151.14551914,-33.9465413,NSW
YANDERRA,150.57143318,-34.31734062,NSW
CENTRAL TILBA,150.07750673,-36.30493253,NSW
SHEEDYS GULLY,150.15254498,-33.49618836,NSW
CONGO,150.13503687,-35.95690705,NSW
LITTLE TOPAR,142.39857215,-31.73841308,NSW
WINDERA,149.01912054,-33.20830364,NSW
HAYTERS HILL,153.58225862,-28.6756079,NSW
NOONA,144.79438047,-31.59197556,NSW
BOORGA,146.00878629,-34.01991812,NSW
CARSS PARK,151.11830994,-33.98787287,NSW
AVOCA BEACH,151.42722848,-33.47113091,NSW
BONNET BAY,151.05358144,-34.01013718,NSW
WOODCROFT,150.88071724,-33.75642699,NSW
KNIGHTS HILL,150.69399439,-34.62000609,NSW
HAWKESBURY HEIGHTS,150.64338331,-33.66714772,NSW
CLARE,143.96804444,-33.50502709,NSW
HAMILTON NORTH,151.73769527,-32.91426606,NSW
FAIRLIGHT,151.27393884,-33.79402697,NSW
THE ANGLE,149.10303383,-35.61004109,NSW
BERGALIA,150.09481767,-35.97850563,NSW
YARROWFORD,151.74787764,-29.65178111,NSW
KNORRIT FOREST,152.13158225,-31.78898964,NSW
BRIERFIELD,152.91725071,-30.51564993,NSW
PALMDALE,151.36823334,-33.32946682,NSW
CHARLTON,149.63710537,-33.67094203,NSW
STANWELL TOPS,150.97415281,-34.22015816,NSW
STANWELL PARK,150.98151117,-34.22860678,NSW
GRAHAMSTOWN,148.02607849,-35.2538338,NSW
WIMBORNE,150.65394978,-30.68941952,NSW
KEYBARBIN,152.61388666,-29.11150753,NSW
HOPEFIELD,146.46278561,-35.91675154,NSW
BOONAL,150.55152286,-28.76068962,NSW
KYEAMBA,147.57347724,-35.45962694,NSW
TALBINGO,148.32103424,-35.59907843,NSW
DANDALOO,147.67149615,-32.21790833,NSW
BEN LOMOND,151.65058384,-30.00943122,NSW
NEW PARK,152.99437601,-28.60038579,NSW
WEE WAA,149.3872475,-30.30982557,NSW
SURF BEACH,150.20358491,-35.76227249,NSW
GOSTWYCK,151.60614901,-30.69988059,NSW
ROCKTON,149.31188072,-37.16319312,NSW
BOOKHAM,148.62522741,-34.843637,NSW
HORSFIELD BAY,151.30142598,-33.4922573,NSW
POMEROY,149.5261842,-34.68778374,NSW
KIMBRIKI,152.21248764,-31.92600776,NSW
NEW MEXICO,150.61422963,-30.73124494,NSW
BOAT HARBOUR,152.11042648,-32.78447019,NSW
KEERRONG,153.26984593,-28.7170388,NSW
NORAH HEAD,151.56259553,-33.28439694,NSW
COBARGO,149.87830144,-36.389662,NSW
THE MARRA,147.26563792,-30.81183509,NSW
MULLAWAY,153.19627267,-30.08115616,NSW
WOODVIEW,152.93937837,-28.84694171,NSW
CROSS ROADS,149.70524065,-32.50614681,NSW
BUDDABADAH,147.16269333,-31.95103061,NSW
LINDFIELD,151.16191152,-33.78012859,NSW
SINGLETON MILITARY AREA,151.18317076,-32.69657418,NSW
MELLOOL,143.77293796,-35.3238946,NSW
PALMVALE,153.48766192,-28.37305339,NSW
BLIGH PARK,150.79974175,-33.6386178,NSW
KIRKHAM,150.71123636,-34.03700058,NSW
KIACATOO,146.77244913,-33.0507624,NSW
STONY CROSSING,143.5453077,-35.0840223,NSW
BOX HEAD,151.34254946,-33.53760733,NSW
BRINGENBRONG,148.04927861,-36.1341024,NSW
ILFORD,149.82588372,-32.95987798,NSW
KU-RING-GAI CHASE,151.23392213,-33.6375492,NSW
ANDO,149.29425098,-36.73338293,NSW
BLAXLAND,150.6166812,-33.74396759,NSW
KILABEN BAY,151.59214072,-33.02394638,NSW
METZ,151.84277112,-30.57182188,NSW
KALANG,152.73104096,-30.49968094,NSW
WALLAGA LAKE,150.06091039,-36.37089998,NSW
TURRELLA,151.1422279,-33.93023314,NSW
MOORE PARK,151.22153556,-33.89533143,NSW
DENILIQUIN,144.85063305,-35.55444746,NSW
INDI,148.05565205,-36.26827443,NSW
BEXLEY NORTH,151.11461408,-33.94196484,NSW
NORMANHURST,151.09599577,-33.72379425,NSW
GOOLHI,149.7323676,-31.00620402,NSW
NAROOMA,150.05067477,-36.23754294,NSW
SPRINGSIDE,149.03880152,-33.38632806,NSW
NARRAWEENA,151.27318302,-33.74938988,NSW
ORCHARD HILLS,150.73037832,-33.80835293,NSW
COOLATAI,150.73530076,-29.24667025,NSW
SMIGGIN HOLES,148.42984122,-36.38293101,NSW
WILLOW TREE,150.73064846,-31.63835331,NSW
FULLERTON,149.55200567,-34.16133462,NSW
OAKHURST,150.83832395,-33.73879388,NSW
BRINERVILLE,152.49541813,-30.46792594,NSW
CLARENZA,153.00064076,-29.70353832,NSW
QUIRINDI,150.64612514,-31.48817992,NSW
SHANNON VALE,151.8704905,-29.69498402,NSW
UPPER FINE FLOWER,152.71787462,-29.27558881,NSW
TENTERDEN,151.41533441,-30.11330459,NSW
YAOUK,148.80497496,-35.79863745,NSW
FAULCONBRIDGE,150.55016271,-33.68596257,NSW
CORDEAUX,150.77508077,-34.38377932,NSW
WYNEDEN,152.92539529,-28.53286558,NSW
SHERWOOD,152.71407389,-31.06422111,NSW
ABERFOYLE,151.97839964,-30.23616171,NSW
STANHOPE GARDENS,150.92680258,-33.71589658,NSW
JILLIBY,151.36008293,-33.21690287,NSW
ISABELLA,149.65874417,-33.94934297,NSW
MURRAY DOWNS,143.64450485,-35.30879913,NSW
WILCANNIA,143.59937794,-31.28581562,NSW
GILEAD,150.77838347,-34.13960026,NSW
WALLAROO,148.99360713,-35.15334833,NSW
HERMITAGE FLAT,150.14566793,-33.47766571,NSW
BURRANGONG,148.24815623,-34.29154147,NSW
LISAROW,151.3831413,-33.38553126,NSW
MARSFIELD,151.10484907,-33.77575661,NSW
GLEN INNES,151.68874185,-29.72277965,NSW
WHIAN WHIAN,153.34968298,-28.60608975,NSW
BOAMBOLO,148.8909967,-34.97703629,NSW
BROADWATER,149.89350481,-36.9732162,NSW
OYSTER COVE,151.95346218,-32.74377528,NSW
YETHOLME,149.81300979,-33.4320349,NSW
MUSWELLBROOK,150.90825584,-32.31405923,NSW
ST GEORGES BASIN,150.60613057,-35.11311675,NSW
MERRICUMBENE,149.87275197,-35.73120428,NSW
YADBORO,150.17676643,-35.39059133,NSW
BOMBAH POINT,152.2726012,-32.50430863,NSW
EWINGAR,152.5080365,-29.0901836,NSW
ARCADIA,151.06696834,-33.61076476,NSW
PURFLEET,152.46731877,-31.9427864,NSW
MARLEE,152.31736198,-31.76947702,NSW
BUCCARUMBI,152.59489327,-29.82379461,NSW
MOTO,152.56371336,-31.82773343,NSW
MULWALA,146.04807962,-35.92377064,NSW
JOHNS RIVER,152.69915688,-31.72848544,NSW
LIDSTER,148.92366485,-33.32134049,NSW
BALLIMORE,148.90108017,-32.17728183,NSW
LOWER MACDONALD,150.96722938,-33.35933007,NSW
KOSCIUSZKO,148.20327901,-36.49030672,NSW
WADALBA,151.46492088,-33.27240905,NSW
BRUSHGROVE,153.08815989,-29.56154635,NSW
ULLADULLA,150.46133208,-35.35722026,NSW
PELAW MAIN,151.48150961,-32.83780064,NSW
DINGO FOREST,152.14228943,-31.69826303,NSW
SPRING CREEK,149.10054286,-33.34308322,NSW
DEEP CREEK,152.68321585,-28.96932641,NSW
URANA,146.23186055,-35.32207357,NSW
RUFUS,141.33985501,-33.99436405,NSW
MENDOORAN,149.06426029,-31.79475151,NSW
BARGO,150.58705514,-34.28403567,NSW
YORKLEA,153.07758979,-28.94252992,NSW
CUNNINYEUK,143.90618437,-35.24610492,NSW
WOOLNERS ARM,152.83708319,-28.6840372,NSW
DAYSDALE,146.33872536,-35.62120301,NSW
WANGANELLA,144.76024746,-35.10235364,NSW
INGLESIDE,151.2574712,-33.69248651,NSW
BUANGLA,150.39636824,-34.86714065,NSW
BUDAWANG,150.04931071,-35.40055796,NSW
THUDDUNGRA,148.12854847,-34.17278117,NSW
WARRAGOON,145.13731084,-35.60489478,NSW
BRINDABELLA,148.66466575,-35.36003778,NSW
MORISSET PARK,151.53324341,-33.12138945,NSW
BOAMBEE EAST,153.07758792,-30.3452558,NSW
PARA,142.09242366,-33.65295499,NSW
GLENDALE,151.64839846,-32.92810151,NSW
ADJUNGBILLY,148.4404648,-35.04147263,NSW
CROOKED CORNER,149.2480411,-34.20828439,NSW
KOOLKHAN,152.93205497,-29.61786334,NSW
TULLAMORE,147.60823595,-32.56324677,NSW
MENANGLE PARK,150.75669748,-34.10120934,NSW
JERRONG,149.84503262,-34.16022473,NSW
DORRIGO,152.6940003,-30.32670832,NSW
BOOLAMBAYTE,152.27297963,-32.39462109,NSW
GOWRIE,150.82479752,-31.34489728,NSW
PYRMONT,151.19348379,-33.86914954,NSW
PRIMBEE,150.88257466,-34.50667094,NSW
WEETHALLE,146.5852557,-33.8586401,NSW
MARENGO,152.41643041,-30.1401306,NSW
COLDSTREAM,153.10984781,-29.60122943,NSW
WISEMANS FERRY,150.9804731,-33.39549621,NSW
WOODHILL,150.6777559,-34.72925727,NSW
COOLANGUBRA,149.46034256,-36.99970493,NSW
LITTLE PELICAN,151.64222756,-33.0808664,NSW
URALBA,153.47629369,-28.87153239,NSW
GRAMAN,150.91553754,-29.43719864,NSW
PHEGANS BAY,151.30884741,-33.4878937,NSW
COUNTEGANY,149.48738677,-36.18164254,NSW
ELANORA HEIGHTS,151.27393677,-33.69947188,NSW
ROSE BAY,151.26898881,-33.87388441,NSW
SHANNONS FLAT,148.98081637,-35.95919518,NSW
CECIL PARK,150.82431234,-33.88395568,NSW
WATTAMOLLA,150.63419182,-34.72505138,NSW
COWPER,153.08775563,-29.57736671,NSW
EASTERN CREEK,150.8451738,-33.80568964,NSW
LYNDHURST,152.04438535,-30.35640919,NSW
LOWER SOUTHGATE,153.05297518,-29.53514339,NSW
KOOLEWONG,151.31923047,-33.46670732,NSW
KNOCKROW,153.54005139,-28.76065081,NSW
BOONOO BOONOO,152.10240014,-28.9155188,NSW
BRIARBROOK,151.36678049,-30.17767891,NSW
DUCKENFIELD,151.68370138,-32.73981956,NSW
CANTERBURY,151.11607079,-33.91234634,NSW
PULGANBAR,152.68029462,-29.45207357,NSW
NERINGLA,149.7746292,-35.72655107,NSW
MARTHAGUY,147.86082097,-31.24820313,NSW
SUNSHINE,151.5620123,-33.11201632,NSW
GLENUGIE,153.038986,-29.80132123,NSW
KENTHURST,150.97278958,-33.64351964,NSW
GUM SCRUB,152.72785019,-31.25809092,NSW
SEXTONVILLE,152.78438016,-28.67417786,NSW
TABULAM,152.51432401,-28.86018958,NSW
JAGUNGAL WILDERNESS,148.34178769,-36.14923701,NSW
PEACOCK CREEK,152.69954351,-28.67387879,NSW
MOPARRABAH,152.45171766,-31.04483838,NSW
KERRS CREEK,149.11582943,-33.05493502,NSW
BARRATTA,144.52977295,-35.18920437,NSW
TACOMA,151.45823891,-33.28573911,NSW
CRAIGIE,149.05941471,-37.092502,NSW
DALGETY,148.8267461,-36.51702958,NSW
POINT PIPER,151.25162925,-33.86737775,NSW
HAYMARKET,151.20501324,-33.88095069,NSW
CHIPPENDALE,151.19965263,-33.88637141,NSW
SOUTH GUYRA,151.67341549,-30.23891117,NSW
POINTER MOUNTAIN,150.36329401,-35.22989712,NSW
KURRAJONG HILLS,150.65549236,-33.52259599,NSW
GREYSTANES,150.94421814,-33.82451027,NSW
MURRAWOMBIE,147.22415135,-31.18093549,NSW
TEMAGOG,152.61826656,-31.00380973,NSW
BACK CREEK,150.27560056,-30.11224343,NSW
BELOWRA,149.68435207,-36.10375566,NSW
COCKWHY,150.31941979,-35.55358508,NSW
LIDDELL,151.00311863,-32.42778016,NSW
WELLINGROVE,151.51170964,-29.5619236,NSW
TOMBONG,148.93078339,-36.90259762,NSW
ONE MILE,152.11614653,-32.76410863,NSW
LOWER BAGO,147.95499385,-35.56138195,NSW
BELLANGRY,152.58184912,-31.32797407,NSW
TURONDALE,149.5930708,-33.11532908,NSW
WOKO,151.84445636,-31.81032396,NSW
YENDA,146.22544505,-34.22650231,NSW
GEEHI,148.24816299,-36.34567435,NSW
CRUDINE,149.67284991,-32.98316197,NSW
BRUINBUN,149.48768773,-33.11051844,NSW
MOLLYMOOK BEACH,150.47002996,-35.32706373,NSW
ALDAVILLA,152.76204046,-31.07415636,NSW
WOODHOUSELEE,149.6391146,-34.57052326,NSW
BEARBONG,148.89267742,-31.6686226,NSW
BOCO,149.15585549,-36.60718728,NSW
COPE,149.65680405,-32.2720597,NSW
MYRTLE CREEK,153.02043759,-29.14938731,NSW
RUGBY,149.01230914,-34.38490743,NSW
MERRIANGAAH,149.01940553,-36.83924972,NSW
GLEN ALLEN,149.38795997,-36.68768753,NSW
MELINGA,152.49917816,-31.81295668,NSW
SOUTH MAITLAND,151.56370137,-32.74669256,NSW
BAKERS CREEK,150.99559314,-30.32478361,NSW
BAKERS CREEK,152.71456333,-30.82660392,NSW
FERNHILL,150.88937361,-34.38408986,NSW
BUDGEWOI PENINSULA,151.58541015,-33.21776539,NSW
ROYALLA,149.16898835,-35.49251401,NSW
TUGRABAKH,152.02178628,-31.98570519,NSW
DRY PLAIN,148.93246756,-36.09097533,NSW
WIRRAGULLA,151.73530186,-32.45415067,NSW
CAMMERAY,151.21425256,-33.8221745,NSW
GREENLANDS,151.16418415,-32.36160361,NSW
JACKADGERY,152.55459311,-29.60580792,NSW
WILSONS VALLEY,148.50301782,-36.35939564,NSW
BARDWELL PARK,151.12542474,-33.93469798,NSW
LITTLE WOBBY,151.25278647,-33.54615532,NSW
BUNGABA,149.67947141,-32.1591737,NSW
IVANHOE,144.14020971,-32.69929038,NSW
KIAMA DOWNS,150.84656021,-34.64024722,NSW
PINBEYAN,148.39723321,-35.70553305,NSW
JEOGLA,152.13681847,-30.66887187,NSW
SOUTH KEMPSEY,152.84522454,-31.12216252,NSW
TASCOTT,151.31707747,-33.45178632,NSW
MYLESTOM,153.0387479,-30.47378677,NSW
CARWOOLA,149.32210549,-35.37793233,NSW
WAYO,149.61543734,-34.62266422,NSW
WALLANBAH,152.08933117,-32.07937372,NSW
SPRINGFIELD,149.12401308,-36.53248097,NSW
CORRONG,144.45953366,-34.03038757,NSW
BUDGEE BUDGEE,149.66446019,-32.5176689,NSW
URILA,149.28883562,-35.55995775,NSW
BELIMBLA PARK,150.53989807,-34.08425457,NSW
CUTTAGEE,150.0390522,-36.48144024,NSW
EBOR,152.31479266,-30.41268836,NSW
MORISSET,151.49111618,-33.11764449,NSW
CLERGATE,149.11658851,-33.1830961,NSW
ENMORE,151.83435962,-30.7311042,NSW
HINTON,151.66647035,-32.72191005,NSW
PALARANG,149.11737246,-36.82851186,NSW
KINVARA,153.54700572,-28.79172179,NSW
TANTANGARA,148.66537335,-35.7142725,NSW
NORTH PARRAMATTA,151.01218015,-33.79528206,NSW
GOORIANAWA,148.99005465,-31.13296883,NSW
YARROWYCK,151.35612334,-30.45172402,NSW
TOMS CREEK,152.38626821,-31.54387118,NSW
WEST HOXTON,150.8322675,-33.9330326,NSW
GRONG GRONG,146.78489277,-34.68821804,NSW
BOOMI,149.6309407,-28.70088665,NSW
BANNABY,149.99491232,-34.40979341,NSW
TORRYBURN,151.20369138,-30.44575791,NSW
YARRAWARRAH,151.03104567,-34.05471298,NSW
TOORMINA,153.08795176,-30.35503999,NSW
BOOMI CREEK,152.59894586,-28.48456211,NSW
CANONBA,147.43633037,-31.32504057,NSW
GUMMA,152.9656676,-30.71894809,NSW
MOLLYAN,149.18291255,-31.5786182,NSW
RALEIGH,152.99541363,-30.45491668,NSW
GREENRIDGE,153.11467589,-28.90515698,NSW
KIKOIRA,146.66036685,-33.65747098,NSW
WERRIKIMBE,152.21145456,-31.2501283,NSW
LAKE HAVEN,151.50297602,-33.24448733,NSW
CESSNOCK,151.36245748,-32.83455039,NSW
SOUTH DURRAS,150.28617701,-35.65490723,NSW
NIANGALA,151.45344904,-31.44328209,NSW
DUVAL,151.63733311,-30.41511619,NSW
COLO VALE,150.45402721,-34.38252063,NSW
BOWEN MOUNTAIN,150.61993691,-33.57624886,NSW
QUIPOLLY,150.69488287,-31.41596724,NSW
MOUNTAIN VIEW,152.93435337,-29.58657285,NSW
PULLETOP,147.38276624,-35.48133372,NSW
ELIZABETH BEACH,152.53815555,-32.33212475,NSW
HIGH RANGE,150.2965626,-34.32359981,NSW
NUNGATTA,149.41819525,-37.20293526,NSW
AUBURN,151.0262145,-33.85466387,NSW
EDROM,149.95570088,-37.13745709,NSW
KINCHELA,153.00541405,-30.99947416,NSW
CARRS CREEK,152.92282474,-29.65702282,NSW
SOUTH BATHURST,149.5739885,-33.44361969,NSW
MANNING POINT,152.67076704,-31.88945678,NSW
YARRAMAN,150.14916388,-31.66541632,NSW
STONY CREEK,149.80100266,-36.61801746,NSW
CATARACT,150.82481716,-34.29377941,NSW
YARRAGRIN,149.16725636,-31.69239501,NSW
BOLWARRA HEIGHTS,151.58681548,-32.69243657,NSW
BOGEE,150.10081848,-32.99433879,NSW
JUNCTION HILL,152.93000178,-29.63710834,NSW
STRATHFIELD,151.08176732,-33.8784908,NSW
KOREELAH,152.44695952,-28.3699682,NSW
GHINNI GHI,152.7736221,-28.62031265,NSW
APPIN,150.80899266,-34.20868,NSW
PHEASANTS NEST,150.63267129,-34.26970777,NSW
KIA ORA,151.97155304,-31.95837485,NSW
ARNCLIFFE,151.14764231,-33.93938772,NSW
STEWARTS RIVER,152.63430205,-31.71403523,NSW
TINGHA,151.22889465,-29.97016516,NSW
GOLSPIE,149.67298642,-34.25570037,NSW
STROUD ROAD,151.93704734,-32.3167353,NSW
WARRAH RIDGE,150.55880958,-31.61413275,NSW
WOLGAN VALLEY,150.16429727,-33.2513354,NSW
BROOKLANA,152.89136685,-30.29278976,NSW
WINDERMERE PARK,151.53130057,-33.11551073,NSW
NORTH NARRABEEN,151.29041523,-33.7034811,NSW
PORTERS RETREAT,149.77461443,-34.00369142,NSW
GARIE,151.07435466,-34.16048829,NSW
MILBRODALE,150.94998416,-32.71602857,NSW
MURRINGO,148.54819839,-34.28980555,NSW
BLUEYS BEACH,152.53006343,-32.35029951,NSW
ARMIDALE,151.66620545,-30.50154938,NSW
CASTLE DOYLE,151.77849997,-30.63110998,NSW
ERARING,151.52224846,-33.07267633,NSW
HAY,144.8428492,-34.38430598,NSW
FIFIELD,147.45766716,-32.84099211,NSW
WYONG CREEK,151.33355457,-33.25617683,NSW
KINGS POINT,150.44463851,-35.37129536,NSW
CANDELO,149.66660955,-36.78806892,NSW
GREENHILL,152.80528082,-31.04844985,NSW
NYMBOIDA,152.68029641,-29.95198038,NSW
SNOWBALL,149.58713718,-35.94437498,NSW
CAFFREYS FLAT,152.05953926,-31.78668679,NSW
KIORA,150.01722626,-35.90355223,NSW
PORT MACQUARIE,152.89309175,-31.45488903,NSW
EUBERTA,147.21082534,-35.04888767,NSW
GREG GREG,148.07083716,-36.06327965,NSW
SPRING FARM,150.72617771,-34.07054139,NSW
JORDAN SPRINGS,150.74257457,-33.72748992,NSW
PEBBLY BEACH,150.33287304,-35.59941588,NSW
COLINTON,149.1903288,-35.86028278,NSW
GOGELDRIE,146.28202752,-34.58501701,NSW
MERNOT,151.57208539,-31.68849357,NSW
MORANGARELL,147.7142292,-34.17663131,NSW
RAVENSWORTH,151.05711466,-32.42971066,NSW
WERRINGTON COUNTY,150.7475112,-33.74706113,NSW
MOULAMEIN,144.14086986,-34.9962575,NSW
JEWS LAGOON,149.46659475,-29.86777367,NSW
MULLION CREEK,149.18345142,-33.08792746,NSW
DALMENY,150.11485791,-36.16594717,NSW
YAMBULLA,149.58808442,-37.23034145,NSW
MILLIE,149.49385523,-29.74829659,NSW
GARDEN SUBURB,151.67895374,-32.94560973,NSW
CORNDALE,153.36331552,-28.70590994,NSW
KAMARAH,146.76328737,-34.35888708,NSW
DEUA,149.79604948,-35.91601979,NSW
KILLCARE,151.36145128,-33.52049784,NSW
COOPLACURRIPA,151.91444006,-31.58466792,NSW
WELAREGANG,147.96468391,-36.01135614,NSW
THUMB CREEK,152.57534953,-30.65572481,NSW
DENMAN,150.69892428,-32.37267856,NSW
YENGO,150.91341383,-33.02388784,NSW
NORTH MACKSVILLE,152.9436324,-30.68952484,NSW
BAW BAW,149.63851223,-34.71903062,NSW
URBENVILLE,152.50711217,-28.45936645,NSW
LARGS,151.60613189,-32.70458468,NSW
BULLIO,150.15320306,-34.33428137,NSW
BOTANY BAY,151.18792824,-33.98352366,NSW
BALDERSLEIGH,151.41387165,-30.24884698,NSW
OWENS GAP,150.70389247,-32.05485694,NSW
MONA VALE,151.30363311,-33.67595163,NSW
WINDANG,150.87305028,-34.52692307,NSW
LIDCOMBE,151.04797393,-33.86222764,NSW
WANGI WANGI,151.58772237,-33.06987024,NSW
BACKWATER,151.91725208,-30.04714357,NSW
MURRUMBUCCA,149.0534507,-36.10074644,NSW
MOUNT LINDSEY,150.57021462,-34.45196501,NSW
DORRIGO MOUNTAIN,152.7309786,-30.37552316,NSW
LOUISA CREEK,152.61899024,-29.01581762,NSW
UPPER EDEN CREEK,152.85599446,-28.51653767,NSW
CUBBA,145.2592503,-31.43870518,NSW
KILLONGBUTTA,149.42550142,-33.18715224,NSW
TENTERFIELD,152.03547219,-29.08435995,NSW
CHATSBURY,149.8075282,-34.53935191,NSW
ROSEHILL,151.03107814,-33.82574577,NSW
SCONE,150.8604687,-32.05418861,NSW
ANAMBAH,151.49505033,-32.67918769,NSW
ABERGLASSLYN,151.53396183,-32.69488411,NSW
GREENWICH PARK,149.9117913,-34.60013854,NSW
EMU SWAMP,149.19588962,-33.30204815,NSW
SHELL COVE,150.86690968,-34.59903038,NSW
DURAL,150.86218033,-32.57981531,NSW
COOLEMAN,148.70045113,-35.6531307,NSW
BANDA BANDA,152.45288834,-31.19474424,NSW
CROWDY BAY,152.73126418,-31.78798897,NSW
KIPPARA,152.52165614,-31.23431226,NSW
TOLBAR,148.60457913,-36.06763671,NSW
TWELVE MILE PEG,150.39742109,-35.15355612,NSW
BRERETON,150.50675193,-33.91412232,NSW
BIMLOW,150.33824949,-33.99827306,NSW
NUNGAR,148.68165708,-35.86268765,NSW
BYADBO WILDERNESS,148.58234587,-36.83033985,NSW
ULOOLA,151.02434474,-34.12310744,NSW
JACOBS RIVER,148.35647097,-36.55504409,NSW
PALONA,151.0556866,-34.12504042,NSW
INGEEGOODBEE,148.35034643,-36.74400149,NSW
WILD CATTLE CREEK,152.74687776,-30.14635698,NSW
BORDER RANGES,153.07013486,-28.39523458,NSW
BIMBERI,148.70898669,-35.57312944,NSW
WOG WOG,149.44139849,-37.07616536,NSW
GLOUCESTER TOPS,151.6196255,-32.06616381,NSW
BONNELLS BAY,151.52425472,-33.10959068,NSW
SWAN BAY,151.93459331,-32.69256553,NSW
SANCTUARY POINT,150.62614861,-35.10323642,NSW
MATHESON,151.571776,-29.75626608,NSW
MORVEN,152.16376947,-29.41040841,NSW
MOGAREEKA,149.97909905,-36.69377355,NSW
TACOMA SOUTH,151.45526115,-33.29379967,NSW
DALMORTON,152.45915663,-29.80142396,NSW
BENDICK MURRELL,148.44959431,-34.18084571,NSW
MUNGO BRUSH,152.33880572,-32.50357257,NSW
MOOLPA,143.76152395,-34.92351564,NSW
BURRINJUCK,148.61346406,-34.95654486,NSW
CALLAGHANS CREEK,152.005774,-31.85784215,NSW
OAKHAMPTON,151.55738403,-32.70270158,NSW
EAST LYNNE,150.27877269,-35.58833909,NSW
COW FLAT,149.51451518,-33.58017435,NSW
BALGOWNIE,150.87126101,-34.38646805,NSW
LAKE CATHIE,152.83557087,-31.54652166,NSW
THE GULF,152.25665603,-30.05482167,NSW
LEMINGTON,150.9564001,-32.48233451,NSW
COAL POINT,151.61122977,-33.03948191,NSW
ABBOTSFORD,151.12928793,-33.85060167,NSW
WALCHA,151.73315223,-31.05136953,NSW
PEELWOOD,149.43085019,-34.11220809,NSW
WALLIS LAKE,152.49007892,-32.25257085,NSW
GOBBAGOMBALIN,147.31234412,-35.06651439,NSW
CARRINGTON FALLS,150.64411337,-34.64759951,NSW
MULLUMBIMBY,153.49700351,-28.54690254,NSW
WAHROONGA,151.11446674,-33.72180921,NSW
TARLO,149.81521562,-34.63203043,NSW
COOMEALLA,142.09445289,-34.08795291,NSW
DARETON,142.03545119,-34.0975459,NSW
KING CREEK,152.75654994,-31.49238449,NSW
BOGAN GATE,147.77095919,-33.09507048,NSW
COOKS MYALLS,147.97810067,-33.01949975,NSW
WARBURN,145.92205825,-34.17061077,NSW
BULEE,150.13095168,-35.00945693,NSW
BROKEN DAM,148.54907326,-35.95604746,NSW
MUNYANG,148.36359106,-36.36164587,NSW
MUMBULLA MOUNTAIN,149.89064164,-36.5355376,NSW
NARROW NECK,150.26772825,-33.77828808,NSW
MOUNT PORTAL,150.59233398,-33.81532282,NSW
THE DEVILS WILDERNESS,150.54280434,-33.54497206,NSW
BURRAMOKO,150.29451928,-33.590104,NSW
BURRUNGUBUGGE,148.52014682,-36.25941505,NSW
WOLLANGAMBE,150.44144186,-33.34280529,NSW
ESK,153.33487624,-29.24527023,NSW
CARMARTHEN,150.45298121,-33.60692325,NSW
BIRRABANG,150.3372477,-33.5667597,NSW
KARIWOGA,150.54551889,-33.65304653,NSW
TESSELATE HILL,150.50480262,-33.39757,NSW
GOVETTS,150.35381362,-33.63137398,NSW
BERRINGER LAKE,150.50404867,-35.25089833,NSW
CECIL HILLS,150.84185023,-33.88651335,NSW
TIMBILLICA,149.72095109,-37.30354276,NSW
KEW,152.7376847,-31.64442307,NSW
VOYAGER POINT,150.97424497,-33.95884105,NSW
UPPER NILE,150.25581997,-32.96151261,NSW
GLEN ALICE,150.15576233,-33.06284714,NSW
TOLWONG,150.10171508,-34.83563737,NSW
SUSSEX INLET,150.56184586,-35.14249929,NSW
BOXERS CREEK,149.83438259,-34.76961191,NSW
ARALUEN,149.81600848,-35.63986321,NSW
ANGLEDALE,149.87427895,-36.63487807,NSW
GOOANDRA,148.56902417,-35.82637045,NSW
NUMINBAH,153.26494181,-28.26329627,NSW
JOORILAND,150.1979186,-34.22732097,NSW
BARELLAN,146.5947662,-34.18235901,NSW
BUNGALORA,153.4753986,-28.2488169,NSW
RILEYS HILL,153.39041693,-29.02475448,NSW
BROOKLYN,151.21422045,-33.58214811,NSW
BOURBAH,148.16597081,-31.23112391,NSW
SOUTH PAMBULA,149.84774431,-36.94698731,NSW
MOGRIGUY,148.66606664,-32.07088318,NSW
TWELVE MILE CREEK,151.87383335,-32.63997392,NSW
NAPOLEON REEF,149.75022205,-33.38868766,NSW
COURADDA,149.98030694,-30.0394578,NSW
GREEN PIGEON,153.07141921,-28.48695371,NSW
BELLAWONGARAH,150.6189601,-34.75893256,NSW
FOREST GROVE,149.66246582,-33.38861484,NSW
UPPER CORINDI,153.11838576,-30.05201008,NSW
NORTH ALBURY,146.93657658,-36.06019838,NSW
SHOOTERS HILL,149.83903482,-33.92677005,NSW
ELCOMBE,150.33296859,-29.8655628,NSW
WIRLINGA,147.05288311,-36.04536562,NSW
GOOD HOPE,148.82669151,-34.90018669,NSW
HILLSTON,145.43655332,-33.43889695,NSW
TOUKLEY,151.54757566,-33.25945972,NSW
GOOLOOGONG,148.42820495,-33.66351601,NSW
GLEN MARTIN,151.84708272,-32.53270843,NSW
BANGO,148.96550205,-34.75831644,NSW
SPENCER,151.12492245,-33.44415247,NSW
SNAKES PLAIN,147.75565187,-31.77686247,NSW
OLNEY,151.31313389,-33.03364992,NSW
COONAMBLE,148.32394011,-30.91019706,NSW
BOORAGUL,151.60993259,-32.97494628,NSW
LEURA,150.337896,-33.70697159,NSW
CANIABA,153.21101666,-28.83267479,NSW
PIALLAWAY,150.52913709,-31.13575587,NSW
BUCCA,153.09578063,-30.15735259,NSW
WINSTON HILLS,150.98100501,-33.77671567,NSW
FOUNTAINDALE,151.40146397,-33.34711939,NSW
KENTLYN,150.86603241,-34.06097151,NSW
PENNANT HILLS,151.07412883,-33.73844939,NSW
CONDELL PARK,151.01100089,-33.92450543,NSW
BULLARAH,149.13567532,-29.41475939,NSW
BENTLEY,153.09701469,-28.74189654,NSW
GLENREAGH,152.95530726,-30.08246316,NSW
STOCKINBINGAL,147.86469387,-34.46597248,NSW
SPRINGRANGE,149.08419296,-35.09022427,NSW
COOTAMUNDRA,148.02275615,-34.65197373,NSW
DANGELONG,149.26775821,-36.32714557,NSW
WENDOREE PARK,151.16173671,-33.45549695,NSW
PILLIGA,148.80032727,-30.38393276,NSW
COBAKI,153.45633925,-28.20459465,NSW
BURRABOI,144.32799948,-35.34169822,NSW
FIREFLY,152.22767231,-32.08748277,NSW
TULLAKOOL,144.16109389,-35.3844393,NSW
MOUNT KEIRA,150.85214995,-34.40314295,NSW
SPRING HILL,149.15029858,-33.40345794,NSW
BILAMBIL,153.46707297,-28.22635691,NSW
PIAMBONG,149.42182789,-32.50108844,NSW
MARINNA,147.62442824,-34.81078942,NSW
BALD HILLS,149.84279065,-36.91171971,NSW
MAYFIELD,151.73816846,-32.89780389,NSW
REIDS FLAT,148.98014881,-34.13523481,NSW
GILGUNNIA,146.07254273,-32.44165222,NSW
BATHAMPTON,149.4136426,-33.49370667,NSW
GWYNNEVILLE,150.88314457,-34.41509926,NSW
MAROOTA,150.98238983,-33.46175674,NSW
ROCKY PLAIN,148.67113541,-36.24432508,NSW
WALLANTHERY,145.89149575,-33.23872851,NSW
FISHING POINT,151.59504138,-33.05292764,NSW
UPPER DARTBROOK,150.7062806,-31.91965784,NSW
SANDBAR,152.52376285,-32.37854864,NSW
GUNGAL,150.47535987,-32.2641719,NSW
GULGONG,149.52316994,-32.36801698,NSW
KOORAINGHAT,152.50544445,-31.98631993,NSW
YATTALUNGA,151.3658609,-33.46793184,NSW
WESTLEIGH,151.07140363,-33.71177972,NSW
CROOBLE,150.27964126,-29.29966464,NSW
GOOLGOWI,145.73695413,-33.94733995,NSW
RAGLAN,149.65314595,-33.42205055,NSW
KOONYUM RANGE,153.41017956,-28.54156126,NSW
THE PILLIGA,149.46217119,-30.68125478,NSW
WEST RYDE,151.08385572,-33.80734794,NSW
TUMBI UMBI,151.43320758,-33.37573064,NSW
CRONULLA,151.15174486,-34.05849152,NSW
WALGETT,148.05570494,-29.98308922,NSW
SUTTON FOREST,150.27695818,-34.56959459,NSW
MIRANDA,151.10303163,-34.03301091,NSW
WINDALE,151.68115747,-32.99208698,NSW
COWAN,151.16869083,-33.56503526,NSW
BILLEROY,148.45441151,-30.6301144,NSW
WIANGAREE,152.97834845,-28.5114465,NSW
WEST WIANGAREE,152.95557774,-28.53734657,NSW
HALEKULANI,151.55186295,-33.21945523,NSW
CASSILIS,150.0347202,-31.96745675,NSW
YOWIE BAY,151.10283144,-34.05074893,NSW
GENEVA,152.97752815,-28.6194625,NSW
MOUNT KNOWLES,149.71417304,-32.62382875,NSW
BROADWAY,149.08188161,-34.70915104,NSW
FREEMANTLE,149.36171878,-33.27591494,NSW
WINBURNDALE,149.8009027,-33.31396765,NSW
LEWIS PONDS,149.2816581,-33.28145005,NSW
TARRIARO,149.99676369,-30.43484039,NSW
SOMERSBY,151.2779185,-33.37895925,NSW
LOWER MANGROVE,151.13607511,-33.39940199,NSW
GLENORIE,150.99227108,-33.57185595,NSW
BLAKEHURST,151.10942456,-33.99286373,NSW
GLOSSODIA,150.78458613,-33.53207559,NSW
JASPERS BRUSH,150.65437488,-34.80011696,NSW
CHITTAWAY BAY,151.43954312,-33.32650443,NSW
MILROY,149.62104937,-32.59264963,NSW
CANTON BEACH,151.54689365,-33.27575954,NSW
WILLALA,149.86071286,-30.83673559,NSW
SPRING HILL,150.86966575,-34.45269902,NSW
COOMBADJHA,152.48512312,-29.38890599,NSW
VITTORIA,149.35005186,-33.41745098,NSW
NARRAN LAKE,147.32083757,-29.83700965,NSW
GREIGS FLAT,149.8521027,-36.97181591,NSW
SEAL ROCKS,152.50609929,-32.42270353,NSW
BUTTABA,151.57529122,-33.05055563,NSW
PINNY BEACH,151.63565908,-33.11800458,NSW
RATHMINES,151.57925266,-33.03854054,NSW
SALTWATER,152.54274945,-32.00681076,NSW
SILENT GROVE,151.66971632,-29.15784479,NSW
BOOTAWA,152.3590085,-31.9243933,NSW
KALKITE,148.64350992,-36.33292604,NSW
DOONBAH,153.38678336,-29.08637346,NSW
MOLEVILLE CREEK,152.90556364,-29.5710601,NSW
NORTHMEAD,150.99415988,-33.78727806,NSW
CUDGEN,153.55169976,-28.27324219,NSW
QUANDARY,147.32387574,-34.37217676,NSW
HALLIDAYS POINT,152.50487516,-32.06977113,NSW
DOUBLE BAY,151.24382505,-33.87777668,NSW
ROUGHIT,151.247619,-32.57247738,NSW
ESCHOL PARK,150.80197173,-34.03264351,NSW
EDITH,149.93469721,-33.77947951,NSW
FROGMORE,148.8668647,-34.24600234,NSW
STRATHEDEN,152.94682269,-28.7504702,NSW
KILGIN,153.37428444,-29.03041141,NSW
KILLINGWORTH,151.54158315,-32.93133478,NSW
NORTH WOLLONGONG,150.89556468,-34.40680236,NSW
SANDY FLAT,152.01411387,-29.24013296,NSW
CASTLE COVE,151.21488714,-33.78609194,NSW
GLENELG,148.09525386,-33.7395288,NSW
GONN,143.99752288,-35.47501285,NSW
GLEN DAVIS,150.24721328,-33.14935745,NSW
LOWANNA,152.89695857,-30.17769748,NSW
WATTON,149.41788713,-33.31153006,NSW
CASTLE HILL,150.99988657,-33.72791908,NSW
BOORABEE PARK,153.05677598,-28.68474325,NSW
COFFS HARBOUR,153.10939793,-30.29859958,NSW
TINONEE,152.40417292,-31.94580194,NSW
KARS SPRINGS,150.53964556,-31.91898967,NSW
WONDABYNE,151.23888308,-33.50157218,NSW
RED HEAD,152.53563575,-32.05707769,NSW
WIRRABA,150.50847935,-33.11343815,NSW
TAREE,152.44445729,-31.88944806,NSW
WANTIOOL,147.67659661,-34.88472604,NSW
NOWLEY,149.13835539,-29.98728458,NSW
CALGA,151.22198384,-33.41470127,NSW
BROWNS CREEK,149.14970721,-33.53858603,NSW
COLLINS CREEK,153.03517924,-28.47818596,NSW
WEAN,150.2727337,-30.70727229,NSW
MAYFIELD,149.77484595,-33.66659368,NSW
CANADIAN LEAD,149.58376011,-32.40526133,NSW
CUTTABRI,149.15897419,-30.41274598,NSW
SHADFORTH,149.19703375,-33.39000444,NSW
KEARNS,150.80080639,-34.021598,NSW
MARMONG POINT,151.61411795,-32.98270819,NSW
SAN REMO,151.52112395,-33.21471761,NSW
MOUNTAIN CREEK,147.14393147,-35.77936085,NSW
DARBYS FALLS,148.85853476,-33.90625294,NSW
GILGOOMA,148.57904425,-30.70356998,NSW
MURRUMBO,150.24110654,-32.39026401,NSW
HARPARARY,150.0545027,-30.54964423,NSW
THE SLOPES,150.7059975,-33.53202262,NSW
WERAI,150.36539345,-34.61101267,NSW
KURRAJONG,150.70215243,-33.50368985,NSW
BERKELEY,150.84320291,-34.4786434,NSW
THE ROCKS,149.42521608,-33.43028654,NSW
HAZELGROVE,149.89798731,-33.65568896,NSW
GATESHEAD,151.69134965,-32.98337932,NSW
DENISTONE WEST,151.076987,-33.80080692,NSW
YARRAS,149.67252515,-33.36457587,NSW
INVERELL,151.11028761,-29.76273925,NSW
MOUNT RANKIN,149.48366535,-33.29547531,NSW
OLD TOONGABBIE,150.97000305,-33.78798221,NSW
EDGEWORTH,151.62079037,-32.9220119,NSW
TORONTO,151.57769756,-33.01539099,NSW
HOLSWORTHY,150.91368355,-34.06835507,NSW
LANE COVE NORTH,151.16186032,-33.80600821,NSW
CLAYMORE,150.81093199,-34.04639023,NSW
GALAMBINE,149.51932681,-32.44880674,NSW
TUNCESTER,153.22430334,-28.80198707,NSW
PANUARA,148.93734628,-33.5154967,NSW
KILGRA,152.9809675,-28.55739846,NSW
PINEY RANGE,147.94174825,-33.86100699,NSW
EENAWEENA,147.60729256,-31.60171203,NSW
WANG WAUK,152.28149856,-32.14262006,NSW
NANA GLEN,153.01040728,-30.13042444,NSW
ERROWANBANG,149.03865324,-33.53290992,NSW
WALLINGAT,152.43314302,-32.30518604,NSW
MOUNT OUSLEY,150.88038388,-34.40065303,NSW
COMBARA,148.31106234,-31.14916218,NSW
FARLEY,151.50137461,-32.73386229,NSW
GEROGERY,147.00039786,-35.84243823,NSW
GANBENANG,150.13243819,-33.71067027,NSW
BUCKENDOON,153.3456602,-29.03338071,NSW
MOUNT COLLINS,148.78738142,-34.03321954,NSW
DURANBAH,153.52840904,-28.30492659,NSW
EUMUNGERIE,148.67136342,-31.96778507,NSW
PELTON,151.31386179,-32.8794973,NSW
SOMERTON,150.62709486,-30.93908104,NSW
BOWRAL,150.42446053,-34.4830853,NSW
TIPPERARY,152.15832944,-32.05749088,NSW
KAPUTAR,150.13377059,-30.30475999,NSW
COPETON,150.92154902,-29.8753699,NSW
ARCADIA VALE,151.57691318,-33.05981776,NSW
ST HELENS PARK,150.81368307,-34.10474796,NSW
ROCK VALLEY,153.16247602,-28.727925,NSW
BALMORAL,151.57866536,-33.04578637,NSW
COWRA,148.64696929,-33.83000123,NSW
STOCKTON,151.78966648,-32.89804236,NSW
GIANTS CREEK,150.54202547,-32.22282133,NSW
ALFREDTOWN,147.54120542,-35.15323235,NSW
BROADWATER,153.42616704,-29.03464232,NSW
LEMON TREE,151.37144304,-33.133913,NSW
CATHERINE HILL BAY,151.62487663,-33.14740627,NSW
MURRAYS BEACH,151.62307008,-33.11863738,NSW
DURI,150.8186477,-31.2314061,NSW
FERN BAY,151.81318065,-32.86425728,NSW
BRUNKERVILLE,151.48669924,-32.95353062,NSW
FLAT TOPS,151.81412203,-32.44836304,NSW
HEDDON GRETA,151.50763812,-32.80755914,NSW
HAZELBROOK,150.45572238,-33.72854136,NSW
LAKE HEIGHTS,150.86716739,-34.48436734,NSW
MEGALONG VALLEY,150.22285229,-33.71925212,NSW
CAMERON PARK,151.61099737,-32.90370136,NSW
MOGO,150.02195563,-32.25901493,NSW
PORT KEMBLA,150.89533647,-34.47052762,NSW
WEST WOLLONGONG,150.86730741,-34.42396844,NSW
JINDABYNE,148.63319515,-36.44329966,NSW
BLUE VALE,150.22194053,-30.82537727,NSW
LONGUEVILLE,151.16888769,-33.82930064,NSW
BLAIRMOUNT,150.79261761,-34.05168015,NSW
WOLLONGONG,150.89307932,-34.42778525,NSW
DELUNGRA,150.77925058,-29.63524532,NSW
WARRUMBUNGLE,148.9312428,-31.26753317,NSW
ARKELL,149.38584127,-33.73582901,NSW
WILSONS CREEK,153.43205913,-28.56875876,NSW
GREGORY HILLS,150.77697496,-34.03033191,NSW
SPRING FLAT,149.60606271,-32.67171908,NSW
DULGUIGAN,153.41830397,-28.27917174,NSW
STANNUM,151.79078202,-29.33300084,NSW
ILLABO,147.75098228,-34.82792436,NSW
KARANGI,153.05487669,-30.24047405,NSW
MILSONS PASSAGE,151.17618348,-33.51648331,NSW
GREEN POINT,151.3653364,-33.45393445,NSW
MULLA,147.33966457,-31.82076846,NSW
MAYERS FLAT,152.34798658,-32.39238242,NSW
NORAVILLE,151.55571863,-33.26990372,NSW
STOCKRINGTON,151.58045379,-32.86336075,NSW
MAYFIELD EAST,151.74992839,-32.90023094,NSW
ENNGONIA,145.94197376,-29.25375937,NSW
LYNCHS CREEK,152.99217104,-28.45781457,NSW
MYALL LAKE,152.38677209,-32.42500247,NSW
GULARGAMBONE,148.49854192,-31.28946209,NSW
MIDDLE COVE,151.21203033,-33.79259221,NSW
LANITZA,152.97908538,-29.88102291,NSW
CADIA,149.00891222,-33.44294268,NSW
TABBIMOBLE,153.23753719,-29.20558695,NSW
MOONEY MOONEY,151.21213347,-33.52950131,NSW
HAMPTON,150.02637436,-33.66618119,NSW
PARRAWEENA,150.43458703,-31.72975663,NSW
COLLARENEBRI,148.55124492,-29.38394066,NSW
FROGS HOLLOW,149.81438237,-36.76728039,NSW
BUDGONG,150.46313557,-34.80606949,NSW
MILPERRA,150.98166821,-33.93890499,NSW
BILAMBIL HEIGHTS,153.48664754,-28.21015957,NSW
HORNINGSEA PARK,150.84149207,-33.94652856,NSW
NEWCASTLE,151.77877748,-32.92637536,NSW
PENSHURST,151.08613002,-33.9639171,NSW
RUSE,150.842138,-34.07022087,NSW
DURAL,151.04069222,-33.68405249,NSW
BLAYNEY,149.25718792,-33.54311272,NSW
ARDLETHAN,146.85454694,-34.34330663,NSW
GUNBAR,145.2968275,-33.93606985,NSW
THULE,144.40607387,-35.68491713,NSW
NORTH WILLOUGHBY,151.20047034,-33.79525987,NSW
ANGLEDOOL,147.9288849,-29.12144347,NSW
AVONSIDE,148.72039167,-36.3980357,NSW
RAVENSDALE,151.30663014,-33.11361194,NSW
RUSSELL LEA,151.14116752,-33.85885245,NSW
WHEENY CREEK,150.71728271,-33.45286757,NSW
DUNDAS VALLEY,151.05561852,-33.79297554,NSW
MOREE,149.72521507,-29.34969759,NSW
KANANGRA,150.08836934,-33.98852903,NSW
EAST JINDABYNE,148.66415033,-36.40845754,NSW
GLEDSWOOD HILLS,150.78114848,-34.0120802,NSW
WEST BALLINA,153.52347834,-28.85914457,NSW
NORWAY,149.79528104,-33.77135988,NSW
NEW ITALY,153.29782148,-29.14365309,NSW
DARLING POINT,151.2368235,-33.87239837,NSW
DRUMMOYNE,151.15283051,-33.8525367,NSW
BELLATA,149.75904467,-29.93546967,NSW
POINT FREDERICK,151.34273847,-33.44115333,NSW
MOORBEL,148.69814733,-33.56113363,NSW
CHINDERAH,153.53900255,-28.25243785,NSW
BERKELEY VALE,151.4334809,-33.33900425,NSW
HUNTLEY,149.12613612,-33.36946178,NSW
BITHRAMERE,150.7810994,-31.13567662,NSW
BULLAWA CREEK,150.03269023,-30.25910701,NSW
MOUNT DEE,151.53960177,-32.74205391,NSW
MINMI,151.62023126,-32.87715166,NSW
BYLONG,150.1213312,-32.40443642,NSW
BELFORD,151.28805929,-32.66934645,NSW
NARARA,151.33533971,-33.39579698,NSW
SMEATON GRANGE,150.75754175,-34.0370203,NSW
LITTLE PLAIN,150.93189943,-29.73581081,NSW
BEROWRA,151.15119056,-33.62867462,NSW
DUNDAS,151.04346075,-33.80233563,NSW
LOWER BELFORD,151.29967735,-32.62054933,NSW
COLO HEIGHTS,150.69319279,-33.29676232,NSW
CALDWELL,144.51330069,-35.58322042,NSW
BONNIE VALE,151.12401075,-34.08821819,NSW
SOUTH WOLUMLA,149.76254694,-36.86494017,NSW
GREGADOO,147.43102213,-35.23871123,NSW
LEPPINGTON,150.79651388,-33.96993221,NSW
BILPIN,150.54935757,-33.44862163,NSW
KEDUMBA,150.40292499,-33.86503466,NSW
BELL,150.29399607,-33.49732728,NSW
BLUE HAVEN,151.50344621,-33.21108318,NSW
MERRIWA,150.2960724,-32.10625398,NSW
BEROWRA WATERS,151.13809679,-33.54816862,NSW
BOWNING,148.80101855,-34.74568874,NSW
EUABALONG,146.36428439,-33.01712235,NSW
WASHPOOL,152.381285,-29.29581211,NSW
LITTLE JACKS CREEK,150.54156095,-31.79170687,NSW
KINGSWOOD,149.82212281,-36.74213458,NSW
REVESBY,151.01322282,-33.9463871,NSW
FITZROY FALLS,150.4499112,-34.65295522,NSW
COLO,150.80710974,-33.41637063,NSW
CARLINGFORD,151.04532444,-33.77563073,NSW
BERRIMA,150.33279876,-34.47207756,NSW
TAPITALLEE,150.51471694,-34.82802133,NSW
WOLLAR,149.97931981,-32.36461389,NSW
EDEN,149.89328201,-37.02282849,NSW
ERINA,151.39344879,-33.43717251,NSW
TONDERBURINE,148.79675386,-31.33977969,NSW
WEST PENNANT HILLS,151.03364192,-33.74829877,NSW
DENISTONE,151.08901891,-33.79951921,NSW
ASHLEY,149.79762087,-29.25011395,NSW
HILL TOP,148.69255571,-36.3329762,NSW
MOONEE BEACH,153.14983198,-30.19210781,NSW
TABLE TOP,147.03614175,-35.94634388,NSW
MOUNT RUSSELL,150.93860884,-29.65909565,NSW
CHERRYBROOK,151.04625004,-33.72183395,NSW
BREWARRINA,146.88931681,-29.9966069,NSW
KANGAROO VALLEY,150.47826501,-34.73446395,NSW
MULYANDRY,148.16419989,-33.56264551,NSW
DOBIES BIGHT,152.93923462,-28.8035923,NSW
EAST KURRAJONG,150.79472649,-33.50546672,NSW
WYEE,151.46654475,-33.17283608,NSW
CLARENCE TOWN,151.78342024,-32.58761668,NSW
HOLMESVILLE,151.57072684,-32.91631686,NSW
FOREST REEFS,149.0766901,-33.4641668,NSW
GOODOOGA,147.41594874,-29.24840512,NSW
SMITHS CREEK,152.72886843,-29.50511596,NSW
COXS CREEK,150.12239682,-32.73242003,NSW
TIRI,152.08593075,-31.84998099,NSW
UPPER PAPPINBARRA,152.441452,-31.27871576,NSW
HANLEYS CREEK,151.6835249,-32.41766156,NSW
BOWMANS CREEK,151.12780539,-32.25850565,NSW
FORDWICH,151.05579072,-32.70917434,NSW
BERRICO,151.79948548,-32.0871846,NSW
GREENDALE,149.86149353,-36.58452494,NSW
CAMBRIDGE PLATEAU,152.73173278,-28.80394119,NSW
DAVIS CREEK,151.19858132,-32.17534984,NSW
BUNYAN,149.1669542,-36.15159331,NSW
UPPER GROWEE,150.00988039,-32.64367656,NSW
MUNDONGO,148.28049651,-35.29072178,NSW
SUNTOP,148.82893668,-32.56677568,NSW
BUDDEN,150.06372494,-32.51321944,NSW
LUE,149.84139883,-32.64219228,NSW
REDLANDS,146.33500479,-35.92555459,NSW
HALLS CREEK,150.92724913,-30.76736657,NSW
CHARBON,149.96974736,-32.88586061,NSW
BORAH CREEK,150.52063436,-30.60225272,NSW
REPENTANCE CREEK,153.40442345,-28.63363135,NSW
LANGLEY VALE,152.56867664,-31.7769151,NSW
TIMOR,151.08335221,-31.71143704,NSW
DIGGERS CAMP,153.27481897,-29.81498553,NSW
WANDERA,151.14750209,-29.66962616,NSW
WEE JASPER,148.66268073,-35.13600885,NSW
STONEQUARRY,149.76203452,-34.37456416,NSW
WESTWOOD,147.9836286,-35.39679893,NSW
KOORINGAL,147.3768392,-35.14045753,NSW
MARLOWE,149.88007071,-35.27062102,NSW
MANOBALAI,150.63510509,-32.1806883,NSW
BOCOBRA,148.53860858,-33.09508213,NSW
BOORGANNA,152.37519532,-31.62075905,NSW
BURRAGA,149.53632027,-33.91120656,NSW
TURNERS FLAT,152.67611122,-31.03592272,NSW
BOCOBLE,149.73084043,-32.80090941,NSW
BANDON GROVE,151.70120464,-32.27032321,NSW
PUNCHBOWL,152.77216264,-29.4629106,NSW
CEDAR PARTY,152.39193571,-31.81214606,NSW
ST GEORGE,150.22238708,-35.03260631,NSW
BASSENDEAN,151.18618158,-30.06156307,NSW
KELGOOLA,150.26683795,-32.86166086,NSW
ALLYNBROOK,151.54849948,-32.35152776,NSW
DACEYVILLE,151.22572591,-33.92875714,NSW
JUGIONG,148.33760931,-34.81352921,NSW
WHOOTA,152.48082885,-32.31507845,NSW
FARRINGDON,149.59888489,-35.52340725,NSW
WAMBOOL,149.76001449,-33.50461189,NSW
COFFEE CAMP,153.22431966,-28.64750044,NSW
HILLSDALE,151.22683635,-33.95260814,NSW
ST ANDREWS,150.8295217,-34.02264339,NSW
EATONSVILLE,152.82955312,-29.64289086,NSW
OYSTER BAY,151.08166468,-34.00261085,NSW
FINLEY,145.58704173,-35.60517982,NSW
WALMER,148.742888,-32.65174248,NSW
TWENTY FORESTS,149.73859496,-33.67893459,NSW
SWANBROOK,151.23672245,-29.71804483,NSW
ALICE,152.58928489,-29.05364989,NSW
SANS SOUCI,151.13126165,-33.9959808,NSW
BOWMAN FARM,151.93327813,-31.91141978,NSW
MAYVALE,150.41081848,-30.40958252,NSW
COLLINGULLIE,147.1042439,-35.09172545,NSW
THE PINNACLES,152.92356642,-29.54465592,NSW
CURBAN,148.53170774,-31.52085071,NSW
GRAWIN OPAL FIELDS,147.63418852,-29.66640878,NSW
TWO MILE FLAT,149.37954125,-32.41350418,NSW
CANLEY HEIGHTS,150.9239959,-33.88261886,NSW
GUNNINGRAH,149.14730299,-36.73837264,NSW
CURRAWONG BEACH,151.29796527,-33.59513851,NSW
QUIALIGO,149.76760702,-34.9363761,NSW
CANBELEGO,146.26579279,-31.51023297,NSW
KANOONA,149.7744743,-36.74649451,NSW
LALOR PARK,150.93097445,-33.76107353,NSW
WAUKIVORY,152.04385283,-32.10715025,NSW
SUFFOLK PARK,153.60739466,-28.68775447,NSW
FAULKLAND,151.89081536,-32.07036569,NSW
GLOUCESTER,151.96116492,-32.01838039,NSW
PENDLE HILL,150.95591492,-33.80407403,NSW
TIONA,152.52090029,-32.29914187,NSW
TULLERA,153.29101724,-28.75237004,NSW
DILKOON,152.97938593,-29.49859711,NSW
GOSFORTH,151.48974552,-32.65232099,NSW
MEROO,149.62292348,-32.75834505,NSW
WANDSWORTH,151.47061023,-30.01526605,NSW
SUGARLOAF,151.69126815,-32.38122851,NSW
BENDEMEER,151.17670943,-30.80331557,NSW
ASHBURY,151.11882167,-33.90027339,NSW
SANDY POINT,150.99352737,-33.97617111,NSW
HUNTERVIEW,151.18000282,-32.54073329,NSW
NEVER NEVER,152.81940563,-30.3558157,NSW
ROSEBERRY,152.90444591,-28.49209674,NSW
JEMBAICUMBENE,149.76664545,-35.52159935,NSW
RAVENSWOOD,147.84459517,-31.69865546,NSW
BYROCK,146.41308482,-30.56994782,NSW
ARRAWARRA,153.19112522,-30.05295534,NSW
FOUR MILE CREEK,148.94038484,-33.42816944,NSW
GLENWOOD,150.93480081,-33.73518585,NSW
CEDAR CREEK,153.26233365,-28.41835442,NSW
CHULLORA,151.0477116,-33.8919321,NSW
RAMSGATE BEACH,151.14605709,-33.98218008,NSW
YARRIE LAKE,149.51339124,-30.41028863,NSW
WILLIAMSDALE,149.15715693,-35.58814864,NSW
HONEYBUGLE,146.8800966,-31.83530086,NSW
DARKES FOREST,150.90884723,-34.21555882,NSW
MANGROVE CREEK,151.12559384,-33.35074603,NSW
NORTH AVOCA,151.43690645,-33.45653934,NSW
ASHMONT,147.33172047,-35.12469792,NSW
WATANOBBI,151.42588828,-33.26741007,NSW
GAREMA,147.93097616,-33.60477852,NSW
NARELLAN VALE,150.7447233,-34.052834,NSW
SMITHTOWN,152.9453071,-31.01414797,NSW
FINDON CREEK,152.87280369,-28.35661641,NSW
URUNGA,152.9923573,-30.5146819,NSW
DONALD CREEK,151.76137064,-30.42631365,NSW
COOMBA PARK,152.45476276,-32.23746288,NSW
SILVERWATER,151.04628513,-33.83421438,NSW
WINIFRED,149.36636345,-36.48856094,NSW
NIMMITABEL,149.28366069,-36.50136641,NSW
CARRINGTON,151.7661188,-32.91268463,NSW
BALLINA,153.56004191,-28.84168338,NSW
BINIGUY,150.14491934,-29.57759523,NSW
COBAKI LAKES,153.47835724,-28.17368101,NSW
NANIMA,149.12990881,-35.01580032,NSW
MURWILLUMBAH,153.38276056,-28.33224371,NSW
GUM FLAT,150.92581413,-29.79304529,NSW
AIRDS,150.8331411,-34.08597397,NSW
KAHIBAH,151.71182025,-32.96264097,NSW
MOUNT WHITE,151.1884917,-33.44961248,NSW
WAKOOL,144.35427624,-35.46526905,NSW
KREMNOS,152.94398712,-29.98203851,NSW
COLLERINA,146.69169729,-29.51150949,NSW
CAMBEWARRA,150.56131204,-34.81504215,NSW
COORABELL,153.48994747,-28.63190215,NSW
EAGLE VALE,150.81245216,-34.03758574,NSW
GINEROI,150.50258115,-29.73911855,NSW
HILLVILLE,152.34022597,-31.98074235,NSW
ARTARMON,151.18605813,-33.81095903,NSW
BLACK HEAD,152.53506306,-32.07173798,NSW
MOZART,149.8298486,-33.82295185,NSW
SARATOGA,151.34932857,-33.47456764,NSW
LOXFORD,151.48757172,-32.79398781,NSW
JUNEE REEFS,147.66641583,-34.71568035,NSW
FAIRY HILL,152.98911467,-28.76392494,NSW
WILLOUGHBY,151.20000823,-33.80621206,NSW
TARBUCK BAY,152.47784264,-32.36454299,NSW
EAST WAGGA WAGGA,147.40250039,-35.12955851,NSW
HEIFER STATION,152.58541815,-29.45638107,NSW
ETTRICK,152.91176367,-28.65002053,NSW
BIMBI,147.94382916,-33.99417977,NSW
WARIALDA,150.52668619,-29.38533698,NSW
WARIALDA RAIL,150.52609166,-29.638818,NSW
GWABEGAR,148.97604635,-30.56533115,NSW
THE BIGHT,152.38530705,-31.88300511,NSW
TORRINGTON,151.68171858,-29.27669382,NSW
DRILDOOL,149.01424342,-30.20788596,NSW
ROSEBERG,149.04984014,-33.855451,NSW
DUCKMALOI,149.95656233,-33.6843698,NSW
MERAH NORTH,149.20607574,-30.18314378,NSW
GUNTAWANG,149.44690865,-32.40034001,NSW
TELARAH,151.53609944,-32.73018023,NSW
URAWILKIE,148.73056909,-30.69446548,NSW
NYMAGEE,146.07469318,-32.13705743,NSW
RAINBOW FLAT,152.48871688,-32.03220824,NSW
SMITHS LAKE,152.49229914,-32.38149657,NSW
NORTH WOODBURN,153.34680892,-29.06030134,NSW
SAWYERS GULLY,151.44669126,-32.77707595,NSW
MIRANNIE,151.37231012,-32.37825062,NSW
BUSHELLS RIDGE,151.47246046,-33.20315444,NSW
MALLOWA,149.3744862,-29.64011087,NSW
GARAH,149.61920453,-29.0025631,NSW
NOORONG,144.0221838,-35.34985859,NSW
EAST ALBURY,146.94068034,-36.0890606,NSW
MARTINSVILLE,151.39178316,-33.05114259,NSW
PICNIC POINT,151.00605396,-33.97387779,NSW
UPPER HORTON,150.35874031,-30.1814668,NSW
LOUTH PARK,151.54826124,-32.7708131,NSW
BUNNAN,150.57911316,-32.0609268,NSW
BUNGWAHL,152.4174864,-32.36940711,NSW
LEYCESTER,153.17614688,-28.77225768,NSW
GLENWORTH VALLEY,151.18414026,-33.40736481,NSW
BELOON,150.38594802,-34.17034984,NSW
BINDOOK,150.10141385,-34.19920513,NSW
TULLIMBAR,150.7465418,-34.58178363,NSW
WENTWORTHVILLE,150.9700897,-33.80730149,NSW
KURRABA POINT,151.22316001,-33.84186552,NSW
JOADJA,150.22384128,-34.43167083,NSW
KIAMA,150.84438594,-34.67386577,NSW
MIANDETTA,146.92159025,-31.58652231,NSW
MISSABOTTI,152.77719545,-30.56601031,NSW
MILTON,150.43906756,-35.31935686,NSW
NEWPORT,151.31523856,-33.65658315,NSW
FERNLEIGH,153.49114307,-28.76785931,NSW
STEWARTS BROOK,151.32229229,-32.03031868,NSW
NORTH BALGOWLAH,151.25130048,-33.78686981,NSW
GLENFIELD,150.89337556,-33.97149627,NSW
ALECTOWN,148.26802069,-32.9142668,NSW
SEDGEFIELD,151.23530489,-32.54419915,NSW
THE OAKS,150.56340959,-34.0886956,NSW
SPLITTERS CREEK,146.84979494,-36.05280885,NSW
BELLTREES,151.12254388,-31.96971899,NSW
BELANGLO,150.22167359,-34.51309767,NSW
EMERALD BEACH,153.15756152,-30.16378856,NSW
KINGSWOOD,150.72448241,-33.76428842,NSW
DRAKE,152.40940116,-28.91529985,NSW
CAMBRIDGE GARDENS,150.72074433,-33.73797412,NSW
WINDSOR,150.8211359,-33.60909029,NSW
ELANDS,152.28280559,-31.59164264,NSW
YARRAMUNDI,150.64518414,-33.63917809,NSW
WERRINGTON DOWNS,150.73215133,-33.7416845,NSW
NARRAWALLEE,150.46369554,-35.31235268,NSW
SUTTON,149.2182756,-35.15146249,NSW
DRAKE VILLAGE,152.3783038,-28.92838507,NSW
KOWMUNG,150.24734607,-33.94778669,NSW
MUNDAMIA,150.56149708,-34.88840059,NSW
WEST NOWRA,150.58341128,-34.88217339,NSW
BUTTERWICK,151.64553482,-32.64965054,NSW
RAWSONVILLE,148.46611726,-32.15661826,NSW
LAKE INNES,152.82812118,-31.50332871,NSW
BROCKLESBY,146.6643596,-35.81258187,NSW
SPRINGVALE,147.33177651,-35.17397018,NSW
WOMBARRA,150.95003456,-34.27722064,NSW
ELVINA BAY,151.27737099,-33.63760673,NSW
BUKALONG,149.21112025,-36.80141884,NSW
KAYUGA,150.83155804,-32.20697815,NSW
SEVEN HILLS,150.93868527,-33.77667812,NSW
LITTLE BAY,151.24588835,-33.98273569,NSW
CAVAN,148.8332598,-35.02795101,NSW
COLEDALE,150.94145604,-34.2878984,NSW
CASTLE ROCK,150.75753852,-32.23916435,NSW
ELIZABETH BAY,151.22760492,-33.87145311,NSW
MINORE,148.44588892,-32.27212619,NSW
BLACKTOWN,150.90349382,-33.77377464,NSW
NORTH KELLYVILLE,150.94841592,-33.68275139,NSW
TRIANGLE FLAT,149.45304062,-33.79162836,NSW
MALABAR,151.25269219,-33.96286076,NSW
MULLION,148.87505502,-35.14358764,NSW
TOOLIJOOA,150.78064697,-34.76094422,NSW
BRISBANE GROVE,149.71879167,-34.79507361,NSW
TAYLORS ARM,152.72393942,-30.76084233,NSW
SANDY BEACH,153.1789687,-30.14432994,NSW
STREAM HILL,150.78516897,-34.47305206,NSW
HEREFORD HALL,149.54547421,-35.77553989,NSW
WONGAWILLI,150.7519834,-34.47355953,NSW
SOUTH WINDSOR,150.80492126,-33.63009654,NSW
YABBRA,152.50441966,-28.62857899,NSW
MOUNT MITCHELL,151.84210657,-29.94340092,NSW
FITZGERALDS VALLEY,149.39365794,-33.52523071,NSW
MURRULEBALE,147.41223975,-34.70590296,NSW
PEJAR,149.53658996,-34.53356881,NSW
MORANS CROSSING,149.65230515,-36.66660604,NSW
HOMELEIGH,153.06124422,-28.56898826,NSW
CARCALGONG,149.71120367,-32.85591331,NSW
LINDESAY,150.29263123,-30.34214273,NSW
UPPER DUCK CREEK,152.69844798,-28.52175326,NSW
SANGER,146.13934133,-35.66886602,NSW
PIGEONBAH,148.08156071,-31.54073101,NSW
LIMBRI,151.2064643,-31.04717173,NSW
ELLERSTON,151.32836834,-31.77939881,NSW
WALLANGRA,150.91150395,-29.26081025,NSW
BINDERA,151.81819123,-32.02607634,NSW
YELLOW DAM,151.39422119,-29.38259424,NSW
MOUNT SAINT THOMAS,150.87204203,-34.44096297,NSW
ARTHURVILLE,148.73791614,-32.55593274,NSW
BACK CREEK,151.72887922,-28.96164976,NSW
KHANCOBAN,148.14530986,-36.25107991,NSW
BOREE CREEK,146.53743677,-35.07805923,NSW
GILMANDYKE,149.54586407,-33.78363594,NSW
BAERAMI CREEK,150.49333979,-32.57414178,NSW
LITTLE JILLIBY,151.36026149,-33.23570052,NSW
PIMLICO ISLAND,153.49439137,-28.91740673,NSW
PALMWOODS,153.40598553,-28.51410335,NSW
BASIN VIEW,150.55558159,-35.09108645,NSW
THERESA CREEK,152.79254708,-28.78416031,NSW
CHURCH POINT,151.28075987,-33.65191924,NSW
KAINS FLAT,149.85066829,-32.4728822,NSW
COONGBAR,152.69301673,-29.10257208,NSW
PIALLAMORE,151.06627758,-31.14602503,NSW
ROSSGLEN,152.73135636,-31.66707698,NSW
CAMBALONG,149.11477395,-36.89441875,NSW
RUNNING STREAM,149.8696727,-33.05748213,NSW
ROCKLEY MOUNT,149.55651949,-33.55256824,NSW
ROSE VALLEY,149.2581744,-36.12428493,NSW
BARCOONGERE,153.20236013,-29.90034146,NSW
ROSSI,149.49636391,-35.48796866,NSW
DEEP CREEK,152.66830565,-29.16160862,NSW
PIKAPENE,152.65492258,-29.04885693,NSW
WIRRIMAH,148.42041462,-34.11293713,NSW
HANNAM VALE,152.58353307,-31.71541572,NSW
BROCKLEY,151.85720318,-30.26183393,NSW
TERANIA CREEK,153.29444803,-28.61467412,NSW
RAND,146.52796525,-35.57590662,NSW
FORBES CREEK,149.50489935,-35.4235639,NSW
EIGHTEEN MILE,152.58856067,-29.27811414,NSW
BRUMBY PLAINS,152.65539028,-28.46320237,NSW
RYLSTONE,149.99921454,-32.75286359,NSW
WINGEN,150.91871253,-31.9014897,NSW
WONGO CREEK,150.51824935,-30.72847898,NSW
NEBEA,148.56242326,-30.89156019,NSW
BINGARA,150.57704813,-29.83823204,NSW
BATAR CREEK,152.6745502,-31.67025577,NSW
WOOLOMIN,151.14240654,-31.31293294,NSW
BARYULGIL,152.62585972,-29.22043515,NSW
MOUNTAIN LAGOON,150.62628868,-33.43757602,NSW
LEE CREEK,150.13537799,-32.53932718,NSW
PERICOE,149.57825205,-37.06140099,NSW
PYRAMUL,149.60982835,-32.92883034,NSW
ROSEBERY,151.20479914,-33.9188867,NSW
MULI MULI,152.58339064,-28.41822597,NSW
BALLALABA,149.63987349,-35.61882052,NSW
BUMBERRY,148.51553719,-33.15813014,NSW
RAWORTH,151.60728103,-32.72630213,NSW
MONIVAE,149.90442483,-32.69576239,NSW
TABBIL CREEK,151.73235204,-32.42248236,NSW
SANDILANDS,152.66039988,-28.89660949,NSW
GOORANGOOLA,151.19775979,-32.28728127,NSW
TAMBAROORA,149.41137865,-32.96376411,NSW
CARLAMINDA,149.30927197,-36.2853087,NSW
KELVIN,150.38782196,-30.82792609,NSW
UPPER TAYLORS ARM,152.67484205,-30.77718941,NSW
BURRAGATE,149.6447543,-37.0034529,NSW
FREEMANS,151.59313556,-33.19888956,NSW
MONTEREY,151.1476574,-33.97228207,NSW
RAMSGATE,151.1399794,-33.98258943,NSW
BRIBBAREE,147.89609838,-34.11403939,NSW
MOONBRIA,145.44534449,-35.12334384,NSW
EUROBODALLA,149.95907722,-36.16810763,NSW
KENNAICLE CREEK,152.81368099,-30.52656349,NSW
PONTO,148.78471028,-32.47989523,NSW
LAKE BREWSTER,145.99401102,-33.45850913,NSW
BUMBALONG,149.11010278,-35.83191814,NSW
TULLIBIGEAL,146.71045052,-33.39362286,NSW
ETTREMA,150.29509406,-34.89008682,NSW
STROUD HILL,151.81230573,-32.3793075,NSW
HYNDMANS CREEK,152.59970186,-31.4751151,NSW
PINDAROI,151.27596148,-29.46866324,NSW
RAMORNIE,152.70651895,-29.66231911,NSW
CRAWNEY,151.06839392,-31.5838444,NSW
HILLDALE,151.63641145,-32.49818225,NSW
EUCUMBENE,148.62437117,-36.13458448,NSW
KIPPAXS,152.32256996,-31.65165451,NSW
BRAEMAR BAY,148.67485752,-36.09820486,NSW
CABBAGE TREE ISLAND,153.45672376,-28.98075145,NSW
BARNEYS REEF,149.50421029,-32.17729707,NSW
LECONFIELD,151.39555725,-32.64877454,NSW
UPPER BINGARA,150.66477052,-30.06983028,NSW
DENISTONE EAST,151.09741786,-33.79598544,NSW
BILLYS CREEK,152.57730847,-30.16149876,NSW
TOLLAND,147.35146404,-35.14507337,NSW
WOOLI,153.23915896,-29.81656543,NSW
OLD GREVILLIA,152.88021182,-28.44615136,NSW
DURRAN DURRA,149.87155405,-35.33953737,NSW
YALBRAITH,149.74295084,-34.28715678,NSW
UPPER MONGOGARIE,152.80440762,-28.96943238,NSW
BEEMUNNEL,147.85476432,-31.67656136,NSW
THE GLEN,152.66043794,-28.40553724,NSW
CUNDLE FLAT,151.98907805,-31.81038407,NSW
WATSONS CREEK,151.00279901,-30.69740071,NSW
CARDIFF HEIGHTS,151.67228656,-32.93236351,NSW
BROKE,151.09251518,-32.77584268,NSW
YANNERGEE,150.06586758,-31.46343513,NSW
CARRINGTON,152.01797208,-32.66046197,NSW
BOHNOCK,152.56528034,-31.94609696,NSW
DUNBOGAN,152.81207588,-31.65986362,NSW
MARKWELL,152.17454754,-32.30627956,NSW
SEVEN OAKS,152.93220395,-30.99677,NSW
ENFIELD,151.09601178,-33.89022917,NSW
MANNUS,147.94631035,-35.83696528,NSW
NELLIGEN,150.10021963,-35.66678121,NSW
JUDDS CREEK,149.53683966,-33.84862982,NSW
PADDYS FLAT,152.42906221,-28.69519889,NSW
SHALLOW BAY,152.4166353,-32.21976248,NSW
WOODY HEAD,153.36699123,-29.36703317,NSW
EAST LISMORE,153.28826999,-28.82476277,NSW
COPACABANA,151.43608628,-33.48692294,NSW
MURRURUNDI,150.82515743,-31.77611658,NSW
MINIMBAH,152.37221269,-32.16163677,NSW
KUNDIBAKH,152.26087286,-31.98756301,NSW
BIRGANBIGIL,145.18462374,-35.5183392,NSW
LETHBRIDGE PARK,150.80039769,-33.73712201,NSW
ROCKY CREEK,150.21162038,-30.03282542,NSW
LONG POINT,149.23105446,-33.05606919,NSW
COWABBIE,146.95380142,-34.58477187,NSW
JONES ISLAND,152.59239926,-31.8609188,NSW
BIG YENGO,150.91202098,-32.97807065,NSW
MORUBEN,150.88206251,-33.05120673,NSW
MURRUMBIDGERIE,148.72860563,-32.38988327,NSW
FOUR MILE CREEK,148.94038479,-33.42816956,NSW
WESTDALE,147.88370276,-35.56985669,NSW
ARGYLE,151.8427715,-30.57181208,NSW
MARYLAND,152.04607029,-28.53922312,NSW
BILGOLA,151.31715515,-33.643966,NSW
CALARIE,148.0058896,-33.29933475,NSW
HILL TOP,148.6925468,-36.33299154,NSW
COLLINGWOOD,149.44953134,-32.60185794,NSW
OGUNBIL,151.2947916,-31.35328055,NSW
PAGES CREEK,151.21406717,-31.71125015,NSW
WEBBERS CREEK,151.51273706,-32.58239538,NSW
MIDDLE BROTHER,152.71018953,-31.69013439,NSW
WOMERAH,150.80017646,-33.23592893,NSW
ROPES CROSSING,150.77987205,-33.72913212,NSW
CLANDULLA,149.95639344,-32.92943043,NSW
FARGUNYAH,146.74477399,-35.12354341,NSW
MURRIN BRIDGE,146.3708944,-33.2066702,NSW
URANGELINE,146.5920966,-35.43255649,NSW
RIVERSTONE,150.86752365,-33.67761309,NSW
ALEXANDRIA,151.19282262,-33.90985169,NSW
KIAH,149.84609064,-37.16119825,NSW
PAXTON,151.2846845,-32.90392434,NSW
ROSEMEADOW,150.79266845,-34.10409531,NSW
HAROLDS CROSS,149.55911186,-35.57952194,NSW
MOUNT ELLIOT,151.38577108,-33.40501215,NSW
BAR BEACH,151.76857102,-32.93921522,NSW
WATTLE SPRINGS,149.26488845,-31.44069258,NSW
SUMMER HILL,151.50056774,-32.47853195,NSW
WESTDALE,147.88370275,-35.56985669,NSW
DARGAN,150.25029175,-33.48962417,NSW
RUN-O-WATERS,149.67019128,-34.76642348,NSW
NEILREX,149.38762025,-31.74140838,NSW
LAUREL HILL,148.09783515,-35.60315649,NSW
WARABROOK,151.71505858,-32.88564062,NSW
HUNTINGWOOD,150.88263457,-33.79789713,NSW
SUNNY CORNER,149.87721935,-33.37739405,NSW
LOGIE BRAE,145.50641869,-35.46407544,NSW
WAVERLY,151.08577365,-31.87243745,NSW
UPPER KARUAH RIVER,151.74450988,-32.16523802,NSW
YARRAGUNDRY,147.221657,-35.12145417,NSW
GOAT ISLAND,153.45785372,-28.98915647,NSW
WATERLOO,151.20731236,-33.89986722,NSW
MANILDRA,148.64851488,-33.21250464,NSW
EMU HEIGHTS,150.64976752,-33.73302621,NSW
MARYVILLE,151.75554622,-32.91137007,NSW
DALEYS POINT,151.35447081,-33.50580589,NSW
BERRARA,150.54927115,-35.20549394,NSW
PRETTY BEACH,150.35231224,-35.57775241,NSW
KOONAWARRA,150.8080386,-34.50741934,NSW
PRETTY PINE,144.84322796,-35.38850197,NSW
BRAYTON,150.0045157,-34.6274885,NSW
GREEN CREEK,151.03464838,-31.78785426,NSW
TUMORRAMA,148.48872699,-35.1936776,NSW
BURRANDANA,147.3530771,-35.40953228,NSW
RED HILL,148.37233156,-35.15847471,NSW
WOODPARK,150.96049174,-33.84134324,NSW
MIRADOR,149.92076747,-36.8773433,NSW
BRUIE PLAINS,147.87737959,-32.8211954,NSW
DIEHARD,152.08636784,-29.70625062,NSW
DUNVILLE LOOP,150.13849011,-32.90805373,NSW
COOGEE,151.25464179,-33.91975845,NSW
CORANGULA,152.67780102,-31.00083355,NSW
BELFRAYDEN,147.0553145,-35.11649815,NSW
HILLGROVE,147.35558055,-35.04357046,NSW
HOME RULE,149.62856467,-32.42484927,NSW
BONALBO,152.6250274,-28.71915859,NSW
FOSTERTON,151.76207576,-32.34816773,NSW
BERRIGAL,150.11466136,-29.9655144,NSW
GREENLANDS,149.44379059,-36.5179631,NSW
MAITLAND BAR,149.43112134,-32.73935539,NSW
PAGES RIVER,150.75453397,-31.8063766,NSW
KIPPENDUFF,152.79887193,-29.16051328,NSW
BIRDWOOD,152.32493737,-31.35058473,NSW
OLD ADAMINABY,148.69372405,-36.0401616,NSW
WELBY,150.4306065,-34.43923918,NSW
WADEVILLE,153.13439571,-28.56238614,NSW
BLUE COW,148.39654563,-36.38261619,NSW
BUNDABAH,152.06376103,-32.67031451,NSW
NORTH ST MARYS,150.78435409,-33.75491109,NSW
BRUNGLE CREEK,148.29186554,-35.15662863,NSW
DHARRUK,150.81562202,-33.7481397,NSW
CRAVEN PLATEAU,151.76999224,-31.87252557,NSW
MOORWATHA,146.7286628,-35.91896002,NSW
BAXTERS RIDGE,151.90427274,-31.70735155,NSW
BORAMBIL,150.63720821,-31.50596485,NSW
WYBUNG,151.60472405,-33.19248279,NSW
QUIDONG,149.04514101,-36.93604764,NSW
ATHOLWOOD,151.04708869,-29.06776367,NSW
WANDELLA,149.86202371,-36.31668115,NSW
LORNE,152.60537861,-31.66214042,NSW
COLEBEE,150.8566992,-33.72428323,NSW
DOLLYS FLAT,152.29855534,-31.86661628,NSW
KINGHORNE,150.77000489,-34.97973086,NSW
MOUNT COLAH,151.12812485,-33.66677834,NSW
SCOTIA,141.48936134,-33.15043448,NSW
WILLIGOBUNG,148.03795373,-35.65558992,NSW
PINNACLE SWAMP,149.91363705,-32.77384077,NSW
GRAWLIN,148.04504232,-33.50624164,NSW
TANNABAR,149.16916125,-31.35338786,NSW
WEELONG,147.74218977,-33.56644255,NSW
ELLERSLIE,147.90894601,-35.30886693,NSW
CUMBIJOWA,148.14762464,-33.45060102,NSW
BARWON,148.9296255,-31.00581608,NSW
BOX RIDGE,149.4619377,-31.41470991,NSW
BUNGLEGUMBIE,148.57941829,-32.19243315,NSW
ROPERS ROAD,149.52532,-31.53691008,NSW
JONES CREEK,148.04195136,-35.00458506,NSW
BOAT HARBOUR,152.11042646,-32.78447019,NSW
BROADWATER,153.42657424,-29.03498224,NSW
CEDAR CREEK,151.1766267,-32.83541753,NSW
COLO,149.26560453,-33.77868494,NSW
DEEP CREEK,152.68326648,-28.96925833,NSW
ENMORE,151.83351,-30.7308014,NSW
HILLSBOROUGH,151.47646987,-32.63274605,NSW
LAMBS VALLEY,151.4640285,-32.57043808,NSW
LONG PLAIN,148.58054111,-35.6618641,NSW
MOGO,150.10160385,-35.79415762,NSW
MURONBUNG,148.98125164,-32.1224794,NSW
TRUSTUMS HILL,153.3406045,-29.10805545,NSW
BANDON,148.28285298,-33.5439556,NSW
BEDGEREBONG,147.6997833,-33.33352758,NSW
BENI,148.7523621,-32.22198166,NSW
BEROWRA CREEK,151.14445948,-33.54328531,NSW
BIRAGANBIL,149.41133877,-32.40540454,NSW
NAPIER LANE,149.53389141,-31.23629004,NSW
CARRAWABBITY,147.8495267,-33.36780578,NSW
PENROSE,150.77061163,-34.51972843,NSW
RAZORBACK,150.65308552,-34.1523155,NSW
PADDYS FLAT,152.42906226,-28.6951989,NSW
ROCKY CREEK,150.21162041,-30.03282541,NSW
TORRYBURN,151.58073865,-32.47304471,NSW
WESTELLA,148.8479201,-32.29235348,NSW
MAYFIELD,149.78141956,-35.23628762,NSW
RIVERVIEW,150.74592596,-29.88250484,NSW
BLACK CREEK,148.03351028,-35.32866413,NSW
KIAMA HEIGHTS,150.84249534,-34.70134979,NSW
YANTABULLA,145.04155815,-29.28980667,NSW
ZETLAND,151.20860004,-33.9074445,NSW
TOWAMBA,149.70154131,-37.1138975,NSW
WYLIE CREEK,152.17915538,-28.56080049,NSW
LANKEYS CREEK,147.63185939,-35.83216651,NSW
TALLOWAL,150.22767006,-34.84194854,NSW
PLEASANT HILLS,146.7857091,-35.47158268,NSW
BOURNEWOOD,148.76290523,-32.74976038,NSW
BERLANG,149.68553159,-35.67980085,NSW
KIAR,151.44354289,-33.20710973,NSW
SOUTH GOLDEN BEACH,153.5471105,-28.49810213,NSW
BONDI BEACH,151.27244284,-33.88965573,NSW
BANKSMEADOW,151.21531833,-33.95553914,NSW
WILEY PARK,151.06744209,-33.92433937,NSW
CORNEY TOWN,150.17757928,-33.47548622,NSW
WHALAN,150.80507185,-33.75601684,NSW
WARATAH WEST,151.71324186,-32.89889327,NSW
WARRANULLA,152.12824424,-32.19028541,NSW
ROCKY HALL,149.50981639,-36.92262271,NSW
ASHTONFIELD,151.59913592,-32.77996934,NSW
WILLMOT,150.79284975,-33.72407029,NSW
BREAKFAST CREEK,149.97459349,-32.6626567,NSW
CANADA BAY,151.11535961,-33.86514129,NSW
KYBEYAN,149.42658968,-36.3823998,NSW
NORTH BROTHER,152.77319839,-31.65735688,NSW
MACKSVILLE,152.91729901,-30.72149312,NSW
MOUNT VERNON,150.81009246,-33.86028902,NSW
OMADALE,151.31062024,-31.88117387,NSW
WALLENDBEEN,148.11889479,-34.51410394,NSW
WATTLE PONDS,151.19142572,-32.52098384,NSW
CHARLOTTE PASS,148.33338004,-36.43952479,NSW
CAWDOR,150.66977955,-34.09892725,NSW
BAYVIEW,151.29009912,-33.66188065,NSW
TURLINJAH,150.07360505,-36.02949411,NSW
ELIZABETH HILLS,150.84829007,-33.90051936,NSW
RENNIE,146.13074363,-35.81694198,NSW
BELLA VISTA,150.95290604,-33.73826067,NSW
WARRAH CREEK,150.68180376,-31.77181457,NSW
CHARLEYS FOREST,150.00281735,-35.3601177,NSW
BINGLEBURRA,151.61815743,-32.37692646,NSW
WATTLE FLAT,149.68467875,-33.14062748,NSW
DUNCANS CREEK,151.20287955,-31.38693153,NSW
BERRAMBOOL,149.90984069,-36.8803818,NSW
COLLAROY,151.30092763,-33.73808361,NSW
MONDAYONG,150.50733081,-35.17917062,NSW
COLLAROY PLATEAU,151.29071292,-33.73030782,NSW
SEAHAMPTON,151.58246498,-32.8835872,NSW
OXFORD FALLS,151.24539365,-33.73209097,NSW
BOOTI BOOTI,152.52230903,-32.31681502,NSW
WALLEROOBIE,147.03034128,-34.48391523,NSW
JERRABATTGULLA,149.5828234,-35.6841071,NSW
COASTERS RETREAT,151.29854661,-33.60499308,NSW
POLA CREEK,152.8740598,-31.05443345,NSW
SOUTH WENTWORTHVILLE,150.97016685,-33.82107985,NSW
CORDEAUX HEIGHTS,150.82698259,-34.44417415,NSW
BURWOOD HEIGHTS,151.104154,-33.88974875,NSW
WAVERTON,151.19779267,-33.83980777,NSW
TULLYMORGAN,153.11038138,-29.38604746,NSW
GREVILLIA,152.8197902,-28.44662519,NSW
BOTTLE CREEK,152.65225882,-28.78832909,NSW
KARAAK FLAT,152.28995959,-31.91652447,NSW
DABEE,150.05426101,-32.84597292,NSW
LEVENSTRATH,152.93486667,-29.82499987,NSW
FALBROOK,151.13255901,-32.41906733,NSW
WRIGHTS BEACH,150.66664427,-35.11599828,NSW
BOBADAH,146.6852221,-32.27329094,NSW
MOUNT DARRAGH,149.57726239,-36.84772534,NSW
DUMARESQ VALLEY,151.48485493,-29.17225911,NSW
BOAMBEE,153.05600225,-30.33393996,NSW
STOTTS CREEK,153.50550434,-28.2811652,NSW
TALLWOOD,149.12083924,-33.50366251,NSW
EDGEROI,149.77476415,-30.0866551,NSW
BLAXLANDS RIDGE,150.79698741,-33.47376274,NSW
TALAWANTA,147.06009615,-29.60139692,NSW
COLONGRA,151.54358204,-33.20668201,NSW
MOUNT IRVINE,150.45948339,-33.48552981,NSW
WARRADERRY,148.24989566,-33.71839208,NSW
CATTAI,150.9144207,-33.54570361,NSW
TINGIRA HEIGHTS,151.66677769,-32.99710458,NSW
TERRAMUNGAMINE,148.4983131,-32.07756293,NSW
GROWEE,150.08222276,-32.64287083,NSW
CADGEE,149.90541876,-36.15835817,NSW
BROGANS CREEK,149.97829717,-32.99097115,NSW
TUBBAMURRA,151.78377017,-30.10240012,NSW
MOUNT DAVID,149.60999484,-33.84292241,NSW
KENDALL,152.69300088,-31.63676319,NSW
PAPPINBARRA,152.47751503,-31.35695561,NSW
BARRY,151.28379835,-31.59993685,NSW
KINDEE,152.4337828,-31.39216597,NSW
WEST HAVEN,152.78392731,-31.63501909,NSW
BLACKWALL,151.33516396,-33.50488322,NSW
HOLROYD,150.99783602,-33.8297397,NSW
WELLINGTON,148.96110033,-32.56563166,NSW
MORAGO,144.71918361,-35.34618801,NSW
REDFERN,151.20678301,-33.89311051,NSW
SOUTH GUNDAGAI,148.13076517,-35.12338485,NSW
TOONGABBIE,150.94858146,-33.79033148,NSW
MUNNI,151.67102633,-32.31796044,NSW
BULLABURRA,150.41767605,-33.72921518,NSW
BEVERLEY PARK,151.13183376,-33.97800542,NSW
WIRRIMBI,152.92591235,-30.67092427,NSW
HIGHFIELDS,151.71740094,-32.95577638,NSW
CARTWRIGHT,150.88944816,-33.92500837,NSW
TANTONAN,144.62785623,-35.70693765,NSW
BUCKAROO,149.66097044,-32.56415602,NSW
ARUMPO,143.10020839,-33.54183464,NSW
BENANDARAH,150.21875801,-35.626506,NSW
FIVE WAYS,146.98184193,-32.1657524,NSW
MAYRUNG,145.32609771,-35.47353298,NSW
LONGARM,150.55020697,-30.49231463,NSW
BOURKELANDS,147.34720767,-35.15580161,NSW
COURABYRA,147.98835428,-35.70241229,NSW
BOMADERRY,150.60473328,-34.84655333,NSW
ABERNETHY,151.40219007,-32.88754149,NSW
MYRTLE PARK,145.44390077,-35.54735326,NSW
WARWICK FARM,150.93702514,-33.91276098,NSW
THYRA,144.74399662,-35.8448582,NSW
RENO,148.04195136,-35.00458506,NSW
WINMALEE,150.61218863,-33.67692982,NSW
YASS RIVER,149.12184805,-34.92461318,NSW
FALLS CREEK,150.59338455,-34.9977921,NSW
BARRABA,150.54961537,-30.3604627,NSW
LIVERPOOL,150.91586846,-33.92362346,NSW
NANGUS,147.92927813,-35.02163393,NSW
WEROMBI,150.57974657,-33.98617254,NSW
COTTAGE POINT,151.20368389,-33.61966966,NSW
KOGARAH BAY,151.12445628,-33.98352829,NSW
BOOKER BAY,151.34727389,-33.51422835,NSW
MOUNT MURRAY,150.63510238,-34.54975776,NSW
BINYA,146.33935753,-34.14310338,NSW
THERESA PARK,150.63571079,-33.99084131,NSW
IRON POT CREEK,152.86123505,-28.63702673,NSW
COPPABELLA,147.75047998,-35.74689276,NSW
TALOFA,153.55515859,-28.67355771,NSW
LADE VALE,149.15764064,-34.85001413,NSW
LONDONDERRY,150.73637742,-33.65367689,NSW
LURNEA,150.89717373,-33.93596111,NSW
ASHCROFT,150.89988455,-33.91601515,NSW
EAST KANGALOON,150.60266147,-34.5273244,NSW
ETTALONG BEACH,151.3332968,-33.51528057,NSW
MOSSGIEL,144.57687535,-33.31054398,NSW
MEDOWIE,151.88005915,-32.73934448,NSW
DHULURA,147.29801157,-35.01624875,NSW
RANKINS SPRINGS,146.16411902,-33.83660249,NSW
DYRAABA,152.84853949,-28.77285221,NSW
MACQUARIE PASS,150.66135179,-34.56239459,NSW
GLENDENNING,150.85422386,-33.7481141,NSW
GARLAND VALLEY,150.7419063,-32.92449379,NSW
BUSBY,150.88068759,-33.9112268,NSW
SMITHFIELD,150.93812984,-33.84850489,NSW
BOOROOMA,147.36699366,-35.07110933,NSW
BARRINGTON,151.89593668,-31.9946895,NSW
BALLADORAN,148.54409595,-31.87726628,NSW
KICKABIL,148.3992157,-31.91072835,NSW
CULMARAN CREEK,152.67358241,-28.86617119,NSW
BURWOOD,151.10382326,-33.87803783,NSW
ROOTY HILL,150.84286179,-33.77199627,NSW
CONARGO,145.17206194,-35.2427163,NSW
PYMBLE,151.14036529,-33.74458668,NSW
POTTS HILL,151.03244142,-33.89274756,NSW
CHARLES STURT UNIVERSITY,147.35831485,-35.06050139,NSW
LEICHHARDT,151.15476762,-33.88240458,NSW
LONG POINT,151.12084837,-32.56519648,NSW
WILLIAMTOWN,151.83881587,-32.80500102,NSW
TRUNDLE,147.71084787,-32.87140869,NSW
PITNACREE,151.59018798,-32.73271509,NSW
ESTELLA,147.35083863,-35.07547167,NSW
QUAAMA,149.88621407,-36.46579705,NSW
TEVEN,153.4919997,-28.81530933,NSW
FORBES,147.98117374,-33.39570681,NSW
MABINS WELL,145.52566015,-34.90684897,NSW
KURNELL,151.18886541,-34.02254732,NSW
COMBOYNE,152.46742488,-31.59832522,NSW
NORTH BOAMBEE VALLEY,153.07101447,-30.30945312,NSW
CAMPSIE,151.10286346,-33.91229862,NSW
GOULDSVILLE,151.08879276,-32.57951486,NSW
WONDALGA,148.09811701,-35.39457882,NSW
LOCKHART,146.76771325,-35.17946781,NSW
MIRROOL,147.0644405,-34.23767515,NSW
HERONS CREEK,152.7185572,-31.55980101,NSW
WESTMEAD,150.98625217,-33.80866087,NSW
OURA,147.59871283,-35.08232641,NSW
COLLIE,148.30178881,-31.68144052,NSW
CADDENS,150.73347239,-33.77297002,NSW
NORTH WAGGA WAGGA,147.38812482,-35.09558219,NSW
BELLAMBI,150.91729305,-34.36842024,NSW
WARNERVALE,151.43019092,-33.2490869,NSW
SILVERWATER,151.55816573,-33.10310591,NSW
TINDAREY,145.96759129,-31.05090447,NSW
GULMARRAD,153.2247243,-29.50053932,NSW
CRANGAN BAY,151.59515875,-33.16841565,NSW
CARNES HILL,150.84872667,-33.93770249,NSW
BINNA BURRA,153.49076098,-28.70926568,NSW
TREWILGA,148.23074748,-32.78722867,NSW
BELLMOUNT FOREST,149.25497707,-34.91197285,NSW
RUBY CREEK,152.01835132,-28.62589607,NSW
COPELAND,151.82566445,-31.97844304,NSW
HUNTLEYS POINT,151.14414614,-33.83957257,NSW
NUNDLE,151.11266595,-31.45858146,NSW
WATERVIEW HEIGHTS,152.8514693,-29.69251136,NSW
SOUTHAMPTON,152.89871817,-29.71468894,NSW
ARGOON,145.65719667,-34.91814068,NSW
OBAN,151.86492567,-30.10222599,NSW
RYAN,146.88318619,-35.53601988,NSW
LYNWOOD,153.44248677,-28.87194714,NSW
CULLIVEL,146.4661425,-35.25186683,NSW
COOLEYS CREEK,148.08968056,-35.33971864,NSW
ULTIMO,151.19795386,-33.88027468,NSW
HOLGATE,151.4048829,-33.40477202,NSW
GRAYS POINT,151.08116744,-34.05878651,NSW
BOWLING ALLEY POINT,151.14027301,-31.37771547,NSW
ALLWORTH,151.94510241,-32.54160484,NSW
KELLYVILLE,150.95854618,-33.70997635,NSW
HOMEBUSH,151.08060052,-33.86279017,NSW
WOLLSTONECRAFT,151.19516798,-33.83256663,NSW
KULNURA,151.17088364,-33.20020226,NSW
ST LEONARDS,151.19282882,-33.82280361,NSW
BANGOR,151.03319927,-34.01603335,NSW
JERRAWANGALA,150.44078389,-35.0746961,NSW
CONGARINNI,152.87345961,-30.7538646,NSW
COBAR,145.79188539,-31.4823196,NSW
GUNDARY,149.79422833,-34.83841057,NSW
BECKOM,146.99513138,-34.30252313,NSW
TOOTOOL,146.98596459,-35.24237292,NSW
ROWAN,147.33032974,-35.20566248,NSW
LOWER PAPPINBARRA,152.58923134,-31.41703406,NSW
LONG FLAT,152.48972006,-31.43883097,NSW
MAISON DIEU,151.09026026,-32.53778466,NSW
COOLRINGDON,148.9780122,-36.25920497,NSW
MILLINGANDI,149.85688771,-36.88699363,NSW
SCOTLAND ISLAND,151.29121262,-33.63990589,NSW
BYABARRA,152.54793012,-31.5293994,NSW
HORSESHOE BEND,151.56851317,-32.73528418,NSW
ALSTONVILLE,153.44948607,-28.84086147,NSW
UPPER COPMANHURST,152.74925271,-29.56626182,NSW
WORONORA,151.04279676,-34.02430794,NSW
ANGOURIE,153.35614854,-29.47300289,NSW
TOOTHDALE,149.7534945,-36.78212536,NSW
UNGARIE,146.91626445,-33.57333154,NSW
BLIGHTY,145.31105352,-35.59935434,NSW
MILBRULONG,146.87044081,-35.25208793,NSW
ANNANDALE,151.17140108,-33.88072208,NSW
YENNORA,150.96823642,-33.86182939,NSW
ALLAMBIE HEIGHTS,151.24883903,-33.76957418,NSW
HALLORAN,151.43727204,-33.23021549,NSW
BIRRONG,151.02076523,-33.89234836,NSW
BURNT BRIDGE,152.80312956,-31.10933116,NSW
COBBITTY,150.68095009,-33.99111143,NSW
CABRAMATTA,150.9332664,-33.89781984,NSW
TRANGIE,147.91361909,-32.06032982,NSW
BALCOLYN,151.55199284,-33.0957953,NSW
YAMBA,153.34062881,-29.43320872,NSW
AYLMERTON,150.49839213,-34.42185141,NSW
HARTLEY VALE,150.23326675,-33.53311023,NSW
LORN,151.57244816,-32.72698477,NSW
HORNSBY,151.09590751,-33.69798226,NSW
WICKHAM,151.75712092,-32.91951349,NSW
PARINGI,142.39042272,-34.29183819,NSW
BAGNOO,152.53442739,-31.47104199,NSW
LOOMBERAH,151.0188283,-31.28290894,NSW
ALBION PARK RAIL,150.79487583,-34.56183156,NSW
BROGERS CREEK,150.68975092,-34.70012534,NSW
BOMBOWLEE,148.24465651,-35.26236528,NSW
ROYAL NATIONAL PARK,151.06911345,-34.11063762,NSW
BOMEN,147.43316349,-35.06138251,NSW
AVON,150.66857372,-34.42539839,NSW
EDMONDSON PARK,150.85720903,-33.96246201,NSW
URANQUINTY,147.22014922,-35.20230443,NSW
CONJOLA PARK,150.44093773,-35.2640491,NSW
PRAIRIEWOOD,150.90519088,-33.86324543,NSW
PIPECLAY,152.55812714,-31.43904167,NSW
TUPPAL,145.30739585,-35.68221719,NSW
MONAK,142.290686,-34.2978282,NSW
LOFTUS,151.04494039,-34.04582828,NSW
CHATSWOOD WEST,151.16053117,-33.7955824,NSW
BERRY MOUNTAIN,150.64959984,-34.76567879,NSW
STANBRIDGE,146.26601632,-34.50579732,NSW
WARRIEWOOD,151.29558634,-33.68883951,NSW
MIDDLETON GRANGE,150.84276448,-33.91463846,NSW
CANLEY VALE,150.94769144,-33.88628562,NSW
HINCHINBROOK,150.86346007,-33.91817649,NSW
ERSKINEVILLE,151.18572651,-33.90256362,NSW
MINNAMURRA,150.85080079,-34.62304017,NSW
WALANG,149.76891148,-33.45398463,NSW
BRUNSWICK HEADS,153.54366713,-28.55585472,NSW
BARMEDMAN,147.42093834,-34.10803719,NSW
GIRRAL,147.14582203,-33.66478294,NSW
PLUMPTON,150.837052,-33.75189633,NSW
CAMBRIDGE PARK,150.72672865,-33.74968707,NSW
CLEMTON PARK,151.10391871,-33.92605198,NSW
PORT HACKING,151.12529066,-34.06933992,NSW
BROOKONG,146.58486579,-35.30232929,NSW
FIVE DOCK,151.1289485,-33.86736825,NSW
MILLER,150.87849371,-33.9212648,NSW
GLENTHORNE,152.4785687,-31.92784163,NSW
MATCHAM,151.42692151,-33.40672667,NSW
MUMMEL,149.5663474,-34.66298819,NSW
MERIMBULA,149.89804197,-36.89269688,NSW
BELBORA,152.16918951,-31.98412426,NSW
BLACKBUTT,150.84009626,-34.57107998,NSW
CARDIFF SOUTH,151.66365172,-32.95461404,NSW
ORANGE,149.07236304,-33.25298702,NSW
MULLA CREEK,151.17780997,-31.14321088,NSW
UPPER KANGAROO VALLEY,150.62319003,-34.64800558,NSW
CAERLEON,149.55014456,-32.57792107,NSW
CANOBOLAS,149.00408267,-33.35529709,NSW
ELSMORE,151.29442821,-29.82606557,NSW
BELFIELD,151.08590335,-33.90451607,NSW
LANSDOWNE FOREST,152.57594115,-31.74716319,NSW
GOODWOOD ISLAND,153.30779076,-29.3807676,NSW
BUCKRA BENDINNI,152.68955801,-30.64625029,NSW
MONTECOLLUM,153.46192878,-28.59159663,NSW
ILARWILL,153.17547824,-29.48422183,NSW
BRUNDEE,150.65760219,-34.89228916,NSW
PALMERS ISLAND,153.29434864,-29.42258136,NSW
BLUE MOUNTAINS NATIONAL PARK,150.35350248,-33.90859442,NSW
HAYWARDS BAY,150.79412087,-34.54456453,NSW
HARTLEY,150.16376859,-33.54071862,NSW
GYMEA,151.08565852,-34.03442414,NSW
CLOTHIERS CREEK,153.49632264,-28.33172516,NSW
ASHFIELD,151.12617753,-33.88871498,NSW
UPPER KANGAROO RIVER,150.59312711,-34.69316001,NSW
DALWOOD,153.41260955,-28.89416933,NSW
WAKEFIELD,151.55667727,-32.96885073,NSW
ELLAND,152.89727965,-29.77420641,NSW
FAIRFIELD HEIGHTS,150.94022056,-33.86665621,NSW
CHELTENHAM,151.07841892,-33.75710801,NSW
RANDWICK,151.24106562,-33.91542427,NSW
BENNETTS GREEN,151.69820309,-32.99959508,NSW
MEBBIN,153.16241377,-28.44988031,NSW
YARRABIN,149.28911513,-32.62764137,NSW
BARNSLEY,151.58539863,-32.92813296,NSW
ARABLE,148.98212702,-36.38236477,NSW
FISHERMANS REACH,152.99843161,-30.8687994,NSW
BEAUMONT HILLS,150.94024651,-33.6977586,NSW
BADGERYS CREEK,150.74521568,-33.8820035,NSW
BARRINGELLA,150.46262603,-34.91173331,NSW
DOWNSIDE,147.3517623,-34.98762065,NSW
UPPER DUROBY,153.43541504,-28.25150833,NSW
BOAT HARBOUR,153.36763901,-28.77855148,NSW
WALLARAH,151.46057762,-33.22506414,NSW
KINGSGROVE,151.09931305,-33.93933588,NSW
UPPER TOOLOOM,152.37321483,-28.56240876,NSW
HORSLEY,150.77327241,-34.48999736,NSW
WOODLANDS,150.18393825,-35.80016583,NSW
KIRRIBILLI,151.21592191,-33.84770374,NSW
LILYFIELD,151.16117169,-33.87107724,NSW
BACK CREEK,152.05316487,-31.96167384,NSW
MORNING BAY,151.28241562,-33.62485456,NSW
BACK CREEK,153.17017101,-28.4093306,NSW
CARINGBAH,151.12684649,-34.03506032,NSW
MEERSCHAUM VALE,153.41379451,-28.92648633,NSW
GOWANG,149.07430979,-31.42597643,NSW
WERRI BEACH,150.83423405,-34.73333058,NSW
GLENMORE PARK,150.68001103,-33.7915911,NSW
KENSINGTON,151.2206375,-33.91335534,NSW
SALAMANDER BAY,152.09001537,-32.7330342,NSW
LIMPINWOOD,153.19738123,-28.3001549,NSW
MIDDLE ARM,149.73336844,-34.59759543,NSW
HOLBROOK,147.31363972,-35.69696905,NSW
VINEYARD,150.84469403,-33.64847163,NSW
EPPING,151.07628856,-33.77281342,NSW
WARRAL,150.85801383,-31.15767673,NSW
THIRROUL,150.91351248,-34.31441333,NSW
BROUGHTON,150.72676616,-34.75701485,NSW
GREEN FOREST,153.3624289,-28.97011553,NSW
THE PONDS,150.90550327,-33.70544797,NSW
ASHBY,153.18377164,-29.44213421,NSW
THORNTON,151.63681647,-32.78225118,NSW
BURRINGBAR,153.46312074,-28.4210702,NSW
LIMEBURNERS CREEK,152.89298649,-31.33259961,NSW
TELEGRAPH POINT,152.78371517,-31.32899893,NSW
COLO,149.26533752,-33.77856504,NSW
DUNBIBLE,153.39162499,-28.37781568,NSW
BATEAU BAY,151.47215544,-33.3861547,NSW
KATOOMBA,150.30020654,-33.70612263,NSW
DUNEDOO,149.38278516,-32.01982677,NSW
SEAFORTH,151.24189797,-33.79203469,NSW
LUDDENHAM,150.71008851,-33.86326765,NSW
COMMISSIONERS CREEK,153.33211624,-28.49881762,NSW
HARRIS PARK,151.01118758,-33.82253736,NSW
BOGGABILLA,150.18519638,-28.7045076,NSW
TOWNSEND,153.22069212,-29.46622369,NSW
WARREGAH ISLAND,153.22619384,-29.38548299,NSW
JERRARA,150.81729691,-34.67757055,NSW
LAGGAN,149.56284428,-34.34917165,NSW
MELONBA,150.79854509,-33.69344326,NSW
BALMAIN,151.1798746,-33.85817941,NSW
ERUDGERE,149.49979715,-32.57360638,NSW
MAIANBAR,151.12895241,-34.07807031,NSW
SWEETMANS CREEK,151.1829865,-32.88892442,NSW
YENABILLI,151.08522251,-34.10162049,NSW
WILPINJONG,149.8778798,-32.3268499,NSW
CRESCENT HEAD,152.92490553,-31.2148017,NSW
FOXGROUND,150.76106999,-34.71324614,NSW
WENTWORTH POINT,151.07717308,-33.82763289,NSW
MAYFIELD,150.66848812,-34.91989344,NSW
COMBERTON,150.6485065,-34.96838909,NSW
WOODBINE,150.82062868,-34.04699027,NSW
WORONORA HEIGHTS,151.02698369,-34.03449253,NSW
ROUS,153.40672903,-28.86359891,NSW
WARDROP VALLEY,153.454557,-28.36624044,NSW
MURULLA,150.86884487,-31.8361817,NSW
CHERRY TREE HILL,151.00757449,-29.56115328,NSW
THE ENTRANCE,151.49576294,-33.34503208,NSW
BOWRAVILLE,152.8641166,-30.63356691,NSW
CARRATHOOL,145.41908086,-34.42960456,NSW
HASTINGS POINT,153.57213951,-28.36270662,NSW
GUNNEDAH,150.20865352,-30.99583619,NSW
DENHAM COURT,150.83267288,-33.98141409,NSW
MANAR,149.67827689,-35.26975086,NSW
COOYAL,149.77430083,-32.4441883,NSW
GLENELLEN,146.9037371,-35.88466295,NSW
TARANA,149.88447293,-33.54807671,NSW
PADSTOW,151.03224922,-33.95066864,NSW
ESSINGTON,149.71389839,-33.74059858,NSW
QUANDA,148.74036262,-31.10235981,NSW
FORTIS CREEK,152.87303702,-29.47410343,NSW
BLACK HOLLOW,148.86615543,-31.1089405,NSW
WYOMING,151.3635216,-33.40465653,NSW
MACDONALDS CREEK,150.44250886,-31.8068135,NSW
KINCUMBER,151.39933146,-33.47260732,NSW
MOUNT TENANDRA,148.76499097,-31.20028331,NSW
PALM GROVE,151.30370105,-33.31837669,NSW
CATTLE CREEK,150.2660754,-31.77013443,NSW
KULWIN,144.9149744,-32.33150927,NSW
REEFTON,147.39568917,-34.22816221,NSW
PEATS RIDGE,151.2315017,-33.34452477,NSW
BOGAN,147.49144776,-32.02591623,NSW
MULLENGUDGERY,147.48027475,-31.71170743,NSW
LANSDOWNE,150.97539011,-33.89612774,NSW
REEDY CREEK,151.33539235,-32.46564864,NSW
GLEN OAK,151.70805509,-32.60566329,NSW
DEEPWATER,151.93350736,-29.43776683,NSW
BUNGAWALBIN,153.20138963,-29.11230857,NSW
TELOPEA,151.04040855,-33.79371245,NSW
WOODSTOCK,148.87758431,-33.769323,NSW
BEECROFT,151.0612737,-33.75306305,NSW
WALDEGRAVE,149.04826266,-33.43794565,NSW
MENAH,149.54449283,-32.53419992,NSW
POSSUM CREEK,153.49360107,-28.67125288,NSW
NADGEE,149.86009829,-37.36614395,NSW
GOONELLABAH,153.33124881,-28.82173669,NSW
WHITE ROCK,149.61729168,-33.46530212,NSW
BYWONG,149.32851931,-35.17116133,NSW
UPPER MAIN ARM,153.39451272,-28.4907946,NSW
WOODFORD,150.4784845,-33.73604524,NSW
KEMPS CREEK,150.78736267,-33.86592441,NSW
BROMBIN,152.63286666,-31.45708351,NSW
CASUARINA,153.57093337,-28.30085841,NSW
FERNBANK CREEK,152.84227139,-31.42096606,NSW
ARGENTON,151.63068693,-32.93521839,NSW
OBERNE CREEK,147.84941202,-35.43505974,NSW
BRADFIELD,150.7340462,-33.91637275,NSW
WARKWORTH,151.02025079,-32.55863334,NSW
WAY WAY,152.93976501,-30.7806273,NSW
TAMWORTH,150.93203931,-31.09273535,NSW
TOORANIE,143.66029238,-35.01949484,NSW
GRETA,151.38667825,-32.68899661,NSW
WINDEYER,149.57146229,-32.79976508,NSW
DRIPSTONE,149.02184914,-32.63880308,NSW
WORLDS END,149.38017285,-32.66721868,NSW
WILTON,150.68562135,-34.26596143,NSW
GUNDY,150.9836501,-31.99620871,NSW
OAK FLATS,150.82192288,-34.56233136,NSW
ASHBY HEIGHTS,153.17464543,-29.39581781,NSW
WILLOW VALE,150.79201081,-34.73978126,NSW
EUSTON,142.87920061,-34.35407003,NSW
TERRAGON,153.28988774,-28.43925351,NSW
HILLVUE,150.91202735,-31.12922261,NSW
CORNWALLIS,150.80032128,-33.5865552,NSW
WOOLGOOLGA,153.16344255,-30.0996169,NSW
BLUE NOBBY,150.6141971,-29.06197835,NSW
YARRA,149.60342493,-34.8137484,NSW
HYDES CREEK,152.92513999,-30.41729226,NSW
DAPTO,150.79408601,-34.50538183,NSW
ADAMSTOWN,151.72531179,-32.93827538,NSW
COBBADAH,150.56886616,-30.20493606,NSW
WILLI WILLI,152.38881636,-30.96636394,NSW
KOORAWATHA,148.58225901,-34.02122175,NSW
WOODLAWN,153.31819131,-28.76724799,NSW
NEWCASTLE WEST,151.76076461,-32.92826591,NSW
GROSE VALE,150.6561842,-33.58537712,NSW
LANSDOWNE,152.51474103,-31.76133941,NSW
AUDLEY,151.06011918,-34.06204039,NSW
GULF CREEK,150.73648742,-30.17645471,NSW
CUMBO,149.88827404,-32.4008506,NSW
CARDIFF,151.65837442,-32.94166907,NSW
BURRUMBUTTOCK,146.79470812,-35.83007875,NSW
GRANVILLE,151.00882249,-33.83510794,NSW
TOTTENHAM,147.24747197,-32.26849914,NSW
MARDI,151.40132579,-33.29361651,NSW
LAVERSTOCK,148.87482352,-34.65096214,NSW
LAKELANDS,151.6497311,-32.96184161,NSW
SEGENHOE,150.92564875,-32.07219944,NSW
HILLSBOROUGH,151.67410569,-32.96168882,NSW
WAVERLEY,151.25577011,-33.90131672,NSW
ST PETERS,151.17617721,-33.91579424,NSW
UPPER WILSONS CREEK,153.38259472,-28.52377843,NSW
BLACKMANS FLAT,150.06493851,-33.33798282,NSW
CLOVELLY,151.26310292,-33.911805,NSW
SOUTH GRANVILLE,151.01068318,-33.85779344,NSW
LITTLE HARTLEY,150.18723828,-33.58974873,NSW
MARRICKVILLE,151.15546451,-33.91114736,NSW
BERRY PARK,151.65761208,-32.74370106,NSW
BYANGUM,153.36167288,-28.35835988,NSW
BROUGHTON VALE,150.70884524,-34.73785969,NSW
FREEMANS REACH,150.79933897,-33.5625313,NSW
MOUNT HUNTER,150.61203845,-34.09920998,NSW
WARRAWONG,150.88253377,-34.48676087,NSW
CRYSTAL CREEK,153.31478981,-28.31613396,NSW
MACMASTERS BEACH,151.41179869,-33.49507415,NSW
BARRAGANYATTI,152.92538311,-30.87626857,NSW
YARRAHAPINNI,152.94862764,-30.82099318,NSW
UPPER HORSESHOE CREEK,153.10799949,-28.49803842,NSW
TRENAYR,152.9581605,-29.61499898,NSW
WANGANUI,153.38156773,-28.56652462,NSW
JAMES CREEK,153.24172831,-29.45381491,NSW
SINGLETON,151.17882114,-32.56946143,NSW
TICHBORNE,148.0730733,-33.23123248,NSW
AGNES BANKS,150.70272454,-33.62307889,NSW
CAREY BAY,151.60570978,-33.02661521,NSW
MACLEAN,153.21475051,-29.4485915,NSW
BARRENGARRY,150.52999304,-34.68853984,NSW
NORTH MANLY,151.2725529,-33.77433412,NSW
GOOLMANGAR,153.24842218,-28.72660237,NSW
BRIGHTON-LE-SANDS,151.15348881,-33.95846281,NSW
MOSMAN,151.2445521,-33.82898433,NSW
RIVERTREE,152.26595346,-28.65721191,NSW
PEAK HILL,148.0501951,-32.71162805,NSW
LONG PLAIN,151.23586128,-29.76531488,NSW
NEWBRIDGE,149.37419235,-33.580879,NSW
SAFETY BEACH,153.19417212,-30.09295082,NSW
KOONORIGAN,153.22696098,-28.69696145,NSW
BRODIES PLAINS,151.19921359,-29.80982518,NSW
MORPETH,151.63116069,-32.72980366,NSW
BOOROWA,148.7349643,-34.39569724,NSW
YALLAROI,150.51991178,-29.1185262,NSW
MORUNDAH,146.22741411,-35.00840126,NSW
CHINNOCK,149.93292526,-36.69793273,NSW
ROCKDALE,151.14065939,-33.95321294,NSW
SUMMER HILL,151.5005769,-32.47853113,NSW
BRAEMAR,150.48217995,-34.42886711,NSW
MONKERAI,151.85319146,-32.24983839,NSW
MOORILDA,149.32659051,-33.62739781,NSW
LINDENDALE,153.37481502,-28.82839654,NSW
BLANDFORD,150.89786389,-31.75407847,NSW
MAROM CREEK,153.36344864,-28.91705387,NSW
THORNLEIGH,151.08201354,-33.72369728,NSW
RYDAL,150.04590492,-33.52372243,NSW
LOWER BORO,149.78622176,-35.13886538,NSW
TRALEE,149.16242941,-35.42668696,NSW
WONBOYN,149.93365669,-37.25241949,NSW
WINDERMERE,151.45485499,-32.67672298,NSW
GRASMERE,150.67059656,-34.0577841,NSW
MUNGINDI,149.08241563,-29.01929278,NSW
ENGADINE,151.01366119,-34.05526581,NSW
TERARA,150.62940964,-34.86829068,NSW
URLIUP,153.40497911,-28.25782824,NSW
MEREWETHER HEIGHTS,151.73275895,-32.94687004,NSW
APSLEY,148.95854725,-32.61327107,NSW
TALLAWONG,150.8895425,-33.6912853,NSW
DUNDEE,151.90884285,-29.5764703,NSW
THIRLMERE,150.55364855,-34.20522123,NSW
MERRYLANDS,150.98669021,-33.83600924,NSW
BRANDY HILL,151.69253045,-32.691131,NSW
BUKKULLA,151.11230002,-29.51252697,NSW
PILLAR VALLEY,153.16201986,-29.70155755,NSW
TUCABIA,153.12940097,-29.65491135,NSW
CROWTHER,148.55698775,-34.11868157,NSW
WONGARBON,148.80482338,-32.29815888,NSW
DINOGA,150.57988936,-30.0267952,NSW
PINKETT,151.96181673,-29.89214,NSW
WARATAH,151.72389509,-32.90491576,NSW
WALBUNDRIE,146.70338974,-35.65251846,NSW
PRESTONS,150.87209308,-33.94171845,NSW
GLENCOE,151.71389248,-29.92867037,NSW
NEUREA,148.92685765,-32.68472652,NSW
KLORI,150.75563467,-30.8161619,NSW
MILLERS FOREST,151.70142717,-32.76209923,NSW
BEXLEY,151.12023681,-33.95333151,NSW
BOX HILL,150.89721886,-33.65311157,NSW
BONSHAW,151.22371257,-29.05082981,NSW
BOURNDA,149.88315801,-36.814403,NSW
LONGREACH,150.52805222,-34.87070205,NSW
ELERMORE VALE,151.66005568,-32.91721128,NSW
MOUNT BURRELL,153.19409496,-28.50048308,NSW
CARROLL,150.46123549,-31.0125474,NSW
ELLERSLIE,142.02801526,-33.82417728,NSW
GILMORE,148.18134578,-35.40745256,NSW
JAMBEROO,150.76435796,-34.6558821,NSW
REDHEAD,151.7108742,-33.00884078,NSW
RENWICK,150.47356642,-34.4499058,NSW
SYDENHAM,151.16801602,-33.91673765,NSW
LOCHINVAR,151.45216884,-32.7119122,NSW
NEW LAMBTON HEIGHTS,151.68920443,-32.92682509,NSW
WIDGELLI,146.15184108,-34.35788603,NSW
AUSTINMER,150.92925905,-34.30174234,NSW
MURRAMI,146.26111715,-34.40707562,NSW
SUTHERLAND,151.05675295,-34.03129133,NSW
KIRRAWEE,151.07331212,-34.03298436,NSW
MASSIF RIDGE,150.528337,-33.85272507,NSW
NORTH ROTHBURY,151.34889527,-32.69091439,NSW
FIGTREE,150.84875272,-34.43077195,NSW
PARRAMATTA,151.00688376,-33.81395187,NSW
FRAZERS CREEK,152.61658661,-31.39934255,NSW
COBBORA,149.23686215,-32.07260909,NSW
LEWINSBROOK,151.59910986,-32.43673065,NSW
MINTO HEIGHTS,150.87377476,-34.03510811,NSW
NORTH STAR,150.41738445,-28.94194431,NSW
MCKEES HILL,153.1934064,-28.87682651,NSW
NASHDALE,149.0074733,-33.3030949,NSW
ELLERSLIE,147.90894597,-35.30886691,NSW
NORTHANGERA,149.91172593,-35.46916263,NSW
BRAIDWOOD,149.80286366,-35.43481457,NSW
KYALITE,143.52410606,-34.89303987,NSW
STROUD,151.99788614,-32.35725716,NSW
SALLYS FLAT,149.56995543,-33.02843221,NSW
KILLARA,151.1570525,-33.76799347,NSW
BARKERS VALE,153.11919007,-28.5331701,NSW
EXETER,150.29300829,-34.6179151,NSW
MORTONS CREEK,152.67086419,-31.39073323,NSW
MARAYLYA,150.92024943,-33.59086589,NSW
CANYONLEIGH,150.13987888,-34.5050545,NSW
CLYBUCCA,152.94442208,-30.93651149,NSW
LAUGHTONDALE,151.03000209,-33.43848037,NSW
SANDY HOLLOW,150.56660692,-32.34328001,NSW
BELLEVUE HILL,151.25562795,-33.88083822,NSW
BELGRAVIA,149.02454458,-33.11359365,NSW
WYONG,151.43233543,-33.27640247,NSW
MELVILLE,151.51988501,-32.67705729,NSW
NORTH NOWRA,150.57450452,-34.85801811,NSW
COOLAMON,147.1926247,-34.81500959,NSW
BUNDEMAR,148.14865005,-31.78689129,NSW
LYNDHURST,148.99240832,-33.68512269,NSW
FURRACABAD,151.65005137,-29.81553598,NSW
WIMBLEDON,149.43508538,-33.53917018,NSW
GREEN HILLS,151.786925,-30.26723388,NSW
ROUSE HILL,150.91101141,-33.6773574,NSW
KINGSDALE,149.687072,-34.66963179,NSW
UTUNGUN,152.8280091,-30.74443979,NSW
BURROWAY,148.32620929,-32.05867225,NSW
CLEVELAND,150.77064363,-34.50301202,NSW
GLENIFFER,152.88601904,-30.3802581,NSW
PUMPENBIL,153.14936677,-28.37801134,NSW
TALARM,152.8433342,-30.70220545,NSW
GERRINGONG,150.82499165,-34.73912645,NSW
ROUS MILL,153.38221319,-28.87996661,NSW
CRABBES CREEK,153.48404004,-28.46162981,NSW
SMITHS CREEK,153.37797848,-28.42770508,NSW
GOULBURN,149.7277502,-34.74790552,NSW
RESERVE CREEK,153.49183191,-28.35207727,NSW
NEWTOWN,151.17935322,-33.89858726,NSW
POKOLBIN,151.28020182,-32.76485295,NSW
BANGALOW,153.52179485,-28.6835794,NSW
CROYDON,151.11548535,-33.88043275,NSW
SOLDIERS POINT,152.06619044,-32.70818076,NSW
MOOBALL,153.49710136,-28.43568238,NSW
INGAR,150.44584394,-33.82078993,NSW
TALLAWANG,149.44235024,-32.2291795,NSW
SYLVANIA,151.10183481,-34.01215365,NSW
BERESFIELD,151.64073375,-32.80354701,NSW
PORT STEPHENS,152.05769647,-32.70131439,NSW
SKENNARS HEAD,153.5894745,-28.83290505,NSW
WOODSTOCK,151.34950111,-29.73576573,NSW
INGEBIRAH,148.52770015,-36.63381434,NSW
MOUNT ARTHUR,148.90001324,-32.55139024,NSW
GOONUMBLA,148.06018739,-32.93742757,NSW
FENNELL BAY,151.59660343,-32.98402055,NSW
TATHRA,149.96722315,-36.73963852,NSW
WETHERILL PARK,150.89923668,-33.84269732,NSW
BUNDURE,145.89396332,-35.14232584,NSW
BALFOURS PEAK,150.78375778,-29.46366787,NSW
COMERONG ISLAND,150.73644244,-34.88545226,NSW
GARLAND,149.03802306,-33.75720023,NSW
HEATHERBRAE,151.73677997,-32.78877309,NSW
ADAMSTOWN HEIGHTS,151.71034354,-32.94902698,NSW
PEAKHURST,151.05566842,-33.96143263,NSW
ROOKHURST,151.86893372,-31.88959192,NSW
BANGALEE,150.5515997,-34.84428805,NSW
CUDMIRRAH,150.55619619,-35.19908689,NSW
LAKEMBA,151.07639984,-33.91897906,NSW
KENTUCKY,151.37623985,-30.75058309,NSW
BIDWILL,150.82219414,-33.73011193,NSW
KOTARA SOUTH,151.69028412,-32.9512124,NSW
EVELEIGH,151.19247275,-33.89549005,NSW
STANBOROUGH,151.06851119,-29.98692558,NSW
TORRYBURN,151.58073862,-32.47304468,NSW
GREENGROVE,151.1574485,-33.37874811,NSW
DAVIDSON,151.19102182,-33.73954013,NSW
MANDEMAR,150.29905454,-34.43640661,NSW
TUCKOMBIL,153.46750274,-28.8138167,NSW
JINCUMBILLY,149.22888966,-36.70684374,NSW
BLACKETT,150.81541981,-33.73826178,NSW
WARRAH,150.67154819,-31.6696197,NSW
BARIGAN,149.98111779,-32.51869001,NSW
MINGOOLA,151.54731803,-29.00349812,NSW
MILLBANK,152.60694595,-30.79138471,NSW
MALABUGILMAH,152.62811365,-29.17926685,NSW
MARULAN,149.99958517,-34.72949979,NSW
RHINE FALLS,148.89810793,-36.17546465,NSW
PLEASURE POINT,150.98423499,-33.9699698,NSW
BERYL,149.44993853,-32.31684772,NSW
BATHURST,149.57751156,-33.41926809,NSW
COOLGARDIE,153.46224411,-28.91591667,NSW
WAGSTAFFE,151.34102497,-33.52205529,NSW
LONG POINT,150.89747157,-34.01115281,NSW
YARRATT FOREST,152.43425165,-31.7786091,NSW
SAWTELL,153.09530851,-30.36863671,NSW
MILSONS POINT,151.21134843,-33.84708725,NSW
ST JOHNS PARK,150.90177562,-33.88291525,NSW
TILBUSTER,151.69941088,-30.41699109,NSW
MOUNT LEWIS,151.04949712,-33.91557992,NSW
KAPOOKA,147.28344579,-35.15717154,NSW
DIGNAMS CREEK,149.97144377,-36.31919346,NSW
ROSEMEATH,149.26542742,-36.96788801,NSW
CRESTWOOD,149.21753679,-35.34844165,NSW
HAMPDEN HALL,152.86042707,-31.07067172,NSW
EDDERTON,150.83639278,-32.35906026,NSW
GALA VALE,145.75019817,-34.96918373,NSW
WOY WOY BAY,151.29908076,-33.47188827,NSW
BIG SPRINGS,147.42000075,-35.34630023,NSW
PULLABOOKA,147.78026531,-33.75155816,NSW
BURRAWANG,150.51065644,-34.5798665,NSW
BARDIA,150.8618799,-33.97722143,NSW
JONES BRIDGE,148.25503215,-35.37512028,NSW
REDBOURNBERRY,151.19234562,-32.56426706,NSW
MAYS HILL,150.98930057,-33.82061852,NSW
CAMP CREEK,150.91321692,-28.79358938,NSW
ROSSGOLE,150.73114977,-32.14633415,NSW
LARBERT,149.7689636,-35.32180234,NSW
TUNGLEBUNG,152.67974859,-28.81957339,NSW
QUIERA,150.19544886,-34.93242527,NSW
MUNYABLA,146.9140035,-35.45786495,NSW
SHARPS CREEK,148.03901387,-35.39288233,NSW
CROWTHER ISLAND,152.92046857,-29.62594841,NSW
TURVEY PARK,147.36192721,-35.12725196,NSW
SINGLETON HEIGHTS,151.16180532,-32.54023312,NSW
CARTWRIGHTS HILL,147.39219634,-35.07495907,NSW
DARLINGTON,151.1609394,-32.55897456,NSW
HARDEN,148.37685119,-34.53825461,NSW
HOLTS FLAT,149.27114823,-36.61282869,NSW
PATCHS BEACH,153.50988498,-28.94767363,NSW
AUSTRAL EDEN,152.9196332,-31.02557064,NSW
PINE RIDGE,150.39900907,-31.52518587,NSW
SAWPIT CREEK,152.8141761,-28.37221917,NSW
KINGS LANGLEY,150.93544587,-33.74971407,NSW
MULGRAVE,150.82979583,-33.62709324,NSW
CALLIOPE,153.07775814,-29.61769738,NSW
CONEAC,151.81590598,-31.85533928,NSW
CARRAMAR,150.96336475,-33.88433554,NSW
HURLSTONE PARK,151.12894172,-33.91016028,NSW
WILLOUGHBY EAST,151.20629439,-33.79907884,NSW
CUNJURONG POINT,150.50646551,-35.26335028,NSW
CALAMIA,153.11824298,-29.83636337,NSW
LAPSTONE,150.6356789,-33.77418166,NSW
CABBAGE TREE ISLAND,152.59016277,-31.9459088,NSW
KINGSVALE,148.32980173,-34.44913633,NSW
BRAEFIELD,150.70143594,-31.57360453,NSW
CAMBOON,149.95589235,-32.70299851,NSW
EAST RYDE,151.13633501,-33.81059489,NSW
CORALVILLE,152.69648175,-31.79001418,NSW
CAMDEN SOUTH,150.70038493,-34.08408058,NSW
COONEYS CREEK,148.28831399,-34.7398943,NSW
GIRARDS HILL,153.27869204,-28.81773406,NSW
WAITUI,152.54282058,-31.68463901,NSW
HENLEY,151.1367967,-33.84209514,NSW
DRY CREEK,150.8173998,-31.89141267,NSW
ALLEENA,147.13348373,-34.09398285,NSW
ROUND MOUNTAIN,153.54339668,-28.35637639,NSW
BUCKENDERRA,148.71983925,-36.16170963,NSW
KILLAWARRA,152.29243161,-31.89501571,NSW
FARNHAM,149.11606169,-32.84557353,NSW
GLADSTONE,152.96103688,-31.01667937,NSW
OSBORNE,146.73394155,-35.35605809,NSW
VALE OF CLWYDD,150.1817753,-33.48666481,NSW
PATERSON,151.60407019,-32.59067717,NSW
DEAUVILLE,152.79070071,-31.67028071,NSW
TANGLEWOOD,153.53492308,-28.3363566,NSW
GUNDAGAI,148.10369317,-35.04281396,NSW
TAHLEE,151.99875924,-32.66000981,NSW
TATTON,147.35877185,-35.15971241,NSW
KOOBA,146.10258801,-34.42543778,NSW
CURRA CREEK,148.83926805,-32.67319829,NSW
WATTAMONDARA,148.59223372,-33.94177939,NSW
MERUNGLE HILL,146.46522715,-34.61490972,NSW
KANDOS,149.9706906,-32.86023072,NSW
QUEANBEYAN WEST,149.20703939,-35.35809368,NSW
KYARRAN,152.97488176,-29.59005098,NSW
FAILFORD,152.44169053,-32.09066193,NSW
SAUMAREZ PONDS,151.55676876,-30.50023578,NSW
TONGARRA,150.69452914,-34.58243747,NSW
BICKLEY VALE,150.66092647,-34.07849344,NSW
RHODES,151.08771711,-33.82922329,NSW
GARTHOWEN,150.90242295,-30.86739726,NSW
EAST KILLARA,151.18146069,-33.75535103,NSW
ABERDARE,151.38171867,-32.84104521,NSW
PARADISE,151.47070141,-29.8894444,NSW
THE ROCKS,151.20815657,-33.85945004,NSW
TARRAGANDA,149.86939841,-36.67227933,NSW
MOGENDOURA,150.03260151,-35.85867344,NSW
BROKEN HILL,141.55287018,-32.32108713,NSW
VALERY,152.96244585,-30.39632043,NSW
MUNGO,143.09715594,-33.76000269,NSW
WALLARINGA,151.67097374,-32.45448698,NSW
BROUGHAMS GATE,141.25064516,-30.88720348,NSW
GOONOO FOREST,148.88264154,-32.01620654,NSW
CAMBERWELL,151.08571955,-32.49003851,NSW
MENAI,151.0036876,-34.00691014,NSW
NARELLAN,150.7321752,-34.04274962,NSW
JAMISONTOWN,150.67659863,-33.76787437,NSW
ALLAWAH,151.1143197,-33.97265714,NSW
CARROWBROOK,151.2947138,-32.29423123,NSW
CREMORNE POINT,151.22807962,-33.84150022,NSW
CLEARFIELD,152.91389506,-29.15322214,NSW
SCOTTS CREEK,150.9584789,-31.71345587,NSW
PAN BAN,143.20741631,-33.05615233,NSW
MONGOGARIE,152.89823835,-28.95136854,NSW
STANHOPE,151.40953589,-32.58197769,NSW
MOGO CREEK,151.06931063,-33.14499515,NSW
THE BASIN,151.2738066,-30.18699211,NSW
ULMARRA,153.05342614,-29.64381815,NSW
KURRAJONG HEIGHTS,150.61714644,-33.51730719,NSW
ADELONG,148.0697653,-35.30663224,NSW
YARARA,147.64888579,-35.72013062,NSW
COREE,145.49772463,-35.31273041,NSW
BISHOPS BRIDGE,151.47028119,-32.74709911,NSW
ROOKWOOD,151.05576331,-33.87427509,NSW
DARBALARA,148.23763517,-35.05997248,NSW
TUMUT,148.23251057,-35.3207373,NSW
FISHERMANS PARADISE,150.44500479,-35.23036112,NSW
LILLI PILLI,151.11417355,-34.06898957,NSW
COURAGAGO,148.4926261,-35.10643108,NSW
COTTONVALE,151.97195581,-28.52425994,NSW
KILLCARE HEIGHTS,151.37485058,-33.5227093,NSW
BOREE,148.8446771,-33.2517545,NSW
MOWBRAY PARK,150.55019489,-34.1548028,NSW
TURRAWAN,149.88731916,-30.45446947,NSW
BOOLCARROLL,149.43180003,-30.04774376,NSW
VALLA,152.9537179,-30.58080848,NSW
MAIRJIMMY,145.74546224,-35.48197078,NSW
PETERSHAM,151.15503753,-33.8945396,NSW
URANGELINE EAST,146.68842001,-35.49479044,NSW
UPPER COLO,150.70328405,-33.4135552,NSW
DARLOW,147.96589962,-35.34308916,NSW
SOUTH BALLINA,153.56824579,-28.88518451,NSW
CURLEW WATERS,146.43377682,-33.26186908,NSW
BELMORE,151.0894808,-33.91911505,NSW
CORINELLA,147.53077794,-33.52266637,NSW
SUN VALLEY,150.59685424,-33.7079758,NSW
MINCHINBURY,150.82991096,-33.7876166,NSW
MOUNT DRUITT,150.81581324,-33.76845261,NSW
RYHOPE,151.52823683,-32.99020729,NSW
TIMBARRA,152.23029113,-29.05654621,NSW
MARSHALL MOUNT,150.73092382,-34.54261507,NSW
WESTDALE,147.88370888,-35.56984128,NSW
OLD BAR,152.56322063,-31.96149315,NSW
HASSANS WALLS,150.15396766,-33.50766615,NSW
PARKLEA,150.91638196,-33.72509728,NSW
UPPER MANGROVE,151.12121907,-33.29095075,NSW
MCKELLARS PARK,150.15302252,-33.47037865,NSW
WELLS CROSSING,153.02903446,-29.89707961,NSW
BOBS CREEK,152.75410556,-31.59171816,NSW
DIRTY CREEK,153.14359227,-29.98903756,NSW
OAKEY PARK,150.18299473,-33.46430099,NSW
MEBUL,149.35789288,-32.33519599,NSW
SAN ISIDORE,147.28947592,-35.12474789,NSW
MOUNT RIVERS,151.47275742,-32.3657749,NSW
YARRAS,152.35479124,-31.42978976,NSW
LAKE HIAWATHA,153.2604921,-29.80257334,NSW
ANGLERS REACH,148.67484599,-36.01117438,NSW
NEW VALLEY,151.33244869,-30.05577115,NSW
OLD GUILDFORD,150.98395227,-33.86423852,NSW
DUNOLLY,151.16957706,-32.55470755,NSW
KENEBRI,148.96072271,-30.72259721,NSW
LONG BEACH,150.22588454,-35.6929185,NSW
BROWNSVILLE,150.81133142,-34.48282069,NSW
ROSELANDS,151.07545493,-33.93352865,NSW
BOONA MOUNT,147.25964821,-32.61702004,NSW
MINJARY,148.14102041,-35.21811206,NSW
MUTAWINTJI,142.38632163,-31.12212253,NSW
DYRRING,151.2358273,-32.4969,NSW
LLANGOTHLIN,151.68603045,-30.10306726,NSW
HOMEBUSH WEST,151.06787103,-33.86239635,NSW
BEWONG,150.53348017,-35.0789357,NSW
LOWESDALE,146.33686315,-35.84296802,NSW
CURRAWEELA,149.78746959,-34.24295157,NSW
TALLIMBA,146.87601911,-34.04437655,NSW
DUNGEREE,149.85614606,-32.76620644,NSW
APPLETREE FLAT,150.85379831,-32.51308097,NSW
WARRAGAI CREEK,152.9737373,-29.56296975,NSW
RANGARI,150.41623901,-30.67447235,NSW
PINE CAMP,141.22337763,-33.67045292,NSW
FOWLERS GAP,141.67877038,-31.36420228,NSW
KEINBAH,151.40801525,-32.75463147,NSW
KINDERVALE,149.55589102,-35.64431009,NSW
GUTHEGA,148.38844611,-36.3722091,NSW
PERISHER VALLEY,148.38430145,-36.41131764,NSW
BOOLIJAH,150.32897331,-35.05750111,NSW
WEETALIBA,149.57896513,-31.64346396,NSW
ORANGE GROVE,150.41333633,-30.93661922,NSW
WINEGROVE,152.68715371,-29.54802095,NSW
WARRELL CREEK,152.90432286,-30.77574222,NSW
OXLEY VALE,150.88475356,-31.05178516,NSW
BECTRIC,147.27100032,-34.50345415,NSW
HOWICK,150.93329623,-32.43216125,NSW
GREAT MACKEREL BEACH,151.29879904,-33.59158211,NSW
KANAHOOKA,150.81829289,-34.49331912,NSW
BOW BOWING,150.84039258,-34.01650965,NSW
SANDY GULLY,148.03656191,-35.29438532,NSW
EAGLETON,151.77609854,-32.69427706,NSW
GUNNING GAP,147.75093208,-33.23824408,NSW
CONNELLS POINT,151.09371673,-33.98774655,NSW
KINGSLAND,151.46779084,-29.70220659,NSW
MIAMLEY,146.92804195,-32.40052296,NSW
CROKI,152.59309433,-31.87374811,NSW
CROYDON PARK,151.10289448,-33.89724408,NSW
EAST HILLS,150.9883006,-33.96089908,NSW
MOUNT AUSTIN,147.35564389,-35.13684442,NSW
LIONSVILLE,152.50233861,-29.18192367,NSW
AUBURN VALE,151.04019451,-29.83485296,NSW
BACKMEDE,153.0257985,-28.75708431,NSW
NORTHWOOD,151.17835838,-33.82828713,NSW
BILLIMARI,148.61810013,-33.67279652,NSW
BIG JACKS CREEK,150.60900929,-31.76498265,NSW
PALMERS OAKY,149.86228783,-33.19509967,NSW
OAKWOOD,151.06004755,-29.64128386,NSW
NEW BERRIMA,150.33407335,-34.50843059,NSW
NABIAC,152.39562171,-32.11983236,NSW
QUORROBOLONG,151.38182943,-32.93517086,NSW
KURMOND,150.70091434,-33.55029574,NSW
FULLERTON COVE,151.82104731,-32.83900225,NSW
MULBRING,151.47820947,-32.89638088,NSW
GLENROY,146.89941317,-36.0515253,NSW
CRINGILA,150.86751849,-34.4707307,NSW
WARREN,147.85472788,-31.72946971,NSW
NULLICA,149.77037247,-37.06698092,NSW
PAYTENS BRIDGE,148.30596731,-33.56212899,NSW
NETHERCOTE,149.80110149,-37.0250768,NSW
JERRAWA,149.07590427,-34.78056102,NSW
TERRIGAL,151.42614514,-33.44348922,NSW
ALISON,151.77252573,-32.42854202,NSW
NORTH BOURKE,146.07550734,-29.74532589,NSW
BUMBALDRY,148.41415101,-33.87836099,NSW
GREENETHORPE,148.38876954,-34.02927576,NSW
TOOGONG,148.65062091,-33.35172517,NSW
WARUMBUL,151.08445873,-34.08593383,NSW
CARINGBAH SOUTH,151.11967561,-34.05504991,NSW
JINDERA,146.87773986,-35.95409289,NSW
ILLAROO,150.47028471,-34.85900916,NSW
MARLEY,151.11769665,-34.11162311,NSW
LAKE MACQUARIE,151.59100548,-33.07648735,NSW
MOUNT WILSON,150.38833344,-33.50402292,NSW
MUDGEE,149.57333492,-32.61444392,NSW
PANANIA,150.99721902,-33.95378524,NSW
ROZELLE,151.17333844,-33.86491043,NSW
OBERON,149.84954129,-33.69128448,NSW
WINGADEE,148.2838974,-30.5219084,NSW
IRYMPLE,145.45460401,-32.52227691,NSW
NYRANG CREEK,148.53988454,-33.5339676,NSW
KARIONG,151.27493657,-33.45343739,NSW
COGGAN,150.0881471,-32.37090614,NSW
DHURAGOON,144.10792223,-35.20949208,NSW
CASINO,153.03081384,-28.84984974,NSW
MONIA GAP,145.98912901,-33.60454239,NSW
HARRINGTON PARK,150.73492532,-34.02398603,NSW
CUMBORAH,147.61426506,-29.64405671,NSW
COPMANHURST,152.79746356,-29.57462375,NSW
YASS,148.91420883,-34.82563339,NSW
NEVERTIRE,147.64315463,-31.86228137,NSW
PAMBULA,149.87740612,-36.93047056,NSW
EVANS PLAINS,149.48248067,-33.46101314,NSW
BOORAL,151.97462869,-32.47222452,NSW
ROCK FOREST,149.39145544,-33.35743679,NSW
CHATSWOOD,151.18112302,-33.79625028,NSW
BAULKHAM HILLS,150.98174029,-33.75651195,NSW
NIEMUR,144.30783915,-35.23778564,NSW
HAMILTON VALLEY,146.89392371,-36.02738181,NSW
MANTON,149.01564339,-34.84967248,NSW
MOONEY MOONEY CREEK,151.22140676,-33.46517004,NSW
EDENVILLE,152.95358427,-28.69038624,NSW
CLEAR CREEK,149.71589609,-33.33003825,NSW
SPRING TERRACE,149.09110297,-33.40661064,NSW
BIGGA,149.1302597,-34.0628842,NSW
NAUGHTONS GAP,153.10072873,-28.80059489,NSW
COGRA BAY,151.22653314,-33.52170432,NSW
PICKETTS VALLEY,151.40859634,-33.4560585,NSW
WOOTTON,152.31720327,-32.30124027,NSW
LANE COVE,151.16699961,-33.8175111,NSW
MELROSE PARK,151.07336,-33.81410998,NSW
WIAGDON,149.67042645,-33.21595793,NSW
GUNGALMAN,147.99059064,-30.50716788,NSW
NEWNES PLATEAU,150.27245512,-33.32531293,NSW
MAULES CREEK,150.22999747,-30.48500223,NSW
BOLTON POINT,151.61127006,-32.99682126,NSW
KIWARRAK,152.443253,-31.98789945,NSW
AUSTRAL,150.80831635,-33.92682237,NSW
LANDERVALE,146.70942442,-34.53719544,NSW
WENTWORTH FALLS,150.37971804,-33.72166479,NSW
NORTH RICHMOND,150.72129522,-33.56779836,NSW
MURRAYS RUN,151.16055997,-33.08627879,NSW
HURSTVILLE,151.10091789,-33.9617042,NSW
KEERA,150.75787496,-30.03882281,NSW
ELTHAM,153.41129858,-28.76073136,NSW
BUNDARRA,150.99846761,-30.11980142,NSW
WHITLOW,150.73549909,-29.89150708,NSW
SPRINGDALE HEIGHTS,146.95681818,-36.02545469,NSW
ROTO,145.35288632,-32.99180187,NSW
BLAKNEY CREEK,149.04391614,-34.64219417,NSW
TOWALLUM,152.83177401,-30.08317794,NSW
WATAGAN,151.22474126,-33.02339331,NSW
CATHERINE FIELD,150.76509074,-33.99154268,NSW
SOUTH HURSTVILLE,151.10558014,-33.97754147,NSW
WAMBOIN,149.33293008,-35.25079211,NSW
RYDE,151.11185435,-33.81055982,NSW
ERMINGTON,151.06009883,-33.81125156,NSW
RED HILL,147.79436652,-31.73453207,NSW
MOLE RIVER,151.70818278,-29.0790747,NSW
NARRABRI,149.77093796,-30.21989492,NSW
EULAH CREEK,150.02314144,-30.35994936,NSW
FAWCETTS PLAIN,153.0121891,-28.56532048,NSW
TAREE SOUTH,152.45427012,-31.93641505,NSW
KYOGLE,153.01536534,-28.63953785,NSW
EMERALD HILL,150.06421497,-30.86672782,NSW
GYMEA BAY,151.08735185,-34.0498768,NSW
LUCKNOW,149.16440849,-33.35041214,NSW
BUFF POINT,151.53477663,-33.22881509,NSW
WESTDALE,150.8530383,-31.0910639,NSW
FITZGERALDS MOUNT,149.37561262,-33.49304364,NSW
TRUNGLEY HALL,147.55699819,-34.26264173,NSW
EVANS HEAD,153.42303076,-29.11222347,NSW
AVOCA,150.46871431,-34.59601357,NSW
MONDROOK,152.40941151,-31.91017293,NSW
EUNANOREENYA,147.47015798,-35.08299922,NSW
VARROVILLE,150.81121368,-34.00303961,NSW
CATHUNDRAL,147.75870376,-31.9609236,NSW
MOUNT VINCENT,151.47509917,-32.93005191,NSW
NORTH ROCKS,151.01693404,-33.77252809,NSW
DUNKELD,149.4796959,-33.40976145,NSW
MEADOWBANK,151.08860287,-33.81666613,NSW
LENAGHAN,151.63124339,-32.84840112,NSW
DOYALSON NORTH,151.54771199,-33.18449937,NSW
WARRAZAMBIL CREEK,153.03802037,-28.44536503,NSW
KORORA,153.11680836,-30.24954703,NSW
BOWNA,147.14882556,-35.97620312,NSW
KURRI KURRI,151.4802073,-32.8150437,NSW
FOREST HILL,147.46521284,-35.15129913,NSW
TEMORA,147.51180079,-34.44753052,NSW
OURIMBAH,151.33410443,-33.31304715,NSW
MOUNT FROME,149.66413672,-32.62088243,NSW
BROOKFIELD,151.75962594,-32.51761436,NSW
GIBRALTAR RANGE,152.28897144,-29.54456616,NSW
MANNERING PARK,151.53980368,-33.16608167,NSW
NIAGARA PARK,151.3514689,-33.37753191,NSW
GOSFORD,151.34115038,-33.42409133,NSW
GILLIESTON HEIGHTS,151.51814974,-32.76330415,NSW
BAAN BAA,149.92906047,-30.57233348,NSW
LOCHIEL,149.78172555,-36.94707738,NSW
SCOTTS FLAT,151.24560543,-32.60359032,NSW
KRAMBACH,152.26368786,-32.03851632,NSW
SPRINGFIELD,151.3726429,-33.42808509,NSW
CLIFTLEIGH,151.51864271,-32.78763616,NSW
GLENQUARRY,150.48384151,-34.5293672,NSW
WIDDEN,150.36900567,-32.64137669,NSW
CURRANS HILL,150.77458705,-34.04554086,NSW
BURREN JUNCTION,148.86601437,-30.05321063,NSW
LINDEN,150.50711898,-33.71488007,NSW
ROCKLILY RIDGE,150.39254708,-33.66532485,NSW
SCHEYVILLE,150.89162289,-33.60086756,NSW
GRASSY HEAD,152.9864021,-30.7840183,NSW
FAIRY MEADOW,150.8935538,-34.39364727,NSW
SOUTHGATE,153.00558355,-29.60258421,NSW
LENNOX HEAD,153.58238354,-28.78872358,NSW
SYLVANIA WATERS,151.11026242,-34.01779931,NSW
TOOLOOM,152.45269146,-28.58773049,NSW
YATHELLA,147.42649926,-34.91650044,NSW
BADAGARANG,150.57899414,-34.82822946,NSW
SOUTH ARM,152.73960671,-30.68870378,NSW
CEDAR CREEK,151.17176148,-32.83755788,NSW
BATEHAVEN,150.19847243,-35.73735248,NSW
LOUTH,144.86568414,-30.5454744,NSW
MOGGS SWAMP,152.07991182,-29.92333839,NSW
MANILLA,150.73500424,-30.73478088,NSW
WATTAMOLLA,151.09532141,-34.13359731,NSW
GILGAI,151.12809746,-29.88250188,NSW
RIVERWOOD,151.05287864,-33.94665469,NSW
BIRMINGHAM GARDENS,151.69012881,-32.89365986,NSW
BLACK HILL,151.607695,-32.82107764,NSW
BOBS FARM,152.00139951,-32.77778796,NSW
BUXTON,150.53353751,-34.25664371,NSW
KEMBLA GRANGE,150.79839947,-34.46772247,NSW
CLUNES,153.40669078,-28.72659358,NSW
TILLIGERRY CREEK,151.99072867,-32.75933608,NSW
TARRO,151.67733281,-32.80856321,NSW
BEVERLY HILLS,151.08031732,-33.94761157,NSW
BRAY PARK,153.37606553,-28.34136286,NSW
BROUGHTON VILLAGE,150.75107827,-34.7450313,NSW
EUNGELLA,153.30504728,-28.34879312,NSW
TOMINGLEY,148.21560595,-32.55333233,NSW
HACKS FERRY,152.82443362,-31.33026908,NSW
FERNVALE,153.42041985,-28.36581307,NSW
SHELLY BEACH,151.48520572,-33.3700329,NSW
POMONA,141.88994579,-34.0220733,NSW
BELLINGEN,152.88866414,-30.45268934,NSW
BELLBIRD HEIGHTS,151.33064977,-32.84784415,NSW
BOHENA CREEK,149.63237736,-30.40785585,NSW
GOODNIGHT,143.37656969,-34.92168061,NSW
TENAMBIT,151.61504671,-32.74250508,NSW
PARKESBOURNE,149.54431181,-34.76215836,NSW
YELLOW PINCH,149.83539908,-36.85820982,NSW
BYRON BAY,153.60197725,-28.64734698,NSW
BALMORAL VILLAGE,150.51648852,-34.29944158,NSW
LIMESTONE,151.04970967,-29.21327515,NSW
WATERFALL,150.99157622,-34.12765597,NSW
GROSSES PLAIN,148.46204083,-36.56364272,NSW
GREENWELL POINT,150.73037747,-34.91072054,NSW
DURAMANA,149.55131736,-33.25451894,NSW
MICHELAGO,149.20186922,-35.74263941,NSW
LINBURN,149.70083233,-32.42364344,NSW
BORAMBOLA,147.686648,-35.15352784,NSW
MOOLARBEN,149.77310628,-32.36311086,NSW
MOGO,150.10161925,-35.79416015,NSW
STRATHFIELD SOUTH,151.0768214,-33.8952697,NSW
MOUNT HOREB,148.03739386,-35.21480419,NSW
MOUNT WARNING,153.27600311,-28.38973375,NSW
RICHMOND LOWLANDS,150.75292518,-33.57902623,NSW
KINGS FOREST,153.54901181,-28.29935946,NSW
MEDLOW BATH,150.29110671,-33.67777898,NSW
BLACKHEATH,150.27857496,-33.63849491,NSW
PALMERS CHANNEL,153.27231239,-29.46936196,NSW
BANKSTOWN,151.03182908,-33.9204904,NSW
DUNGAY,153.35917613,-28.27331034,NSW
TOWRADGI,150.90517496,-34.38427947,NSW
UKI,153.32823089,-28.4145564,NSW
CORAKI,153.27746573,-28.98696167,NSW
ABERDEEN,150.89161209,-32.17381086,NSW
EWINGSDALE,153.54903083,-28.63432509,NSW
BRIDGMAN,151.18561976,-32.46028861,NSW
BELMONT,151.67330211,-33.03033815,NSW
BOURKE,146.04248882,-30.20754872,NSW
VACY,151.56250755,-32.53475075,NSW
FERNMOUNT,152.94575864,-30.47637298,NSW
NORTH ARM,153.34049255,-28.3296159,NSW
ROTHBURY,151.31552708,-32.71166858,NSW
CHILLINGHAM,153.28467996,-28.31232864,NSW
MULGUTHRIE,147.37225891,-33.17817546,NSW
WOODFORD ISLAND,153.13448353,-29.51393821,NSW
MIDGINBIL,153.26680688,-28.49947024,NSW
BOOROLONG,151.45903595,-30.34424557,NSW
WANTAGONG,147.49577452,-35.80050607,NSW
LILLI PILLI,150.22187063,-35.7743449,NSW
JERRYS PLAINS,150.85213096,-32.468785,NSW
YARRAWA,150.57628203,-32.44123198,NSW
DARAWANK,152.49619044,-32.10277079,NSW
LILLIAN ROCK,153.15881889,-28.53472539,NSW
BRINGELLY,150.72425676,-33.94343977,NSW
WATTLE GROVE,150.94009386,-33.95316228,NSW
WOOLWICH,151.17178199,-33.83985727,NSW
BENSVILLE,151.39223473,-33.49811786,NSW
BENDOLBA,151.72933212,-32.34996441,NSW
MARAYONG,150.89278619,-33.74826502,NSW
LIDSDALE,150.11760127,-33.35597002,NSW
COOTRALANTRA,148.85610756,-36.28764065,NSW
MIDDLINGBANK,148.81212045,-36.21450827,NSW
YERRIYONG,150.48087745,-34.98802199,NSW
WILLSONS DOWNFALL,152.12569607,-28.71151807,NSW
PICTON,150.60317033,-34.1709376,NSW
WALLACIA,150.64370771,-33.88398662,NSW
CHESTER HILL,150.99959412,-33.87870959,NSW
GOCUP,148.18709564,-35.24596221,NSW
TYALGUM CREEK,153.16188698,-28.33882254,NSW
JELLAT JELLAT,149.88123757,-36.7243502,NSW
PIGGABEEN,153.43716761,-28.19816199,NSW
STANNIFER,151.24134265,-29.87726785,NSW
SOUTH ARM,153.17056991,-29.52062658,NSW
QUAMBONE,147.87920077,-30.88749598,NSW
FIDDLETOWN,151.08419877,-33.55861361,NSW
EURUNDEREE,149.60959773,-32.51710226,NSW
LEETS VALE,150.94878668,-33.42580393,NSW
MONGARLOWE,149.93327173,-35.41608697,NSW
LAKE CARGELLIGO,146.3329018,-33.37422818,NSW
TIBBUC,151.9038234,-31.83432225,NSW
GRESFORD,151.50037132,-32.41273842,NSW
SHORTLAND,151.69182894,-32.87812882,NSW
LAFFING WATERS,149.62037055,-33.37078711,NSW
JERILDERIE,145.75336649,-35.27684104,NSW
MCLEANS RIDGES,153.39369854,-28.79068,NSW
LILYVALE,151.0232623,-34.17828358,NSW
NARROMINE,148.09642086,-32.30128855,NSW
MEREWETHER,151.74341068,-32.9482366,NSW
CALOOLA,149.44288012,-33.63982993,NSW
CROUDACE BAY,151.6482389,-33.0047882,NSW
FREEBURN ISLAND,153.33309361,-29.4027066,NSW
NOWRA,150.60572951,-34.88199302,NSW
KINGSWOOD,150.9282455,-31.16087821,NSW
TREGEAGLE,153.35124686,-28.86037314,NSW
BALACLAVA,150.48325417,-34.44020213,NSW
BILLINUDGEL,153.51490865,-28.50661071,NSW
YALLAH,150.79458278,-34.53243294,NSW
LAMBTON,151.70634195,-32.91341665,NSW
FAIRFIELD,150.95239936,-33.87125573,NSW
COOPERABUNG,152.79804198,-31.27542985,NSW
KUNGHUR,153.2347038,-28.46374739,NSW
PUDDLEDOCK,151.76094773,-30.38580717,NSW
STEAM PLAINS,145.28168926,-34.98314449,NSW
KILLARNEY VALE,151.46091437,-33.36781279,NSW
AVALON BEACH,151.32726361,-33.62950728,NSW
THE POCKET,153.47130703,-28.50604979,NSW
BOOLIGAL,144.74469693,-33.71321535,NSW
DOLANS BAY,151.12626942,-34.06343031,NSW
KANGALOON,150.54138935,-34.54621243,NSW
HARGRAVES,149.38953811,-32.81665249,NSW
REDBANK,152.73932913,-31.42417676,NSW
MOOLLATTOO,150.37843397,-34.78700152,NSW
BURRILL LAKE,150.44059242,-35.3916096,NSW
EAST TAMWORTH,150.95393375,-31.09670423,NSW
LAKE TABOURIE,150.41246482,-35.43081342,NSW
WOODBURN,150.39466967,-35.3895206,NSW
ANNA BAY,152.0759067,-32.76658959,NSW
NELSON BAY,152.13910062,-32.73547335,NSW
KILLIMICAT,148.24464806,-35.20629575,NSW
WINDOWIE,148.13557039,-35.36996064,NSW
YELLOW ROCK RIDGE,150.74310353,-34.60169915,NSW
MOPPY,151.61870839,-31.98311707,NSW
LISTON,152.1025381,-28.61528932,NSW
ROSEBROOK,151.51539831,-32.63733161,NSW
GLENRIDDING,151.15947801,-32.58881358,NSW
WOLUMLA,149.81350941,-36.8100571,NSW
SHANES PARK,150.79237167,-33.71193052,NSW
NOOROO,151.88218246,-32.37703784,NSW
BERREMANGRA,148.47832459,-34.80196448,NSW
GEORGETOWN,151.73135668,-32.90927534,NSW
BELLBROOK,152.48463627,-30.75937653,NSW
DUM DUM,153.35541473,-28.38740417,NSW
MYOCUM,153.50615658,-28.59593932,NSW
BUDGEWOI,151.55989843,-33.23817186,NSW
PITTWATER,151.28978645,-33.60537032,NSW
SOUTH MURWILLUMBAH,153.41660007,-28.33712454,NSW
CONDOBOLIN,147.00703257,-32.90195497,NSW
OAKVILLE,150.87358187,-33.6227062,NSW
JESMOND,151.69301941,-32.90236951,NSW
BOGANGAR,153.55983154,-28.33093148,NSW
WYRALLAH,153.3140056,-28.88537588,NSW
WOOYUNG,153.53858422,-28.45220954,NSW
HOBARTVILLE,150.74298338,-33.60433983,NSW
MULGOA,150.64300766,-33.8268977,NSW
CONDONG,153.44078142,-28.31139409,NSW
WOOLOOWARE,151.1405286,-34.04280934,NSW
LAKE BATHURST,149.67840681,-35.01819211,NSW
NEW LAMBTON,151.70946089,-32.92772946,NSW
GLENHAVEN,150.99844323,-33.70206804,NSW
ROSE VALLEY,150.80906876,-34.7182167,NSW
FOUR CORNERS,145.43631471,-34.81955164,NSW
EAST BALLINA,153.58597929,-28.85623761,NSW
COOLONGOLOOK,152.32075631,-32.22340141,NSW
WILLINA,152.26945085,-32.17841975,NSW
HENTY,147.04415762,-35.52952415,NSW
STUARTS POINT,152.98458324,-30.82425154,NSW
ARGENTS HILL,152.72889393,-30.61058977,NSW
EUREKA,153.43758853,-28.69024294,NSW
LITTLE BILLABONG,147.5126051,-35.62023772,NSW
BRAYS CREEK,153.19682753,-28.4126583,NSW
WILDES MEADOW,150.52258112,-34.62667857,NSW
LAKE COWAL,147.37533627,-33.65749045,NSW
MARRAR,147.34276052,-34.83340968,NSW
CASTLECRAG,151.21961828,-33.80058242,NSW
RAWDON VALE,151.71710774,-31.99866075,NSW
BURCHER,147.23676161,-33.48953124,NSW
BIRCHGROVE,151.18248627,-33.85161426,NSW
BAKERS CREEK,152.10120056,-31.97286925,NSW
BORO,149.69646233,-35.20198616,NSW
WUULUMAN,149.07611999,-32.53232102,NSW
SPICERS CREEK,149.13691895,-32.39588746,NSW
PENRITH,150.693629,-33.74539552,NSW
AMOSFIELD,152.05798228,-28.65835161,NSW
QUAKERS HILL,150.88979788,-33.72845933,NSW
UPPER CRYSTAL CREEK,153.30543783,-28.26988533,NSW
ARIAH PARK,147.19712899,-34.31071644,NSW
YATTE YATTAH,150.41949974,-35.26685773,NSW
LLOYD,147.32407252,-35.14957899,NSW
DOLLS POINT,151.14455267,-33.99367421,NSW
AMAROO,148.92084824,-33.16431015,NSW
NIRIMBA FIELDS,150.87350689,-33.72052397,NSW
SANDY CREEK,150.98490383,-31.83075293,NSW
CABRAMATTA WEST,150.91352255,-33.89244714,NSW
GOOLMA,149.23146015,-32.33318211,NSW
HUNTLEYS COVE,151.13761337,-33.83790327,NSW
SWANSEA HEADS,151.65903144,-33.09321969,NSW
REGENTVILLE,150.66229156,-33.7713852,NSW
STEEPLE FLAT,149.36922633,-36.57895694,NSW
COLLY BLUE,150.14653998,-31.45393993,NSW
KANGAROO POINT,151.09611475,-34.00062857,NSW
GANGAT,152.07411592,-32.0189945,NSW
BALD BLAIR,151.81733014,-30.18010601,NSW
FOSTERS VALLEY,149.54778981,-33.62331993,NSW
FERNANCES,151.01116845,-33.19335667,NSW
KIRKCONNELL,149.8509088,-33.42239549,NSW
GUNNING,149.26567753,-34.78808671,NSW
EURIMBLA,148.82756969,-32.83895116,NSW
ABERMAIN,151.43721207,-32.81969809,NSW
FOREST GLEN,151.02649974,-33.54486029,NSW
CALLALA BEACH,150.69750087,-35.00284387,NSW
CORUNNA,150.10691098,-36.2821514,NSW
CAPTAINS FLAT,149.42864813,-35.57966481,NSW
HYLAND PARK,152.99876539,-30.6119688,NSW
TULLARWALLA,150.4955228,-35.12348128,NSW
BONDI JUNCTION,151.25077574,-33.89304035,NSW
NORTH GOSFORD,151.35448891,-33.41803498,NSW
PORTLAND,149.97299371,-33.35654122,NSW
UARBRY,149.73621458,-32.03803058,NSW
PAUPONG,148.67342626,-36.65063724,NSW
MYLNEFORD,152.84187105,-29.61764104,NSW
BROBENAH,146.44366076,-34.37671093,NSW
SCARBOROUGH,150.95830192,-34.26802118,NSW
TERRABELLA,148.73502172,-32.43970994,NSW
EAST LINDFIELD,151.18821652,-33.76712274,NSW
LEMON TREE PASSAGE,152.02849028,-32.7326196,NSW
BINJURA,149.10470851,-36.17870033,NSW
ALISON,151.3996814,-33.2663447,NSW
PAMBULA BEACH,149.8975638,-36.94510221,NSW
LOGANS CROSSING,152.70186677,-31.60930306,NSW
KUNGHUR CREEK,153.23847016,-28.50133813,NSW
POLO FLAT,149.1507869,-36.23153965,NSW
LALALTY,145.72253893,-35.80930645,NSW
GHINNI GHINNI,152.54854713,-31.88144512,NSW
ROSEBERRY CREEK,152.82409767,-28.47271003,NSW
CHAKOLA,149.21050301,-36.07393562,NSW
DARK CORNER,149.89536139,-33.3004754,NSW
BUSBYS FLAT,152.77343701,-29.06332321,NSW
EASTLAKES,151.21248897,-33.93072861,NSW
GUMBLE,148.65013684,-33.0843983,NSW
TEXAS,151.08918828,-28.89126295,NSW
MEROTHERIE,149.56959628,-32.15859029,NSW
RETREAT,151.06569509,-30.61000948,NSW
HEBDEN,151.06582307,-32.33859649,NSW
LOWER DUCK CREEK,152.53139118,-28.73594189,NSW
BURRELL CREEK,152.30042735,-31.94823929,NSW
SMITHS CREEK,152.85400268,-28.56412253,NSW
MAIMURU,148.1833466,-34.23370126,NSW
OLINDA,150.14517777,-32.81723903,NSW
WARDELL,153.44956948,-28.95446245,NSW
EAST BRANXTON,151.36467029,-32.6549533,NSW
BULGARY,146.9528993,-35.01807978,NSW
BALD NOB,151.98814302,-29.67875538,NSW
MOGILLA,149.56459347,-36.70799661,NSW
WINDRADYNE,149.5450927,-33.40541176,NSW
MERRYLANDS WEST,150.96809535,-33.83709662,NSW
BURRA,148.08991104,-35.82822759,NSW
SANDRINGHAM,151.14018369,-33.99804893,NSW
KUNAMA,148.08915578,-35.54655863,NSW
REPTON,153.03637936,-30.44130846,NSW
THREDBO,148.29124351,-36.49163853,NSW
MINTO,150.84821123,-34.0301785,NSW
CREEL BAY,148.59677257,-36.35120359,NSW
GUILDFORD WEST,150.96479784,-33.84938861,NSW
BONDI,151.26455856,-33.89389048,NSW
GLENFIELD PARK,147.3327567,-35.13698182,NSW
NUMBLA VALE,148.79565775,-36.61892722,NSW
UNUMGAR,152.71959571,-28.43235583,NSW
BURRAPINE,152.63817841,-30.72708709,NSW
MEADOW FLAT,149.91528971,-33.4413384,NSW
UPPER BYLONG,150.18327104,-32.49583766,NSW
BALD RIDGE,149.4340685,-33.93295216,NSW
FRYING PAN,148.8062629,-36.14553014,NSW
TOMBOYE,149.9694383,-35.25349576,NSW
MOUNT RIVERVIEW,150.637157,-33.72825892,NSW
LAMBS VALLEY,151.46403935,-32.57040881,NSW
COROBIMILLA,146.41007604,-34.86221639,NSW
PINE CLUMP,148.15223952,-31.43430417,NSW
MARES RUN,151.80006716,-31.64113154,NSW
MOONAN FLAT,151.21259416,-31.88849042,NSW
CURRICABARK,151.66556378,-31.7254403,NSW
LOADSTONE,152.98852471,-28.39064264,NSW
LOWER DYRAABA,152.88475755,-28.80566636,NSW
STUBBO,149.57099664,-32.27584811,NSW
THE MEADOWS,149.93818114,-33.6470321,NSW
MOORLAND,152.65158274,-31.77609986,NSW
TARRAWANNA,150.87928407,-34.37636659,NSW
GERROA,150.79852201,-34.77307636,NSW
MANYANA,150.51726842,-35.25465831,NSW
LEONAY,150.64806452,-33.76628938,NSW
WYANBENE,149.67503678,-35.78942441,NSW
PADDYS RIVER,148.17160278,-35.76004954,NSW
CUNDLETOWN,152.52119445,-31.88316608,NSW
NYORA,145.97596088,-35.53525026,NSW
ROSEDALE,150.21320233,-35.81656115,NSW
HEBERSHAM,150.8238574,-33.74581328,NSW
ARGALONG,148.43683804,-35.29423103,NSW
CUMBANDRY,149.60805442,-32.36258229,NSW
PARMA,150.54464758,-34.96767995,NSW
BINGEEBEEBRA CREEK,152.77837484,-28.80762149,NSW
BARA,149.8523298,-32.57108886,NSW
HANGING ROCK,151.24805252,-31.50341713,NSW
KAMERUKA,149.70495763,-36.72133604,NSW
COXS CROWN,150.05751822,-32.72475529,NSW
BROOKDALE,147.01281635,-35.12036821,NSW
BEAN CREEK,152.58741219,-28.58142515,NSW
GURRANANG,152.98216275,-29.44396323,NSW
KERRABEE,150.3028612,-32.46859126,NSW
MOOREBANK,150.93810119,-33.94124028,NSW
CHATSWORTH,153.24722967,-29.38567941,NSW
KOOTINGAL,151.05844977,-31.05975267,NSW
CONGARINNI NORTH,152.88419651,-30.68210405,NSW
RUKENVALE,152.89405135,-28.4690921,NSW
RYDALMERE,151.0409532,-33.81270221,NSW
HAMILTON SOUTH,151.74791415,-32.93350112,NSW
NORTHBRIDGE,151.2180093,-33.81083653,NSW
NEVILLE,149.19455071,-33.73821721,NSW
RAZORBACK,150.6530708,-34.15234716,NSW
BRAUNSTONE,152.94986793,-29.81433748,NSW
TUCKI TUCKI,153.31697824,-28.92152871,NSW
COOKARDINIA,147.24641331,-35.55348153,NSW
BURRANEER,151.13851509,-34.06427051,NSW
HAREFIELD,147.55379291,-34.9769016,NSW
NUNDERI,153.45968916,-28.32207049,NSW
LOVEDALE,151.36422668,-32.75328186,NSW
TRUNKEY CREEK,149.33756495,-33.80058348,NSW
WALLERAWANG,150.0501139,-33.42042512,NSW
BLUE LABYRINTH,150.55835963,-33.76098651,NSW
MOUNT VICTORIA,150.24732692,-33.57630063,NSW
LONG JETTY,151.48654531,-33.35980256,NSW
LANE COVE WEST,151.15002116,-33.81145157,NSW
KELLYVILLE RIDGE,150.91972087,-33.70375758,NSW
BLUE BAY,151.50056703,-33.35437782,NSW
MOUNT OLIVE,151.22452903,-32.40714842,NSW
DARTBROOK,150.81628711,-32.15212254,NSW
MIDDLE HARBOUR,151.23300544,-33.80358732,NSW
PITT TOWN BOTTOMS,150.84607699,-33.58585305,NSW
NOBBYS CREEK,153.33876092,-28.2940138,NSW
VALENTINE,151.64285236,-33.01507286,NSW
LAWRENCE,153.07705464,-29.45097798,NSW
BARADINE,149.06068128,-30.93101949,NSW
CALALA,150.97706032,-31.1669357,NSW
DOON DOON,153.30563746,-28.49607591,NSW
MILLFIELD,151.24765668,-32.8864881,NSW
HUNTERS HILL,151.1456219,-33.83066089,NSW
TYAGARAH,153.55565455,-28.59975203,NSW
TERALBA,151.59964741,-32.95044989,NSW
MIDDLE POCKET,153.46814555,-28.48685718,NSW
CUDGERA CREEK,153.5150494,-28.38894376,NSW
THALGARRAH,151.87033666,-30.40872447,NSW
WENTWORTH,142.02405366,-33.91969138,NSW
RICHMOND,150.75761386,-33.60484716,NSW
EAST CORRIMAL,150.91250035,-34.37715929,NSW
GUYRA,151.62697359,-30.22142563,NSW
COOKAMIDGERA,148.29795878,-33.24100024,NSW
DOLPHIN POINT,150.44349399,-35.40182962,NSW
DUNS CREEK,151.64913159,-32.6150336,NSW
DOMBARTON,150.76450147,-34.45455435,NSW
DUNGOG,151.75242011,-32.40465086,NSW
RANGERS VALLEY,151.76198916,-29.54218651,NSW
TAYLORS BEACH,152.06904666,-32.74365625,NSW
MALUA BAY,150.21166377,-35.79074046,NSW
SYDNEY OLYMPIC PARK,151.0689048,-33.83964888,NSW
WEREBOLDERA,148.21992583,-35.38787468,NSW
JANNALI,151.06579331,-34.01574184,NSW
MOONBI,151.04807618,-30.94952806,NSW
UNDERCLIFFE,152.18226876,-28.62253616,NSW
GREENDALE,150.66290171,-33.9275436,NSW
WOLLUMBOOLA,150.72748128,-34.95899726,NSW
WALLALONG,151.64852687,-32.69440883,NSW
OLD JUNEE,147.49532215,-34.81498906,NSW
TUGGERAH,151.42754347,-33.30685508,NSW
MONTEFIORES,148.93897031,-32.53036675,NSW
GANMAIN,147.01843941,-34.8077585,NSW
BUCKETTY,151.14406269,-33.10811814,NSW
WEABONGA,151.30386952,-31.19340639,NSW
CROOKWELL,149.45736149,-34.45326114,NSW
KANGIARA,148.79142407,-34.60441861,NSW
TWELVE MILE,149.25748642,-32.51184276,NSW
CASTLEREAGH,150.67903459,-33.68750898,NSW
SEAHAM,151.70680385,-32.6714793,NSW
HORSLEY PARK,150.84784913,-33.84017438,NSW
QUEENS PINCH,149.68923431,-32.74353515,NSW
ROSEVILLE CHASE,151.19942569,-33.77505059,NSW
GOROKAN,151.50599625,-33.25491215,NSW
CHISHOLM,151.63692601,-32.75468544,NSW
CHILCOTTS GRASS,153.34355169,-28.83316543,NSW
WANTABADGERY,147.72058692,-35.0063191,NSW
CAMPERDOWN,151.18180793,-33.88843388,NSW
ABERCROMBIE RIVER,149.34769279,-33.91028065,NSW
EUROKA,152.80049705,-31.07696161,NSW
WAMBERAL,151.44354418,-33.41584578,NSW
GUNDAROO,149.27830174,-35.03507842,NSW
GUILDFORD,150.99092842,-33.85621608,NSW
CORRIMAL,150.89239024,-34.3681241,NSW
TUMBLONG,147.98243472,-35.14288052,NSW
GOONENGERRY,153.43063337,-28.60438373,NSW
GEURIE,148.85390022,-32.37489997,NSW
HOLLISDALE,152.54334052,-31.3883812,NSW
KYNNUMBOON,153.37458933,-28.30789285,NSW
MARYVALE,148.89982742,-32.45888973,NSW
STOKERS SIDING,153.41812719,-28.40642275,NSW
TYALGUM,153.22950294,-28.35971602,NSW
GLENBROOK,150.62579349,-33.76382482,NSW
BOBUNDARA,148.97449626,-36.46151731,NSW
CULBURRA BEACH,150.75157475,-34.92790375,NSW
BUDDEROO,150.66478568,-34.67341823,NSW
BOOLAROO,151.6275895,-32.94795074,NSW
HILL END,149.44654065,-33.02597878,NSW
ROSEBANK,153.39563389,-28.66884118,NSW
ALBION PARK,150.77729527,-34.58218822,NSW
ASHBY ISLAND,153.20361191,-29.42423339,NSW
PARKES,148.27297615,-33.10029793,NSW
WALLAGOOT,149.91800621,-36.76671057,NSW
GALONG,148.56131238,-34.59560946,NSW
BINALONG,148.66070082,-34.67191511,NSW
ROBERTSON,150.60054655,-34.60902539,NSW
YELLOW ROCK,150.6339104,-33.69616536,NSW
BAMARANG,150.51881845,-34.90432241,NSW
VAUCLUSE,151.27716042,-33.85590958,NSW
GIDLEY,150.83755058,-30.99636486,NSW
MUNGHORN,149.82683181,-32.38227418,NSW
ALMA PARK,146.80079802,-35.60099911,NSW
RUSHES CREEK,150.60076906,-30.84274246,NSW
KALARU,149.93112254,-36.72982342,NSW
ASHFORD,151.16779095,-29.31123217,NSW
CALIFAT,148.09927665,-35.24659347,NSW
PILOT WILDERNESS,148.20832824,-36.67810759,NSW
TARCUTTA,147.71233533,-35.28695125,NSW
THE RISK,152.93183332,-28.47034532,NSW
BEXHILL,153.35371061,-28.75587842,NSW
TILPA,144.37006944,-31.01144378,NSW
SHELLHARBOUR CITY CENTRE,150.83722073,-34.5648827,NSW
WOONGARRAH,151.47836143,-33.23898636,NSW
HUNTLEY,150.73636292,-34.49776366,NSW
CEDAR BRUSH CREEK,151.24984926,-33.16090568,NSW
YELGUN,153.498215,-28.47901209,NSW
OOTHA,147.46077032,-33.08993625,NSW
PITT TOWN,150.86969623,-33.58295583,NSW
ROWLANDS CREEK,153.34692261,-28.46716011,NSW
NUMBAA,150.68216094,-34.87640293,NSW
HARWOOD,153.24721106,-29.41373793,NSW
FRESHWATER,151.28441329,-33.77612295,NSW
CLOVASS,153.1583446,-28.8645343,NSW
MICALO ISLAND,153.31091129,-29.45013192,NSW
KIELVALE,153.44870275,-28.33825013,NSW
DONDINGALONG,152.74265335,-31.13949373,NSW
LOWTHER,150.11143454,-33.62190009,NSW
UPPER BURRINGBAR,153.4225306,-28.4519083,NSW
BINNAWAY,149.43879853,-31.55308762,NSW
COOLANGATTA,150.71509001,-34.85344175,NSW
BACK FOREST,150.68112659,-34.8406174,NSW
WEST CORAKI,153.20863578,-29.00262713,NSW
EAST GRESFORD,151.56037049,-32.40739291,NSW
SOUTH TAMWORTH,150.921779,-31.11112216,NSW
GORDON,151.15345358,-33.75562325,NSW
BELLBIRD,151.31673344,-32.85357507,NSW
NEMINGHA,151.00508553,-31.11712072,NSW
DALSWINTON,150.70748193,-32.42260443,NSW
WATSONS BAY,151.28200904,-33.84079495,NSW
EAST MAITLAND,151.58683032,-32.7610019,NSW
OAKHAMPTON HEIGHTS,151.55035332,-32.7090197,NSW
WARNERS BAY,151.65186635,-32.97118104,NSW
GADARA,148.12784851,-35.31075167,NSW
MACQUARIE HILLS,151.6448156,-32.95114895,NSW
LITTLE FOREST,150.37370782,-35.29321741,NSW
RANKIN PARK,151.68185054,-32.92548671,NSW
GIN GIN,148.09158299,-31.90044816,NSW
GREENWICH,151.18479388,-33.82931601,NSW
WHITEBRIDGE,151.71862914,-32.97235747,NSW
COMO,151.06431619,-34.0020911,NSW
DUDLEY,151.72265434,-32.9920997,NSW
CAROOL,153.42688056,-28.22579322,NSW
APPLEBY,150.82280708,-30.96269006,NSW
ALBERT,147.47703381,-32.3847864,NSW
GREENACRE,151.05818622,-33.9025146,NSW
BARREN GROUNDS,150.72331349,-34.69033251,NSW
SUNSHINE BAY,150.20787697,-35.74533508,NSW
TINDERRY,149.30831614,-35.69420703,NSW
WOLLOGORANG,149.52383422,-34.86025495,NSW
ZARA,153.25735446,-28.31855714,NSW
PYREE,150.69397836,-34.91722678,NSW
BYRRILL CREEK,153.24014446,-28.43776645,NSW
ULAMAMBRI,149.44093303,-31.32717433,NSW
DERRIWONG,147.35195035,-33.10093353,NSW
BALMORAL,150.51526296,-34.30263439,NSW
TUCKURIMBA,153.32743108,-28.95164156,NSW
CAMDEN,150.69478542,-34.05750287,NSW
ENVIRONA,149.18343039,-35.40945465,NSW
GOOD FOREST,150.11079895,-33.58751327,NSW
LAKE GEORGE,149.4123445,-35.11135696,NSW
ERINA HEIGHTS,151.40918993,-33.42580939,NSW
OCEAN SHORES,153.53407143,-28.50988341,NSW
CHOWAN CREEK,153.37397776,-28.4537662,NSW
TOOWOON BAY,151.49761892,-33.36267615,NSW
BUGALDIE,149.13466138,-31.16058408,NSW
WOODBERRY,151.6776618,-32.79317779,NSW
WORRIGEE,150.6384749,-34.91234443,NSW
POTTSVILLE,153.55808972,-28.38774317,NSW
BALRANALD,143.41722453,-34.3327977,NSW
GREEN GULLY,149.68163785,-32.79171293,NSW
COOMA,149.1202292,-36.25075226,NSW
TILBA TILBA,150.03878829,-36.33544099,NSW
STANMORE,151.16605421,-33.89305618,NSW
EMU PLAINS,150.66427173,-33.7467678,NSW
ILLAWONG,151.041535,-33.99819328,NSW
FAIRFIELD EAST,150.97270028,-33.87418109,NSW
BOOTHENBA,148.67749222,-32.19149031,NSW
BUTLERS FALLS,148.6457633,-32.30341718,NSW
COOLBAGGIE,148.48276396,-32.05145255,NSW
YENGO NATIONAL PARK,150.91150877,-33.0149525,NSW
MUGGA DOWNS,148.68136963,-32.22755387,NSW
CUMBOOGLE,148.597988,-32.34354385,NSW
WHYLANDRA,148.49307671,-32.20990665,NSW
YARRABAR,148.48319638,-32.33904006,NSW
FOUR MILE CREEK,151.5834051,-32.79605434,NSW
GLENGERRA,148.56051231,-32.38250447,NSW
MINORE FALLS,148.43767307,-32.20251013,NSW
NARROMINE EAST,148.3959103,-32.22549782,NSW
UPPER OBLEY,148.56616577,-32.60282227,NSW
MILSONS ARM,151.15473237,-32.99389575,NSW
NARONE CREEK,151.17949155,-32.95734066,NSW
NORTH MACQUARIE,150.7427604,-34.56833257,NSW
EULOMOGO,148.7015877,-32.28851519,NSW
MEGALONG,150.22853795,-33.72991275,NSW
PRETTY BEACH,150.35233261,-35.57774097,NSW
AVALON,151.32669423,-33.62829592,NSW
SPRINGVALE,150.12366903,-33.41072569,NSW
LOOMBAH,148.75230827,-32.79037496,NSW
BOMERA,149.78099936,-31.51586624,NSW
BURRABADINE,148.53121634,-32.20665343,NSW
SUMMER HILL,151.50056771,-32.47853192,NSW
BAKERS CREEK,150.99559312,-30.32478363,NSW
BUNDABURRAH,147.88255872,-33.45768079,NSW
NUBINGERIE,148.67246684,-32.50927003,NSW
OAKY PARK,150.18296373,-33.46431928,NSW
ESCHOL,148.66789,-32.35168631,NSW
MORVEN,152.16376949,-29.41040836,NSW
DODSWORTH,149.24911878,-35.35673426,NSW
PENROSE,150.2117028,-34.66376717,NSW
BRUAH,148.74175691,-32.1475272,NSW
KOSCIUSZKO NATIONAL PARK,148.46388034,-36.31383919,NSW
DELROY HEIGHTS,148.53168254,-32.27094423,NSW
BARBIGAL,148.82974531,-32.19720979,NSW
YARRAGONG,147.89540797,-33.28300635,NSW
PALING YARDS,149.73213218,-34.11536406,NSW
RIVERVIEW,151.16019677,-33.82397442,NSW
TAMARAMA,151.27043089,-33.8986274,NSW
BEELBANGERA,146.10461643,-34.23128482,NSW
GRAGIN,150.80527334,-29.55004203,NSW
GRADYS CREEK,152.94149667,-28.40313625,NSW
MURGA,148.53170974,-33.35262879,NSW
BUNYAH,152.19874524,-32.18782424,NSW
O'CONNELL,149.73764315,-33.55442288,NSW
COME BY CHANCE,148.45461483,-30.35617654,NSW
CANOWINDRA,148.64070658,-33.53372379,NSW
BRADBURY,150.81510064,-34.08564367,NSW
SACKVILLE,150.87768835,-33.49082923,NSW
KOORAGANG,151.75334549,-32.87130436,NSW
BANORA POINT,153.53707829,-28.22217291,NSW
BROWNS MOUNTAIN,150.51921519,-34.78982218,NSW
WEST WALLSEND,151.56175609,-32.89629775,NSW
OLD EROWAL BAY,150.64963697,-35.08810095,NSW
CARNHAM,152.58775434,-29.34514409,NSW
BANGHEET,150.41656991,-29.83709364,NSW
MOUNT HOPE,145.90882516,-32.76273092,NSW
CAMS WHARF,151.61758354,-33.12584311,NSW
WINTON,150.70421794,-31.0902662,NSW
LIMEKILNS,149.74594517,-33.24653771,NSW
COALDALE,152.81017356,-29.39782529,NSW
ETTAMOGAH,146.9563913,-36.0023389,NSW
AWABA,151.54246898,-33.02241024,NSW
DAIRY ARM,151.17650555,-33.05407879,NSW
YARRAMALONG,151.25636001,-33.21051112,NSW
GIDGINBUNG,147.44215284,-34.30831658,NSW
ELDERSLIE,151.35066746,-32.58201236,NSW
LANSVALE,150.96335857,-33.90401396,NSW
WYNDHAM,149.63291737,-36.92254083,NSW
MAYFIELD NORTH,151.7504424,-32.88963015,NSW
ROSEVILLE,151.18207773,-33.78318914,NSW
WEST GOSFORD,151.32363046,-33.42199622,NSW
BEROWRA HEIGHTS,151.13563813,-33.60388848,NSW
KANGAROO CREEK,152.85731009,-29.97175672,NSW
MAYFIELD WEST,151.72462255,-32.88495798,NSW
BULLA CREEK,148.2626696,-34.11655447,NSW
GLENDON,151.28509952,-32.586898,NSW
TOMAGO,151.74083211,-32.82348564,NSW
MARYLAND,151.66217821,-32.87998871,NSW
RABY,150.81748756,-34.01842673,NSW
COLLUM COLLUM,152.47771526,-29.2539352,NSW
WESTBROOK,151.28786314,-32.44071608,NSW
LIGHTNING RIDGE,148.00663089,-29.31733112,NSW
YAGOONA,151.0201649,-33.90462457,NSW
MITCHELLS FLAT,151.29659416,-32.55501735,NSW
KELSO,149.62283339,-33.41938916,NSW
ELEEBANA,151.64895558,-32.99329445,NSW
BARHAM,144.21504422,-35.60040041,NSW
CHARLESTOWN,151.69385303,-32.96672687,NSW
GRENFELL,148.18601154,-33.92844261,NSW
SOUTH MAROOTA,150.95499753,-33.51104756,NSW
MOUNT HUTTON,151.67067373,-32.97889264,NSW
TERRANORA,153.50629906,-28.23868534,NSW
CRYON,148.6218758,-29.99962337,NSW
BURRADOO,150.40794823,-34.50845467,NSW
MURRUMBATEMAN,149.02912033,-34.97430068,NSW
MILLTHORPE,149.19147009,-33.45284221,NSW
DOYALSON,151.51337894,-33.19610223,NSW
CANOELANDS,151.08608998,-33.49888614,NSW
THURGOONA,146.991355,-36.05589304,NSW
PEAKHURST HEIGHTS,151.05487068,-33.97588392,NSW
CHEERO POINT,151.19318713,-33.51092801,NSW
PUCAWAN,147.38675115,-34.40048008,NSW
HORSESHOE CREEK,153.03725034,-28.53534646,NSW
MARCHMONT,148.93724788,-34.90279151,NSW
BUNGABBEE,153.13420194,-28.76685721,NSW
BROCKLEHURST,148.60179667,-32.13062891,NSW
BANYABBA,152.933779,-29.37234047,NSW
PALING YARDS,149.74386191,-33.18279696,NSW
CONIMBIA,147.99498805,-30.66648898,NSW
BULYEROI,149.18221138,-29.79569085,NSW
HORSE STATION CREEK,152.95198371,-28.61444213,NSW
BRAWBOY,150.62329426,-31.95247233,NSW
CENTRAL MANGROVE,151.24830748,-33.28902625,NSW
RED ROCKS,150.53096769,-34.77127797,NSW
GLENDON BROOK,151.40826971,-32.48894003,NSW
KINGSCLIFF,153.57349333,-28.26262998,NSW
CURRABUBULA,150.6776125,-31.23943231,NSW
BUCHANAN,151.53231393,-32.82497297,NSW
FLORAVILLE,151.66321035,-33.01202736,NSW
TALLWOODS VILLAGE,152.51040073,-32.05534831,NSW
GUYONG,149.26768107,-33.39750932,NSW
WILBERFORCE,150.84594884,-33.54506821,NSW
MARTINS CREEK,151.64445085,-32.55527415,NSW
MARLOW,151.16760149,-33.46945531,NSW
FERNSIDE,153.16809344,-28.79585188,NSW
BAR POINT,151.17192301,-33.49556829,NSW
CUMBERLAND REACH,150.89501334,-33.46473822,NSW
FINGAL HEAD,153.56537688,-28.20137351,NSW
WOODBURN,153.35473822,-29.09724744,NSW
MOSS VALE,150.39644486,-34.55058129,NSW
WOODRISING,151.60657913,-32.98594068,NSW
CLIFDEN,152.94279731,-29.51357892,NSW
MELBERGEN,146.01030332,-33.74484205,NSW
WESTON,151.4561833,-32.81163481,NSW
TERRY HIE HIE,150.16060129,-29.78502741,NSW
SAPPHIRE BEACH,153.13771315,-30.22642708,NSW
CROPPA CREEK,150.28771718,-29.12480518,NSW
CEDAR POINT,153.00218672,-28.69014672,NSW
EUGOWRA,148.3531137,-33.41111647,NSW
GRAVESEND,150.32814452,-29.63271196,NSW
BILLYWILLINGA,149.44070956,-33.28426705,NSW
OATLANDS,151.0268651,-33.79578582,NSW
SANDGATE,151.70615339,-32.8668843,NSW
CHIPPING NORTON,150.95920567,-33.91806394,NSW
STOCKYARD CREEK,152.80892574,-29.51632412,NSW
JENOLAN,150.06725368,-33.80823679,NSW
GLANMIRE,149.70560056,-33.41949705,NSW
FREEMANS WATERHOLE,151.49307436,-32.98779504,NSW
LARNOOK,153.11521486,-28.65336463,NSW
ARMATREE,148.49175167,-31.42375378,NSW
MYALL CREEK,150.72655896,-29.77824069,NSW
BLACK SPRINGS,149.71857137,-33.8571008,NSW
AMBARVALE,150.79719021,-34.08926179,NSW
TENNYSON,150.73732556,-33.53304788,NSW
EURONGILLY,147.7998456,-34.93142226,NSW
KIKIAMAH,148.1296695,-34.09808995,NSW
FLETCHER,151.64119129,-32.87175883,NSW
MEROO MEADOW,150.60689321,-34.81448932,NSW
TWEED HEADS,153.5370081,-28.17865274,NSW
DIAMOND BEACH,152.53631325,-32.02812551,NSW
UPPER ORARA,152.98814142,-30.28614664,NSW
HALFWAY CREEK,153.10020202,-29.9330428,NSW
GUMLY GUMLY,147.43179055,-35.13204891,NSW
FOREST LAND,152.13535695,-29.26054855,NSW
EDGECLIFF,151.23648713,-33.87937821,NSW
BANKSTOWN AERODROME,150.98866082,-33.92260849,NSW
BUCCA WAUKA,152.1504416,-32.10253356,NSW
WALLSEND,151.66094733,-32.89951316,NSW
LAKE ALBERT,147.39279758,-35.16856348,NSW
CHARMHAVEN,151.49417139,-33.22608085,NSW
EAST SEAHAM,151.7649185,-32.63765476,NSW
BECTIVE,150.7180744,-31.00468752,NSW
CUDAL,148.73893964,-33.31660847,NSW
BOGGABRI,150.05645125,-30.68682976,NSW
MANDURAMA,148.97211657,-33.64969239,NSW
CAMPBELLTOWN,150.8072339,-34.06809194,NSW
WILBETREE,149.57484702,-32.48193871,NSW
BUNDEENA,151.15155232,-34.08340357,NSW
SPRING GROVE,153.12907814,-28.82892311,NSW
WEILMORINGLE,146.81329019,-29.1792745,NSW
NORTH TUMBULGUM,153.46934518,-28.26056302,NSW
THE GAP,153.38227499,-29.16961264,NSW
TWEED HEADS WEST,153.50523042,-28.18382665,NSW
EAST GOSFORD,151.35411668,-33.4348777,NSW
SHERWOOD,153.0454228,-30.03085911,NSW
DYERS CROSSING,152.30760091,-32.08215899,NSW
CORAMBA,153.03353296,-30.19343155,NSW
LOWER PORTLAND,150.88520015,-33.43906599,NSW
BETHUNGRA,147.84159022,-34.75692858,NSW
BOLIVIA,151.91183611,-29.28399707,NSW
SWAN BAY,153.29257665,-29.07813267,NSW
PALLAMALLAWA,150.17327121,-29.39407273,NSW
MOUNT TOMAH,150.42235758,-33.54247897,NSW
HEXHAM,151.67453809,-32.85010842,NSW
BURRUNDULLA,149.63657672,-32.63254121,NSW
SACKVILLE NORTH,150.90508085,-33.48523229,NSW
WYANGALA,148.94504305,-33.97972005,NSW
EBENEZER,150.88635747,-33.51976819,NSW
GLEN WILLIAM,151.79533624,-32.51142892,NSW
ROCK FLAT,149.20973065,-36.38782963,NSW
CULLENBONE,149.50710839,-32.49290244,NSW
THE WHITEMAN,152.86310228,-29.5995302,NSW
KUNGALA,153.03176496,-29.95602066,NSW
CANGAI,152.44207159,-29.48726725,NSW
TOPI TOPI,152.33869852,-32.35846956,NSW
CAPOOMPETA,152.05284153,-29.3890607,NSW
WALLAROBBA,151.70090208,-32.50265726,NSW
YAGON,152.44558421,-32.44998232,NSW
MIMOSA,147.39885485,-34.55723523,NSW
MERRIGAL,148.26202962,-31.50264943,NSW
SEBASTOPOL,147.53935901,-34.57509145,NSW
RUSHCUTTERS BAY,151.22800656,-33.87471554,NSW
EREMERANG,146.39779279,-32.62430982,NSW
COMBANING,147.65351239,-34.50818204,NSW
MANCHESTER SQUARE,150.39801444,-34.59999136,NSW
BALICKERA,151.80425236,-32.65831111,NSW
LAKE HUME VILLAGE,147.03446881,-36.09355989,NSW
SWANSEA,151.63529632,-33.09124811,NSW
CARGO,148.82415005,-33.44120432,NSW
CHATHAM VALLEY,149.87916958,-33.84969469,NSW
LAVINGTON,146.93455705,-36.03483415,NSW
GINGKIN,149.95805145,-33.88771011,NSW
MAITLAND,151.54922383,-32.73838618,NSW
CONGEWAI,151.29389543,-32.97922432,NSW
ROCKY CREEK,150.21162042,-30.03282541,NSW
LADYSMITH,147.54945259,-35.21571559,NSW
NARRABURRA,147.61758478,-34.32870336,NSW
WHITTINGHAM,151.21381627,-32.61686983,NSW
BAERAMI,150.46035924,-32.40159065,NSW
PEEL,149.64568379,-33.29548248,NSW
MERRIWAGGA,145.66191125,-33.78878828,NSW
GODFREYS CREEK,148.70152187,-34.17732789,NSW
WISEMANS CREEK,149.71775501,-33.63393427,NSW
BERRIDALE,148.81979556,-36.38343202,NSW
JIBBON,151.14445256,-34.09321351,NSW
CARCOAR,149.13602256,-33.61662918,NSW
GEORGES HALL,150.98804436,-33.90900045,NSW
JAMISON VALLEY,150.29979462,-33.79111409,NSW
JEWELLS,151.6874565,-33.0092019,NSW
MOUNT VIEW,151.26744967,-32.84814399,NSW
BRANXTON,151.35844061,-32.63882727,NSW
EAST CORAKI,153.31277265,-29.00865515,NSW
HOBBYS YARDS,149.32758838,-33.68903306,NSW
DUBBO,148.60166548,-32.27894888,NSW
BELMONT NORTH,151.67225315,-33.01698829,NSW
GUNDERMAN,151.06143861,-33.38922914,NSW
SINGLETONS MILL,151.0731159,-33.46911094,NSW
BASS HILL,150.99629971,-33.89927095,NSW
EVIRON,153.48299495,-28.30596561,NSW
MULLAMUDDY,149.66866987,-32.68705371,NSW
TULLOONA,150.08430813,-28.90026821,NSW
WHITEMAN CREEK,152.85503702,-29.56484811,NSW
CALIMO,144.56492486,-35.42497104,NSW
EASTWOOD,151.08382062,-33.78882428,NSW
BUNGENDORE,149.4803595,-35.29324572,NSW
ROWENA,148.91487086,-29.74911205,NSW
ROB ROY,151.0048988,-29.71652174,NSW
TYGALGAH,153.42547245,-28.2991169,NSW
DIRNASEER,147.74594644,-34.60720611,NSW
TUMBULGUM,153.47667527,-28.28308376,NSW
FEDERAL,153.45434724,-28.65343351,NSW
TWEED HEADS SOUTH,153.53488816,-28.20021805,NSW
KEIRAVILLE,150.87291664,-34.40930758,NSW
GLENNING VALLEY,151.42186165,-33.35218308,NSW
HOVELLS CREEK,148.85834791,-34.06800427,NSW
WYEE POINT,151.5077648,-33.14585293,NSW
BEAUMONT,150.5794088,-34.78143102,NSW
CHARLOTTE BAY,152.50989945,-32.35294906,NSW
DUMBUDGERY,152.52334507,-29.29998429,NSW
SEELANDS,152.89643114,-29.62985935,NSW
TIGHES HILL,151.75620356,-32.9045056,NSW
WALLAMORE,150.8247819,-31.04003317,NSW
LIMEBURNERS CREEK,151.91235445,-32.57948381,NSW
MARSHDALE,151.80330195,-32.42228112,NSW
WELLINGTON VALE,151.73499629,-29.41459721,NSW
ROSSMORE,150.77262779,-33.93580901,NSW
NORTH CASINO,153.06265486,-28.79851446,NSW
CAMBRA,151.8649132,-32.45123532,NSW
GURLEY,149.81972443,-29.73213274,NSW
BOOROORBAN,144.7926796,-34.85971505,NSW
DOCTOR GEORGE MOUNTAIN,149.89784385,-36.66447487,NSW
HOXTON PARK,150.85714367,-33.92949897,NSW
CABRAMURRA,148.43965433,-35.94916973,NSW
PELICAN,151.64454551,-33.07097113,NSW
ARAKOON,153.06314089,-30.92204278,NSW
COLLENDINA,146.22226507,-35.97464153,NSW
FORBES RIVER,152.33761099,-31.243007,NSW
BENDALONG,150.50006036,-35.2297938,NSW
WEST TAMWORTH,150.9076116,-31.1010573,NSW
WEBBS CREEK,150.9079287,-33.3501454,NSW
BOMBOWLEE CREEK,148.31738532,-35.27361996,NSW
BIG RIDGE,151.22624367,-32.57520169,NSW
DEAN PARK,150.85998779,-33.73489548,NSW
HASSALL GROVE,150.83816884,-33.73112308,NSW
SCOTTS HEAD,152.98633688,-30.70818562,NSW
EUCHAREENA,149.11872722,-32.94366514,NSW
DEBENHAM,152.24796611,-31.47414242,NSW
YANGA,143.71652805,-34.73949394,NSW
YARRANGOBILLY,148.4931331,-35.68047891,NSW
DIAMOND HEAD,152.77027441,-31.70109518,NSW
NORTH BONDI,151.27838401,-33.88458332,NSW
GOOBARRAGANDRA,148.50407081,-35.4421478,NSW
MORTDALE,151.07186625,-33.9695396,NSW
POONCARIE,142.41985933,-33.42187592,NSW
CURROWAN,150.09198321,-35.57080164,NSW
NOWENDOC,151.74470661,-31.45988224,NSW
DEUA RIVER VALLEY,149.9276447,-35.79064991,NSW
LILYDALE,152.65899734,-29.5497545,NSW
JOLLY NOSE,152.78455743,-31.59055646,NSW
SPRINGWOOD,150.57582365,-33.69406107,NSW
BOOROOK,152.27244267,-28.80252851,NSW
SHOALHAVEN HEADS,150.74157117,-34.85021182,NSW
COBARK,151.69741262,-31.91584542,NSW
WOONONA,150.90178909,-34.34634274,NSW
RED ROCK,153.21115874,-29.99952873,NSW
WATERSLEIGH,150.51902215,-34.85538444,NSW
GOODMANS FORD,150.06637925,-34.29790801,NSW
MACQUARIE LINKS,150.87271839,-33.98185854,NSW
LEWISHAM,151.14672233,-33.8952277,NSW
ANNANGROVE,150.9475198,-33.65748893,NSW
MUMBLEBONE PLAIN,147.64946476,-31.49719876,NSW
NOWRA HILL,150.56393813,-34.93206086,NSW
BARRY,149.26684797,-33.64699682,NSW
MAUDE,144.19007507,-34.48972688,NSW
MUMMULGUM,152.79165881,-28.87012992,NSW
WYANGLE,148.3366031,-35.22433008,NSW
BUNGOWANNAH,146.77318227,-36.00332515,NSW
BERTHONG,148.09553246,-34.38896831,NSW
PEARCES CREEK,153.44800334,-28.77201159,NSW
MEMAGONG,148.12861858,-34.29519247,NSW
CONSTITUTION HILL,150.9751596,-33.7938103,NSW
WOOLOOMA,151.21118307,-32.00426113,NSW
RAYMOND TERRACE,151.76692336,-32.76046713,NSW
HOGARTH RANGE,152.82711907,-28.90900518,NSW
FERODALE,151.84118069,-32.71017205,NSW
CLARENDON,150.79112425,-33.61056667,NSW
WAITARA,151.10596136,-33.70925793,NSW
DARUKA,150.97073644,-31.03737941,NSW
DULWICH HILL,151.1395467,-33.90406995,NSW
NORTH LAMBTON,151.70431681,-32.90395019,NSW
PADSTOW HEIGHTS,151.03323365,-33.97048185,NSW
GLENMORE,150.60327415,-34.0738493,NSW
MACQUARIE FIELDS,150.89266569,-33.99194554,NSW
SKINNERS SHOOT,153.59058262,-28.65811138,NSW
CULCAIRN,147.0153375,-35.6744929,NSW
CURRAWANG,149.52997812,-34.96810157,NSW
MUNDARLO,147.81998946,-35.12472373,NSW
CENTRAL COLO,150.77190044,-33.42367181,NSW
YARRABANDAI,147.57788738,-33.13536695,NSW
ONE TREE,144.84406831,-34.16607317,NSW
NYNGAN,147.1731042,-31.54447457,NSW
TICHULAR,149.93314798,-32.45036302,NSW
MEDWAY,150.28401075,-34.49184248,NSW
HAYSTACK,152.54246455,-28.66000679,NSW
MOUNT HARRIS,147.6661735,-31.28151968,NSW
WAREEMBA,151.13233106,-33.85762943,NSW
WARRAGAMBA,150.5989983,-33.89056519,NSW
MORVEN,147.15482004,-35.65151055,NSW
KRAWARREE,149.61335436,-35.76176381,NSW
WALLA WALLA,146.87495937,-35.73602465,NSW
GROSE WOLD,150.67666954,-33.60261573,NSW
MIDDLE BROOK,150.79244657,-31.92320394,NSW
BULGA FOREST,152.18756561,-31.58373991,NSW
WOODVILLE,151.62440781,-32.66822716,NSW
MCLEODS SHOOT,153.55419995,-28.65949712,NSW
BALGOWLAH,151.2616929,-33.79466977,NSW
YARRANBELLA,152.76862447,-30.72461362,NSW
PALM BEACH,151.32499926,-33.59633763,NSW
SOUTH NOWRA,150.59892437,-34.90885788,NSW
YERRANDERIE,150.22589733,-34.1197515,NSW
WARRAWEE,151.12247722,-33.72739618,NSW
DUNMORE,150.8222042,-34.61981754,NSW
TIRRANNAVILLE,149.67467687,-34.86843127,NSW
CLAREMONT MEADOWS,150.75195335,-33.77590956,NSW
YELLOW ROCK,150.73771391,-34.60240541,NSW
BOM BOM,152.96955353,-29.76506783,NSW
NEWNES,150.25523951,-33.18848689,NSW
NORTH SYDNEY,151.20872576,-33.83658708,NSW
MOOKIMA WYBRA,152.53416747,-29.00835448,NSW
CAPEEN CREEK,152.65132243,-28.54901344,NSW
FORSTER,152.53281977,-32.22086739,NSW
ROUCHEL,150.99439494,-32.14830585,NSW
COOLAH,149.75986693,-31.79267,NSW
MANGROVE MOUNTAIN,151.18369442,-33.32152879,NSW
BALLDALE,146.51735737,-35.81574642,NSW
WHEELER HEIGHTS,151.28065939,-33.72789066,NSW
BARDEN RIDGE,151.00408684,-34.03408909,NSW
LUCAS HEIGHTS,150.97759006,-34.04117613,NSW
BODANGORA,149.0335996,-32.4421301,NSW
HUSKISSON,150.65073519,-35.03854299,NSW
ST IVES CHASE,151.16466746,-33.70364106,NSW
ROCKY CREEK,151.35183553,-29.26858145,NSW
DUCK CREEK,152.66191167,-28.61712413,NSW
TUROSS HEAD,150.12199136,-36.03645406,NSW
BULLOCKS FLAT,148.43538785,-36.44612754,NSW
FINGAL BAY,152.16319714,-32.75015084,NSW
WAUCHOPE,152.73252475,-31.47206108,NSW
CAMELLIA,151.03339061,-33.81898681,NSW
NUMULGI,153.32801364,-28.72387892,NSW
TOMERONG,150.56988357,-35.05105853,NSW
MOORE CREEK,150.94410374,-30.9884561,NSW
LACMALAC,148.31591547,-35.31014197,NSW
HORNSBY HEIGHTS,151.10086295,-33.65710133,NSW
TARBAN,151.87169633,-28.96704182,NSW
ST FILLANS,149.63692349,-32.46244952,NSW
CHICHESTER,151.62253946,-32.1650036,NSW
DOYLES CREEK,150.78131941,-32.62369869,NSW
MURRAH,149.98383987,-36.51974598,NSW
LEUMEAH,150.83898326,-34.05340299,NSW
GLEN NEVIS,152.22888776,-29.91618701,NSW
BOBIN,152.2831801,-31.6982768,NSW
NEWRYBAR,153.5487591,-28.72653521,NSW
PATONGA,151.27943241,-33.549553,NSW
ULONG,152.88948819,-30.23799424,NSW
TYNDALE,153.16138697,-29.56876451,NSW
CONJOLA,150.44013061,-35.22595897,NSW
FAIRFIELD WEST,150.92490379,-33.86881607,NSW
CORINDI BEACH,153.18077427,-30.01539345,NSW
CURRAWARNA,147.0805914,-34.96221707,NSW
BOWENFELS,150.10783526,-33.48069338,NSW
NULLO MOUNTAIN,150.22594137,-32.6940359,NSW
MORUYA,150.09280776,-35.90729801,NSW
TURILL,149.88826031,-32.15308279,NSW
THE FRESHWATER,153.33125976,-29.34373829,NSW
MOUNT MARSH,152.86365996,-29.26827016,NSW
COOLAGOLITE,149.9725977,-36.43363384,NSW
WOOMBAH,153.28685753,-29.31390766,NSW
FISHERS HILL,151.5393693,-32.49060436,NSW
PUTTY,150.64987539,-32.90027474,NSW
MUNGAY CREEK,152.67524869,-30.90431203,NSW
COOMOO COOMOO,150.10909121,-31.56917269,NSW
BOOMEY,148.96425268,-32.97999217,NSW
MAYFIELD,149.78152063,-35.23632793,NSW
KEMPSEY,152.84820333,-31.06046448,NSW
TRIAMBLE,149.28648268,-32.87311608,NSW
PAYNES CROSSING,151.03279903,-32.90244598,NSW
SASSAFRAS,150.20278309,-35.11876253,NSW
DEER VALE,152.53579457,-30.35061546,NSW
CULLENDORE,152.15514424,-28.49038661,NSW
PALING YARDS,149.73213217,-34.11536404,NSW
GIRO,151.73317643,-31.67749046,NSW
EAST KEMPSEY,152.85439988,-31.08352526,NSW
TEMPE,151.16287382,-33.92488752,NSW
MANLY,151.29110833,-33.80475756,NSW
TINTENBAR,153.51320808,-28.79248444,NSW
KINGS PLAINS,149.3268729,-33.49047246,NSW
SADLEIR,150.89093602,-33.91711099,NSW
DUROBY,153.46284321,-28.24071807,NSW
NELUNGALOO,147.98077322,-33.1803312,NSW
SADDLEBACK MOUNTAIN,150.8043028,-34.69875999,NSW
GREAT MARLOW,152.9751308,-29.65051346,NSW
BURRIER,150.43763266,-34.87552101,NSW
KANGAROOBIE,149.05452398,-33.16849438,NSW
WOODLANDS,150.39436878,-34.40827532,NSW
MERYLA,150.35043603,-34.69414575,NSW
ALLGOMERA,152.79551359,-30.8181426,NSW
BURNT YARDS,149.02474039,-33.59028202,NSW
JINDEN,149.59824216,-35.87558077,NSW
UPPER ROUCHEL,151.19262798,-32.09830246,NSW
WIARBOROUGH,149.94617986,-34.21942546,NSW
TUENA,149.31793819,-34.04321373,NSW
CAIRNCROSS,152.68151796,-31.34439263,NSW
DUNDURRABIN,152.51007208,-30.14892797,NSW
PADDYS FLAT,149.33574806,-37.03746779,NSW
BULLIAC,152.01710882,-31.91927708,NSW
WOMBEYAN CAVES,149.94840558,-34.30985426,NSW
WARDS MISTAKE,152.03419274,-30.13020271,NSW
OXLEY,147.62056414,-30.98190856,NSW
SAPPHIRE,151.34080856,-29.67765257,NSW
KILLARNEY HEIGHTS,151.2220509,-33.77324003,NSW
REGENTS PARK,151.02643121,-33.88319571,NSW
BENGALLA,150.82166087,-32.28653818,NSW
MYRTLEVILLE,149.82628128,-34.46801463,NSW
GLEN ELGIN,152.11623619,-29.57108265,NSW
MOORONG,147.31243964,-35.11179182,NSW
BABYL CREEK,152.79310238,-28.72397096,NSW
BINDA,149.32282275,-34.30981376,NSW
HAY SOUTH,144.81182662,-34.65539297,NSW
MARLO MERRICAN,152.67997538,-31.18949465,NSW
ILUKA,153.35729437,-29.39614685,NSW
LLANDILO,150.74956088,-33.70193796,NSW
UPPER MACDONALD,150.91653974,-33.25052155,NSW
JEMALONG,147.71649081,-33.44689797,NSW
PIMLICO,153.49677367,-28.89243314,NSW
IRONBARK,150.79934701,-30.29416201,NSW
OALLEN,149.94684309,-35.15757421,NSW
OAKDALE,150.50664209,-34.07810083,NSW
PORTERS CREEK,150.3250868,-35.25807147,NSW
BULLI,150.90358187,-34.3294307,NSW
CAMERONS CREEK,151.09814106,-30.33657563,NSW
MORTON,150.31066711,-35.41297425,NSW
CUNDUMBUL,148.91376676,-32.85641243,NSW
WERRIS CREEK,150.62163996,-31.34736095,NSW
NASHUA,153.46500124,-28.72722652,NSW
JEIR,148.97252295,-35.05635014,NSW
SPEERS POINT,151.62755907,-32.96226685,NSW
HURSTVILLE GROVE,151.0929821,-33.97836656,NSW
NORTH HARBOUR,151.27636176,-33.81314373,NSW
CARRICK,149.90568531,-34.70545507,NSW
BERRILEE,151.10499339,-33.61026235,NSW
KAREELA,151.08312767,-34.01689351,NSW
LOWER CREEK,152.29053445,-30.68223826,NSW
SUMMER HILL,151.13709725,-33.89268242,NSW
CROWDY HEAD,152.72636527,-31.84276692,NSW
YOUNG,148.33972137,-34.29812888,NSW
GLEBE,151.18672064,-33.87810489,NSW
TOOLEYBUC,143.39068281,-35.03345929,NSW
TATHAM,153.17047583,-28.93619571,NSW
MUSCLE CREEK,151.00907709,-32.27669581,NSW
CALLALA BAY,150.71960034,-34.99076745,NSW
NERRIGUNDAH,149.84849715,-36.13178189,NSW
WOLLOMOMBI,152.13026584,-30.47250923,NSW
DOUBTFUL CREEK,152.87771516,-28.71357525,NSW
KOOKABOOKRA,152.05190858,-30.02598189,NSW
BONDI FOREST,149.21276575,-37.15300188,NSW
MOAMA,144.7517631,-36.0064281,NSW
BLAXLANDS CREEK,152.79806577,-29.88308185,NSW
WERRINGTON,150.75266079,-33.75918907,NSW
OSTERLEY,151.6980397,-32.72284808,NSW
MCDOUGALLS HILL,151.14643255,-32.54554476,NSW
POSSUM BRUSH,152.39267836,-32.03514689,NSW
VILLAWOOD,150.98315278,-33.88398116,NSW
BONVILLE,153.01713203,-30.37490161,NSW
POINT CLARE,151.32181054,-33.43951584,NSW
YULLUNDRY,148.66941796,-32.86000069,NSW
WILLBRIGGIE,145.99040208,-34.47985812,NSW
WOOLBROOK,151.32153838,-30.95831594,NSW
SODWALLS,149.98227255,-33.56154985,NSW
CUDGEL,146.44672987,-34.68174403,NSW
THE HATCH,152.82488201,-31.3611984,NSW
MAJORS CREEK,149.73079399,-35.58271158,NSW
MONALTRIE,153.2906312,-28.85209767,NSW
BLACKMANS POINT,152.83060895,-31.38975869,NSW
BORA RIDGE,153.18436237,-29.06082411,NSW
CROSSLANDS,152.71543017,-31.43929272,NSW
UNANDERRA,150.84527087,-34.45719913,NSW
MIDDLE FLAT,149.19187342,-36.23571172,NSW
COOMBELL,152.9658709,-29.01591302,NSW
NARRABARBA,149.7720294,-37.21870506,NSW
GILGANDRA,148.61511328,-31.7160963,NSW
BALDRY,148.46763551,-32.88812801,NSW
PALERANG,149.56718644,-35.42899246,NSW
GEORGES PLAINS,149.48924296,-33.52697587,NSW
KINGFISHER SHORES,151.55683647,-33.17073385,NSW
SANDY CROSSING,153.09610756,-29.76611045,NSW
BELROSE,151.21098947,-33.72179974,NSW
HATFIELD,143.68465712,-33.74697253,NSW
THE ENTRANCE NORTH,151.50655674,-33.33142796,NSW
SUMMER ISLAND,152.96602535,-30.98696396,NSW
KARUAH,151.95757886,-32.63261085,NSW
DEWITT,151.75983324,-31.78605297,NSW
IRONMUNGY,148.91293685,-36.62576252,NSW
GAROO,150.96134392,-31.42221495,NSW
COREEN,146.32448223,-35.74150627,NSW
NAMOI RIVER,150.81523472,-30.59003356,NSW
MCMAHONS REEF,148.4157524,-34.68364449,NSW
UPPER MYALL,152.15578871,-32.25247381,NSW
WALLABI POINT,152.56151007,-31.9917702,NSW
HOWARDS GRASS,153.30253162,-28.79121463,NSW
NORTH YALGOGRIN,146.84810325,-33.83019875,NSW
WOLLONGBAR,153.40897743,-28.81922305,NSW
BIRRIWA,149.4788983,-32.12367837,NSW
BREDBO,149.17215839,-35.95864294,NSW
WOODSREEF,150.78500763,-30.43331581,NSW
TIMBUMBURI,150.90607579,-31.22679794,NSW
MIDDLE FALBROOK,151.14909073,-32.44229907,NSW
BLOWERING,148.25842337,-35.50313885,NSW
ROUCHEL BROOK,151.09954336,-32.19073086,NSW
OLD STATION,152.91503057,-31.05482943,NSW
KINGS HILL,151.77614588,-32.71536694,NSW
TOOMA,148.01567533,-35.94526596,NSW
MILPARINKA,141.57198345,-29.89348889,NSW
BOYDTOWN,149.87331145,-37.10707639,NSW
LOVETT BAY,151.2804734,-33.63133024,NSW
COUTTS CROSSING,152.89572536,-29.85804938,NSW
GIRRALONG,152.64312619,-30.56268934,NSW
LISMORE HEIGHTS,153.30074483,-28.80299846,NSW
ORANGEVILLE,150.59484944,-34.02979761,NSW
ROSLYN,149.6373327,-34.49717322,NSW
ST HUBERTS ISLAND,151.34437862,-33.49203877,NSW
MOONEE,151.62122128,-33.1712386,NSW
BROWNLOW HILL,150.64441426,-34.04216147,NSW
SAVERNAKE,146.01784107,-35.74500089,NSW
NORTH LISMORE,153.28174163,-28.78713168,NSW
WOMBAT CREEK,152.75739304,-29.51595938,NSW
DUNGOWAN,151.16263169,-31.2278872,NSW
STONY CHUTE,153.16210784,-28.58315453,NSW
MENANGLE,150.721331,-34.13749231,NSW
DANDRY,149.40314487,-31.00808828,NSW
LORD HOWE ISLAND,159.07684025,-31.55332745,NSW
HUNTINGDON,152.65361587,-31.47066778,NSW
WAMBANGALANG,148.50084275,-32.56140598,NSW
FORESTVILLE,151.21108607,-33.75998849,NSW
SOUTH PENRITH,150.69882159,-33.77349512,NSW
NELSON,149.9582882,-36.66769417,NSW
BLACKVILLE,150.25281692,-31.62992807,NSW
CORLETTE,152.11410181,-32.72418644,NSW
TOONGI,148.57751062,-32.48017829,NSW
CHAMBIGNE,152.74439437,-29.76140065,NSW
NORTH EPPING,151.0941051,-33.7586596,NSW
BONNYRIGG HEIGHTS,150.86993183,-33.89119479,NSW
NUMERALLA,149.35487084,-36.18348677,NSW
ARATULA,145.28686254,-35.77423632,NSW
BAROOGA,145.70961047,-35.90075166,NSW
CHITTAWAY POINT,151.44506143,-33.32160059,NSW
MOUNT LAMBIE,149.99243297,-33.462848,NSW
TANNAS MOUNT,149.6409489,-33.61755898,NSW
BAKERS SWAMP,148.93328589,-32.77151942,NSW
COOLUMBOOKA,149.33913307,-36.91929372,NSW
GRATTAI,149.49394642,-32.66866719,NSW
DANGARSLEIGH,151.6846973,-30.62894557,NSW
NEWCASTLE EAST,151.78985359,-32.92662776,NSW
TARALGA,149.78736699,-34.4003231,NSW
TEA GARDENS,152.15715545,-32.61895121,NSW
SHANNONDALE,152.83328639,-29.80116827,NSW
FLINDERS,150.84617013,-34.5807088,NSW
RUSHFORTH,152.85720371,-29.74287005,NSW
STUART TOWN,149.0468774,-32.83229882,NSW
COOPERS GULLY,149.79785085,-36.64752614,NSW
BULGA,150.98289488,-32.63854729,NSW
NUMBUGGA,149.7194604,-36.62786222,NSW
HUNGERFORD,144.61578171,-29.1708464,NSW
BLACKALLS PARK,151.57974701,-32.99891478,NSW
CULLERIN,149.35639147,-34.780868,NSW
CASCADE,152.78379012,-30.22838309,NSW
ABERCROMBIE,149.55643942,-33.38996292,NSW
CALDERWOOD,150.72917546,-34.55932215,NSW
MACQUARIE PARK,151.12700332,-33.78019981,NSW
NORTH DORRIGO,152.68077685,-30.26705078,NSW
TAMBAN,152.81627739,-30.88696364,NSW
NIGHTCAP,153.29362709,-28.55193808,NSW
GLENNIES CREEK,151.10883255,-32.45567996,NSW
MUMBIL,149.07822048,-32.71886136,NSW
MAITLAND VALE,151.55384069,-32.67522154,NSW
HALTON,151.53838982,-32.29884233,NSW
PINE LODGE,145.43156803,-35.66135256,NSW
UPPER TURON,149.77536348,-33.11315382,NSW
PEMULWUY,150.92435804,-33.82051727,NSW
YARRAVEL,152.76191138,-31.04289091,NSW
SPEEWA,143.55416628,-35.19137803,NSW
PUTTA BUCCA,149.58396094,-32.5756351,NSW
GLEN ALPINE,150.78278556,-34.08611373,NSW
CELLS RIVER,152.06290224,-31.58099538,NSW
TARADALE,147.93713502,-35.61357744,NSW
BELMONT SOUTH,151.66100952,-33.05334513,NSW
INNES VIEW,152.39631005,-31.59150165,NSW
BLAKEBROOK,153.23221256,-28.76770456,NSW
MYALLA,149.10639236,-36.4475471,NSW
YETMAN,150.79584542,-28.96827978,NSW
GOBARRALONG,148.35561478,-34.95204478,NSW
UPPER COOPERS CREEK,153.40285789,-28.60384772,NSW
HECKENBERG,150.88981396,-33.90827048,NSW
DANGAR ISLAND,151.23906917,-33.53906576,NSW
BARDWELL VALLEY,151.13146918,-33.93748769,NSW
NORTH TAMWORTH,150.92851905,-31.06264888,NSW
WORROWING HEIGHTS,150.64030225,-35.07598838,NSW
MULLOON,149.60882866,-35.29814021,NSW
BOOYONG,153.44782715,-28.74789078,NSW
HAT HEAD,153.02859961,-31.05796626,NSW
GUNNINGBLAND,147.91087009,-33.12617677,NSW
BIG HILL,150.00397119,-34.53224206,NSW
SHELLHARBOUR,150.86362901,-34.57692773,NSW
MULLUMBIMBY CREEK,153.44549621,-28.55226825,NSW
WAKELEY,150.90981624,-33.87420707,NSW
NARRABEEN,151.29577244,-33.71950832,NSW
BUNDANOON,150.28373174,-34.66612189,NSW
PIORA,152.88647326,-28.85943446,NSW
HELENSBURGH,150.9823711,-34.18274007,NSW
KEREWONG,152.54271072,-31.63116773,NSW
METHUL,147.11228328,-34.60233343,NSW
THE HILL,151.77616087,-32.93308537,NSW
MOOBI,150.79681191,-32.07214494,NSW
BODALLA,150.00957963,-36.09331088,NSW
MOORAL CREEK,152.35810058,-31.6952861,NSW
WONGWIBINDA,152.19951921,-30.26245574,NSW
MARTINDALE,150.64667033,-32.5960653,NSW
JOES BOX,152.59335033,-28.67785424,NSW
TUNCURRY,152.48568726,-32.16051712,NSW
CLIFTON GROVE,149.17820813,-33.24498406,NSW
SANDY HILL,152.26514744,-28.95143996,NSW
BERKSHIRE PARK,150.77521059,-33.67279915,NSW
ST ALBANS,151.00752865,-33.25176965,NSW
GOOGONG,149.22763541,-35.44469973,NSW
MUNDEROO,147.82670108,-35.84845664,NSW
ULAN,149.80736328,-32.25987068,NSW
ORAN PARK,150.74268336,-33.99254137,NSW
BOMBALA,149.24449669,-36.88598115,NSW
GEMALLA,149.84072095,-33.50020225,NSW
NORTH RYDE,151.12950382,-33.7966646,NSW
CROOBYAR,150.39428731,-35.32146678,NSW
SANCROX,152.79723176,-31.44511242,NSW
YOOGALI,146.10002334,-34.3126608,NSW
SYDNEY,151.20933768,-33.86883859,NSW
BYNG,149.24513017,-33.34773486,NSW
GALSTON,151.06686345,-33.64737467,NSW
LITTLE RIVER,148.31713714,-35.33792132,NSW
HOPKINS CREEK,153.23543405,-28.2875587,NSW
COOMBA BAY,152.4389072,-32.26814046,NSW
KANGY ANGY,151.39567241,-33.3195358,NSW
NAREMBURN,151.20076112,-33.81695672,NSW
BUNDOOK,152.09601259,-31.89181135,NSW
LOST RIVER,149.31765952,-34.43607644,NSW
AKOLELE,150.07615557,-36.34816932,NSW
YARROWITCH,152.06941769,-31.1994984,NSW
BERRY,150.72679121,-34.79256687,NSW
MALLANGANEE,152.72101654,-28.90679826,NSW
KINGS PLAINS,151.4133852,-29.60206872,NSW
BRUSHY CREEK,151.48599123,-30.17819995,NSW
CONCORD,151.10421562,-33.85693817,NSW
NARRAWA,149.17242562,-34.41688087,NSW
UNDERBANK,151.60977488,-32.28411949,NSW
GOOMBARGANA,146.56852667,-35.74149952,NSW
CLOUDS CREEK,152.64734988,-30.07759313,NSW
GOLLAN,149.04594029,-32.2537548,NSW
NARRANDERA,146.59492726,-34.67737851,NSW
BEVENDALE,149.08696907,-34.53301277,NSW
GEORGES CREEK,151.19894723,-30.13975643,NSW
LEETON,146.38886988,-34.49829536,NSW
JERANGLE,149.36614256,-35.89690541,NSW
BLACK MOUNTAIN,151.68146509,-30.33091526,NSW
GILLENBAH,146.5143235,-34.80598907,NSW
BORENORE,148.96031354,-33.23359773,NSW
TUBBUL,147.97473744,-34.23774019,NSW
PHOENIX PARK,151.63219804,-32.71254945,NSW
RIVERVIEW,151.16018755,-33.82397433,NSW
WAMBROOK,148.97714986,-36.18088781,NSW
NORWEST,150.96428258,-33.72979676,NSW
GLENROCK,151.40995414,-31.65885366,NSW
SANDIGO,146.68004601,-34.90690633,NSW
SOUTH GUNDURIMBA,153.24513378,-28.89139357,NSW
YURAYGIR,153.33176472,-29.53083923,NSW
BATLOW,148.14660977,-35.54497605,NSW
CHAIN VALLEY BAY,151.57505005,-33.16596919,NSW
THRUMSTER,152.83783575,-31.45849369,NSW
MOOMBOOLDOOL,146.68893938,-34.33630865,NSW
ROLLANDS PLAINS,152.65777908,-31.28660338,NSW
RED RANGE,151.91351261,-29.79068275,NSW
BACK CREEK,149.94355142,-35.34328747,NSW
YOWRIE,149.74456728,-36.31495032,NSW
BEECROFT PENINSULA,150.80728587,-35.04298204,NSW
FORRESTERS BEACH,151.46702541,-33.40683076,NSW
CROMER,151.26869408,-33.73031927,NSW
WHERROL FLAT,152.22032297,-31.79143193,NSW
LAVENDER BAY,151.20747699,-33.84371498,NSW
MOONEBA,152.70499374,-31.03902295,NSW
BROOKLET,153.50627216,-28.74304927,NSW
GORMANS HILL,149.59489158,-33.47244571,NSW
SWANS CROSSING,152.58484879,-31.59305052,NSW
ALBURY,146.91354766,-36.07371633,NSW
MONTEAGLE,148.34482513,-34.16510869,NSW
TAYLORS FLAT,149.01899197,-34.27591521,NSW
BEDGERABONG,147.69196588,-33.30883145,NSW
WAUGORAH,143.81006426,-34.50927742,NSW
BADJA,149.51714162,-36.05885978,NSW
DURRAS NORTH,150.29586584,-35.62688041,NSW
THE CHANNON,153.27746661,-28.67593699,NSW
HOWLONG,146.6249545,-35.95585402,NSW
LEGUME,152.28480682,-28.46804975,NSW
GROGAN,147.73273049,-34.31926063,NSW
MURRENGENBURG,149.98504909,-35.53521163,NSW
MOONBAH,148.56005094,-36.51037918,NSW
WITTITRIN,152.55670917,-31.10007847,NSW
MOUNT MARSDEN,150.05035342,-32.93615354,NSW
COALCLIFF,150.97278264,-34.24536368,NSW
GOWRIE,151.14768631,-32.56451652,NSW
SOUTH WEST ROCKS,153.03642831,-30.89608728,NSW
PALLAL,150.44332298,-29.97375789,NSW
BROOMAN,150.26391579,-35.49003067,NSW
BOOERIE CREEK,153.25550473,-28.77786414,NSW
MILLERS POINT,151.20418952,-33.85951719,NSW
QUEANBEYAN,149.23090484,-35.35301866,NSW
TITAATEE CREEK,152.11579262,-32.03436423,NSW
NORTH ARM COVE,152.0502681,-32.61785887,NSW
MURRAY GORGE,148.10803877,-36.4439891,NSW
WHALE BEACH,151.33214458,-33.61313989,NSW
EARLWOOD,151.12739633,-33.92466857,NSW
SHARK CREEK,153.22126185,-29.57537695,NSW
BUDDONG,148.23388546,-35.65876185,NSW
WARRAWIDGEE,145.74726632,-34.31565555,NSW
TOWRANG,149.8281317,-34.69422235,NSW
BABINDA,146.50796543,-31.9271283,NSW
EMMAVILLE,151.55583729,-29.38534022,NSW
CHILCOTTS CREEK,150.83393277,-31.66844092,NSW
HIGHER MACDONALD,150.90016831,-33.17353286,NSW
GWANDALAN,151.5821446,-33.13961901,NSW
WONBOYN NORTH,149.9089448,-37.20200986,NSW
JIMENBUEN,148.84335952,-36.74270885,NSW
ELONG ELONG,149.08823395,-32.0829319,NSW
JEREMADRA,150.13926503,-35.81439161,NSW
STONEHENGE,151.72377903,-29.8344621,NSW
MINDARIBBA,151.56755605,-32.64868511,NSW
JACKSONS FLAT,152.56225742,-28.83158421,NSW
PARKVILLE,150.88225362,-31.9704693,NSW
WEST BATHURST,149.56331892,-33.40859312,NSW
COONABARABRAN,149.27036206,-31.30948504,NSW
JAGUMBA,148.23596468,-36.04249902,NSW
FERNANCES CROSSING,151.12183223,-33.0615818,NSW
WEST ALBURY,146.88858651,-36.07467173,NSW
ERIN VALE,147.53345976,-34.68126552,NSW
MARSDEN PARK,150.82773344,-33.70353537,NSW
FORDS BRIDGE,145.29504955,-29.70231575,NSW
HAMMONDVILLE,150.95951665,-33.95041943,NSW
BLUE KNOB,153.19390287,-28.55014333,NSW
WALLABADAH,150.87275133,-31.54912308,NSW
GREEN VALLEY,150.86713988,-33.90290257,NSW
BARANGAROO,151.20158557,-33.8605068,NSW
MERINGO,150.13876543,-35.98152303,NSW
NEUTRAL BAY,151.21795355,-33.83478699,NSW
BIBBENLUKE,149.3131416,-36.81457288,NSW
WOODSTOCK,150.40777791,-35.35368847,NSW
MOURQUONG,142.16576537,-34.13843122,NSW
KARABAR,149.23280089,-35.37594061,NSW
HYAMS BEACH,150.685459,-35.10921278,NSW
MERRILL,149.25711012,-34.68457897,NSW
GURRUNDAH,149.40686503,-34.66987881,NSW
LITHGOW,150.15702296,-33.48272179,NSW
BILBUL,146.15917925,-34.28165927,NSW
YERRINBOOL,150.55887716,-34.34768851,NSW
MINNIE WATER,153.26900807,-29.74723074,NSW
ALLANDALE,151.41384978,-32.72674629,NSW
ANEMBO,149.44796471,-35.77527547,NSW
WOOMARGAMA,147.27710935,-35.85775835,NSW
WARILLA,150.8588558,-34.55209376,NSW
BARRETTS CREEK,152.75077826,-29.36404547,NSW
HAWKS NEST,152.21087864,-32.62192871,NSW
INVERGORDON,151.72225809,-32.05111764,NSW
BUNDAGEN,153.05868862,-30.4132717,NSW
BOOKOOKOORARA,152.09146397,-28.78030459,NSW
EAST WARDELL,153.48223219,-28.96441765,NSW
YARRAWONGA,149.65486736,-32.36709151,NSW
MANDAGERY,148.44872932,-33.25711473,NSW
MANLY VALE,151.26647293,-33.78293959,NSW
KINGSTOWN,151.12553225,-30.50170808,NSW
SUMMERLAND POINT,151.56477955,-33.14086076,NSW
SPRING PLAINS,149.28609262,-29.92862569,NSW
DORA CREEK,151.49714588,-33.075963,NSW
UPPER MANILLA,150.66082336,-30.60095615,NSW
VERONA,149.80995959,-36.44605729,NSW
TAMBAR SPRINGS,149.86950026,-31.40036303,NSW
LERIDA,149.33155007,-34.88805249,NSW
TINPOT,149.89803467,-36.23788573,NSW
KOGARAH,151.13653279,-33.9672867,NSW
LAKE WYANGAN,146.02082613,-34.23196407,NSW
WILLOW VALE,150.47052068,-34.43208033,NSW
POTTERY ESTATE,150.15623695,-33.48723035,NSW
COMARA,152.37848301,-30.72976078,NSW
KIANDRA,148.47367972,-35.88525785,NSW
KHATAMBUHL,151.99267233,-31.75912102,NSW
DOG ROCKS,149.61763473,-33.7587483,NSW
COOLABAH,146.68668993,-30.98383247,NSW
MARKS POINT,151.64816048,-33.05985635,NSW
BELMORE RIVER,152.96554709,-31.0913171,NSW
PERTHVILLE,149.54979615,-33.49606111,NSW
GHOOLENDAADI,149.91206056,-30.95117428,NSW
KEARSLEY,151.40073621,-32.84872436,NSW
UMINA BEACH,151.31098378,-33.51874349,NSW
DUNGARUBBA,153.37468854,-28.99215177,NSW
WETUPPA,143.86666312,-35.32891447,NSW
ELLENBOROUGH,152.41880455,-31.48168082,NSW
LEN WATERS ESTATE,150.85286566,-33.91316779,NSW
CUMNOCK,148.69587279,-32.93914143,NSW
SOUTH LISMORE,153.2530689,-28.81596065,NSW
UPPER ALLYN,151.46072103,-32.1459397,NSW
PINE GROVE,148.68683637,-30.8910096,NSW
OPHIR,149.24584899,-33.13686298,NSW
POTTS POINT,151.22545344,-33.86742606,NSW
BARRINGTON TOPS,151.52775364,-31.95886113,NSW
HICKEYS CREEK,152.60107698,-30.87830247,NSW
RAINBOW REACH,153.00647609,-30.92730993,NSW
BAWLEY POINT,150.37927869,-35.51154346,NSW
GIRILAMBONE,146.8610743,-31.2351826,NSW
NAMBUCCA HEADS,152.98437661,-30.64685588,NSW
GRABBEN GULLEN,149.38310624,-34.53086933,NSW
BOMBIRA,149.60524412,-32.5717978,NSW
MACQUARIE MARSHES,147.63044127,-30.69586408,NSW
BROKEN HEAD,153.59208698,-28.72925066,NSW
ST CLAIR,150.78463452,-33.79734696,NSW
WEDDERBURN,150.82369537,-34.14125844,NSW
CONISTON,150.88190646,-34.4380036,NSW
CREMORNE,151.22605211,-33.82683246,NSW
WADBILLIGA,149.60988191,-36.25385445,NSW
MOGOOD,150.19055538,-35.49178243,NSW
ARRAWARRA HEADLAND,153.19554839,-30.068217,NSW
SALISBURY,151.53704552,-32.16947241,NSW
CAPARRA,152.23305432,-31.72131421,NSW
ANABRANCH NORTH,141.80191396,-33.29625085,NSW
TAREN POINT,151.12550342,-34.01873331,NSW
MAYBOLE,151.5724983,-29.90226185,NSW
NORTH SHORE,152.90829611,-31.38361416,NSW
KELLYS PLAINS,151.6311722,-30.58212262,NSW
LAKE ILLAWARRA,150.86264945,-34.54100391,NSW
KUNDLE KUNDLE,152.52987834,-31.85308023,NSW
WARRIMOO,150.61360516,-33.7218297,NSW
SWANHAVEN,150.57255239,-35.18700449,NSW
ROBIN HILL,149.53282753,-33.42290613,NSW
BOLWARRA,151.57480654,-32.71136184,NSW
KITCHENER,151.3646776,-32.88071125,NSW
COUGAL,152.98159284,-28.35629846,NSW
BULLAGREEN,148.03285281,-31.33319335,NSW
MOONPAR,152.64166852,-30.22183852,NSW
TERRACE CREEK,152.84009251,-28.4110044,NSW
GILLETTS RIDGE,153.1088312,-29.63552301,NSW
MORORO,153.20156928,-29.33725434,NSW
BEACONSFIELD,151.20053399,-33.91135347,NSW
KILLIEKRANKIE,152.5610528,-30.56801028,NSW
NUNGATTA SOUTH,149.45402785,-37.2802697,NSW
AFTERLEE,152.82378946,-28.57309519,NSW
NARADHAN,146.32116823,-33.64508847,NSW
BOLARO,148.84668204,-35.92229151,NSW
TANTAWANGALO,149.54031147,-36.75042309,NSW
DEVILS HOLE,149.64901751,-36.87553813,NSW
THE BROTHERS,149.0791412,-36.34287794,NSW
BILGOLA BEACH,151.32679446,-33.64448638,NSW
ABINGTON,151.23638542,-30.31805948,NSW
HAMILTON EAST,151.75477142,-32.92756429,NSW
CARLTON,151.12123179,-33.97075495,NSW
LOFTVILLE,153.25984633,-28.83749802,NSW
WHIPORIE,153.00730072,-29.27265048,NSW
CALLAGHAN,151.70371605,-32.89226477,NSW
TUMBARUMBA,148.05509545,-35.73242021,NSW
HARPERS HILL,151.40915318,-32.69905176,NSW
CABARITA BEACH,153.57384542,-28.33834062,NSW
WEEMELAH,149.28833601,-29.04438827,NSW
GREENFIELD PARK,150.89186749,-33.87460379,NSW
OLD BONALBO,152.59372187,-28.64496318,NSW
NARRANGULLEN,148.72780217,-35.02109126,NSW
BENDOURA,149.67977147,-35.5408565,NSW
GURNANG,149.84774609,-34.04542636,NSW
RINGWOOD,146.23797022,-35.8747646,NSW
LORDS HILL,149.17440512,-36.96618837,NSW
PINE VALLEY,149.0625383,-36.24915637,NSW
LONG PLAIN,148.58054315,-35.66186092,NSW
BOGONG PEAKS WILDERNESS,148.38378228,-35.52302258,NSW
CENTENNIAL PARK,151.23360632,-33.89786558,NSW
THE LAGOON,149.62228569,-33.54329519,NSW
COBRAMUNGA,143.88715812,-35.44133064,NSW
MOLONG,148.8618215,-33.09933352,NSW
HOSKINSTOWN,149.43040421,-35.40366597,NSW
EGLINTON,149.55932493,-33.35640087,NSW
YESSABAH,152.6763753,-31.11065639,NSW
NORTH HAVEN,152.81364137,-31.63362221,NSW
MOOGEM,152.24791099,-29.4527183,NSW
MARYLAND,152.04607029,-28.53922312,NSW
TANJA,149.95980885,-36.62509783,NSW
NORTH WAHROONGA,151.13113204,-33.69770292,NSW
LEADVILLE,149.5879768,-32.03764998,NSW
SOUTH BOWENFELS,150.10866416,-33.51932055,NSW
HERMIDALE,146.62927378,-31.61116049,NSW
LOWER PEACOCK,152.57911973,-28.77668206,NSW
BUNNALOO,144.55434732,-35.80318371,NSW
MILVALE,147.91555085,-34.33333328,NSW
TAMINDA,150.90067635,-31.0848969,NSW
YANKEES CREEK,149.54740315,-36.48829919,NSW
BURRA CREEK,148.00502211,-34.89718939,NSW
ROUND SWAMP,149.96727031,-33.06607273,NSW
CAMBEWARRA VILLAGE,150.55885269,-34.82259136,NSW
MIRRABOOKA,151.55541886,-33.11166213,NSW
DOVER HEIGHTS,151.28109975,-33.87338074,NSW
RYE PARK,148.91501577,-34.5261049,NSW
WARRABAH,150.97163778,-30.50221578,NSW
CONCORD WEST,151.09102724,-33.84354268,NSW
NULKABA,151.36102913,-32.80192347,NSW
CASULA,150.89938781,-33.95248703,NSW
BOOMERANG BEACH,152.53487625,-32.33928818,NSW
LUSKINTYRE,151.43108519,-32.66306497,NSW
EUNGAI CREEK,152.87799925,-30.82344455,NSW
DARKWOOD,152.63769033,-30.4292991,NSW
BUNDEWALLAH,150.66599365,-34.75034072,NSW
HUONBROOK,153.36288781,-28.53745816,NSW
COMOBELLA,148.97159197,-32.37060736,NSW
WOODSIDE,151.84049376,-29.06684306,NSW
BLACKSMITHS,151.65438057,-33.0776347,NSW
NORTH STRATHFIELD,151.08869691,-33.85921715,NSW
CAMDEN PARK,150.7194061,-34.09415618,NSW
TALMALMO,147.43867288,-35.93996386,NSW
GLADESVILLE,151.12720692,-33.82810289,NSW
HARDYS BAY,151.35473921,-33.5272166,NSW
SKILLION FLAT,152.73314759,-31.01038378,NSW
MOLLYMOOK,150.46904999,-35.34026765,NSW
MIDDLE DURAL,151.01389194,-33.63748579,NSW
JINGELLIC,147.6940945,-35.90463995,NSW
BEGA,149.8416466,-36.68889921,NSW
HILLSBOROUGH,151.47646987,-32.63274607,NSW
MALLEE,142.53267419,-34.23421196,NSW
THE GAP,147.21279358,-34.95422357,NSW
LAGUNA,151.05927719,-33.03707718,NSW
TABBITA,145.80561273,-34.1092662,NSW
MEGAN,152.77319726,-30.30146888,NSW
ULLAMALLA,149.31207541,-32.9930671,NSW
OURNIE,147.84809148,-35.94284548,NSW
CAPERTEE,150.01021393,-33.12826657,NSW
WOLLOMBI,151.15670286,-32.95295913,NSW
DUMARESQ,151.54094163,-30.4224843,NSW
OOMA,148.05472838,-33.63686078,NSW
RICHLANDS,149.79443996,-34.33636752,NSW
FOREST LODGE,151.18007931,-33.88135091,NSW
LAKE MUNMORAH,151.57355886,-33.19050364,NSW
NORDS WHARF,151.60701843,-33.1449659,NSW
PHILLIP BAY,151.23257068,-33.97892061,NSW
BULLATALE,145.08061133,-35.73839362,NSW
PEARL BEACH,151.30558645,-33.54213916,NSW
THORA,152.77503967,-30.4345165,NSW
BRETTI,151.9032995,-31.78645245,NSW
ENDRICK,150.2481413,-35.24068163,NSW
BROGO,149.69395969,-36.47663039,NSW
WAPENGO,149.97345389,-36.57935147,NSW
BUNGONIA,149.95504093,-34.88035939,NSW
DEEP CREEK,152.70707757,-30.96778649,NSW
ST MARYS,150.77152175,-33.75850423,NSW
PROSPECT,150.90017864,-33.81288399,NSW
GREEN CAPE,149.99381058,-37.21103695,NSW
HILLGROVE,151.96822773,-30.61195723,NSW
EDEN CREEK,152.90741526,-28.58506616,NSW
WINDSOR DOWNS,150.80830689,-33.65597589,NSW
UPPER LANSDOWNE,152.46723836,-31.71023677,NSW
SOUTH ALBURY,146.91429286,-36.09724004,NSW
VINCENTIA,150.67101557,-35.07435222,NSW
BUCKAJO,149.7606975,-36.69278161,NSW
BEACON HILL,151.25841668,-33.75240719,NSW
TENNYSON POINT,151.11684378,-33.83162452,NSW
CORRABARE,151.21876675,-32.95031656,NSW
COOPERS SHOOT,153.56916303,-28.69157312,NSW
WYONGAH,151.48668267,-33.27174631,NSW
JERRABOMBERRA,149.20124081,-35.3833533,NSW
KINGSGATE,152.08928078,-29.80057664,NSW
FISHERMANS BAY,152.09528852,-32.78518008,NSW
KINGSFORD,151.22896394,-33.9251296,NSW
SALT ASH,151.92046529,-32.78872866,NSW
OATLEY,151.07346727,-33.98386014,NSW
LAKESLAND,150.49568167,-34.18487058,NSW
POTATO POINT,150.12173141,-36.08947684,NSW
CARINDA,147.57272319,-30.3845076,NSW
RANNOCK,147.26780996,-34.61298866,NSW
CULLEN BULLEN,150.00996211,-33.28038482,NSW
MODANVILLE,153.30009599,-28.71913194,NSW
JERVIS BAY,150.73500534,-35.05928728,NSW
YARROW,149.31039075,-35.46504144,NSW
NOMBI,149.74636203,-31.18742661,NSW
NEWTON BOYD,152.3232356,-29.72987001,NSW
BILGOLA PLATEAU,151.31473641,-33.64456328,NSW
SHANNON BROOK,152.9627269,-28.90523981,NSW
GLENBAWN,151.01689818,-32.07349507,NSW
SPRINGDALE,147.74379818,-34.45929307,NSW
WEST KEMPSEY,152.82998264,-31.05982333,NSW
CHAELUNDI,152.42859555,-29.97430631,NSW
BOUDDI,151.40254179,-33.51674485,NSW
NATTAI,150.44786903,-34.0604048,NSW
MOUNT FOSTER,147.56763166,-31.19080038,NSW
VIOLET HILL,152.32089399,-32.45107666,NSW
CLAREVILLE,151.31047768,-33.63628963,NSW
KEITH HALL,153.54209431,-28.89135839,NSW
MOUNT SEAVIEW,152.19804363,-31.36587321,NSW
URALLA,151.51247641,-30.65594853,NSW
CARROLLS CREEK,152.09250332,-28.83288961,NSW
KERI KERI,143.98366046,-34.77430474,NSW
EROWAL BAY,150.6641032,-35.10210118,NSW
WYMAH,147.2615518,-35.99394553,NSW
CORROWONG,148.76961079,-36.90265275,NSW
DELEGATE,148.92097061,-37.02619178,NSW
AVONDALE,150.74483539,-34.5239469,NSW
ARKSTONE,149.65746434,-34.04031418,NSW
UPPER ROLLANDS PLAINS,152.61333362,-31.23139148,NSW
WEISMANTELS,151.92057012,-32.25827849,NSW
SOUTH GRAFTON,152.93879607,-29.72805476,NSW
BROULEE,150.15398983,-35.85302074,NSW
COLLOMBATTI,152.80730272,-30.95863179,NSW
BERMAGUI,150.03953782,-36.43165371,NSW
CORANG,150.12903285,-35.2105624,NSW
WOLLEMI,150.45180678,-32.94942096,NSW
BOOK BOOK,147.54535157,-35.3335131,NSW
LITTLE BACK CREEK,153.0452474,-28.61264952,NSW
MULLALEY,149.91111735,-31.15005828,NSW
SUMMER HILL CREEK,149.15388342,-33.20668255,NSW
BUNGARBY,149.02510012,-36.68894135,NSW
MOUNT GEORGE,152.1998573,-31.86748289,NSW
NGARIGO,148.37744689,-36.453635,NSW
WOMBOOTA,144.55865773,-35.90188215,NSW
CAVES BEACH,151.64391801,-33.10664614,NSW
ELLALONG,151.31577243,-32.93153267,NSW
KERRIGUNDI,145.27813482,-31.00902752,NSW
WOOLLAMIA,150.63916002,-35.01429547,NSW
MYSTERY BAY,150.12617099,-36.3105061,NSW
THIRLDENE,150.90725939,-30.33219902,NSW
MARAGLE,148.19116918,-35.91397503,NSW
LAKE CONJOLA,150.46973939,-35.271271,NSW
JAUNTER,149.91600072,-33.98555472,NSW
CATHCART,149.42990504,-36.85776759,NSW
FROG ROCK,149.68211777,-32.46962326,NSW
SWAN VALE,151.46634454,-29.77333503,NSW
GIBBERAGEE,153.09646646,-29.28075605,NSW
MCCULLYS GAP,151.00081944,-32.20694145,NSW
BERALA,151.03372682,-33.874403,NSW
CABARITA,151.11613421,-33.84734641,NSW
EUNGAI RAIL,152.88821182,-30.85967709,NSW
KILLABAKH,152.40332104,-31.71858249,NSW
TALLONG,150.16160821,-34.75900553,NSW
SOUTH TURRAMURRA,151.10830832,-33.75236103,NSW
WAMBAN,149.97894427,-35.97672341,NSW
KORALEIGH,143.44047772,-35.12855727,NSW
WILLURAH,145.10768877,-34.96959599,NSW
RUSSELL VALE,150.89528684,-34.35564757,NSW
FERNBROOK,152.61686614,-30.34489423,NSW
WILLAWARRIN,152.63086251,-30.9383236,NSW
WEST PYMBLE,151.12999163,-33.76422067,NSW
TOORAWEENAH,148.93789304,-31.48361943,NSW
PAGANS FLAT,152.56768597,-28.94674298,NSW
COLLECTOR,149.41937241,-34.931966,NSW
COROWA,146.35833993,-35.9939765,NSW
CLYDESDALE,151.21189191,-32.56998154,NSW
NUMBER ONE,152.05658807,-31.72095279,NSW
TUGGERAWONG,151.47480369,-33.28183567,NSW
PAMPOOLAH,152.51030723,-31.93689196,NSW
SALISBURY PLAINS,151.59395199,-30.79473149,NSW
QUEANBEYAN EAST,149.24645906,-35.34559091,NSW
BRIMBIN,152.47229703,-31.85060083,NSW
GLENROY,147.88271657,-35.7486,NSW
TOCUMWAL,145.50775778,-35.78036908,NSW
BURONGA,142.18931163,-34.16013419,NSW
WARDS RIVER,151.93903106,-32.20775701,NSW
OTFORD,151.0023783,-34.20684753,NSW
BAGO,152.66717429,-31.5117278,NSW
ASQUITH,151.11635363,-33.68713644,NSW
LOWER BOTTLE CREEK,152.60401155,-28.81813256,NSW
MATONG,146.91123029,-34.76296486,NSW
TIANJARA,150.31477119,-35.14019437,NSW
WARROO,147.54218376,-33.33889841,NSW
BREWONGLE,149.68997069,-33.4744507,NSW
DOYLES RIVER,152.12255904,-31.45150478,NSW
MAROUBRA,151.24455428,-33.94403349,NSW
TIBOOBURRA,141.98350361,-29.3642838,NSW
PADDYS RIVER,150.12700847,-34.62760598,NSW
PREMER,149.92403122,-31.47381787,NSW
HAMLYN TERRACE,151.47087509,-33.25407366,NSW
ECCLESTON,151.48478087,-32.25580013,NSW
DAVISTOWN,151.36134834,-33.48509902,NSW
BUNDELLA,149.98259517,-31.63292175,NSW
GUNDAMULDA,150.7158569,-30.24946252,NSW
GREEN HILLS,148.02925281,-35.54627025,NSW
HERNANI,152.41351017,-30.30932812,NSW
RAPPVILLE,152.94834496,-29.06844647,NSW
ANGUS,150.83628995,-33.67958396,NSW
BONNYRIGG,150.88896601,-33.89354456,NSW
HALLSVILLE,150.87413719,-31.01108174,NSW
TANILBA BAY,151.98618647,-32.74245,NSW
HILL TOP,150.48656612,-34.34686815,NSW
TERMEIL,150.35204383,-35.47674616,NSW
DOUGLAS PARK,150.71246723,-34.18828441,NSW
TURA BEACH,149.92444478,-36.86038043,NSW
OXLEY PARK,150.79528236,-33.77078087,NSW
MITTAGONG,150.48683207,-34.46168467,NSW
PRETTY BEACH,151.34881746,-33.52724633,NSW
RIVERLEA,149.73642055,-32.68370595,NSW
SLEEPY HOLLOW,153.51845973,-28.41629686,NSW
MARRANGAROO,150.14133782,-33.4260165,NSW
KANWAL,151.48477848,-33.26279594,NSW
STRATFORD,151.95475147,-32.11482109,NSW
SANDY CREEK,145.43656492,-31.91943155,NSW
JEREMY,149.53149034,-33.98538875,NSW
ENMORE,151.17080299,-33.8999844,NSW
CRACKENBACK,148.51153577,-36.44003407,NSW
VALLA BEACH,153.00775392,-30.58923368,NSW
KNORRIT FLAT,152.10923912,-31.83548225,NSW
COPPERHANNIA,149.22133,-33.87691156,NSW
WERMATONG,148.30462688,-35.37847712,NSW
DORROUGHBY,153.35941856,-28.65821097,NSW
WEEDALLION,147.8844335,-34.20067249,NSW
NORTH NAROOMA,150.09928162,-36.209022,NSW
DARLINGTON POINT,145.86605018,-34.59572331,NSW
BENEREMBAH,145.84525798,-34.43036667,NSW
MADDENS PLAINS,150.94589548,-34.25778223,NSW
BACK CREEK,147.46052181,-33.86445813,NSW
ST IVES,151.17232294,-33.72499872,NSW
SOUTH COOGEE,151.2546664,-33.93245234,NSW
LOCKSLEY,149.80011667,-33.51382758,NSW
GORGE CREEK,152.71593308,-28.73330521,NSW
YAVEN CREEK,147.94120096,-35.47639749,NSW
FRENCHS FOREST,151.22440046,-33.74819139,NSW
KINCUMBER SOUTH,151.37810074,-33.48290365,NSW
KEMBLA HEIGHTS,150.8076648,-34.4288858,NSW
BREELONG,148.79489153,-31.81156691,NSW
WOG WOG,150.05385966,-35.26402742,NSW
TALLOWWOOD RIDGE,152.72397627,-30.26113759,NSW
CHIFLEY,151.23971079,-33.96947346,NSW
PEAK VIEW,149.39946899,-36.03165044,NSW
KUNDABUNG,152.820742,-31.20045352,NSW
YANCO,146.40194127,-34.62477062,NSW
NEWEE CREEK,152.92734606,-30.63158749,NSW
COLYTON,150.79688447,-33.78287342,NSW
PUTNEY,151.10641942,-33.82619105,NSW
BROADMEADOW,151.73318363,-32.92468803,NSW
CUDGEGONG,149.78929515,-32.75950596,NSW
MOUNT ANNAN,150.76231874,-34.06599411,NSW
MOUNT KINGIMAN,150.34199045,-35.33898378,NSW
NELSONS PLAINS,151.71962781,-32.72186759,NSW
APPLE TREE FLAT,149.70651195,-32.68036328,NSW
WOLLI CREEK,151.15288577,-33.93148473,NSW
OBLEY,148.4642484,-32.69190347,NSW
GINGHI,150.04963371,-32.59052776,NSW
CROWS NEST,151.20365425,-33.82577516,NSW
SHOAL BAY,152.17500759,-32.72572274,NSW
CLEAR RANGE,149.11615579,-35.69974812,NSW
BLAND,147.63469131,-34.01125302,NSW
MOOKERAWA,149.16630538,-32.79211924,NSW
PENROSE,150.2117028,-34.66376717,NSW
LIBERTY GROVE,151.08392037,-33.84120484,NSW
MOUNT WERONG,149.9450653,-34.09164951,NSW
WOODENBONG,152.58992235,-28.37143565,NSW
SWAN CREEK,153.00200961,-29.66928826,NSW
SNOWY PLAIN,148.5221546,-36.15195015,NSW
MORTLAKE,151.10614163,-33.84095476,NSW
TOONUMBAR,152.76100839,-28.52970887,NSW
KINGS PARK,150.90778533,-33.74349401,NSW
RICHMOND VALE,151.49718842,-32.86515367,NSW
WARRI,149.67838148,-35.32724658,NSW
AARONS PASS,149.8029169,-32.87909685,NSW
CURL CURL,151.28968149,-33.76909684,NSW
NERRIGA,150.0699272,-35.09671852,NSW
DARLINGHURST,151.21946667,-33.87790144,NSW
TUNTABLE CREEK,153.26222611,-28.62917137,NSW
TARAGO,149.55832213,-35.10749086,NSW
MAGENTA,151.53507295,-33.30021648,NSW
MITCHELLS ISLAND,152.61786588,-31.90236504,NSW
JIGGI,153.18637185,-28.69484059,NSW
HARRINGTON,152.66646366,-31.86320887,NSW
ABBOTSBURY,150.86117509,-33.87008238,NSW
THARBOGANG,145.94635813,-34.26438441,NSW
BOOMANOOMANA,145.84249524,-35.89131954,NSW
ANABRANCH SOUTH,141.69025869,-33.71577384,NSW
MATHOURA,144.86233488,-35.80902154,NSW
SHALVEY,150.8066999,-33.72754366,NSW
BRONTE,151.26401947,-33.90411959,NSW
WINGELLO,150.17915908,-34.70069296,NSW
VERGES CREEK,152.89746669,-31.08677103,NSW
WATTLE RIDGE,150.4274097,-34.28319058,NSW
TRENTHAM CLIFFS,142.26005759,-34.24341114,NSW
WINDELLA,151.47906061,-32.69166835,NSW
WASHPOOL,151.9205915,-32.36949457,NSW
RICHARDS,150.84877455,-33.66418075,NSW
VALLEY HEIGHTS,150.5844591,-33.70996769,NSW
ORTON PARK,149.57299763,-33.46851034,NSW
ROSEWOOD,152.68551716,-31.45760805,NSW
BREADALBANE,149.44751866,-34.79838452,NSW
RED HILL,150.63411843,-30.49369946,NSW
KIOLOA,150.37425834,-35.54860414,NSW
TERREY HILLS,151.21937438,-33.68945119,NSW
GLEN FERGUS,149.24738252,-36.21529888,NSW
PEMBROOKE,152.7511966,-31.37396903,NSW
WORONORA DAM,150.93544005,-34.16314202,NSW
BOTOBOLAR,149.82233385,-32.52635508,NSW
TYRINGHAM,152.51296854,-30.24721548,NSW
TUROSS,149.47330147,-36.27550655,NSW
BEGGAN BEGGAN,148.29267661,-34.64537112,NSW
ERSKINE PARK,150.7977707,-33.81299055,NSW
MELLONG,150.74125467,-33.11079338,NSW
BOSSLEY PARK,150.88403074,-33.86193826,NSW
LAURIETON,152.79520254,-31.64439227,NSW
ORIENT POINT,150.74520814,-34.91119337,NSW
CURLWAA,141.98047248,-34.1014774,NSW
COOPERNOOK,152.61748849,-31.82856085,NSW
ROSEWOOD,147.85176289,-35.65285232,NSW
BOLONG,150.64666452,-34.83931688,NSW
CROOM,150.80782333,-34.59380097,NSW
BOSTOBRICK,152.6019507,-30.27935404,NSW
NIMMO,148.62762986,-36.17871221,NSW
TERREEL,152.04431732,-32.22047936,NSW
WOOLLAHRA,151.24379537,-33.88690686,NSW
HAYES GAP,149.73421386,-32.56396494,NSW
WALCHA ROAD,151.42100488,-30.92686336,NSW
BROOMS HEAD,153.29117301,-29.61898845,NSW
SOFALA,149.70007392,-33.05882462,NSW
RAWDON ISLAND,152.78381203,-31.41904635,NSW
CAWONGLA,153.09027947,-28.60285358,NSW
DUFFYS FOREST,151.18966893,-33.67375403,NSW
MANDALONG,151.42236582,-33.12875921,NSW
BALALA,151.29912862,-30.62031081,NSW
LAKEWOOD,152.76556094,-31.63497562,NSW
BIALA,149.26054635,-34.59579971,NSW
LINDESAY CREEK,152.63708122,-28.33434213,NSW
INGLEBURN,150.86328104,-34.00453994,NSW
DOORALONG,151.36760354,-33.17560747,NSW
WYBONG,150.65553406,-32.27161969,NSW
YALWAL,150.36148921,-34.95624795,NSW
COLEAMBALLY,145.85807539,-34.79246443,NSW
DEE WHY,151.28974493,-33.7519063,NSW
BILLILINGRA,149.11453852,-36.01939698,NSW
BARRACK HEIGHTS,150.85446811,-34.56315062,NSW
WANDANDIAN,150.49703344,-35.08264229,NSW
MOSSY POINT,150.17758379,-35.8315952,NSW
BREAM BEACH,150.66158273,-35.10919898,NSW
MILA,149.15987132,-37.04981445,NSW
BOOKRAM,153.22991409,-29.72189764,NSW
BULLDOG,152.49499426,-29.03549649,NSW
CRANEBROOK,150.70941319,-33.70604476,NSW
NORTH BATEMANS BAY,150.19009576,-35.68609072,NSW
QUANDIALLA,147.77474198,-34.01579635,NSW
MUTTAMA,148.13429939,-34.80202845,NSW
SURFSIDE,150.19968527,-35.6954974,NSW
HANWOOD,146.02507119,-34.35313099,NSW
BATEMANS BAY,150.16091078,-35.70530454,NSW
MOUNT PRITCHARD,150.90317791,-33.90291797,NSW
BALLYROE,149.57094381,-34.0483978,NSW
OAKLANDS,146.12215098,-35.51480175,NSW
BIELSDOWN HILLS,152.67031245,-30.36839913,NSW
ELLANGOWAN,153.07915758,-29.0309723,NSW
BENOLONG,148.67002505,-32.50833675,NSW
OXLEY ISLAND,152.56948658,-31.91578162,NSW
MYALL PARK,146.13552843,-34.10629118,NSW
GIRVAN,152.06375484,-32.47447942,NSW
CURLEWIS,150.25829988,-31.1819857,NSW
BARRACK POINT,150.86972671,-34.56295839,NSW
MANGERTON,150.87254059,-34.43264323,NSW
HARTWOOD,145.34933185,-35.34315969,NSW
PYANGLE,149.93328539,-32.61936829,NSW
RUTHVEN,153.27290999,-28.92882957,NSW
WYAN,152.87122324,-29.06241982,NSW
LAKE BURRENDONG,149.1434222,-32.65716879,NSW
HAMILTON,151.74526827,-32.92235716,NSW
LAGOON GRASS,153.32127178,-28.7932464,NSW
YARRAWONGA PARK,151.54690024,-33.10028615,NSW
GEARYS FLAT,152.57611983,-31.17139079,NSW
MALLAN,143.76136655,-35.10472623,NSW
KOTARA,151.69766585,-32.943255,NSW
WHEEO,149.27865724,-34.51334004,NSW
MALONEYS BEACH,150.25421716,-35.69942882,NSW
DOONSIDE,150.87098915,-33.76143646,NSW
STRATHCEDAR,152.36385633,-31.76955558,NSW
UPSALLS CREEK,152.64720205,-31.63019409,NSW
FAR MEADOW,150.70227595,-34.82578965,NSW
LOWER LEWIS PONDS,149.25426141,-33.20414424,NSW
PROVIDENCE PORTAL,148.6152588,-35.94973732,NSW
BRUCEDALE,147.42918338,-35.00821257,NSW
CORBIE HILL,146.50278222,-34.54281171,NSW
YERONG CREEK,147.0641497,-35.38862024,NSW
STATE MINE GULLY,150.20517261,-33.44812301,NSW
GOARRA,151.02859614,-34.07903348,NSW
STUD PARK,144.9487724,-35.37442045,NSW
WOOLGARLO,148.72134802,-34.87866096,NSW
PURLEWAUGH,149.6011264,-31.34539452,NSW
BLACK CREEK,152.63858502,-31.58584209,NSW
GABLES,150.90780957,-33.62748722,NSW
CLONTARF,151.25602641,-33.80686158,NSW
PAGEWOOD,151.21723187,-33.93798107,NSW
FASSIFERN,151.57747506,-32.98193949,NSW
BELLIMBOPINNI,152.8989077,-31.00577074,NSW
DUMARESQ ISLAND,152.51046814,-31.90899044,NSW
BARRINGUN,145.71223453,-29.00933862,NSW
BEECHWOOD,152.67193,-31.43782922,NSW
WEST WYALONG,147.10800641,-33.87494579,NSW
LINDIFFERON,145.18496301,-35.40970334,NSW
POINT WOLSTONCROFT,151.58672248,-33.12162735,NSW
BERAMBING,150.44925713,-33.53495376,NSW
EASTGARDENS,151.22575697,-33.94511745,NSW
ELRINGTON,151.43072627,-32.86532578,NSW
FRAZER PARK,151.61772257,-33.18417658,NSW
DILPURRA,143.70140773,-35.18581069,NSW
NERONG,152.17688659,-32.53173942,NSW
TOMALLA,151.47979034,-31.82409437,NSW
NULLAMANNA,151.2355084,-29.62408038,NSW
MONGA,149.90983011,-35.55524437,NSW
BUCKENBOWRA,149.98595409,-35.66987815,NSW
ARDGLEN,150.7880613,-31.72667784,NSW
BROOKVALE,151.26973496,-33.76334889,NSW
WALLACETOWN,147.47229174,-34.97482351,NSW
RIXS CREEK,151.13443336,-32.52134646,NSW
ELDERSLIE,150.71475236,-34.05673734,NSW
CRAVEN,151.89734692,-32.14298076,NSW
PADDINGTON,151.22839912,-33.88379538,NSW
RICHMOND HILL,153.34655947,-28.78805517,NSW
BOMBO,150.85233602,-34.65351088,NSW
HAVILAH,149.76660862,-32.62783304,NSW
MALDON,150.63725475,-34.19854503,NSW
BALRANALD RESERVE,143.54300649,-34.63768672,NSW
BARWON FOUR,146.85677647,-29.94716692,NSW
BELLBROOK MISSION,152.52247566,-30.80435742,NSW
BARYULGIL,152.59945586,-29.22074742,NSW
THE BLOCK,151.19995453,-33.89008732,NSW
BOONA ROAD,147.15058711,-33.06975897,NSW
BOWRAVILLE MISSION,152.84789564,-30.65506745,NSW
BOX RIDGE RESERVE,153.26959581,-28.99771748,NSW
BRUNGLE MISSION,148.23500571,-35.15058707,NSW
CABARITA,152.51700548,-32.18838743,NSW
CABBAGE TREE,153.45600579,-28.9837875,NSW
COLLARENEBRI RESERVE,148.5712163,-29.55611705,NSW
COOMADITCHIE,150.89472539,-34.49082729,NSW
CORINDI,153.20238268,-30.02056148,NSW
KARUAH ABORIGINAL RESERVE,151.96100549,-32.64728738,NSW
BREWARRINA WEST,146.84535647,-29.95819692,NSW
ENNGONIA RESERVE,145.85400666,-29.31498684,NSW
ERAMBIE,148.6770058,-33.84538709,NSW
GARLANDTOWN,150.13300532,-35.90478723,NSW
GOODOOGA RESERVE,147.44520648,-29.10336696,NSW
GINGIE RESERVE,148.07448131,-29.98910402,NSW
GREENHILL,152.80900559,-31.05988745,NSW
GUNDURIMBA RESERVE,153.27200583,-28.82908748,NSW
GUNNEDAH HILL,149.27199602,-31.26687712,NSW
HILLCREST,153.20583576,-29.46728748,NSW
CUMMERAGUNJA,144.96100613,-36.02908683,NSW
MURRIN BRIDGE,146.3720062,-33.21498691,NSW
NANIMA RESERVE,148.9851959,-32.57926511,NSW
PURFLEET,152.46700552,-31.94308742,NSW
THE MALLEE,143.38300678,-31.55028669,NSW
MEHI CRESCENT,149.82000616,-29.46948716,NSW
MULI MULI,152.58430596,-28.41818741,NSW
MOONACULLAH,144.64710624,-35.3829868,NSW
NAMATJIRA,142.07115676,-34.09914663,NSW
NYGURU VILLAGE,153.36300574,-29.44678749,NSW
ORIENT POINT,150.75100536,-34.90878728,NSW
PEAK HILL MISSION,148.185659,-32.72098704,NSW
THREE WAYS,146.02578414,-34.27217089,NSW
TOOMELAH,150.47920617,-28.67018721,NSW
MIRRIWINNI GARDENS,152.49800568,-30.69908742,NSW
NEW MERINEE,142.07900676,-34.09965663,NSW
WALLAGA LAKE,150.06900527,-36.35408723,NSW
WALHALLOW RESERVE,150.42000585,-31.39418723,NSW
WARRALI MISSION,143.38200678,-31.56488669,NSW
WAMBA WAMBA RESERVE,143.56566242,-35.33530573,NSW
WILLOWBEND RESERVE,147.1620521,-33.09246097,NSW
NAMOI VILLAGE,148.11600631,-30.00958702,NSW
CRESCENT HEAD,152.97088555,-31.19371747,NSW
BELLWOOD,152.98212562,-30.65474747,NSW
LA PEROUSE RESERVE,151.23300541,-33.98408732,NSW
JUBULLUM VILLAGE,152.52707591,-28.89364741,NSW
MALABUGILMAH,152.62651386,-29.18126942,NSW
STANLEY VILLAGE,149.86200615,-29.47628716,NSW
SUMMERVALE,151.64500575,-30.97488734,NSW
WEILMORINGLE,146.92100653,-29.24968692,NSW
ALICE EDWARDS VILLAGE,145.92000658,-30.08588685,NSW
TOOROOKA,152.54592135,-30.89918439,NSW
STONY CREEK,149.72993407,-32.47519854,NSW
GALORE,146.82769171,-34.9859086,NSW
CAMDEN HEAD,152.83108351,-31.64364734,NSW
JUNEE,147.5805335,-34.86516527,NSW
SILVERDALE,150.59171362,-33.92857715,NSW
MANGOPLAH,147.251138,-35.40120316,NSW
EUROLEY,146.30212209,-34.71003794,NSW
HUMULA,147.75229473,-35.48124764,NSW
EMPIRE BAY,151.36950071,-33.5014218,NSW
BANNISTER,149.49127686,-34.60635294,NSW
WANAARING,143.88290522,-29.58248964,NSW
MERRYGOEN,149.28427609,-31.80703632,NSW
BULAHDELAH,152.17877654,-32.3842227,NSW
WHITTON,146.14160521,-34.54756949,NSW
HEATHCOTE,150.97965413,-34.10471501,NSW
FINE FLOWER,152.65513978,-29.38459722,NSW
DUNOON,153.32540646,-28.6690312,NSW
SANDON,153.31307368,-29.68935016,NSW
ALFORDS POINT,151.02516948,-33.98572924,NSW
COOLUMBURRA,150.1050766,-35.04793053,NSW
WEST BUNGAWALBIN,153.11912405,-29.1354086,NSW
TERIDGERIE,148.79835222,-30.91195433,NSW
GLEN WARD,151.6570492,-31.82215979,NSW
DAIRYMANS PLAINS,149.05660137,-36.21362431,NSW
MURRUMBURRAH,148.32273749,-34.54621191,NSW
HOWES VALLEY,150.83479749,-32.81143147,NSW
NORTH TURRAMURRA,151.15327563,-33.68821374,NSW
BANOON,150.4070684,-30.5272329,NSW
NUBBA,148.23969623,-34.512587,NSW
SPRING RIDGE,150.22034011,-31.39049474,NSW
NEWBOLD,152.69599491,-29.51904633,NSW
SPICKETTS CREEK,152.87135867,-30.54554406,NSW
LARRAS LEE,148.87673533,-32.96261501,NSW
BOWMAN,151.81827105,-31.93056822,NSW
DAIRY FLAT,152.70910434,-28.37647025,NSW
MCGRATHS HILL,150.84165997,-33.6127855,NSW
CARWELL,149.90341945,-32.84093402,NSW
WAGGA WAGGA,147.35984241,-35.10815905,NSW
BERRIGAN,145.82785647,-35.64562199,NSW
ALSTONVALE,153.44407383,-28.79373221,NSW
MYRTLE MOUNTAIN,149.68728965,-36.85125108,NSW
NORTH CURL CURL,151.29073045,-33.76315759,NSW
THE BRANCH,152.04320113,-32.55084621,NSW
LLANARTH,149.55119304,-33.39688095,NSW
WOY WOY,151.29601886,-33.50114444,NSW
OXLEY,144.05987268,-34.02947215,NSW
HARTYS PLAINS,152.62858024,-31.476368,NSW
MAGOMETON,148.64745634,-31.02252271,NSW
LIMERICK,149.4739083,-34.21273486,NSW
MOONAN BROOK,151.35727605,-31.95203933,NSW
JACKS CREEK,149.73951793,-30.4977282,NSW
COLINROOBIE,146.57432,-34.45814083,NSW
NEW BUILDINGS,149.55915618,-36.96113175,NSW
GRAFTON,152.93366329,-29.68168587,NSW
BOEILL CREEK,142.1057063,-34.15373576,NSW
BRIL BRIL,152.55769121,-31.27861202,NSW
MOGRANI,152.03185865,-32.02848312,NSW
CARRAI,152.2336519,-30.83285939,NSW
MILKERS FLAT,149.40181129,-33.279722,NSW
EMPIRE VALE,153.51886001,-28.92166464,NSW
TENANDRA,147.88509397,-31.57730637,NSW
TOUGA,150.11009441,-34.92719115,NSW
REVESBY HEIGHTS,151.01943529,-33.96981159,NSW
MILLAH MURRAH,149.61157987,-33.18001302,NSW
EDENSOR PARK,150.87774111,-33.87972125,NSW
LUGARNO,151.04485669,-33.98335669,NSW
BERRY JERRY,147.24651244,-34.70682415,NSW
CLARENCE,150.2197702,-33.47401965,NSW
WOMBAT,148.23743382,-34.4251812,NSW
MIHI,151.69421424,-30.71829867,NSW
ROCKY GLEN,149.53476475,-31.08470134,NSW
MORUYA HEADS,150.1400805,-35.92629792,NSW
GOWAN,149.3526558,-33.14985166,NSW
KIANGA,150.07560927,-36.18373975,NSW
CHISWICK,151.13850037,-33.8499193,NSW
WANDOOK,145.02970588,-35.42338603,NSW
FARRANTS HILL,153.48548688,-28.31851514,NSW
CATALINA,150.18528338,-35.73026241,NSW
BAGOTVILLE,153.41277774,-28.97549211,NSW
WYALONG,147.30012701,-33.9176713,NSW
FAIRHOLME,147.37580602,-33.29881028,NSW
BUREEN,150.735589,-32.46911618,NSW
BEMBOKA,149.56349207,-36.60523094,NSW
ARNDELL PARK,150.88308373,-33.79049444,NSW
SCHOFIELDS,150.86709276,-33.70273895,NSW
MYOLA,150.6763421,-35.02269783,NSW
YEOVAL,148.60450446,-32.76593864,NSW
THE SANDON,153.29482057,-29.66521046,NSW
GONGOLGON,146.87128818,-30.45327096,NSW
MANGOOLA,150.72884091,-32.31821217,NSW
ADAMINABY,148.78487252,-36.01164403,NSW
COORANBONG,151.46391251,-33.05006822,NSW
COOLAC,148.21188895,-34.91040845,NSW
FREDERICKTON,152.86042449,-31.02580752,NSW
EUABALONG WEST,146.39597213,-33.05715077,NSW
ACACIA CREEK,152.31906685,-28.37626046,NSW
THE RIDGEWAY,149.26086626,-35.33885279,NSW
MOUNT ADRAH,147.90150772,-35.21573369,NSW
GOONOO GOONOO,150.9126677,-31.29152262,NSW
LITTLETON,150.13960589,-33.49543065,NSW
WYLIES FLAT,151.12194827,-32.58272886,NSW
OOLONG,149.17456658,-34.79224177,NSW
DOCTORS GAP,150.1776823,-33.4916727,NSW
NEWINGTON,151.05478986,-33.83867208,NSW
SPRING MOUNTAIN,151.49629138,-29.82819436,NSW
WIRRINYA,147.72574086,-33.62854695,NSW
ELLIS LANE,150.67825212,-34.03287898,NSW
MATRAVILLE,151.23276899,-33.96303372,NSW
MOUNTAIN TOP,153.17969212,-28.61710647,NSW
DAWES POINT,151.20697647,-33.85595232,NSW
PORT BOTANY,151.21646491,-33.97585404,NSW
JERSEYVILLE,153.03155691,-30.9209038,NSW
TARA,147.16066359,-34.49352735,NSW
GREENHILLS BEACH,151.16361525,-34.0359874,NSW
SIX MILE SWAMP,152.8583221,-29.18883317,NSW
REIDSDALE,149.84013476,-35.55394186,NSW
METFORD,151.60907379,-32.76568698,NSW
FERN GULLY,151.20154553,-32.5502938,NSW
MOUNT WARRIGAL,150.84280295,-34.54983373,NSW
WINDY,150.40547858,-31.62473183,NSW
JINGERA,149.44562703,-35.67289809,NSW
HOWELL,151.04251474,-29.93418101,NSW
MOUNT ROYAL,151.29201961,-32.21053282,NSW
NORTH YEOVAL,148.67322058,-32.72301661,NSW
GRANTHAM FARM,150.87310707,-33.66313702,NSW
DONNELLYVILLE,152.91658133,-30.75531868,NSW
BALGOWLAH HEIGHTS,151.26514871,-33.80685532,NSW
WOOLOWEYAH,153.3155835,-29.48760991,NSW
DALWOOD,151.41491342,-32.62685642,NSW
HOLLYDEEN,150.62179958,-32.32446256,NSW
REDDESTONE,151.66619946,-29.58194169,NSW
OBANVALE,151.15956932,-32.5143868,NSW
PANGEE,146.76785127,-32.01084483,NSW
BALMAIN EAST,151.192942,-33.85728399,NSW
ENGLORIE PARK,150.79607131,-34.08048328,NSW
KYLE BAY,151.09973614,-33.99066877,NSW
WOLLUN,151.44631141,-30.84876178,NSW
CLYDE,151.02208191,-33.83306406,NSW
MORTS ESTATE,150.16776579,-33.46773494,NSW
PACKSADDLE,142.17149739,-30.44174141,NSW
SIMPKINS CREEK,152.76900575,-28.84068891,NSW
SURRY HILLS,151.21202333,-33.88565174,NSW
MOUNT COOPER,149.20350451,-36.65262601,NSW
CAMIRA,152.94134105,-29.21533791,NSW
TOMEWIN,153.37966493,-28.25108481,NSW
CUNNINGAR,148.44069867,-34.55463612,NSW
MOUNT KEMBLA,150.82174528,-34.42958704,NSW
MULLENGANDRA,147.18218146,-35.89723122,NSW
MOUNT OLIVE,149.93399228,-33.60520286,NSW
BOMBAY,149.65466882,-35.43371128,NSW
BIDGEEMIA,146.46169537,-35.3943526,NSW
CENTRAL MACDONALD,150.97300028,-33.33547436,NSW
CARRS ISLAND,152.91213898,-29.67115981,NSW
MILROY,150.04765886,-31.14199648,NSW
INVERGOWRIE,151.50696466,-30.51198395,NSW
MOUNT PLEASANT,150.8678511,-34.39582654,NSW
LAVADIA,153.06920939,-29.71461951,NSW
DARLINGTON,151.1930756,-33.89064653,NSW
NEATH,151.4155982,-32.82247313,NSW
ST CLAIR,151.27075849,-32.36204138,NSW
HABERFIELD,151.13997013,-33.87795202,NSW
TOCAL,151.5585096,-32.61763099,NSW
MAFFRA,148.97284591,-36.54087941,NSW
BREAKFAST POINT,151.11077163,-33.8427602,NSW
TEN MILE HOLLOW,151.08592718,-33.32401562,NSW
YIPPIN CREEK,152.71132176,-31.45578329,NSW
COOKS GAP,149.71169828,-32.35567672,NSW
FARMBOROUGH HEIGHTS,150.81491508,-34.45599458,NSW
TUMUT PLAINS,148.27119397,-35.34110642,NSW
DAROOBALGIE,148.16404044,-33.31127957,NSW
NIMBIN,153.23810649,-28.58021457,NSW
COOKS HILL,151.76793689,-32.9330892,NSW
KENTUCKY SOUTH,151.45968999,-30.80398889,NSW
WOOLLOOMOOLOO,151.21927633,-33.87159485,NSW
BANGADANG,147.9848005,-35.27328511,NSW
MYUNA BAY,151.538158,-33.05563459,NSW
MARCH,149.07864097,-33.2118286,NSW
TALOUMBI,153.27150117,-29.54941446,NSW
SAUMAREZ,151.58936947,-30.57625802,NSW
BONNY HILLS,152.81908739,-31.58507144,NSW
CURRARONG,150.82137529,-35.01582104,NSW
CAROONA,150.40604431,-31.38685133,NSW
MOUNT KURING-GAI,151.13633103,-33.64637822,NSW
GIRRAWEEN,150.94445999,-33.80025025,NSW
LOSTOCK,151.43447159,-32.32170221,NSW
WRIGHTS CREEK,151.04502639,-33.30130745,NSW
ATTUNGA,150.81744871,-30.91125297,NSW
PINNACLE,147.94307976,-33.74002009,NSW
GREEN POINT,152.51837213,-32.24966727,NSW
FRENCH PARK,146.92828782,-35.25912574,NSW
WHITE CLIFFS,143.11996397,-30.26101312,NSW
MOUNT PANORAMA,149.55260067,-33.4512001,NSW
CURRAMORE,150.76487019,-34.623109,NSW
GREENLEIGH,149.25332918,-35.36712854,NSW
STEWARTS MOUNT,149.51851628,-33.4001407,NSW
NERICON,146.03552215,-34.17805288,NSW
CURRAGH,149.2129766,-33.95430081,NSW
THE JUNCTION,151.75995833,-32.93810435,NSW
NURENMERENMONG,148.29246417,-35.79647962,NSW
QUEENS PARK,151.24712973,-33.89939895,NSW
EMERTON,150.806445,-33.74409677,NSW
OSWALD,151.4204293,-32.69696859,NSW
BARWANG,148.4641465,-34.43965522,NSW
BUNGARRIBEE,150.86519039,-33.77970476,NSW
SUNSET STRIP,142.32587618,-32.27542386,NSW
MOUNT AQUILA,149.17564592,-32.83256584,NSW
OLD MILL,151.1988858,-29.89857148,NSW
GELSTON PARK,147.34608327,-35.24315865,NSW
COURIDJAH,150.55455916,-34.23651575,NSW
NARWEE,151.0693315,-33.9465498,NSW
THE ROCK,147.11868802,-35.27043438,NSW
BEN BULLEN,150.03613277,-33.23045783,NSW
CARABOST,147.71733187,-35.61214862,NSW
GOL GOL,142.22490475,-34.16690221,NSW
CLIFTON,150.96818287,-34.258345,NSW
QUEENSCLIFF,151.28540806,-33.78288124,NSW
TINTINHULL,150.99831846,-31.07578175,NSW
CARAGABAL,147.67654154,-33.83409618,NSW
MALLABULA,152.01336739,-32.73277463,NSW
LEEVILLE,152.99561186,-28.95607299,NSW
WINGHAM,152.35579036,-31.85807707,NSW
FALCONER,151.7337904,-30.16947179,NSW
ROCKY RIVER,152.30688137,-29.18542545,NSW
MASCOT,151.18238468,-33.9405189,NSW
AVISFORD,149.48078437,-32.74842031,NSW
NELSON,150.92137837,-33.64627685,NSW
ACACIA GARDENS,150.91379428,-33.73350269,NSW
WRATHALL,146.89071954,-35.36398051,NSW
TWIN RIVERS,150.68841826,-28.70519737,NSW
MCCARRS CREEK,151.27611412,-33.6434008,NSW
MENINDEE,142.71954914,-32.44149808,NSW
CODRINGTON,153.23951455,-28.95735655,NSW
PERRYS CROSSING,150.97838193,-33.16399456,NSW
WINDELLAMA,149.91374808,-35.01377798,NSW
BURRA,149.22353574,-35.55936156,NSW
MOORARA,142.65312502,-33.02879335,NSW
LINLEY POINT,151.14938304,-33.82730209,NSW
TEWINGA,152.90257962,-30.64438497,NSW
ROCKY POINT,151.46981572,-33.29341468,NSW
AMANBURNUNGA,136.69486839,-13.92639624,NT
AMBURLA STATION,133.1721084,-23.34288623,NT
AMENGERNTERNEAH,134.84166827,-21.89765625,NT
AMIRRABA,136.85787838,-13.90866625,NT
AMOONGUNA,133.93598831,-23.76629625,NT
AMPUTJUTA,129.12287879,-24.9295462,NT
ANDANANGKI,135.76503845,-13.60960621,NT
ANGKERLE ARRENGE B,133.47969836,-23.73892624,NT
ANGKERLE ARRENGE A,133.48008836,-23.74597624,NT
ANGULA,134.21675831,-22.55779624,NT
ANGWURA,136.72609839,-13.91940625,NT
ANGAS DOWNS,132.27377846,-25.03445623,NT
ANGURUGU,136.4606084,-13.98218624,NT
ANGATYEPE,133.72750833,-23.74498624,NT
ANKERRAPW,134.56306829,-22.23002625,NT
ANKWELEYELENGKYE,133.75517838,-21.59673623,NT
ANNERRE,134.00116837,-21.26168023,NT
ANTERE,134.40935421,-25.66307627,NT
ANTHEPE,133.86550832,-23.75748624,NT
ANTHELK-EWLPAYE,133.87931832,-23.68977624,NT
APMERE MWERRE,133.86596732,-23.74343624,NT
ARARU POINT,131.87783868,-11.19362612,NT
ARAWERR,134.84618827,-22.01369625,NT
AREYONGA,132.27083847,-24.07359622,NT
ARRKAPA,132.82937842,-23.98246623,NT
ARLPARRA,134.77476828,-22.08777625,NT
ARMORRAN,133.3814286,-11.75573614,NT
ARMSTRONGS,132.68001843,-23.87916622,NT
ARRAWAJIN,134.9755183,-20.51823625,NT
MURGENELLA PLAINS,132.91239863,-11.71039614,NT
ARRGAMURRMURR,132.61015865,-11.17397613,NT
ARRILLHJERE,133.62608834,-23.77979624,NT
ARRUNGE,132.2814785,-22.49933621,NT
ARTEKERR,134.54312829,-22.29020625,NT
ATHELEY,134.86766827,-21.91755625,NT
IWUPATAKA,133.50327835,-23.79059624,NT
LYILYALANAMA,132.74473843,-23.94721623,NT
JARRAMAGORNDARRA,134.65311854,-12.29070617,NT
JARRA JARRA,133.22064844,-20.84763621,NT
JI-BAL BAL,134.61989854,-12.29753617,NT
JILKMINGGAN,133.30000855,-14.95304117,NT
JILUNDARINA,137.5766582,-17.6055563,NT
JI-MARDA,134.61502242,-12.05611117,NT
JIMILAYA,136.67150833,-15.60817926,NT
JINGALOO,133.61433849,-17.11309619,NT
JODETLUK,132.43333861,-14.35998715,NT
OONDALOO,129.0645488,-24.8871362,NT
PWERTE MARNTE MARNTE,133.71982832,-24.37336625,NT
JOMET,133.11146855,-15.42067617,NT
JOWAR,134.42881849,-14.72745619,NT
JUNKAJI,134.14149837,-20.44654623,NT
JUNGARRAYI WARRNU,131.43088857,-22.6859262,NT
PINGALA,133.88269943,-19.09319021,NT
KALKARINDJI,130.83212867,-17.44673616,NT
KALUMBULANI,131.21949865,-16.87718116,NT
KALUMPURLPA,133.91809843,-19.00385621,NT
KALPITAPTA,135.35397826,-20.89934626,NT
JIWARANPA,129.92674873,-19.55539617,NT
KANGAROO ISLAND,136.53951833,-15.88846625,NT
KAPALGA,132.37113364,-12.69874994,NT
KARNTE,133.86474832,-23.76435624,NT
KARGARU,134.19806839,-19.65859722,NT
KARRINYARRA,131.87876853,-22.6632762,NT
KATJUTARI,132.0047385,-23.74082621,NT
KELERRK,130.32647873,-13.95781613,NT
KIANA STATION,136.18411831,-17.24234725,NT
KINTORE,129.38725877,-23.27589619,NT
KALINJARRI,134.36571836,-20.39750623,NT
KURINELLI,135.04000829,-20.61138625,NT
KNEEBONE,129.17893379,-15.41051814,NT
KNUCKEYS LAGOON COMMUNITY,130.93748871,-12.43652612,NT
KOLORBIDAHDAH,134.32539854,-12.61307617,NT
GUBUMI,134.11529856,-12.48054616,NT
KUBUYIRR,129.78499876,-14.12166613,NT
KUDANTIGA,129.42920878,-14.42918613,NT
KULPITHARRA,132.0027985,-23.73971621,NT
KULTCHILL,129.57391877,-14.42584613,NT
BUBBLE BUBBLE,129.31022878,-15.81034614,NT
BUCKET SPRINGS,129.16465879,-15.73999114,NT
BADAWARRKA,134.44378849,-14.69601619,NT
BULGUL,130.12203874,-13.08385612,NT
BUJAN,136.8791583,-16.26899627,NT
BUKUDAL,136.61353743,-12.96645723,NT
BULLA,130.03936874,-15.76489614,NT
BULMAN,134.33334852,-13.66527618,NT
BULARRINY,135.7034285,-12.0463462,NT
BULUHKADURU,134.42307854,-12.43245817,NT
BUNHANURA,135.72221849,-12.3744762,NT
DONS BORE,131.92027853,-22.2623162,NT
DOOJUM,129.15921879,-15.72517614,NT
DOOLGARINA,136.8822623,-16.21264127,NT
GALARU,136.75732845,-12.16599623,NT
EIGHT MILE,132.68279843,-23.88697622,NT
ELITJIA,133.61583834,-23.77675624,NT
ELLIOTT NORTH CAMP,133.53597848,-17.54987619,NT
EAGLE VALLEY,129.0984588,-24.9299762,NT
EMU BORE,130.40204367,-22.61034119,NT
EMU POINT,130.32777873,-14.17019613,NT
ENGAWALA,134.45547829,-22.80255625,NT
ERLDUNDA OUTSTATION,132.83588039,-25.57464224,NT
FINKE,134.5779082,-25.58208627,NT
FIVE MILE,132.84834842,-23.91846623,NT
FLICKS HOLE,134.09331849,-15.61604619,NT
FOSSIL HEAD,129.52127877,-14.53776613,NT
FOXALLS WELL,134.82355824,-23.07381626,NT
GALKILA,136.92909843,-12.33572624,NT
GALUPA,136.68920845,-12.19248623,NT
GALAWARRA,135.5937385,-12.0443862,NT
GORPULYUL,134.14587854,-13.34619617,NT
KUNAYUNGKU,133.72464842,-19.74207621,NT
KURKUTJARA,129.41115876,-25.94176621,NT
WANGKARI,129.0193388,-25.1316762,NT
KURNTAPURRA,135.3978883,-19.39175625,NT
KURRURLDUL,134.24012855,-12.48804617,NT
KURRAYA,134.47545836,-19.76557623,NT
KUY,129.59784877,-14.03544613,NT
KWALA,132.88973841,-23.92721623,NT
KWOMBOM,130.29075873,-13.95521613,NT
LABRAPUNTJA,132.93926841,-23.91182623,NT
LAJAMANU,130.67659568,-18.22424016,NT
LAKE KATHERINE,135.06805847,-14.2737262,NT
LANGARRA,135.36168906,-12.09916674,NT
LARAPINTA VALLEY,133.85140832,-23.71102624,NT
LARAMBA,132.75603845,-22.53295822,NT
LARRPAYANJI,134.68017847,-14.7833262,NT
LIKKAPARTA,134.53799837,-19.34334623,NT
LIKU,130.50429869,-17.91139616,NT
LINGARA,130.64333869,-16.48693015,NT
INARLENGE,133.85896832,-23.72880624,NT
LITTLE WELL,135.33314816,-24.13545628,NT
LIZARD BORE,131.1346586,-23.3003262,NT
LITCHFIELD OUTSTATION,130.70051471,-13.47983213,NT
LTIRA,132.90182841,-24.05707623,NT
LULTJU,130.59313869,-18.37669616,NT
GUMURUGURU,134.76306854,-12.05999618,NT
GAMARDI,134.68321854,-12.27396618,NT
GAMARGAWAN,134.07651356,-12.64913117,NT
GANGAN,135.94354846,-13.04603621,NT
GANPURRA,135.8123585,-11.8852062,NT
GANIYARRANG,135.02131846,-14.4749762,NT
GAPUWIYAK,135.80587848,-12.50320621,NT
GARAWA 1,136.3213,-16.06877791,NT
GARRTHALALA,136.56918843,-12.76303623,NT
GARANYDJIRR,135.02095852,-12.28202618,NT
GARRIYAK,135.5628485,-12.1485962,NT
GIKAL,136.32037847,-12.05216622,NT
GILBERT SPRINGS,132.48073845,-23.97175622,NT
GILIRRI,134.81695853,-12.33027618,NT
ALKUPITJA,133.69436835,-23.06531624,NT
GILWI,130.53275871,-15.78709614,NT
GOCHIN JINY JIRRA,134.45751855,-12.19923617,NT
GONGURUWUY,136.15085848,-12.06636621,NT
GORRONG GORRONG,134.49532855,-12.12292617,NT
GREEN VALLEY,131.73817854,-23.15049621,NT
GARRINJINNY,135.64751836,-16.67494623,NT
GUDJEKBIN,133.80109858,-12.25095816,NT
GUL GUL,132.33900866,-11.12998612,NT
GULMARRI,135.82229849,-11.9169962,NT
GULNGARRING,131.09811869,-13.13874613,NT
GULUNGURU,136.03855825,-19.35437627,NT
GUMARRIRNBANG,133.99696687,-12.32944416,NT
GUMULUJI,137.4803882,-17.9353263,NT
GUPANGA,134.58430855,-12.07518617,NT
GURRUMURU,136.23170846,-12.59218622,NT
GURUNDA,136.34792647,-12.03239922,NT
GUTJANGAN,136.80857845,-12.08388623,NT
HALFWAY CAMP,134.36263822,-25.69490627,NT
ARTEKERRE,133.76661234,-23.25737324,NT
HAWK DREAMING,132.93914861,-12.37051614,NT
HERMANNSBURG,132.77870842,-23.94268623,NT
EWYENPER-ATWATYE,133.89974443,-23.70808346,NT
HINGSTONS PLACE,134.19703839,-19.61771622,NT
HODGSON RIVER STATION,134.09553849,-15.47475619,NT
HATCHES CREEK,135.21349827,-20.84604625,NT
HUMPTY DOO,131.26078869,-12.63103612,NT
HUNTERS CAMP,132.82910861,-12.64999614,NT
IJARRA,136.00501836,-16.21518624,NT
ILEPARRATYE,133.4293184,-22.02143622,NT
ILKARRALALAMA,132.46504845,-23.96459622,NT
KULANG,129.00638881,-24.7155562,NT
ARARLAGU,133.39848861,-11.52720614,NT
ILPILI,130.36045867,-23.3239162,NT
NEW ILPARPA,133.87068832,-23.76574624,NT
ILPERLE-TYATHE,133.86110832,-23.66558624,NT
ILPERLE,135.71575816,-22.92735628,NT
ILPURLA,132.71446842,-24.31519623,NT
ILUWURRU,136.65003822,-19.03220628,NT
IYLENTYE,134.72667828,-21.98674625,NT
IMANPA,132.56999842,-25.13049623,NT
IMPADNA,133.56947832,-25.15450625,NT
IMPERRENTH,134.96858828,-21.21084625,NT
IMPORTNA,132.74341843,-23.94046623,NT
ININTI,129.15249879,-23.16825619,NT
INJILATPARRI,133.41363361,-11.61111114,NT
INJIRRAMURRI,131.12911861,-22.4652162,NT
INJULKAMA,133.10673841,-23.07624623,NT
INKAWENYERRE,134.84707828,-21.82014625,NT
INKWELAYE,134.83153827,-22.07949625,NT
INTJARTNAMA,132.92056841,-24.06290623,NT
PALM PADDOCK,132.68126843,-24.08532623,NT
INYILINGI,131.42488857,-23.2497162,NT
IPALALA,132.67808843,-23.92554622,NT
IPOLERA,132.37407846,-23.98860622,NT
IRGUL POINT,132.52876865,-11.34199613,NT
IRRMARNE,136.39475814,-21.6540363,NT
IRRILTYERE B,133.68564834,-23.76103624,NT
IRRILTYERE A,133.69467834,-23.75127624,NT
TINKI,129.55768875,-23.27329619,NT
TJAUWATA,129.12181879,-24.9152462,NT
IRRERLIRRE,135.13450822,-22.84618627,NT
IRRULTJA,135.11128825,-21.97995626,NT
ITEYEPINTYE,133.59994834,-23.76464624,NT
ITPERLYENGE,133.61103834,-23.76359624,NT
KUMURRULU,134.07048856,-12.27169616,NT
KUMUNU,133.63945845,-18.7641662,NT
GUNBALANYA,133.05600861,-12.32398614,NT
KUNGKAYUNTI,131.24371858,-23.6264562,NT
DAGURAGU,130.80491868,-17.40057616,NT
DALIWUY BAY,136.91835565,-12.34083346,NT
DARRANDARRA,130.9546287,-12.74096612,NT
DARRANGMURMANJA,136.5927784,-13.72484624,NT
DEAF ADDER,132.82331861,-13.02724615,NT
DELNY,134.82010826,-22.55048626,NT
DELEYE,129.97667875,-13.76533613,NT
DHALINBUY,136.38780845,-12.41248622,NT
DHANIYA,136.73791843,-12.55005623,NT
DHARRNI,136.02005843,-13.74981622,NT
DHARAWARR,135.8469385,-11.8493662,NT
DHAYIRRI,135.6187085,-11.9611862,NT
DHIPIRRINJURA,135.09757852,-12.24804619,NT
DHOLTJI,136.46161847,-11.94833622,NT
DHURAMBALA,135.5609085,-12.0525862,NT
DHUDUPU,135.5692085,-12.0032862,NT
DHULMULMIYA,136.72533844,-12.52779623,NT
DHUPUWAMIRRI,135.39218849,-12.6679462,NT
DILLINYA,132.04505861,-15.85696616,NT
DITCHI,129.40855878,-14.30371613,NT
DJARRAKPI,136.35162843,-13.29689623,NT
JI-BENA,134.52640855,-12.14416617,NT
DJILIWIRRI,135.5144965,-12.3092822,NT
DJINKARR,134.29626855,-12.21285617,NT
DJIRRBIYAK,132.76363362,-12.72943614,NT
DJURRANALPI,135.87292849,-11.8468262,NT
KALTUKATJARA,129.0792088,-24.8760862,NT
DONYDJI,135.47028848,-12.8904362,NT
PETYALE,133.4336384,-21.99970622,NT
PHILLIPSON BORE,134.43038825,-24.09591626,NT
PICININNI BORE,129.78279874,-19.82709617,NT
PIGEON HOLE,131.22037865,-16.81410616,NT
PIKERTARAMOOR,130.88927571,-11.76637111,NT
PILAKATAL,129.81594872,-25.35289621,NT
PINE CREEK COMPOUND,131.83106865,-13.81599614,NT
PINJA,130.3709587,-18.80956616,NT
PINPIRNGA,129.46322876,-23.16273619,NT
PIRLANGIMPI,130.41720873,-11.40588611,NT
PMARA JUTUNTA,133.4307384,-22.20876622,NT
POLICEMANS HOLE,129.10650879,-15.77851614,NT
JANGIRULU,133.61111847,-18.1255962,NT
PULARDI,132.37978849,-22.56330621,NT
PUNRITJANTA,129.29393878,-24.6739062,NT
MOUNT CATT,134.43241851,-13.80016618,NT
MOUNT JEAN,134.17191853,-13.53257617,NT
MOUNT LIEBIG,131.27319858,-23.2660362,NT
MOUNT NANCY,133.87001832,-23.66749624,NT
MOUNT PEACHY,133.8718183,-24.39414625,NT
MURUNING,130.48457871,-15.67525614,NT
MUDGINBERRI,132.87334861,-12.59770614,NT
MUDJIGARDART,132.78225863,-11.93820614,NT
MU-GURTA,134.50814854,-12.25895617,NT
MAMUKALA,132.66648862,-12.61135614,NT
MULGA BORE,134.20944832,-22.45137624,NT
MULGURRAM,134.96085574,-12.40194451,NT
MULINGI,129.95077875,-13.92664613,NT
MUMATHUMBURU,136.50235834,-15.64249625,NT
MUMEKA,134.13579856,-12.36304616,NT
MUMPUMAMPU,135.32835567,-14.38416676,NT
MUNGKARTA,134.19843837,-20.33700623,NT
MUNGALAWURRU,133.59552844,-19.38251621,NT
PATONGA,132.56901862,-12.94824614,NT
MURWANGI,134.96224463,-12.47527784,NT
MURRANJI,132.81070855,-16.83596617,NT
MURUN MURULA,137.51754817,-18.49906631,NT
MURTULKI,134.38936837,-19.91782623,NT
MOORONGA,135.07490853,-11.92117618,NT
IMANGARA,134.68117831,-21.04959624,NT
MUDHAMUL,136.17208847,-12.16087621,NT
MUTITJULU,131.06670858,-25.35228621,NT
MUYIN,129.00489881,-23.15970619,NT
MYATT,130.48335571,-15.70654614,NT
MIALI BRUMBY,132.25890862,-14.45581915,NT
NAMUGARDABU,134.02473857,-12.15777716,NT
NADILMUK,134.29400856,-11.99398616,NT
NADIRRI,129.76657876,-13.95374613,NT
NAMA,129.85880875,-14.22948613,NT
NAMERINNI,133.71549845,-18.5681662,NT
NAMATJIRA CAMP,133.85998632,-23.68938024,NT
NAMALAWIRRI,134.97727846,-14.5915762,NT
NGANGALALA,134.99224463,-12.2983334,NT
NANGAK,134.28387856,-12.21146617,NT
NANYINGBURRA,135.8736585,-11.7605562,NT
NARBALEK,133.2921686,-12.30827615,NT
NAUIYU,130.68893871,-13.75052613,NT
NEMARLUK,130.00325874,-14.24120613,NT
NEW BORE,131.32769858,-23.2217062,NT
NGADUMIYERRKA,136.45641118,-13.82000024,NT
NGANMARRIYANGA,129.87889875,-14.35109713,NT
NGARLU NGARLU,133.4090686,-11.86627615,NT
NGAYAWILLI,135.5745085,-11.9942862,NT
NGARDINITCHI,129.48431877,-14.19286613,NT
NGIPIN,133.4583286,-11.60001614,NT
PURRUKUWURRU,135.69629826,-19.94560626,NT
PUTJAMIRRA,130.36849874,-11.22455611,NT
PUTULU,131.3699786,-21.34380619,NT
PUYURRU,130.81753864,-21.33115618,NT
PWERTENTYE,134.79239824,-23.37289626,NT
RARANGANTJUTA,133.14814839,-23.98486623,NT
RAYMANGIRR,136.00253847,-12.34028621,NT
LUNTHARRA,132.0449785,-23.73541621,NT
MALA,130.85331864,-21.69492619,NT
MALGAWA,133.91826856,-12.83885616,NT
MALNJANGARNAK,134.77335574,-12.66055562,NT
MALKALA,136.44224451,-13.89138901,NT
MALLARRAMI,136.53563847,-11.77539622,NT
MAMADAWERRE,133.65782858,-12.25627615,NT
KALTUKATJARA,129.09453741,-24.87254191,NT
DALY,131.24379888,-12.74145707,NT
WAK WAK,131.23697648,-12.66323898,NT
COSTELLO,136.77218128,-20.99991681,NT
BARUNGA,132.86740106,-14.5266337,NT
TIWI,130.87563079,-12.35750086,NT
DELAMERE,131.6692209,-15.40137375,NT
MINJILANG,132.57248992,-11.14469206,NT
CANTEEN CREEK,135.58651623,-20.64025163,NT
HERBERT,131.16199254,-12.53410771,NT
BAYVIEW,130.85819599,-12.43961654,NT
JINGILI,130.8728208,-12.38893718,NT
LEANYER,130.90399761,-12.37284425,NT
TENNANT CREEK,134.18716733,-19.65479696,NT
COCONUT GROVE,130.85024562,-12.39612782,NT
MATARANKA,133.04342185,-14.96982099,NT
MARANUNGA,130.70857927,-13.70833168,NT
MOUNT LIEBIG,131.27767407,-23.26800466,NT
TARA,133.99920089,-21.48330695,NT
TOP SPRINGS,131.80149344,-16.54849734,NT
GALIWINKU,135.58645328,-12.00775492,NT
HERMANNSBURG,132.79601882,-23.93801171,NT
LAKE MACKAY,130.17074065,-22.68868838,NT
HUGHES,131.10078576,-12.6863711,NT
ANULA,130.89047859,-12.39123491,NT
HUMPTY DOO,131.12726528,-12.58485928,NT
BELYUEN,130.68318915,-12.5381705,NT
TUMBLING WATERS,130.96097086,-12.75685863,NT
ACACIA HILLS,131.14593005,-12.7478175,NT
GHAN,133.93787389,-25.26502409,NT
YUENDUMU,131.79286793,-22.25583269,NT
YULARA,130.97006579,-25.20688424,NT
FLYING FOX,134.198717,-14.15890982,NT
NUMBURINDI,135.79479303,-13.9594026,NT
TIPPERARY,130.80275744,-13.94858669,NT
WILTON,134.92425503,-14.43724465,NT
DUNDEE BEACH,130.35294433,-12.72449853,NT
PINE CREEK,131.82620597,-13.82355313,NT
ELSEY,133.26370246,-15.0603485,NT
FLEMING,131.29752482,-13.85089414,NT
WANGURI,130.88810943,-12.37126799,NT
BRAITLING,133.86331252,-23.67525952,NT
GILLEN,133.86587389,-23.70920436,NT
CRESWELL,135.80772603,-17.82813179,NT
EAST SIDE,133.89719197,-23.69029305,NT
EATON,130.88070061,-12.41237344,NT
TI TREE,133.41395652,-22.13380901,NT
WADEYE,129.51633733,-14.24409801,NT
NHULUNBUY,136.76799032,-12.19995725,NT
MOUNT ZEIL,132.39969137,-23.30580908,NT
MUIRHEAD,130.89591732,-12.35810957,NT
MCMINNS LAGOON,131.07405884,-12.54250914,NT
WOODROFFE,130.98017165,-12.5017094,NT
MOIL,130.88089139,-12.38848991,NT
CAMP CREEK,130.93202605,-13.17348497,NT
STUART,133.88239445,-23.6730162,NT
ALPURRURULAM,137.83736861,-20.98173048,NT
FLYNN,133.83542813,-23.71349036,NT
MURRUMUJUK,131.06547368,-12.28040893,NT
AMPILATWATJA,135.24692925,-21.66428853,NT
JOHNSTON,131.00635907,-12.49296052,NT
NAUIYU,130.73106445,-13.72156055,NT
ALI CURUNG,134.32485662,-21.01985436,NT
MALAK,130.90397702,-12.39284913,NT
ALICE SPRINGS,133.8807555,-23.69802836,NT
PAPUNYA,131.91314016,-23.20478674,NT
MIDDLE POINT,131.32960807,-12.59442555,NT
HAASTS BLUFF,131.86232081,-23.45247115,NT
DALY WATERS,133.37909037,-16.26201893,NT
BRADSHAW,130.53431366,-15.09770185,NT
CALVERT,137.2132514,-16.90147708,NT
BORROLOOLA,136.30866568,-16.07032879,NT
YIRRKALA,136.88389008,-12.24763066,NT
LIVINGSTONE,131.0654647,-12.73920159,NT
LYONS,130.88853149,-12.35910431,NT
CHILLA WELL,131.37431342,-21.64198496,NT
GAPUWIYAK,135.79543694,-12.50556062,NT
ENGAWALA,134.45723882,-22.80351493,NT
WUTUNUGURRA,135.25049625,-20.46228599,NT
WAGAMAN,130.88538774,-12.38072908,NT
CHANNEL ISLAND,130.86897171,-12.55151412,NT
NYIRRIPI,130.56387355,-22.64922856,NT
GRAY,130.98228864,-12.49034851,NT
LAMBELLS LAGOON,131.23902597,-12.58682471,NT
ATITJERE,134.93256423,-22.98204386,NT
ALYANGULA,136.42007433,-13.85077205,NT
ANGURUGU,136.46121616,-13.9811775,NT
WULAGI,130.89548396,-12.38340521,NT
NIGHTCLIFF,130.84438071,-12.38588812,NT
GUNYANGARA,136.705053,-12.21795935,NT
PETERMANN,130.68705414,-25.03386863,NT
BRINKIN,130.86444461,-12.36688669,NT
WHITE GUMS,133.75786261,-23.75187214,NT
CASUARINA,130.88224516,-12.373998,NT
DESERT SPRINGS,133.88672216,-23.71459476,NT
AREYONGA,132.27263144,-24.08504924,NT
NAKARA,130.87728823,-12.37052535,NT
NAMATJIRA,132.72273848,-23.94755865,NT
WALLACE ROCKHOLE,133.09203018,-24.12315381,NT
GUNN POINT,131.01484301,-12.17493824,NT
MARRARA,130.89376721,-12.40070718,NT
BAKEWELL,130.99366374,-12.49683285,NT
DRIVER,130.9754084,-12.48600071,NT
BUFFALO CREEK,130.92099002,-12.34637363,NT
BELLAMACK,130.98303968,-12.5156158,NT
LARAPINTA,133.83118793,-23.68027004,NT
RANKEN,137.38656831,-20.00534425,NT
WURRUMIYANGA,130.62543838,-11.75840568,NT
DURACK,130.97138388,-12.47288229,NT
MANTON,131.18109663,-12.81101352,NT
TIMBER CREEK,130.4960421,-15.66153463,NT
IMANPA,132.56877136,-25.11754252,NT
SADADEEN,133.90100865,-23.70325323,NT
NOONAMAH,131.09405245,-12.6418572,NT
LIMMEN,134.94050092,-15.1979071,NT
KINTORE,129.38542702,-23.27301575,NT
THE NARROWS,130.85959846,-12.42653815,NT
JABIRU,132.83719396,-12.66946881,NT
CICCONE,133.86781088,-23.6923318,NT
STAPLETON,131.03643554,-13.18474221,NT
ARALUEN,133.85396525,-23.69669633,NT
KARAMA,130.91622334,-12.40007038,NT
TINDAL,132.37912983,-14.53111853,NT
RAPID CREEK,130.85373471,-12.37507112,NT
KATHERINE SOUTH,132.2598295,-14.48182228,NT
GIRRAWEEN,131.09566269,-12.52526053,NT
BESWICK CREEK,133.08938647,-14.48390366,NT
ALAWA,130.87272634,-12.3796217,NT
BLACK JUNGLE,131.20712098,-12.52325686,NT
KOOLPINYAH,131.21019675,-12.37086143,NT
UNDOOLYA,133.92248745,-23.68478893,NT
FANNIE BAY,130.83638948,-12.42675678,NT
HOLMES,130.92686894,-12.38478526,NT
MANDORAH,130.76158717,-12.44294384,NT
FREDS PASS,131.05153461,-12.53861574,NT
LARRAKEYAH,130.82450933,-12.45644946,NT
ZUCCOLI,131.00568697,-12.51137336,NT
MARLOW LAGOON,130.95661846,-12.4975969,NT
MOULDEN,130.97314137,-12.50557828,NT
JILKMINGGAN,133.29285054,-14.96146352,NT
MILLNER,130.86252879,-12.39184475,NT
WARRUWI,133.37826279,-11.65784862,NT
EAST ARNHEM,135.89265941,-12.60634622,NT
THE GAP,133.87410543,-23.71392501,NT
EAST POINT,130.82762509,-12.40953396,NT
IRLPME,133.86476742,-23.64689218,NT
MICKET CREEK,130.9529391,-12.3671404,NT
BERRY SPRINGS,131.00674436,-12.71876689,NT
BULMAN WEEMOL,134.31505375,-13.6539232,NT
UMBAKUMBA,136.80716982,-13.86173356,NT
SOUTHPORT,130.95283021,-12.73031864,NT
LEE POINT,130.89088085,-12.33956155,NT
FINKE,134.57798603,-25.57313755,NT
ROBIN FALLS,131.12147874,-13.38648457,NT
NGUKURR,134.74408194,-14.73157334,NT
NUMBULWAR,135.72498332,-14.27926256,NT
MILINGIMBI,134.91095751,-12.10124743,NT
MANINGRIDA,134.23115903,-12.0561218,NT
TITJIKALA,134.07511696,-24.6802165,NT
MITCHELL,130.99390418,-12.52948992,NT
MILYAKBURRA,136.20200945,-13.77933504,NT
EMUNGALAN,132.25114938,-14.40172358,NT
KATHERINE,132.27151756,-14.45211175,NT
WILORA,133.72639076,-21.74438787,NT
LUDMILLA,130.84892814,-12.41408007,NT
LLOYD CREEK,131.14577503,-12.66632032,NT
ELLIOTT,133.54499758,-17.55411508,NT
BAINES,129.48431387,-15.90741932,NT
RAMINGINING,134.92592439,-12.32898232,NT
ACACIA LARRAKIA,131.17418869,-12.81361612,NT
GULUNG MARDRULK,133.56393639,-13.53855959,NT
WEST ARNHEM,133.64587365,-12.25520081,NT
MOUNT BUNDEY,131.75195135,-13.02956695,NT
NITMILUK,132.53619994,-14.11444284,NT
MUTITJULU,131.06736823,-25.35068159,NT
GLYDE POINT,131.07998926,-12.17969632,NT
GUNN,130.99308306,-12.48764427,NT
DAVENPORT,134.83786756,-20.94752036,NT
BIRDUM,133.35241916,-16.2751874,NT
DUNDEE DOWNS,130.51094997,-12.76553274,NT
DOUGLAS-DALY,131.4827767,-13.81770201,NT
PALMERSTON CITY,130.98456117,-12.47856081,NT
DALY RIVER,130.57690019,-13.4725697,NT
NEMARLUK,130.33150762,-14.21824103,NT
FARRAR,130.99818677,-12.48025701,NT
ELRUNDIE,130.94091403,-12.48860286,NT
HALE,134.99495046,-24.08543606,NT
SANDOVER,135.48263282,-21.98411319,NT
LARRIMAH,133.235476,-15.60628821,NT
WOOLNER,130.85194381,-12.43462691,NT
KNUCKEY LAGOON,130.94724608,-12.42452792,NT
PAMAYU,134.05703241,-17.60718709,NT
WILLOWRA,132.61911754,-21.26318208,NT
BURT PLAIN,133.44881428,-23.36839326,NT
COONAWARRA,130.90836625,-12.43439307,NT
BERRIMAH,130.92612614,-12.43498123,NT
EAST ARM,130.90276265,-12.4800419,NT
HOWARD SPRINGS,131.06170553,-12.47079112,NT
FLORINA,131.90835959,-14.51527181,NT
ADELAIDE RIVER,131.1557658,-13.16784881,NT
PARAP,130.84500653,-12.43266573,NT
COOLALINGA,131.04021036,-12.51999755,NT
BATCHELOR,131.05740237,-13.08973898,NT
WICKHAM,130.91001616,-12.5473041,NT
BLACKMORE,130.91758536,-12.68980562,NT
NEWCASTLE WATERS,133.39967604,-17.36816903,NT
ROSEBERY,130.99112819,-12.50706465,NT
ARCHER,130.95808505,-12.52138268,NT
VENN,132.53952875,-14.55559367,NT
BEES CREEK,131.05926891,-12.57956842,NT
PINELANDS,130.95977566,-12.4576191,NT
STUART PARK,130.84743956,-12.44694702,NT
ARUMBERA,133.81396829,-23.78525035,NT
MARGARET RIVER,131.35743979,-13.19930751,NT
ANMATJERE,133.24376691,-22.0409329,NT
TORTILLA FLATS,131.16954466,-13.09084303,NT
LARAMBA,132.76236719,-22.54342221,NT
FINNISS VALLEY,130.942384,-13.02917179,NT
URALLA,132.29806634,-14.49119914,NT
HUGH,133.70821349,-24.30227149,NT
CHARLES DARWIN,130.87664256,-12.45078139,NT
MT LIEBIG,131.25400859,-23.2419862,NT
WARREGO,133.82308445,-19.44367908,NT
ILPARPA,133.82262791,-23.74239474,NT
TABLELANDS,135.51279213,-18.92875709,NT
YARRAWONGA,130.98817866,-12.47238594,NT
EDITH,131.92254153,-14.07362219,NT
YUELAMU,132.19942658,-22.2617304,NT
ROSS,133.90501824,-23.74470143,NT
ANATYE,136.95452028,-22.99287924,NT
WEDDELL,131.00818724,-12.62669318,NT
EVA VALLEY,131.00315617,-13.12724,NT
COSSACK,132.17209501,-14.46372631,NT
MANBULLOO,132.2606437,-14.84864025,NT
THE GARDENS,130.83312016,-12.44484722,NT
TIVENDALE,130.94970977,-12.46756504,NT
COLLETT CREEK,130.9188369,-12.90973802,NT
KILGARIFF,133.88486795,-23.77045758,NT
WISHART,130.93211098,-12.4571132,NT
CLARAVALE,131.58422845,-14.40999196,NT
KATHERINE EAST,132.28896315,-14.46399569,NT
MOUNT JOHNS,133.91239894,-23.72334736,NT
ARNOLD,134.37713932,-16.07792521,NT
LITCHFIELD PARK,130.84621515,-13.25311308,NT
COOMALIE CREEK,131.16884247,-13.02117897,NT
WINNELLIE,130.8848415,-12.42869986,NT
WARUMUNGU,133.95550102,-20.02898835,NT
SHOAL BAY,131.05006392,-12.36646705,NT
CONNELLAN,133.91025466,-23.80210126,NT
KAKADU,132.47464309,-12.86364938,NT
RAKULA,130.37068464,-13.05158395,NT
DARWIN RIVER DAM,131.0510234,-12.89722723,NT
GUNBALANYA,133.04924056,-12.34692441,NT
WAGAIT BEACH,130.74737834,-12.43999125,NT
CHARLOTTE,130.8117245,-12.84068806,NT
BURRUNDIE,131.8447417,-13.50172764,NT
COX PENINSULA,130.71217577,-12.57849446,NT
FLY CREEK,131.07002437,-12.79585862,NT
POINT STUART,131.83222839,-12.540224,NT
WUGULARR,133.11684524,-14.55718416,NT
MARRAKAI,131.4811296,-12.69339112,NT
BESWICK,133.11508665,-14.5580058,NT
VICTORIA RIVER,131.54009259,-16.66437855,NT
RUM JUNGLE,131.0198805,-12.99987778,NT
LAKE BENNETT,131.19447561,-12.93081797,NT
DARWIN RIVER,130.9698726,-12.81921647,NT
TANAMI,130.50672898,-20.02511201,NT
GURINDJI,131.08973814,-18.22764983,NT
TANAMI EAST,132.70046244,-18.61254434,NT
GREGORY,130.50658914,-16.28266157,NT
LAJAMANU,130.43199047,-18.45946499,NT
KALKARINDJI,130.83264771,-17.44448084,NT
BUCHANAN,129.62100851,-17.80851753,NT
YARRALIN,130.8418753,-16.45257303,NT
DAGURAGU,130.80211753,-17.41925381,NT
DARWIN HARBOUR,130.76430353,-12.40204952,NT
HART,135.16835855,-23.0626659,NT
NITJPURRU,131.21499,-16.79781092,NT
HOLTZE,131.00559186,-12.44848849,NT
BYNOE,130.6320028,-12.79271396,NT
SANTA TERESA,134.43498087,-24.00851024,NT
HIDDEN VALLEY,130.90368051,-12.45023134,NT
IMANGARA,134.68057831,-21.05138624,NT
NGANMARRIYANGA,129.88349902,-14.33496648,NT
MEREENIE,131.82615103,-23.89525442,NT
AMOONGUNA,133.93066156,-23.76845408,NT
VIRGINIA,131.023496,-12.54685004,NT
DARWIN CITY,130.84565081,-12.46342725,NT
STURT PLATEAU,132.61185742,-15.65911459,NT
BINJARI,132.18421411,-14.5501514,NT
LANSDOWNE,132.38887986,-14.43161352,NT
MCARTHUR,135.93912975,-16.26244128,NT
DUNDEE FOREST,130.45184477,-12.71364676,NT
PEPPIMENARTI,130.08280479,-14.14568389,NT
MINIYERI,134.07979002,-15.22542361,NT
VAN DIEMEN GULF,131.87587943,-11.85122292,NT
NICHOLSON,137.29968209,-18.60469506,NT
VERNON ISLANDS,131.09369086,-12.0595283,NT
TIWI ISLANDS,130.78753624,-11.53467049,NT
BYNOE HARBOUR,130.51033822,-12.62537407,NT
PELLEW ISLANDS,136.81418712,-15.66081269,NT
KUNPARRKA,131.66046499,-23.34764684,NT
THAMARRURR,129.64065387,-14.20094579,NT
MILIKAPITI,130.65861209,-11.41640223,NT
COBOURG,132.21500866,-11.38598612,NT
BEAGLE GULF,130.48471062,-12.17018715,NT
HOTHAM,131.40581807,-12.3440025,NT
SIMPSON,136.92368828,-25.01004693,NT
PIRLANGIMPI,130.42147637,-11.39024632,NT
ROBINSON RIVER,136.98277421,-16.75851447,NT
ANINDILYAKWA,136.59109516,-13.91705853,NT
PMARA JUTUNTA,133.4222484,-22.21111622,NT
NTURIYA,133.26113841,-22.12499622,NT
ATITJERE,134.93410823,-22.98428626,NT
ATJI CREEK,131.98389851,-23.39943121,NT
ATNELTYEY,134.61166829,-22.03681625,NT
UTILY,131.87319852,-23.48875621,NT
AWUMBUNYJI,135.43529844,-14.44721621,NT
BABUNGI,136.97858831,-15.74442627,NT
BAGHETTI,134.46372851,-13.75872618,NT
BAJAMINYI,137.71243819,-17.77487631,NT
BALMA,135.84857845,-13.24937621,NT
BAMBOO SPRINGS,129.0839388,-16.95991615,NT
BANIYALA,136.22610844,-13.20038622,NT
BANTHULA,135.87365849,-11.8358362,NT
BARRAK BARRAK,130.35876872,-15.87158614,NT
BARRIDJOWGEN,134.17530856,-12.34858616,NT
BARRKIRA,136.46490846,-12.00858622,NT
JEMELKE,133.87473837,-21.53387623,NT
BARDALUMBA,136.44890841,-13.82443624,NT
ITWIYETHWENGE,133.87168832,-23.66360624,NT
BAUHINIA DOWNS,135.46968839,-16.21510623,NT
BAWAKA,136.76402843,-12.53363624,NT
BAYAGIDA,134.92800853,-12.04198618,NT
BAYGURRTJI,135.86654846,-13.15785621,NT
BELYUEN,130.69990872,-12.53858612,NT
BERRAJA,134.50486855,-12.07193617,NT
BESWICK,133.11421857,-14.55479616,NT
BIRANY BIRANY,136.47669844,-12.81701623,NT
BISHOPS BORE,133.07053857,-14.61450616,NT
BLACK TANK BORE,134.02049831,-23.32350624,NT
BLACKWATER,131.89688852,-23.26179621,NT
BLOODWOOD BORE,134.28830822,-25.76762627,NT
BLUE BUSH,133.73583844,-19.02409621,NT
MOBARN,134.35499852,-13.57937618,NT
BINJARI,132.18150862,-14.55018615,NT
BOBS YARD,130.6112587,-16.00943614,NT
ORRTIPA THURRA,136.16829812,-22.7845683,NT
BOLKDJAM,134.41998854,-12.41149617,NT
NORTH ISLAND,136.84527833,-15.56292626,NT
BRUMBY PLAINS,129.28830878,-17.33268615,NT
BURTA WURTA,130.4759527,-17.53569416,NT
BURRUMBURRU,137.78155818,-17.74227631,NT
BURT CREEK,133.74759834,-23.19650624,NT
BURUDU,136.92545817,-19.5987263,NT
BUYMARR,136.63653843,-12.69825623,NT
CAMEL'S HUMP,131.59435855,-23.75173621,NT
CANNON HILL,132.94593861,-12.35756614,NT
CANTEEN CREEK,135.58678825,-20.64506826,NT
CHARLOTTE WATERS,134.89274815,-25.91422628,NT
CHILLA WELL,130.97067863,-21.52775619,NT
COBOURG,131.90000867,-11.26668612,NT
CONDER POINT,131.32757869,-11.65086612,NT
CONNELLS LAGOON,136.54802823,-18.89141628,NT
COSTELLO,134.88289847,-14.5645162,NT
COW LAGOON,135.94962836,-16.20749624,NT
CORKWOOD BORE,133.86792833,-23.31223624,NT
16 MILE CAMP,133.83248833,-23.45762624,NT
4 MILE CAMP,130.59548873,-11.77796611,NT
5 MILE BORE,131.98296851,-23.23263621,NT
ACACIA LARRAKIA,131.17150869,-12.81418612,NT
ADBANAE,131.97355667,-11.23831912,NT
ADELAIDE BORE,133.93607835,-22.21483623,NT
AMANGAL,131.10410869,-13.24448613,NT
ADJAMARRAGU,132.47559865,-11.15180613,NT
AKARNENEHE WELL,136.19361811,-23.0599063,NT
AKNGWERTNARRE,133.86120832,-23.69278624,NT
AKWALIRRUMANJA,136.77866839,-13.86344625,NT
ALAMIRRA,132.52835865,-11.06743613,NT
ALICE WELL,134.22962825,-24.88121626,NT
ALKIPI,131.82924853,-23.27354621,NT
ALPARA,131.21242856,-25.91524622,NT
ALPURRURULAM,137.84749804,-20.98415334,NT
ALYINGBERRMA,136.81691839,-13.80932625,NT
ALYUEN,133.35147839,-22.66947623,NT
AMATJATPALK,133.4550886,-11.59486614,NT
AMANBIDJI,129.61890876,-16.42803614,NT
MAMADI,129.63515876,-17.84949615,NT
MANDILBARRENG,133.58456859,-12.27400615,NT
MANDEDJKADJANG,134.03056857,-12.26452616,NT
MANGARDUBU,133.18640861,-12.09368614,NT
MANKORLOD,134.27067855,-12.56499617,NT
MANMOYI,134.11002156,-12.54062616,NT
MANABADURMA,132.84319861,-12.66636614,NT
MANYALLALUK,132.82797859,-14.26647616,NT
MAPERTE,136.38103811,-22.5415743,NT
MAPURU,135.4377985,-12.25316619,NT
MARA,136.30474445,-16.05083347,NT
MARIAH,132.37996865,-11.22974613,NT
MARLINJA,133.4030585,-17.37109619,NT
MARRKOLIDJBAN,134.06446689,-12.23750004,NT
MARRALUM,129.25026879,-15.39107614,NT
MARINIRI,136.90141105,-16.67000015,NT
MATARANKA TOWN CAMP,133.06738356,-14.92616671,NT
MARTJANBA,136.70702848,-11.17004622,NT
MANTARUR,130.46004865,-25.58447421,NT
MATA MATA,136.27125847,-12.07674622,NT
MAWULYUMANJA,136.72335839,-13.84276624,NT
MBALKANAKA,132.87547841,-23.95347623,NT
BOROGOMARRA,134.97834852,-12.24157618,NT
MBANTARINYA,133.92092831,-23.71257725,NT
MBUNGHARA,132.35891848,-23.29069622,NT
MCDONALDS YARD,130.59211869,-17.78237616,NT
MENNGEN,131.2730781,-15.35694447,NT
MERRAL NTARRAKALA,132.82865842,-23.91416623,NT
MIKGINJ VALLEY,133.07465861,-12.47964615,NT
MILINGIMBI,134.92010853,-12.10358618,NT
MILIKAPITI,130.67418872,-11.42165311,NT
MILMILNGKAN,134.24731855,-12.52314617,NT
MILYAKBURRA,136.19580842,-13.78388623,NT
MIMINA,136.83428828,-16.80209627,NT
MINIYERI,134.0821085,-15.22158619,NT
MINJILANG,132.57860865,-11.15068613,NT
MINMARAMA PARK,130.84918871,-12.41116612,NT
MINYALINNI,136.18938835,-16.09257625,NT
MIRRNGATJA,135.1930685,-12.65777619,NT
MIRRIDI,130.77884867,-19.01871617,NT
MISTAKE CREEK,129.0431988,-17.10925615,NT
MIWUL,135.91266843,-14.03207622,NT
MINAMIA,134.57085845,-15.8791662,NT
MOUNT MAIYO,129.39755877,-17.69489615,NT
MANTARDI,129.11668934,-23.03333341,NT
MOLE HILL,133.83303852,-14.87497618,NT
MOOLOOWA,137.00053831,-15.62409627,NT
MORRIS GAP,131.43922856,-24.11249621,NT
MOUNT BENNETT,131.3986006,-20.87085119,NT
MOUNT TWELLER,133.62279835,-23.54196624,NT
MPAKAPUTA,132.86345841,-24.01909623,NT
MPWETYERRE,133.87412832,-23.71677624,NT
MARRAMARRANI,132.55341865,-11.30259613,NT
WIGU,133.4322586,-11.61351614,NT
WILGI,132.74947864,-11.49599613,NT
WILLOWRA,132.61391126,-21.24444453,NT
WILORA,133.73110838,-21.74108623,NT
WINPARKU,131.46172856,-23.43463621,NT
WILLIAMS WELL,134.27874828,-23.67325625,NT
WALLABY BEACH,136.71253845,-12.18730423,NT
WARUMUNGU,134.20801739,-19.44015922,NT
WOGYALA,135.17821833,-19.00615624,NT
WOLLOGORANG,137.98884819,-17.21826632,NT
WOODYCUPALDIYA,130.00115875,-13.85924613,NT
WOOLANING,130.65891148,-13.10519445,NT
WULABURRI,136.8416283,-16.40638627,NT
WUDAPULLI,129.85315875,-14.21349613,NT
WUDADUK,129.94375875,-14.02769613,NT
WUMAJBARR,135.69241844,-14.16646622,NT
WUMIRDIN,129.56319877,-14.18905613,NT
WUNARA,136.61810818,-19.98978629,NT
WUNDIGALLA,137.04307772,-16.47555572,NT
WUNBURRI,136.07853849,-11.59496621,NT
WUPPA,134.19918894,-19.63694455,NT
WURANKUWU,130.27763874,-11.61650611,NT
WURDEJA,134.66085576,-12.17055561,NT
WURRUMENBUMANJA,136.51557783,-14.1377779,NT
WUTUNUGURRA,135.25240828,-20.46158625,NT
WAVE HILL,131.11535766,-17.38647716,NT
YAKALA,132.66390844,-23.88666622,NT
YALANGBARA,136.77752231,-12.49722235,NT
YALLIQUIN,136.00584848,-12.26249621,NT
YANGUNBI,136.65787845,-12.27973623,NT
YANYULA,136.30830834,-16.06128625,NT
YANGULINYINA,137.20896826,-16.88884628,NT
YARRINGGUR,136.04724459,-12.23888898,NT
YARRALIN,130.88279868,-16.44839615,NT
YARTALU YARTALU,130.35528869,-20.57251618,NT
YATHALAMARRA,134.92196686,-12.27444451,NT
YATJALU,131.1621686,-22.40641619,NT
WEST ISLAND,136.55000834,-15.59998625,NT
YEDERR,129.72201876,-14.01963613,NT
YEDIKBA,136.4570384,-14.08054624,NT
YANBAKWA,136.45613339,-14.2166668,NT
YIKARRAKKAL,134.11141133,-12.50361116,NT
YILAN,134.62196687,-12.04250005,NT
YILILA,135.91308844,-13.68202622,NT
YINGUWUNARRI,131.82362862,-16.60889616,NT
YINYIKAY,136.22921847,-12.21022622,NT
YIRRA BANDOO,131.0223837,-12.57291667,NT
YIRRINGA,136.02578849,-11.64536621,NT
NGUTJUL,129.46752876,-23.29675619,NT
NGANKIRITJA,131.87969852,-23.46457621,NT
NGKWARLERLANEM,134.79113828,-21.72739625,NT
NGUNTHAK,129.36184078,-14.40445113,NT
NGALPA NGALPA,134.19363339,-19.63527788,NT
NGARNKA,129.90876873,-20.17564617,NT
NGARINTHI,129.42257878,-14.46202613,NT
NGURRARA,135.4055383,-19.42133625,NT
NGUMAN,129.75694873,-23.54217619,NT
NGUKURR,134.73210847,-14.7316862,NT
NAPAGUNPA,133.61851845,-19.10424621,NT
NURADIDGEE,134.50849835,-20.11435623,NT
NIKAWU,135.54668905,-12.08972231,NT
NOURLANGIE,132.66081862,-12.76153614,NT
NTAKARRA,132.68001843,-23.89499622,NT
NTURIYA,133.26529841,-22.12377622,NT
NUDJABARRA,137.96944816,-17.97996632,NT
NUMBULWAR,135.74060843,-14.27908622,NT
MARIA LAGOON,135.44463842,-15.29987622,NT
WURWULA,136.30349847,-11.97644622,NT
NYEWENTE CAMP,133.86284832,-23.68777624,NT
NYIRRIPI,130.55320866,-22.65048619,NT
OAK VALLEY,133.9321883,-24.38496625,NT
OLD ANDADO,135.44280811,-25.37979229,NT
ILYIPERENYE,133.87079832,-23.74379624,NT
OLD MISSION,129.49810877,-14.12918613,NT
OORATIPPRA,136.08619716,-21.87857329,NT
PANDAYAL,130.55589872,-13.07476612,NT
PAKULKI,134.41846837,-19.50436623,NT
PANTYINTEME,133.11207838,-24.45009624,NT
PANTHARRPILENHE,134.78921824,-23.37056626,NT
PAPUNYA,131.91110852,-23.20304221,NT
PARRULYU,130.90912864,-20.45274618,NT
PARTNPARINJI,133.65770142,-20.00188221,NT
PARU,130.64642872,-11.74980611,NT
GURDORRKA,131.01168925,-12.48808333,NT
PATONGA HOMESTEAD,132.58047862,-12.95801614,NT
KWALE KWALE,133.57451835,-23.76970624,NT
PAYEPERRENTYE B,133.55621835,-23.77072624,NT
PEPPIMENARTI,130.07630874,-14.15028613,NT
PERTE THERRE,133.64573834,-23.75816624,NT
TARA,133.99669836,-21.50656623,NT
TARAWARA,131.41338857,-23.54724621,NT
TCHINDI,129.41640878,-14.25978613,NT
WARUMPI,131.97515152,-23.18508521,NT
TIGER'S CAMP,132.77662863,-11.47405613,NT
TINKARLI,134.20252139,-19.63722222,NT
TITJIKALA,134.07584827,-24.67387626,NT
TJAMANGKURRA,132.80530008,-23.968889,NT
TJOUNGOURI,136.04365835,-16.17124624,NT
TJULPUNGU,131.41348859,-21.83417619,NT
TJUNTINANTA,129.23084878,-24.8518562,NT
TJUNTI,129.40113876,-25.0176162,NT
TJUWANPA,132.76986842,-23.95030623,NT
TNAWURTA,132.83835564,-23.998889,NT
TNYIMIPURTA,132.67112844,-23.88777622,NT
TOWN BORE,132.0641685,-23.35471621,NT
TREE POINT,131.0181987,-12.30837612,NT
TURKEY LAGOON,134.75093848,-14.52936619,NT
TWETYE A,133.70539833,-23.74032624,NT
TWETYE B,133.69633834,-23.74290624,NT
TYWENPE C,133.68787834,-23.74424624,NT
TYWENPE D,133.67226834,-23.76478624,NT
ITCHY KOO PARK,133.65816834,-23.76665224,NT
CORELLA CREEK,135.8567183,-18.36683625,NT
AMPILATWATJA,135.22509825,-21.65662626,NT
BARRARATJPI,136.39138843,-13.21856623,NT
BUFFALO FARM,132.59382862,-12.81367614,NT
GALAWDJAPIN,134.81751853,-12.28693618,NT
LEICHARDT,130.27907873,-13.84804613,NT
HOPPYS CAMP,133.87658332,-23.68403224,NT
KABALYARRA,134.21279856,-12.06944616,NT
KUNAPULA,129.23411878,-25.1569562,NT
KUNGARREWARL,133.05617861,-12.34344614,NT
DJIMALAWA,134.67330854,-12.12168617,NT
PARADISE FARM,132.53270862,-12.93908614,NT
PERREDERR,129.82661875,-14.01961613,NT
UGUIE,137.0414283,-15.83004627,NT
UKATJUPU,129.10549879,-25.90947621,NT
UKAKA,132.37395845,-24.59259622,NT
ULBULLA,133.19644834,-25.68355625,NT
ULPANYALI,131.50075855,-24.23089621,NT
ULPUNDA,132.76600842,-23.95458623,NT
ULUPERTE,135.69544814,-23.76406629,NT
UMBAKUMBA,136.81110839,-13.85968625,NT
UMINYULUK,130.05311874,-13.83071613,NT
UNDURANA 2A,132.10529849,-23.75916621,NT
UNDURANA 1C,132.12722849,-23.75721622,NT
UNDANDITA,132.22224459,-23.76111122,NT
UN-MARR,129.90879875,-14.06439613,NT
URILPILA,129.91577771,-25.22191421,NT
VANDERLIN ISLAND,136.96787932,-15.64811127,NT
VILLAGE CAMP,134.18420839,-19.65598622,NT
WANARKULA,131.58798052,-25.99659722,NT
WARREN CREEK,131.17868859,-23.2657062,NT
WADA WADALLA,136.42886834,-15.92946625,NT
WADEYE,129.52050877,-14.24038613,NT
WADA WARRA,136.25224836,-15.74900624,NT
IRON STONE,130.43571873,-12.89497612,NT
WAUK,132.92501863,-11.54860614,NT
WAKURLPU,134.21688836,-20.63227623,NT
WALKABOUT BORE,133.81687831,-24.38259625,NT
WALDNARR,135.80531844,-13.76561622,NT
WALKA,132.58843865,-11.17955613,NT
WALANGURRMINY,130.77614871,-12.97480612,NT
WALPIRI TRANSIENT CAMP,132.26930862,-14.47359715,NT
WALU,129.52547875,-24.7389462,NT
WAMINARI,133.3975486,-11.76859315,NT
WANDANGULA,136.34558834,-16.05475625,NT
WANGALINJI,137.46692818,-18.39637631,NT
WALYTJATJATA,129.46583875,-25.97665621,NT
WANAKUTJA,132.51106865,-11.10537613,NT
YIMIDARRA,135.56463844,-14.21750621,NT
WANDAWUY,136.35636844,-12.89145623,NT
WARLPEYANGKRERE,136.99175806,-22.54892632,NT
WARRUWI,133.38935861,-11.64894614,NT
WARRANYINY,135.80643549,-12.2042962,NT
WATDAGAWUY,135.7007485,-11.9395962,NT
WATARRKA,131.51249855,-24.24903621,NT
WATHUNGA,136.68821833,-15.68900626,NT
WAYILILINYPA,131.44669858,-22.5019462,NT
WEEMOL,134.30860852,-13.64418618,NT
WELERE,135.19169824,-22.02192626,NT
WELMALA,133.26116834,-25.68276625,NT
WERENBUN,132.16110863,-14.18253615,NT
WHITE GATE,133.90794232,-23.69521225,NT
YIRRKALA,136.89168899,-12.2527779,NT
YUDU YUDU,136.63720845,-12.23328623,NT
YUELAMU,132.20557795,-22.25833343,NT
YULARA PULKA,130.8910886,-25.25453621,NT
YULBARA,136.99970831,-15.77768627,NT
YUWERLI,131.77458455,-22.1310342,NT
TJINTIRTJINTIRPA,131.27059858,-23.2852062,NT
INBINA ATWATYE,133.71324833,-23.74116624,NT
WULKABIMIRRI,134.90591852,-12.35536618,NT
WUYAGIBA,135.52036843,-14.62147622,NT
YUWAKLI,129.53922875,-23.56345619,NT
SPRING PEAK,132.45424863,-12.96264614,NT
SUBDIVISION,136.30900834,-16.06968625,NT
BAGOT COMMUNITY,130.85516071,-12.41611112,NT
SUGAR CREEK,132.57363344,-23.94972233,NT
DJARRUNG,131.53759865,-14.81309614,NT
MIYIKAMPI,133.40002233,-19.95833343,NT
NGAPPAMILARNU,133.27846846,-19.8618662,NT
BURRUM,135.96050848,-12.30938621,NT
ALATYEYE,134.2189783,-23.09731625,NT
ANKABADBIRRI,134.41973855,-12.25693617,NT
APER-ALWERRKNGE,133.87084832,-23.66832624,NT
ATNWENGERRPE,134.99411826,-21.86954626,NT
BANATJARL,132.6514086,-14.47666615,NT
GIINDA,132.56967862,-12.86447614,NT
RED SANDHILL,132.85279841,-24.00971623,NT
ROBINSON RIVER,136.98057771,-16.75972239,NT
ROCKHOLE,132.18633862,-14.51933615,NT
NABBARLA KUNINDABBA,134.40225855,-12.06123617,NT
RORRUWUY,136.29564847,-12.20290622,NT
RURRANGALA,136.25382845,-12.90423622,NT
RUTJINGKA,132.81527842,-23.91579623,NT
SABINA,129.93195875,-13.86028613,NT
SALTBUSH BORE,133.92169033,-23.16368824,NT
TURNER'S CAMP,134.06937831,-23.30512625,NT
SANDRIDGE,136.34854834,-16.04182625,NT
SANDY BAY,132.58027865,-11.20717613,NT
GUNYANGARA,136.70600845,-12.21598623,NT
SNAKE WELL,133.91529999,-23.15944512,NT
BARRAPUNTA,134.85057851,-13.15656619,NT
GALIWINKU,135.5664085,-12.0234862,NT
KUWUMA,130.36991873,-13.59803613,NT
LILLA,131.60327854,-24.29726621,NT
GATJI,134.82029853,-12.27304618,NT
GITAN,135.7818385,-11.9116762,NT
NANGU,129.37335878,-14.37312613,NT
GARAWA 2,136.31891111,-16.07388902,NT
GUMERAGI,132.16470866,-11.16878612,NT
HAASTS BLUFF,131.88129852,-23.44731621,NT
ILPIYE-ILPIYE,133.90698832,-23.69991625,NT
INNGIRNATJ,132.58616964,-11.35347713,NT
IRKLANCHA ATWACHA,133.90520832,-23.69408625,NT
KABULWARNAMYO,133.84472856,-12.76484616,NT
KAPORILYA,132.72029843,-23.93971623,NT
KEWULYI,134.00927851,-14.92697618,NT
KULALUK,130.84890871,-12.39277612,NT
DAMDAM,134.64529854,-12.16554617,NT
DHAMIYAKA,135.85557791,-12.65638898,NT
DHURUPUTJPI,136.17662744,-13.05476622,NT
PINE HILL,133.05366843,-22.37947622,NT
PUNGALINDUM,134.68879828,-22.07059625,NT
RAILWAY DAM,130.84390871,-12.45402612,NT
MARRAYA,135.80099844,-13.83937622,NT
MANTAPAYIKA,130.22561867,-25.47456621,NT
MARLA MARLA,134.17900839,-19.65498622,NT
MERREPEN,129.96735875,-14.22126613,NT
MILIBUNTHURRA,136.42333834,-15.96229625,NT
MOMOB,134.26915853,-13.35691617,NT
MOTNA'S,132.76946675,-23.94972234,NT
MOUNT EAGLEBEAK,135.19890821,-22.95638627,NT
MULGGAN,133.07391133,-14.92002782,NT
MUNJI-MARLA,134.18280005,-19.64763899,NT
NATJITNAMA,132.9811284,-24.02110623,NT
NGILIPITJI,135.52562846,-13.54466621,NT
WURRUMIYANGA,130.63747872,-11.75829211,NT
NJUDDA,134.24773356,-11.98807616,NT
PARNTA,130.65104868,-18.68436616,NT
PENYEME,135.67273817,-22.78723528,NT
TARACUMBI,130.71131872,-11.60804611,NT
TIMOR SPRINGS,132.57399865,-11.09663613,NT
TNERTE,133.72011833,-23.74713624,NT
TYWENPE A,133.72928833,-23.72632624,NT
PUTA PUTA,129.64045874,-25.0734362,NT
URLAMPE,137.74252799,-22.49315635,NT
WALKALBA,131.81991855,-22.1624762,NT
WANMARRI,135.22691845,-14.45399621,NT
WATARU,129.0593688,-24.8585662,NT
WEST WATERHOUSE,133.11339839,-23.99571623,NT
WOOLIANA,130.64275871,-13.67481913,NT
WERRE-THERRE,133.63473835,-23.54263624,NT
10 MILE OUTSTATION,132.37658849,-22.46665321,NT
ALHARRGAN,136.05261843,-13.67505622,NT
SOAKAGE BORE,134.78721828,-22.02620625,NT
SPIRIT HILL STATION,129.0215468,-15.44105114,NT
SPOTTED TIGER,134.91761823,-23.04306626,NT
SEVEN EMU STATION,137.13978128,-16.32665428,NT
TABLE HILL,134.00904857,-12.20642616,NT
BULLITA,130.42579671,-16.11653014,NT
BOOMERANG LAGOON,135.03925846,-14.4505962,NT
ELLIOTT SOUTH CAMP,133.55746848,-17.56216619,NT
FITZROY STATION,130.93431868,-15.56296614,NT
GALINGAR,135.45001849,-12.7527762,NT
KYBROOK FARM,131.82196865,-13.86314614,NT
LIJA MUKUMPARLA,135.08074838,-17.33206622,NT
GAWA,135.9048585,-11.7603062,NT
GIMBAT,132.60772861,-13.57852615,NT
GOOLMINYINI,136.09751835,-16.15827624,NT
KAKODBABULDI,134.15780022,-12.40777782,NT
GURKAWUY,136.50362843,-12.97614623,NT
ILLEUWURRU,134.39411832,-21.60911624,NT
INDARINGINYA,134.71992829,-21.67705625,NT
YATEMAN'S BORE,131.61441854,-23.68620621,NT
KURIPPI,132.05316852,-22.1420962,NT
DUCK PONDS,131.27766863,-18.77375617,NT
PIRRULPAKALARINTJA,130.10000869,-25.31387521,NT
PUNJARRIJI,134.50807835,-20.31060623,NT
RAMINGINING,134.93001852,-12.32777618,NT
LILTJERA,132.63779844,-23.93638622,NT
MANINGRIDA,134.22363356,-12.05083338,NT
MARLWON,133.86307858,-12.13451616,NT
MEWIRNBI,134.76806854,-12.12527618,NT
MARRKALAWA,135.71310845,-13.57421621,NT
MOUNT BARKLY,132.4411485,-21.6138962,NT
MUCKATY,133.89590844,-18.63929621,NT
MUNGURRUPA,129.73313874,-20.58479617,NT
NALIYINDI,135.17862851,-12.54193619,NT
NGUYARRAMINI,134.38577836,-20.08711623,NT
NULAWAN,134.93128846,-14.7872762,NT
PERTARRATENGE,133.31956836,-24.41324624,NT
TOMMYHAWK SWAMP,134.59273829,-22.19428625,NT
ULAMBARA,131.92748852,-23.27713621,NT
UNDOOLYA BORE,134.11762829,-23.74760625,NT
WALLACE ROCKHOLE,133.08630839,-24.12448623,NT
WANMARRA,131.80347552,-24.38839222,NT
WIITIN,134.23657783,-19.54491677,NT
WONMURRI,136.86085831,-16.05148627,NT
WURRKLENI,131.49888465,-15.50067215,NT
WURLBU,136.28415834,-16.07462625,NT
YINYIRIPALANGU,130.20558869,-22.21044619,NT
YUMURRPA,130.78047865,-21.62725619,NT
RITTARANGU,134.56526848,-14.71009619,NT
SANTA TERESA,134.37330826,-24.13068626,NT
YAYMINYI,134.35700134,-12.79024747,NT
YUENDUMU,131.79529855,-22.2538762,NT
RODNA,132.67042844,-23.76211622,NT
SPRING CREEK,136.49706631,-16.55840926,NT
TAKAPIMILIYI,130.80161872,-11.81526611,NT
CAMEL CAMP,134.55242829,-22.27179625,NT
ALKNGARRIINTJA,132.46233846,-23.95600622,NT
AMUNDURNGUA,131.42343857,-23.2714162,NT
ANNINGE,133.14445843,-21.83471622,NT
ARKANTA,132.81995841,-24.52146623,NT
BARUNGA,132.86668858,-14.52360616,NT
BEER ST BORE,134.5256582,-25.58295627,NT
BLACK ROCK LANDING,136.51062033,-15.92052525,NT
BODIA,134.89628853,-12.07686618,NT
BUDJANGA,136.76818831,-16.17943626,NT
BUNDATHARRI,134.84672853,-12.23566618,NT
ELSEY STATION,133.33230855,-14.95718617,NT
BUNI-INWUNBULUK,132.82554863,-11.40611613,NT
ALCOOTA STATION,134.45011829,-22.82084625,NT
ALI CURUNG,134.40694834,-21.00332024,NT
10 MILE,134.75934832,-20.40626624,NT
IBIS,145.06492634,-23.08159317,QLD
SUNNYSIDE,149.09980906,-21.36810488,QLD
ERNESTINA,143.94697443,-23.72095949,QLD
EVORA,145.54068838,-24.04381896,QLD
HOBARTVILLE,146.38066406,-23.35593551,QLD
MANEROO,143.70186438,-23.50323871,QLD
GARFIELD,145.97478828,-23.25829911,QLD
GLADSTONE HARBOUR ISLANDS,151.32097069,-23.80907125,QLD
PRESTON,151.97120507,-27.66004633,QLD
LOCKHART,143.57794308,-13.18189856,QLD
CITY,153.02611603,-27.46776745,QLD
THE CAPE,145.16382891,-20.45901305,QLD
THE GEMFIELDS,147.79693345,-23.53014259,QLD
MORELLA,143.85525259,-22.99803761,QLD
UPPER CORNISH CREEK,145.2649307,-22.21416442,QLD
UNNAMED LOCALITY,152.82994712,-25.22049657,QLD
WOOROONOORAN,145.80116539,-17.3812061,QLD
ARGOON,150.44532297,-24.22089327,QLD
GREEN ISLAND,145.97439234,-16.75896247,QLD
BULLAWARRA,143.33656099,-27.99364803,QLD
CANNON CREEK,152.72932211,-28.0787082,QLD
GREENMOUNT,151.89129349,-27.77679908,QLD
SCRUBBY CREEK,145.73910461,-25.56805626,QLD
CRIMEA,146.67131969,-19.77238166,QLD
DYNEVOR,144.13341921,-28.29584798,QLD
MUD ISLAND,153.25020149,-27.33647608,QLD
MISTAKE CREEK,146.90612294,-22.76218499,QLD
TABLEDERRY,144.51064715,-22.39470312,QLD
NARBETHONG,145.62632839,-23.80875671,QLD
RED HILL,150.64497155,-26.64399716,QLD
PORT WINE,147.05965472,-23.8460501,QLD
HOME CREEK,145.23713008,-23.98376953,QLD
GOODGER,151.82364364,-26.65848833,QLD
GOOROOLBA,151.80121248,-25.51886098,QLD
EGYPT,152.1007541,-27.67711509,QLD
O'BIL BIL,151.25362794,-25.52629085,QLD
MOWBRAY,145.48948083,-16.59724303,QLD
BLANTYRE,152.68121223,-27.90136295,QLD
TRUNDING,141.87452741,-12.6350814,QLD
SUNNY NOOK,151.88721003,-26.11517582,QLD
PILE GULLY,151.48751086,-25.75691728,QLD
WOODMILLAR,151.57857095,-25.67887592,QLD
AMIENS,151.81264088,-28.60156808,QLD
PRINCE OF WALES,142.19104518,-10.71405973,QLD
CROSSDALE,152.57737076,-27.14910854,QLD
WALMUL,150.36685135,-23.71924694,QLD
BAREE,150.38980507,-23.61966768,QLD
AUBIGNY,151.66509113,-27.50891115,QLD
AVENELL HEIGHTS,152.36774015,-24.88959256,QLD
MOUNT LARCOM,151.00858719,-23.76140401,QLD
PIONEERS REST,152.56780593,-25.66531512,QLD
RITA ISLAND,147.54245314,-19.63648386,QLD
BON ACCORD,151.66413185,-25.57746434,QLD
LARAPINTA,153.00947677,-27.64158644,QLD
PINE CREEK,152.16493398,-25.02887875,QLD
WORONGARY,153.33740746,-28.04074515,QLD
TEEBAR,152.20487717,-25.66418838,QLD
CAMPBELL CREEK,151.70773768,-25.66615267,QLD
COBBS HILL,151.90932004,-26.05442652,QLD
DUMBLETON,149.07756043,-21.13195912,QLD
PINE HILL,147.10532852,-23.50602798,QLD
DRUMMONDSLOPE,146.56764605,-24.07833082,QLD
HERVEY BAY,152.83000633,-25.22048741,QLD
VERGEMONT,143.19197565,-23.5521476,QLD
ASCOT,151.998526,-27.82684587,QLD
UPLAND,145.6184165,-22.62114208,QLD
DUNROBIN,146.09948037,-22.77103238,QLD
INGBERRY,145.46356007,-23.24623989,QLD
SMOKY CREEK,150.35432319,-24.08936176,QLD
PATRICK,145.28196774,-23.75517011,QLD
ASCOT,151.9968243,-27.8252754,QLD
MOTLEY,151.61183229,-27.54255439,QLD
ASHWELL,152.55652964,-27.62536692,QLD
BELVEDERE,145.9891622,-17.52514612,QLD
MOONDOONER,152.02085259,-26.24333046,QLD
NAHRUNDA,152.61916987,-26.20609397,QLD
ALLINGHAM,146.30000753,-18.68331679,QLD
RUNNING CREEK,152.90656727,-28.28255172,QLD
JINDALEE,152.93820814,-27.53397689,QLD
LYONS,152.86491072,-27.77265291,QLD
BROOWEENA,152.25792804,-25.57602965,QLD
NUDGEE BEACH,153.09605847,-27.34927441,QLD
GARBUTT,146.76634187,-19.25871219,QLD
CARPENDALE,152.15252107,-27.58700655,QLD
TIN CAN BAY,152.94940288,-25.88008712,QLD
SANDSTONE POINT,153.1348613,-27.07721212,QLD
FASSIFERN VALLEY,152.60697844,-27.97187462,QLD
MALU,151.58601504,-27.31468635,QLD
KALBAR,152.61224946,-27.93774993,QLD
SIMMIE,148.61175907,-25.73478696,QLD
BARLIL,151.88769096,-26.20256844,QLD
DEVON PARK,151.68093809,-27.37073617,QLD
WIDGEE CROSSING NORTH,152.62089465,-26.18516522,QLD
AITKENVALE,146.76969101,-19.29952138,QLD
WIVENHOE POCKET,152.61716182,-27.4341521,QLD
FAIRYLAND,150.9334382,-26.52198017,QLD
YARGULLEN,151.59780446,-27.48101264,QLD
NANUM,141.8603545,-12.64196598,QLD
MORGAN PARK,152.0430177,-28.26058344,QLD
BLACKSWAMP,150.52823608,-26.56584956,QLD
PLAINLAND,152.41911052,-27.57814568,QLD
MICA CREEK,139.49235906,-20.76418458,QLD
CHRISTMAS CREEK,152.99109451,-28.17933821,QLD
ANNANDALE,146.78758158,-19.31112485,QLD
BOOMPA,152.107069,-25.66470237,QLD
MOUNT STANLEY,152.20176121,-26.58603284,QLD
MURRUMBA,152.46234538,-27.20409643,QLD
SOUTH MACKAY,149.18173125,-21.16525394,QLD
THURSDAY ISLAND,142.2181003,-10.58060346,QLD
PORT DOUGLAS,145.46600245,-16.50005519,QLD
RED HILL,150.64484925,-26.64376786,QLD
OAKEY CREEK,150.3140427,-23.72883581,QLD
MACHANS BEACH,145.74983401,-16.85538857,QLD
GIRRAWEEN,151.96527025,-28.85044759,QLD
MOUNT BARNEY,152.70962244,-28.2806816,QLD
BLUEWATER PARK,146.48442589,-19.19426565,QLD
O'CONNELL,151.27063427,-23.92756872,QLD
MOUNT GIPPS,153.00715232,-28.32237739,QLD
HIGHBURY,142.89718196,-16.30541448,QLD
MOUNT FRENCH,152.62509031,-27.99939031,QLD
WOODBINE,152.20326615,-27.77565813,QLD
ALVA,147.4390298,-19.44916187,QLD
SPRINGBROOK,153.2757656,-28.18758191,QLD
ELLINJAA,145.66417055,-17.50797398,QLD
MAAROOM,152.86649075,-25.5873251,QLD
YULEBA NORTH,149.46393394,-26.45604348,QLD
CANNINDAH,151.21462228,-24.87490628,QLD
THE FALLS,152.38367369,-28.31601117,QLD
TAROOM,149.86807262,-25.67972953,QLD
EAST MACKAY,149.19966464,-21.15194408,QLD
RANGEWOOD,146.62769795,-19.30057702,QLD
WURA,150.33214639,-23.78830971,QLD
MOUNT PLUTO,148.4206033,-20.30104079,QLD
YEPPOON,150.74825476,-23.12208819,QLD
THORNVILLE,151.82983063,-27.07428596,QLD
NORMANTON,140.89851656,-17.87775118,QLD
MCINTOSH CREEK,152.64064753,-26.26151525,QLD
STANMORE,152.79382439,-26.88700703,QLD
ST HELENS,152.70455076,-25.48565602,QLD
GLASS HOUSE MOUNTAINS,152.93782276,-26.90522009,QLD
NORTH MACLEAN,152.9965964,-27.76706687,QLD
COOROIBAH,153.00341848,-26.35239076,QLD
DURACK,152.98614173,-27.58951086,QLD
TAROOMBALL,150.74785332,-23.17239131,QLD
DINGO,149.25688519,-23.6059485,QLD
BIRNAM,151.92565344,-27.49320976,QLD
WALLAROO,149.52217972,-23.66103683,QLD
CAPE TRIBULATION,145.42929642,-16.0527513,QLD
GRIFFIN,153.04113127,-27.27074815,QLD
BRAEMEADOWS,146.26674091,-18.64762663,QLD
TANBY,150.73940832,-23.22032678,QLD
BRACALBA,152.83539092,-27.0043358,QLD
WHITFIELD,145.73335273,-16.89507804,QLD
COOMOO,149.51650077,-23.83808972,QLD
WHARPS,146.06271738,-18.72924447,QLD
ANSTEAD,152.8616191,-27.53780638,QLD
EUMUNDI,152.95776139,-26.46600485,QLD
BUNBURRA,152.68586759,-28.05863133,QLD
BUNYA,152.94336115,-27.36928522,QLD
BEATRICE,145.58106964,-17.55693431,QLD
VERNOR,152.61819193,-27.46758046,QLD
MARYBOROUGH,152.69706815,-25.52325151,QLD
BURGOWAN,152.66250059,-25.3595839,QLD
COOEE BAY,150.76376076,-23.14451419,QLD
INVERNESS,150.72312727,-23.11582652,QLD
ANDERGROVE,149.18590465,-21.09514185,QLD
NORTH MACKAY,149.18311144,-21.12012232,QLD
BELLS CREEK,153.0761477,-26.82995379,QLD
CABOOLTURE SOUTH,152.9487582,-27.09383923,QLD
BILOELA,150.51596698,-24.39750594,QLD
ROYSTON,152.65477925,-26.92273992,QLD
WERANGA,150.75351584,-27.2631001,QLD
STOKES,140.48291354,-18.66791278,QLD
TALWOOD,149.3415024,-28.45851677,QLD
CAWDOR,151.90765931,-27.46165402,QLD
MANTUAN DOWNS,147.02300124,-24.52256805,QLD
HOMESTEAD,145.58809635,-20.37251186,QLD
OAKWOOD,152.29587412,-24.85042801,QLD
KARANA DOWNS,152.81901695,-27.54219132,QLD
BLACK RIVER,146.59819858,-19.26204935,QLD
TYRCONNEL,147.53755757,-26.26324067,QLD
FORESTHOME,146.20481843,-18.61090461,QLD
KIOMA,149.78046705,-28.21944542,QLD
UPPER STONE,145.96673964,-18.79297009,QLD
STONY CREEK,152.70783802,-26.91540213,QLD
CRAIGLIE,145.46718548,-16.53340785,QLD
SINNAMON PARK,152.94924688,-27.54387441,QLD
BARLOWS HILL,150.74197764,-23.10792231,QLD
COULSON,152.73926177,-27.96244546,QLD
AYR,147.40658598,-19.56850603,QLD
LONESOME CREEK,150.11664424,-24.90487488,QLD
SAMFORD VILLAGE,152.88495122,-27.37338372,QLD
CAMPBELLS POCKET,152.80564256,-27.07818415,QLD
KEWARRA BEACH,145.67750231,-16.78715254,QLD
SAMFORD VALLEY,152.86905153,-27.3676478,QLD
WISHART,153.10120486,-27.55502854,QLD
CANNONVALE,148.69041919,-20.28340844,QLD
CARINA,153.09900569,-27.48777831,QLD
TALLEGALLA,152.55237404,-27.58944366,QLD
WOOLLOONGABBA,153.03685546,-27.49292476,QLD
LIMEVALE,151.17922971,-28.73755,QLD
TAKURA,152.70507831,-25.30831355,QLD
KIANGA,150.02542323,-24.69085515,QLD
HELENS HILL,146.12679786,-18.78910767,QLD
CAMPASPE,146.03517623,-20.60263487,QLD
AEROGLEN,145.76242219,-16.87645869,QLD
SOUTH MACLEAN,152.99313336,-27.79565108,QLD
TEXAS,151.19177386,-28.84393131,QLD
CLIFTON BEACH,145.67041972,-16.76876616,QLD
DAKENBA,150.50548686,-24.34232398,QLD
WATSONVILLE,145.32479128,-17.31528982,QLD
BOONAH,152.69059968,-27.99265773,QLD
RICHMOND,143.23680254,-20.76209078,QLD
CASSOWARY,145.42429065,-16.52416625,QLD
DECEPTION BAY,153.01606659,-27.18289863,QLD
PELICAN WATERS,153.1008032,-26.83226124,QLD
VICTORIA PLANTATION,146.20648424,-18.64282127,QLD
MONARCH GLEN,152.91774894,-27.81394533,QLD
ASHGROVE,152.98399156,-27.44309666,QLD
WOONDUM,152.72614887,-26.25250763,QLD
MANSFIELD,153.10420337,-27.53552739,QLD
HAY POINT,149.27271329,-21.29657276,QLD
CAPE CONWAY,148.781867,-20.39713408,QLD
SILVERBARK RIDGE,152.92569138,-27.78910902,QLD
BUNGALOW,145.75691642,-16.93728241,QLD
MOUNT FOX,145.85734256,-18.82109937,QLD
NEARUM,151.80930929,-25.07085521,QLD
WOOLOOWIN,153.04219967,-27.41935677,QLD
GREENBANK,152.95987266,-27.70106466,QLD
CLAYFIELD,153.05413559,-27.41934169,QLD
THABEBAN,152.35853616,-24.90746278,QLD
HAZELDEAN,152.54039501,-27.03182313,QLD
ADELAIDE PARK,150.69569476,-23.09677249,QLD
DOWS CREEK,148.76551336,-21.0996017,QLD
NORTH LAKES,153.01383191,-27.22195373,QLD
IRVINEBANK,145.1044019,-17.44356771,QLD
EVELYN,145.49389458,-17.51406132,QLD
STRATFORD,145.73110576,-16.87831344,QLD
STAFFORD HEIGHTS,153.00896975,-27.39745065,QLD
DULACCA,149.76666997,-26.70281876,QLD
WONBAH FOREST,151.61035305,-24.98919699,QLD
GLENMORAL,149.88215409,-24.97511714,QLD
RAVENSHOE,145.50266659,-17.61693599,QLD
SCRUB CREEK,152.42651198,-27.02106555,QLD
STONEHENGE,142.70220121,-24.25035538,QLD
NORVILLE,152.34373655,-24.89282386,QLD
CRANBROOK,146.75280938,-19.30554367,QLD
WYNNUM,153.16913394,-27.43806614,QLD
BAMBAROO,146.18449182,-18.88504755,QLD
OBERINA,148.88756193,-27.01707874,QLD
WALLUMBILLA SOUTH,149.1594769,-26.75689728,QLD
PRESTON,148.65756613,-20.39362364,QLD
PETFORD,144.89712331,-17.39270554,QLD
MOREGATTA,145.58582735,-17.49192647,QLD
MOUNT CROSBY,152.80911264,-27.52430231,QLD
BLOOMFIELD,145.26355737,-15.99854121,QLD
SMITHLEA,151.07736548,-28.796756,QLD
PIONEER,139.50809777,-20.7203097,QLD
PEACHESTER,152.86884003,-26.84014945,QLD
IREDALE,152.10587916,-27.58120133,QLD
HERVEY RANGE,146.47739774,-19.45529383,QLD
COMO,152.98727197,-26.20055086,QLD
MOUNT GRAVATT EAST,153.08719269,-27.52996804,QLD
THE GAP,152.94148564,-27.44554055,QLD
CORAL SEA,148.45779326,-20.01788497,QLD
BARINGA,153.0785351,-26.80990854,QLD
SHOALWATER,150.48041073,-22.54557033,QLD
BRIGHTLY,148.89488343,-21.26737263,QLD
WOODSTOCK,146.87801683,-19.64316891,QLD
MINBUN,145.5463959,-17.47872833,QLD
PARRAMATTA PARK,145.76398195,-16.92310296,QLD
MINGELA,146.66229365,-19.85624872,QLD
PARKLANDS,152.97927963,-26.59564234,QLD
PARK RIDGE SOUTH,153.03942173,-27.7274316,QLD
FLAGSTONE CREEK,152.09917601,-27.63050717,QLD
TANDUR,152.76057084,-26.28027718,QLD
COMMISSIONERS FLAT,152.84263348,-26.87212351,QLD
MOLANGUL,151.52453106,-24.77482988,QLD
WOODFORD,152.80240333,-26.94600169,QLD
LAMMERMOOR,150.76837676,-23.16155719,QLD
BUNGIL,148.77435604,-26.6526465,QLD
BALLAROO,148.55936559,-27.15432717,QLD
BARMARYEE,150.69575604,-23.13714257,QLD
MARMADUA,150.71471062,-27.46235086,QLD
AVOCA,152.30613768,-24.8812099,QLD
CALCIUM,146.78214847,-19.6637338,QLD
COOROOMAN,150.75068311,-23.27997147,QLD
CANAL CREEK,150.3939121,-22.93024283,QLD
MOOLOO,152.61395843,-26.30021921,QLD
NOORINDOO,149.22375627,-27.08331246,QLD
GLENVALE,151.89260416,-27.56641445,QLD
HERSTON,153.0219658,-27.44842446,QLD
STONES CORNER,153.04666909,-27.49941913,QLD
BROKEN RIVER,148.50751456,-21.16643614,QLD
DEGARRA,145.3422837,-15.94340303,QLD
BRIGHTON,153.05715841,-27.29620518,QLD
NEW MOONTA,151.72269242,-25.02039434,QLD
DERRYMORE,152.06191001,-27.5855898,QLD
WEST ROCKHAMPTON,150.48008538,-23.38305251,QLD
FLAGSTONE,152.94825004,-27.81020517,QLD
WOOLGAR,143.44282742,-19.97436095,QLD
PINK LILY,150.46142289,-23.35259053,QLD
PRIESTDALE,153.16395565,-27.60724341,QLD
GOWRIE JUNCTION,151.88009505,-27.4929561,QLD
EUNGELLA,148.48196412,-21.12404061,QLD
WATTLE RIDGE,150.98027144,-28.00206995,QLD
NORTH BUNGUNYA,149.52781036,-28.17711731,QLD
YURUGA,146.12527646,-18.86109131,QLD
GARRAWALT,145.84056731,-18.51732895,QLD
MCDOWALL,152.99218134,-27.3815517,QLD
FAIRNEY VIEW,152.65064052,-27.48475301,QLD
SANDGATE,153.06487372,-27.31687545,QLD
CARINA HEIGHTS,153.09109759,-27.50743373,QLD
MURRUMBA DOWNS,153.01056617,-27.26760428,QLD
MINDEN,152.54606295,-27.54789766,QLD
TINGUN,148.88061615,-26.79478984,QLD
MOUNT GARNET,145.06848763,-17.65868447,QLD
ISLA,150.03706858,-25.14429529,QLD
HOLLOWAYS BEACH,145.73391663,-16.84042329,QLD
BUNGUNYA,149.66713222,-28.4354181,QLD
PIE CREEK,152.61238818,-26.23121667,QLD
DUGANDAN,152.67312351,-28.01909087,QLD
MULGRAVE,147.04172207,-19.95880372,QLD
EMU PARK,150.81655573,-23.24818686,QLD
BOOLBOONDA,151.68475453,-25.05736599,QLD
BRANDON,147.35366004,-19.54350254,QLD
WUTUL,151.79523124,-27.02688931,QLD
JACKSON SOUTH,149.56333734,-26.72781592,QLD
PALUMA,146.01077723,-19.11824801,QLD
SILVER VALLEY,145.26428258,-17.54548097,QLD
RUNCORN,153.0765498,-27.59792824,QLD
MACKENZIE,153.12871468,-27.54039213,QLD
FAIRY BOWER,150.46547937,-23.40523721,QLD
JACKSON,149.63275316,-26.64454561,QLD
MUNDERRA,144.8818753,-17.64626808,QLD
MOUNT CHARLTON,148.74159819,-21.00593471,QLD
JAMBOREE HEIGHTS,152.93407161,-27.55628748,QLD
DAISY HILL,153.15777777,-27.63019946,QLD
CREDITON,148.56290079,-21.2641363,QLD
EERWAH VALE,152.91220579,-26.47567151,QLD
DARRA,152.95247486,-27.56830949,QLD
CLARAVILLE,141.72666262,-18.56417029,QLD
SUMNER,152.93334178,-27.56548279,QLD
MUNRUBEN,153.0313626,-27.74655995,QLD
INALA,152.9712121,-27.59454362,QLD
MOUNT URAH,152.41051641,-25.81027206,QLD
GINOONDAN,151.77205139,-25.60244491,QLD
GLEN EDEN,151.26751477,-23.90270798,QLD
GLEN ECHO,152.39647435,-25.91330018,QLD
WEENGALLON,149.09889955,-28.36019046,QLD
RED HILL,150.64497155,-26.64399716,QLD
GRANT,145.66474403,-23.58558546,QLD
ROSSLYN,150.79001975,-23.1722582,QLD
WINSTON,139.49771074,-20.7100219,QLD
POONA,152.90981457,-25.71579677,QLD
TALLAI,153.32628316,-28.06425687,QLD
ELLESMERE,151.74179191,-26.75063442,QLD
REDGATE,152.03662578,-26.27884657,QLD
EVANS LANDING,141.85261844,-12.66228105,QLD
NO 6 BRANCH,145.95016062,-17.59489843,QLD
WILSON VALLEY,151.85100832,-25.55311241,QLD
YANDINA,152.95734473,-26.56466571,QLD
PATRICK ESTATE,152.58193617,-27.41846765,QLD
LINVILLE,152.24900772,-26.82203141,QLD
MOFFATDALE,152.02103113,-26.3146681,QLD
WALLIGAN,152.7657852,-25.3375985,QLD
KAWL KAWL,151.72379245,-26.18456897,QLD
NOBBY,151.8927651,-27.84092647,QLD
MOUNT ENNISKILLEN,146.05599046,-24.67127549,QLD
KULPI,151.69464647,-27.18122698,QLD
NANGWEE,151.29857307,-27.52866799,QLD
KYOOMBA,151.9851696,-28.69488762,QLD
ELLIOTT HEADS,152.47642764,-24.90929986,QLD
RAWBELLE,150.72126622,-24.97649572,QLD
GULUGUBA,150.090492,-26.25948078,QLD
MARTYVILLE,146.03843165,-17.61468682,QLD
SUNDOWN,146.02403012,-17.49788908,QLD
QUNABA,152.42719428,-24.82984971,QLD
WURTULLA,153.12813116,-26.75650936,QLD
RYWUNG,150.48229061,-26.71959283,QLD
WEBB,146.05169259,-17.53028017,QLD
MUNDOO,146.01760367,-17.55861246,QLD
KIDAMAN CREEK,152.77109787,-26.64613855,QLD
MAROONDAN,152.01287877,-24.9646303,QLD
CROWNTHORPE,151.93966097,-26.10586316,QLD
SPREADBOROUGH,139.4983162,-20.76524025,QLD
BLAIRMORE,151.90351615,-25.80190231,QLD
WINDEYER,146.40302623,-24.56703939,QLD
IRONGATE,151.51666567,-27.63209933,QLD
NEWSTEAD,153.04497036,-27.44762502,QLD
MORWINCHA,152.57991464,-27.97013572,QLD
MAROON,152.68922316,-28.19050321,QLD
ELPHINSTONE,151.89246982,-27.98293321,QLD
DUNDATHU,152.72310178,-25.46751803,QLD
MP CREEK,151.7239501,-26.2873091,QLD
COOLOOLABIN,152.89949747,-26.53925372,QLD
BURLEIGH WATERS,153.43220909,-28.08731867,QLD
WATTLE GROVE,151.67008261,-26.56532913,QLD
RUNNYMEDE,152.08008211,-26.55692971,QLD
SILVERLEAF,151.80261785,-26.17619298,QLD
BENAIR,151.69513795,-26.62798163,QLD
MANNUEM,151.58942923,-26.62872501,QLD
MURRAYS BRIDGE,152.11630846,-28.30861396,QLD
BANGALL,144.00914287,-22.42025101,QLD
SUNDOWN,151.66116174,-28.85674811,QLD
WOOROONOORAN,145.77939892,-17.55042505,QLD
HAMMOND ISLAND,142.2141883,-10.54571646,QLD
IRONPOT,150.60147409,-23.26167789,QLD
MOUNT ARCHER,150.58181013,-23.32599228,QLD
GALILEE,145.81917138,-22.31918993,QLD
CORNISH CREEK,144.77798212,-22.44889837,QLD
SEDGEFORD,146.8205027,-23.98192285,QLD
SUNDOWN,151.66103708,-28.85666611,QLD
BARCALDINE DOWNS,144.97884372,-23.80183438,QLD
SUNDOWN,151.67167502,-28.85314055,QLD
GILBERTON,143.69222679,-19.27846303,QLD
MEXICO,146.19584437,-23.86711169,QLD
NOCKATUNGA,142.62800748,-27.76080073,QLD
SCRUBBY CREEK,145.72047445,-25.54833271,QLD
SARDINE,144.79043172,-22.85675633,QLD
LISSNER,146.25816589,-20.07753084,QLD
TARA STATION,144.9429144,-23.52899278,QLD
TOCAL,143.66480167,-23.94402098,QLD
SEAFORTH,148.92470769,-20.92661046,QLD
ALICE RIVER,146.62023207,-19.34554579,QLD
SHELLY BEACH,146.7532812,-19.18459362,QLD
BIRKALLA,145.95159733,-17.91396374,QLD
BRAEMORE,152.38262275,-27.03872969,QLD
MOLENDINAR,153.36068348,-27.97400327,QLD
BULLYARD,152.04358475,-24.94523579,QLD
HEATLEY,146.75357029,-19.29035041,QLD
DANGORE,151.58193275,-26.4741374,QLD
FAIRDALE,151.76751468,-26.26944038,QLD
MALARGA,152.11562067,-25.79587207,QLD
KEPNOCK,152.37600345,-24.87551094,QLD
WURDONG HEIGHTS,151.2861695,-23.96887318,QLD
NORMAN GARDENS,150.53531842,-23.32530338,QLD
FOXDALE,148.50591013,-20.3410015,QLD
DOUGHBOY,151.83319427,-25.13884946,QLD
CLIFFORD,149.39329401,-26.15308134,QLD
PILERWA,152.56391592,-25.6050076,QLD
PRINCE HENRY HEIGHTS,151.99488631,-27.55294277,QLD
WENGENVILLE,151.68052267,-26.8209679,QLD
WOOLEIN,150.16786135,-24.2558043,QLD
RACECOURSE,149.13689383,-21.1642699,QLD
SCRUBBY MOUNTAIN,151.59323971,-27.76975115,QLD
ROCKHAMPTON CITY,150.51000857,-23.37898476,QLD
GREENVIEW,151.80101523,-26.31034085,QLD
PAULS POCKET,148.4183088,-20.47917345,QLD
KITOBA,151.86273671,-26.05789682,QLD
MOUNT MOLAR,151.84689859,-27.89609719,QLD
WINDERA,151.80376913,-26.00937498,QLD
ROSENTHAL HEIGHTS,151.97054103,-28.25217454,QLD
TOOLBURRA,151.96491455,-28.1672439,QLD
LEMONTREE,151.29896893,-27.78821982,QLD
MULDU,151.68006179,-27.27248208,QLD
HOME HILL,147.41380887,-19.66094238,QLD
BONGAREE,153.16412117,-27.07980495,QLD
TAABINGA,151.82436942,-26.59294276,QLD
FARNSFIELD,152.29193581,-25.11246438,QLD
TANAH MERAH,153.17032075,-27.67168249,QLD
ROSELLA,149.14714749,-21.23905427,QLD
MOUNT MCEUEN,151.7174112,-26.23402883,QLD
TINANA SOUTH,152.66546321,-25.58940265,QLD
WANGARATTA,147.4577593,-19.83075233,QLD
WYANDRA,146.07249717,-27.27763313,QLD
STRUCK OIL,150.44746299,-23.61541669,QLD
UPPER DARADGEE,145.95643171,-17.51899566,QLD
CASTLE CREEK,150.32137021,-24.77487612,QLD
SANDY RIDGES,152.02759949,-26.51582167,QLD
KULUIN,153.05657063,-26.65772569,QLD
STOTERS HILL,145.97210079,-17.53664365,QLD
EDENS LANDING,153.1686024,-27.70288075,QLD
CARSTAIRS,147.45456215,-19.65105811,QLD
MELROSE,151.61745793,-26.27121398,QLD
GREENWOOD,151.74003672,-27.33565085,QLD
COOPERS PLAINS,153.03691459,-27.56613746,QLD
BAUPLE,152.61179768,-25.81532189,QLD
HARRIET,151.58293322,-25.74809077,QLD
MEMERAMBI,151.81698534,-26.46016929,QLD
MOUNT TYSON,151.56660163,-27.57436826,QLD
MALMOE,151.190769,-25.47725965,QLD
GOWRIE STATION,146.43170486,-26.15505562,QLD
MOUNT ST JOHN,146.74037983,-19.25216282,QLD
STONELEIGH,151.6257459,-27.65611152,QLD
DJIRU,146.07068865,-17.8531688,QLD
NORTH IPSWICH,152.76085697,-27.59396673,QLD
COMOON LOOP,146.03684941,-17.56385267,QLD
TUCKERANG,150.97670114,-26.79457093,QLD
ALDOGA,151.06107448,-23.83597702,QLD
MA MA CREEK,152.18035435,-27.63251886,QLD
WYCHIE,150.85833339,-26.7741519,QLD
WIDGEE CROSSING SOUTH,152.60868258,-26.19906461,QLD
BOONARA,152.01706584,-26.0741732,QLD
SURAT,149.06339483,-27.15392919,QLD
BARKER CREEK FLAT,151.9482302,-26.64814197,QLD
WOODLANDS,152.28390269,-27.60792181,QLD
MUNGAR,152.59217332,-25.60089934,QLD
RUSSELL ISLAND,153.38312343,-27.67050201,QLD
MOFFAT BEACH,153.1379295,-26.792602,QLD
FLYING FISH POINT,146.07674864,-17.49538476,QLD
CHELMSFORD,151.81693419,-26.2623925,QLD
BREADALBANE,148.60788909,-20.43574291,QLD
HODGLEIGH,151.93071487,-26.60998073,QLD
KEYSLAND,151.73798549,-26.21500472,QLD
MUNNA CREEK,152.45173119,-25.88005133,QLD
BULLCAMP,152.09589289,-26.61139769,QLD
BARLYNE,151.64337971,-25.73792783,QLD
RATHDOWNEY,152.80433255,-28.1945484,QLD
NUNDUBBERMERE,151.76119306,-28.72461029,QLD
FOREST SPRINGS,152.07694587,-27.99368028,QLD
BROOLOO,152.7062815,-26.51432009,QLD
SILKSTONE,152.78924392,-27.6223598,QLD
OBUM OBUM,152.65548513,-27.92004161,QLD
MOUNT LAWLESS,151.64180351,-25.54480088,QLD
WHICHELLO,151.99736454,-27.29500362,QLD
COOYA BEACH,145.40800476,-16.44431571,QLD
FLEURBAIX,151.91533432,-28.52775413,QLD
PUNCHS CREEK,151.39561226,-27.96740298,QLD
BLI BLI,153.03338387,-26.61091649,QLD
KINGS CREEK,151.90974798,-27.89880825,QLD
SPURGEON,145.05755285,-16.20910415,QLD
GOOTCHIE,152.57538289,-25.87664982,QLD
SILVERLEIGH,151.77699653,-27.32848226,QLD
PACIFIC HEIGHTS,150.73554793,-23.0984415,QLD
BIGGENDEN,151.99419062,-25.57199282,QLD
AVOCA VALE,152.24914098,-26.69658344,QLD
MOOLBOOLAMAN,151.82155987,-24.98820904,QLD
CUNNINGHAM,151.82032449,-28.1670754,QLD
THOMPSON POINT,150.83839731,-23.47217462,QLD
MURWEH,145.80630071,-26.94006811,QLD
WALLAVILLE,151.96269901,-25.08781029,QLD
WOODLEIGH,151.67556674,-27.08620336,QLD
TEVIOTVILLE,152.67818717,-27.9488401,QLD
MELAWONDI,152.65943804,-26.415714,QLD
TREBONNE,146.08012791,-18.64555359,QLD
WRATTENS FOREST,152.34495161,-26.30765178,QLD
FREDERICKSFIELD,147.40408337,-19.7420559,QLD
WEST END,146.79405909,-19.26535596,QLD
GOORGANGA PLAINS,148.65314403,-20.48502203,QLD
PALM ISLAND,146.6011115,-18.72231881,QLD
WATSONS CROSSING,151.32471565,-29.11078723,QLD
WALKERVALE,152.3588591,-24.88259745,QLD
FLETCHER,151.87048533,-28.77025509,QLD
GLENROCK,151.78121736,-26.08416309,QLD
OAKDALE,151.91242429,-26.19834709,QLD
SOUTHERN LAMINGTON,153.10094714,-28.30309886,QLD
HYDE PARK,146.79652829,-19.27679206,QLD
FOUR WAYS,140.49182391,-19.33946573,QLD
ILKLEY,152.99700065,-26.73156596,QLD
THE BLUFF,152.53257163,-27.61385866,QLD
BULLOO DOWNS,142.95484494,-28.58919444,QLD
PACIFIC HAVEN,152.55207444,-25.26559753,QLD
STORM KING,151.97967373,-28.72704005,QLD
CARRANDOTTA,138.38808074,-22.1212213,QLD
CATTLE CREEK,150.79903992,-27.67623708,QLD
DOUGLAS,146.7511275,-19.32526682,QLD
BALGOWAN,151.69429855,-27.25163891,QLD
FITZROY ISLAND,145.99453324,-16.93306325,QLD
STAATEN,142.91896169,-16.65208257,QLD
O'BRIENS HILL,145.98703797,-17.51455032,QLD
KINLEYMORE,151.65103628,-26.17958871,QLD
DALVEEN,151.93585738,-28.45105009,QLD
DURHAM,141.77276274,-27.29940573,QLD
WIYARRA,152.20991878,-28.27660511,QLD
TOOLOOA,151.26867665,-23.88356722,QLD
GILBERTON,143.69222679,-19.27846303,QLD
KELVINHAUGH,151.76078259,-27.38993948,QLD
MOUNT MORGAN,150.396607,-23.64355831,QLD
BOONARGA,150.72309366,-26.80751537,QLD
CATTLE CREEK,151.30144596,-25.45686029,QLD
NEW HARBOURLINE,146.06598902,-17.62123853,QLD
PACKERS CAMP,145.80191522,-17.02158407,QLD
MOUNT MULGRAVE,143.99073184,-16.27385315,QLD
MANOORA,145.73666274,-16.91704572,QLD
NORTHGATE,153.07349363,-27.3915387,QLD
ROBINA,153.39319116,-28.07077127,QLD
ST LUCIA,153.00443743,-27.49898463,QLD
COLLAROY,149.25347867,-22.07126474,QLD
CAFFEY,152.2107478,-27.69638929,QLD
GRANVILLE,152.73016726,-25.53879875,QLD
MOUNT NATHAN,153.26864359,-27.98274993,QLD
SUGARLOAF,152.03079195,-28.71016351,QLD
WARRA,150.94348777,-26.92157894,QLD
GARNERS BEACH,146.09892369,-17.81502782,QLD
REDHILL FARMS,151.95415628,-25.02621774,QLD
ASHFIELD,152.39617356,-24.87270426,QLD
LIMESTONE,150.4365598,-23.66254697,QLD
MOUNT PERRY,151.65538638,-25.18731515,QLD
UPPER COOMERA,153.28590136,-27.8768394,QLD
TIVOLI,152.77351524,-27.58668722,QLD
BROADBEACH WATERS,153.41492043,-28.02698353,QLD
FAIRYMEAD,152.3466528,-24.76831461,QLD
PERWILLOWEN,152.92384977,-26.6362026,QLD
HIGHLAND PARK,153.33205553,-28.01417062,QLD
COLUMBOOLA,150.32718194,-26.69044094,QLD
BELLEVUE,144.26355008,-16.63857637,QLD
DITTMER,148.4146699,-20.43053902,QLD
STOCKHAVEN,151.94959954,-25.71592346,QLD
BARELLAN POINT,152.84372844,-27.57199565,QLD
BAN BAN,151.81020803,-25.69392268,QLD
FASSIFERN,152.58937292,-27.95708297,QLD
TAUNTON,151.78583411,-24.41835981,QLD
WALKERS POINT,152.74605873,-25.50712989,QLD
THE PALMS,152.5848919,-26.18627784,QLD
MOONGAN,150.39913844,-23.60363441,QLD
ARUNDEL,153.36207656,-27.93869569,QLD
MOUNT COLLIERY,152.35457824,-28.26076525,QLD
MACKNADE,146.25092966,-18.5391099,QLD
ABERGOWRIE,145.9312261,-18.43818848,QLD
TRAVESTON,152.76364803,-26.32496962,QLD
RIVER RANCH,151.15613513,-23.97706186,QLD
GLENWOOD,152.63020403,-25.92994272,QLD
WETHERON,151.70750464,-25.50517073,QLD
MOUNT MACARTHUR,148.20624996,-22.89254055,QLD
THANES CREEK,151.67142149,-28.11516167,QLD
KULANGOOR,152.95236561,-26.58791121,QLD
DIAMOND VALLEY,152.93036198,-26.7555054,QLD
NORLEY,143.77619301,-27.68440336,QLD
RANGEMORE,151.67036485,-26.99844707,QLD
SUNNYSIDE,149.97004996,-27.08506503,QLD
SUNNYSIDE,149.09974614,-21.36807009,QLD
MOOMBRIA,144.99607503,-24.06239699,QLD
PELICAN CREEK,145.38876532,-22.86093619,QLD
ST HELENA ISLAND,153.23402725,-27.38774747,QLD
SURBITON,146.61807831,-23.13821754,QLD
GILBERTON,143.69222679,-19.27846303,QLD
GREENUP,151.29832259,-28.61849177,QLD
BRIBIE ISLAND NORTH,153.1129294,-26.90552358,QLD
WUNJUNGA,147.57676857,-19.77599881,QLD
MYRTLEVALE,148.55211694,-20.32926617,QLD
BATTERY HILL,153.1284813,-26.77891018,QLD
BIRTINYA,153.11476603,-26.74287021,QLD
WYREEMA,151.84330466,-27.65719183,QLD
GREYCLIFFE,150.2858472,-24.23703679,QLD
WATTLEBANK,150.47544334,-23.1235194,QLD
GREEN ISLAND,153.23463588,-27.42541892,QLD
CAMOOLA,144.35200735,-22.93538669,QLD
CHORREGON,143.62006533,-22.72827091,QLD
SALTERN CREEK,145.07980576,-23.35465299,QLD
BEAUFORT,146.881401,-23.45664087,QLD
ALBION,142.6049914,-21.32851491,QLD
WOOROONOORAN,145.80591445,-17.34429099,QLD
BUCHANAN,145.76751123,-21.44963427,QLD
WONGA,145.41729877,-16.33416471,QLD
MAREEBA,145.49633479,-17.03794327,QLD
GOONDI BEND,146.00898543,-17.51925042,QLD
SPRINGFIELD,152.91005968,-27.65252077,QLD
BYFIELD,150.64470435,-22.89382126,QLD
PRESTON,151.9714117,-27.65398709,QLD
TAMROOKUM CREEK,152.84512341,-28.16735257,QLD
COORPAROO,153.06153959,-27.49906951,QLD
ISIS RIVER,152.38906462,-25.26854575,QLD
NAMBOUR,152.9587296,-26.62366286,QLD
GLENELLA,149.13754134,-21.11288411,QLD
MOURA,149.93654657,-24.47692369,QLD
BRIDGES,152.93961261,-26.53461831,QLD
PIALBA,152.83270829,-25.27976775,QLD
WOODEND,152.75304178,-27.60552696,QLD
SOUTH TOOWOOMBA,151.95175368,-27.57590073,QLD
LANSDOWNE,146.16506169,-25.13027035,QLD
VERADILLA,152.1817146,-27.59832724,QLD
JELLINBAH,149.03724657,-23.27515466,QLD
MOUNT STUART,146.77182618,-19.3764133,QLD
D'AGUILAR,152.79999457,-26.98427776,QLD
GOOLBOO,146.03094879,-17.72213867,QLD
REDWOOD,151.98945333,-27.56599419,QLD
DARADGEE,146.00306947,-17.47706038,QLD
GARRADUNGA,146.0024274,-17.45748105,QLD
LOWER CRESSBROOK,152.48059439,-27.07928122,QLD
WILLOWVALE,152.02552947,-28.13496889,QLD
FRASER ISLAND,153.1427464,-25.25990852,QLD
NINDAROO,149.12804239,-21.06580198,QLD
AMBER,144.23856191,-17.72027721,QLD
GOONDI,146.00250517,-17.50485438,QLD
STOCKTON,146.02234664,-17.57673496,QLD
MIGHELL,146.02078704,-17.54158872,QLD
MIRRIWINNI,145.91896978,-17.38499388,QLD
HOWARD,152.54203233,-25.33170781,QLD
HAMPDEN,148.95522698,-21.08036296,QLD
ANTIGUA,152.59100636,-25.63400595,QLD
CAPELLA,148.02268852,-23.08340217,QLD
MERMAID BEACH,153.4366453,-28.04797872,QLD
SCRUBBY CREEK,145.72047123,-25.54833573,QLD
MUNGY,151.4484224,-25.25528193,QLD
EINASLEIGH,144.10920117,-18.6045593,QLD
SLADE POINT,149.21118522,-21.08150634,QLD
KELSEY CREEK,148.50655327,-20.43404108,QLD
COONDOO,152.9024065,-26.18954226,QLD
HIGHWORTH,152.92928112,-26.6162129,QLD
UPPER DAINTREE,145.29823478,-16.21248149,QLD
GLENVIEW,153.02115906,-26.76894559,QLD
LYNAM,146.48002697,-19.26087394,QLD
FIELDING,141.29005918,-18.8322007,QLD
KENILWORTH,152.64833318,-26.62433565,QLD
DEEP CREEK,151.47311587,-25.65577875,QLD
LOWER TENTHILL,152.23698039,-27.60378761,QLD
TOOBEAH,149.86988714,-28.41659466,QLD
GRANTHAM,152.1863528,-27.54146559,QLD
HALIFAX,146.31815444,-18.58357295,QLD
BLUEWATER,146.53456657,-19.16048287,QLD
WOOLMER,151.92027086,-27.44923618,QLD
WOODBURY,150.72151604,-22.98461479,QLD
TOOLARA FOREST,152.86115142,-26.00075298,QLD
KANIMBLA,145.72216983,-16.92167149,QLD
WINCHESTER,148.06829768,-22.28934595,QLD
WEIPA AIRPORT,141.92491243,-12.67955555,QLD
AUBURN,150.50814559,-25.99993364,QLD
MACHINE CREEK,150.93630901,-23.8334106,QLD
DUNDOWRAN,152.77361179,-25.29513319,QLD
THURINGOWA CENTRAL,146.7281689,-19.31312245,QLD
MUNBILLA,152.65284842,-27.88030876,QLD
CAMERON CORNER,141.64091939,-28.46248213,QLD
GRAPETREE,152.0967875,-27.32403165,QLD
SABINE,151.71426767,-27.35218368,QLD
KENMORE,152.93795301,-27.51653193,QLD
CARNEYS CREEK,152.5318479,-28.21084469,QLD
MANYUNG,152.01134643,-26.20876535,QLD
MOWBULLAN,151.60875289,-26.89908292,QLD
CAMPWIN BEACH,149.30827244,-21.37873124,QLD
MOUNT BEPPO,152.43063091,-27.1260351,QLD
DINMORE,152.83312008,-27.59650271,QLD
CHARLWOOD,152.57712817,-28.00799533,QLD
THE LIMITS,151.66373959,-25.67679113,QLD
WHEATLANDS,151.85234482,-26.22339344,QLD
WEST WOOMBYE,152.92483796,-26.66459365,QLD
WILDASH,152.06266004,-28.33632214,QLD
WILKESDALE,151.65995361,-26.35079324,QLD
WILSONTON,151.91657341,-27.54266795,QLD
GROOMSVILLE,151.96043553,-27.34202851,QLD
KUREELPA,152.898499,-26.60919273,QLD
MIDGEREE BAR,146.07286484,-17.80604865,QLD
CALAVOS,152.43616801,-24.93461407,QLD
DANDEROO,152.23107053,-28.25276136,QLD
GOLDSBOROUGH,145.74320169,-17.19556803,QLD
BAKERS CREEK,149.15811885,-21.21400947,QLD
TIERI,148.35197404,-23.03355467,QLD
KILLALOE,145.43118093,-16.48625749,QLD
SOUTH MISSION BEACH,146.08610043,-17.95778513,QLD
JOLLYS LOOKOUT,152.83403631,-27.41175967,QLD
JUNABEE,152.14702246,-28.24875457,QLD
MOUNT MARIA,151.82728833,-24.52996483,QLD
WIGTON,151.58208977,-25.96582142,QLD
MOUNT WHITESTONE,152.16017303,-27.6880079,QLD
WAHOON,151.7207524,-25.89320553,QLD
LAKESIDE,152.11082268,-25.55819894,QLD
BYRNESTOWN,151.76144426,-25.52202968,QLD
IMAGE FLAT,152.93432873,-26.60218214,QLD
BENHOLME,148.80317124,-21.16170451,QLD
HENDON,151.96224364,-28.07396235,QLD
TUEN,145.73095755,-28.52904494,QLD
PURRAWUNDA,151.61458814,-27.51966119,QLD
COTHERSTONE,148.28119624,-22.7865562,QLD
WYBERBA,151.88371163,-28.85597957,QLD
CURRIMUNDI,153.12251914,-26.76946913,QLD
SOUTH JOHNSTONE,145.99369988,-17.59745942,QLD
TINANA,152.66592474,-25.55196235,QLD
PELICAN,150.85331221,-26.61894406,QLD
MUNGALLI,145.68737916,-17.54544451,QLD
LOWER COWLEY,146.07904291,-17.69584064,QLD
BIDWILL,152.71440878,-25.60775403,QLD
ST HELENS,151.47882836,-27.67403128,QLD
DEPOT HILL,150.51936107,-23.39357319,QLD
KUMBARILLA,150.89863173,-27.26244024,QLD
LOWER DAINTREE,145.39517838,-16.28971292,QLD
BAUHINIA,149.32381036,-24.56589688,QLD
SOMMARIVA,146.69607749,-26.41234868,QLD
CORDALBA,152.20672818,-25.1592445,QLD
PITURIE,138.3368705,-21.47824498,QLD
NINE MILE CREEK,150.44484326,-23.72258231,QLD
YAGOONYA,141.74731664,-16.4338305,QLD
MUIRLEA,152.73345293,-27.5709878,QLD
BACK PLAINS,151.77782993,-27.88807927,QLD
WHEATVALE,151.86814935,-28.16456117,QLD
KEPPEL SANDS,150.79699373,-23.3364882,QLD
GOWRIE LITTLE PLAIN,151.84620639,-27.43151562,QLD
CAROLE PARK,152.92947367,-27.62116152,QLD
BAPAUME,151.84428026,-28.57534599,QLD
MAIDENWELL,151.786475,-26.83848209,QLD
EAST INNISFAIL,146.03557752,-17.53254532,QLD
TOONPAN,146.86978955,-19.5046777,QLD
GLEN BOUGHTON,145.82269533,-16.94273391,QLD
WILSONS PLAINS,152.65414722,-27.8399122,QLD
MARSHLANDS,151.74836384,-26.1545362,QLD
DURAH,150.93932733,-26.30957548,QLD
COORADA,149.52487108,-24.98134862,QLD
GURULMUNDI,150.13151637,-26.40634666,QLD
PICNIC BAY,146.82813625,-19.16758348,QLD
ABBOTSFORD,152.01080322,-24.83032564,QLD
PEREGIAN SPRINGS,153.07048334,-26.49490626,QLD
COES CREEK,152.9445524,-26.6480601,QLD
CANAGA,150.91445354,-26.65874567,QLD
BARAKULA,150.6021487,-26.33659983,QLD
HIVESVILLE,151.68877407,-26.17197903,QLD
CLARA CREEK,146.92120234,-26.09096088,QLD
WHITE MOUNTAIN,152.11147834,-27.4437344,QLD
YANDARLO,146.49397891,-25.12524683,QLD
STAPYLTON,153.24449045,-27.73067373,QLD
BROOKLANDS,151.83265926,-26.72978462,QLD
GADGARRA,145.72159107,-17.26640285,QLD
HAWKINS CREEK,146.11634679,-18.57538623,QLD
WOORIM,153.18061683,-27.05902562,QLD
TAROME,152.44041372,-28.00251513,QLD
EUDLO,152.93902633,-26.73027806,QLD
GAETA,151.59481533,-24.84324386,QLD
NO 5 BRANCH,146.00946036,-17.72384855,QLD
MOUNT MELLUM,152.93249498,-26.81651547,QLD
WINDERMERE,152.4341305,-24.8586563,QLD
MOUNT ISA CITY,139.49271078,-20.72555519,QLD
UGAR ISLAND,143.54535039,-9.50747921,QLD
DONNYBROOK,153.05945469,-27.0030661,QLD
WARRILL VIEW,152.60440491,-27.82932774,QLD
LABRADOR,153.39976941,-27.94620425,QLD
LILYDALE,152.14160435,-27.61091325,QLD
CARTERS RIDGE,152.77199249,-26.4524622,QLD
ACLAND,151.68487381,-27.31350364,QLD
MONSILDALE,152.37636941,-26.72136306,QLD
MANUMBAR,152.28575111,-26.37314904,QLD
MACKENZIE,149.39231384,-23.12795743,QLD
NGATJAN,145.91025836,-17.49695659,QLD
BARDON,152.97818575,-27.46005446,QLD
COWLEY,146.05407615,-17.68005134,QLD
KOKOTUNGO,149.96045799,-24.13171393,QLD
EARLVILLE,145.73154461,-16.9471508,QLD
DUNMORA,152.54638879,-25.50374166,QLD
SEVENTEEN SEVENTY,151.8907395,-24.16580435,QLD
YANDARAN,152.09043567,-24.70682634,QLD
COOLANGATTA,153.53333374,-28.16995856,QLD
STAFFORD,153.01056905,-27.40963109,QLD
LAKE CLARENDON,152.3501774,-27.51705681,QLD
REDRIDGE,152.36126199,-25.16986899,QLD
URANGAN,152.89183923,-25.29698702,QLD
BURUA,151.20656479,-23.94593597,QLD
HALY CREEK,151.7338476,-26.68809164,QLD
JAMBIN,150.42984081,-24.1853547,QLD
CONSUELO,148.37685326,-24.69091813,QLD
GHEERULLA,152.8207007,-26.57337024,QLD
GILBERT RIVER,142.73909966,-18.27000878,QLD
FRIDAY POCKET,146.00486785,-17.84735215,QLD
MILLSTREAM,145.37562722,-17.62676521,QLD
TELLEBANG,151.25659646,-25.03252633,QLD
NUNDAH,153.06311997,-27.4028971,QLD
WRIGHTS CREEK,145.77615004,-17.02181305,QLD
SOUTH RIPLEY,152.81918534,-27.72416307,QLD
GULLIVER,146.77574648,-19.2850396,QLD
STONELANDS,151.70526106,-26.03662579,QLD
CRAIGNISH,152.7255834,-25.28299945,QLD
MANDALAY,148.7375319,-20.27199126,QLD
GUANABA,153.23921775,-27.93769353,QLD
MON REPOS,152.43906213,-24.80647091,QLD
KUTTABUL,148.89678182,-21.03158902,QLD
MAPOON,142.18309923,-11.86292194,QLD
WESTERN CREEK,150.92303622,-27.85521073,QLD
WOOCOO,152.35129678,-25.66298736,QLD
BALLARD,151.97937842,-27.49976358,QLD
IDALIA,146.81365756,-19.30630171,QLD
COBRABALL,150.62197124,-23.1468185,QLD
HIGHLAND PLAINS,151.76163422,-27.26811191,QLD
SOUTH KOLAN,152.16967101,-24.92640746,QLD
WEST POINT,146.81672298,-19.13467227,QLD
GUTHALUNGRA,147.8277682,-19.94789016,QLD
MCDESME,147.39868111,-19.61599623,QLD
GILSTON,153.30468977,-28.02958138,QLD
NERANG,153.31227775,-27.98104903,QLD
ARCADIA VALLEY,148.81417512,-25.02963622,QLD
TABLELANDS,150.89765895,-24.33375374,QLD
BROMELTON,152.87570742,-27.98336791,QLD
MORINISH,150.06804033,-23.19686133,QLD
FINLAYVALE,145.34989921,-16.45860738,QLD
HILLVIEW,153.02391587,-28.22909673,QLD
DIDCOT,151.88027786,-25.48029872,QLD
NORTH MALENY,152.87039363,-26.72576818,QLD
UPPER WARREGO,147.31966599,-25.1541891,QLD
NANGRAM,150.30491341,-26.83764302,QLD
RIPLEY,152.78410788,-27.6715769,QLD
ENGLAND CREEK,152.70470136,-27.37024449,QLD
TUAN,152.86916593,-25.68745742,QLD
HIRSTGLEN,152.09422654,-27.83812699,QLD
BUXTON,152.489107,-25.1836519,QLD
LAKE MONDURAN,151.78730191,-24.81797773,QLD
MOUNT MOLLOY,145.39958413,-16.69516131,QLD
NIRIMBA,153.05000479,-26.81704522,QLD
ALSACE,149.29770337,-23.28658097,QLD
DAYMAR,149.02876789,-28.60493235,QLD
ALDERLEY,153.00102415,-27.42527034,QLD
BLUFF,149.04693968,-23.49649862,QLD
LAGUNA QUAYS,148.66573078,-20.6253777,QLD
MOUNT PLEASANT,149.15977788,-21.11807762,QLD
TUMOULIN,145.43399038,-17.56349553,QLD
HUNGERFORD,144.3592664,-28.76890256,QLD
THARGOMINDAH,143.77027,-28.01684267,QLD
REGENTS PARK,153.04154873,-27.6766581,QLD
KALKIE,152.38533979,-24.84422028,QLD
COLOSSEUM,151.56711109,-24.43309545,QLD
ALBINIA,148.39733456,-24.43970347,QLD
BUNDABERG EAST,152.37351665,-24.85949713,QLD
AIRLIE BEACH,148.71697423,-20.27176508,QLD
POINT LOOKOUT,153.52942661,-27.43111365,QLD
KALPOWAR,151.37403776,-24.70235758,QLD
PROMISEDLAND,152.14598037,-25.09326512,QLD
CAMBRIDGE,142.5860068,-20.36607747,QLD
ESK,152.42037972,-27.25922457,QLD
BOOLBURRA,149.84999626,-23.69273682,QLD
PROSPECT,150.41884952,-24.51168633,QLD
PORTSMITH,145.77626414,-16.95632198,QLD
CALVERT,152.5096512,-27.67124374,QLD
MUNGALLALA SOUTH,147.44842914,-26.76352146,QLD
BRANDY CREEK,148.67347427,-20.33510432,QLD
EATON,146.04592539,-17.50370717,QLD
MONDURAN,151.89466857,-24.85374365,QLD
BURNSIDE,152.93571501,-26.63035205,QLD
CAIRNS CITY,145.7776617,-16.92045174,QLD
BELLFIELD,143.15851824,-19.35998716,QLD
LILYVALE,148.4370981,-23.15112773,QLD
KIRKWOOD,151.23523132,-23.90339224,QLD
CAIRDBEIGN,148.1503737,-24.27080669,QLD
BEACH HOLM,146.64768802,-19.20501596,QLD
GLAMORGAN VALE,152.62326686,-27.51178123,QLD
KUREEN,145.59062535,-17.33583651,QLD
MUNGALLALA,147.48510878,-26.47526846,QLD
ANNERLEY,153.03235104,-27.51243532,QLD
JONES HILL,152.66190666,-26.2374795,QLD
BAYRICK,146.07363935,-25.40352175,QLD
ATHERTON,145.48586757,-17.26606698,QLD
LAKE EACHAM,145.64515189,-17.29489449,QLD
ESMERALDA,142.63798988,-18.85109483,QLD
INNISFAIL ESTATE,146.04653148,-17.51637856,QLD
EASTERN HEIGHTS,152.77419763,-27.6263721,QLD
DUMPY CREEK,150.02939969,-23.99149204,QLD
LANEFIELD,152.55131107,-27.65406453,QLD
MIRIAM VALE,151.56500467,-24.33216231,QLD
LOCKYER,152.07089324,-27.50759727,QLD
GLEN ESK,152.46440288,-27.24276224,QLD
BASALT,145.37578217,-19.72321461,QLD
SAVANNAH,141.87943621,-19.20792174,QLD
CAWARRAL,150.67098287,-23.25133145,QLD
TORBANLEA,152.57546216,-25.3544218,QLD
COOEEIMBARDI,152.50704927,-27.10488131,QLD
MOUNT CHALMERS,150.63461437,-23.31032091,QLD
ELLEN GROVE,152.94390266,-27.61534189,QLD
BUNDOORA,148.46850322,-22.98035585,QLD
BURLEIGH,143.04742837,-20.27388745,QLD
GREENSLOPES,153.04794038,-27.50929008,QLD
LUMEAH,145.67212878,-25.28680231,QLD
MOUNT KYNOCH,151.94813051,-27.51066092,QLD
VICTORIA VALE,142.71313202,-19.41200937,QLD
LAKE BARRINE,145.64697448,-17.25110646,QLD
ELI WATERS,152.80309044,-25.27364587,QLD
PALMVIEW,153.0593158,-26.74585749,QLD
ALGESTER,153.03255405,-27.61273228,QLD
TWO MILE,152.63353724,-26.17000234,QLD
FRESHWATER,145.7144051,-16.88307113,QLD
CORFIELD,143.33464046,-22.03872248,QLD
NORTH STRADBROKE ISLAND,153.45183754,-27.55454872,QLD
WATERFORD,153.14206895,-27.70839012,QLD
ALBION,142.60494781,-21.32852797,QLD
KINGSTON,153.11295461,-27.65953496,QLD
TALLEBUDGERA,153.41946617,-28.15165577,QLD
PACIFIC PARADISE,153.07354144,-26.62111152,QLD
GIRU,147.12548318,-19.47913072,QLD
ARMSTRONG CREEK,152.7947808,-27.22802236,QLD
WOOLSHED,152.50425651,-27.60349824,QLD
PARADISE POINT,153.39732348,-27.87965437,QLD
OAKEY,151.71008239,-27.4468217,QLD
MULARA,150.6165583,-23.20148081,QLD
LAWGI DAWES,150.78104428,-24.60374728,QLD
BARCALDINE,145.32148153,-23.64610321,QLD
BIRNAM,153.05930633,-27.95013353,QLD
ATKINSONS DAM,152.43388411,-27.421335,QLD
LILYWOOD,152.89870902,-27.10178653,QLD
GREENSTONE,152.8694039,-27.11053649,QLD
GOLDEN BEACH,153.11867755,-26.82288797,QLD
WOOROONOORAN,145.80117043,-17.38120604,QLD
BELLBOWRIE,152.88352234,-27.55915152,QLD
WESTGROVE,148.44021097,-25.44035136,QLD
LILYVALE,151.87475082,-27.4328078,QLD
FORDSDALE,152.10567528,-27.72493421,QLD
KURANDA,145.60757507,-16.82924563,QLD
CLOSEBURN,152.8651426,-27.32717038,QLD
BAFFLE WEST,148.62588296,-25.60197456,QLD
LOWER TULLY,146.01357047,-17.97854839,QLD
TALLEBUDGERA VALLEY,153.3571351,-28.1893165,QLD
KILMOREY FALLS,148.17953619,-26.11845179,QLD
IRVINGDALE,151.46852985,-27.15323282,QLD
WOODHILL,152.9690615,-27.88731407,QLD
MIALLO,145.3697463,-16.40574947,QLD
ORION,148.38658952,-24.20661945,QLD
BALLANDEAN,151.80551234,-28.86342551,QLD
KANGAROO POINT,153.03616068,-27.47542696,QLD
YANDINA CREEK,153.02603905,-26.53081705,QLD
REGENCY DOWNS,152.44052572,-27.53356166,QLD
NEUMGNA,151.86545894,-26.8498232,QLD
SHERWOOD,152.98143963,-27.53082824,QLD
EAST GREENMOUNT,151.95202184,-27.77319168,QLD
GILLA,152.01022222,-26.90176212,QLD
GLENCOE,151.86669985,-27.46071726,QLD
SIPPY DOWNS,153.08091103,-26.72254805,QLD
PEAK CROSSING,152.75381275,-27.78557554,QLD
WOOROONA,149.31569343,-24.01232248,QLD
WAGTAIL GROVE,152.88088231,-27.10486614,QLD
WARABA,152.87838606,-27.08664013,QLD
CORYMBIA,152.86669431,-27.0946347,QLD
MORTON VALE,152.38191567,-27.48704436,QLD
KUNWARARA,150.10690911,-22.83735606,QLD
CARDWELL,146.01847371,-18.27125148,QLD
KINGSTHORPE,151.79808236,-27.4954904,QLD
KUNDA PARK,153.03744483,-26.66030477,QLD
CARMOO,146.04580879,-17.947326,QLD
DRAYTON,151.90134333,-27.59995319,QLD
STOCKLEIGH,153.05762511,-27.77676672,QLD
BELMONT,153.13346853,-27.50906123,QLD
NORTH GREGORY,152.28311298,-25.05154859,QLD
MOUNT BRITTON,148.61518552,-21.4200709,QLD
NIKENBAH,152.82003085,-25.32464128,QLD
LUSCOMBE,153.20177975,-27.7907246,QLD
SALISBURY,153.03297768,-27.54968919,QLD
WILLOWS,147.41311591,-23.59483045,QLD
MANGO HILL,153.04442593,-27.24105208,QLD
STEWARTON,148.91461848,-23.7696799,QLD
MARSDEN,153.09827333,-27.67433532,QLD
BUDERIM,153.06315282,-26.68640616,QLD
UPPER LOCKYER,152.06972733,-27.48609803,QLD
WALTER LEVER ESTATE,145.97833546,-17.72451551,QLD
BLACKSTONE,152.8030962,-27.62983287,QLD
WOORABINDA,149.44612687,-24.13622558,QLD
LYRA,151.86305801,-28.8307136,QLD
COOMINGLAH,150.85677085,-24.76168917,QLD
ROCKY POINT,145.41874626,-16.38845584,QLD
HAWKWOOD,150.84707856,-25.84767908,QLD
SOUTHSIDE,152.64807092,-26.20898845,QLD
ARGYLL,147.52435067,-23.26916462,QLD
GOOBURRUM,152.32271396,-24.82141365,QLD
BALMORAL,153.06772231,-27.45637633,QLD
DREWVALE,153.05477123,-27.64771277,QLD
SUMMERHOLM,152.46049304,-27.60888388,QLD
MARBURG,152.58917446,-27.55977394,QLD
MURPHYS CREEK,152.03782973,-27.46287998,QLD
BLACKDOWN,149.10886339,-23.87995237,QLD
NO 4 BRANCH,145.97053464,-17.77013851,QLD
BINNA BURRA,153.17996076,-28.20154372,QLD
VICTORY HEIGHTS,152.69098914,-26.1738705,QLD
VERESDALE,152.99042299,-27.92203823,QLD
ROTHWELL,153.05502444,-27.21134492,QLD
KAWUNGAN,152.84591135,-25.30588927,QLD
ALTON DOWNS,150.36757982,-23.3202493,QLD
WONDUNNA,152.86154942,-25.31783039,QLD
GREENMOUNT,151.89326734,-27.77594637,QLD
BUNDI,149.55279242,-26.14649208,QLD
COOLOOLA COVE,152.99904927,-25.9842876,QLD
COOLOOLA,153.03523321,-26.03757447,QLD
SHAW,146.69896189,-19.27816167,QLD
ATHOL,151.77088472,-27.61340792,QLD
BLACKBULL,141.72524663,-17.86861808,QLD
BROADBEACH,153.43130422,-28.02753052,QLD
RAINBOW BEACH,153.07415818,-25.90237362,QLD
MERIDAN PLAINS,153.08045294,-26.76432194,QLD
COOLANA,152.55327446,-27.51585695,QLD
BAMBOO,145.39178055,-16.35140231,QLD
FORREST BEACH,146.28550026,-18.71112379,QLD
BLACKROCK,146.21213415,-18.70847107,QLD
NEWTOWN,152.77675249,-27.61630067,QLD
CROHAMHURST,152.86418481,-26.80638345,QLD
TOOWOOMBA CITY,151.9506757,-27.55980863,QLD
THE HERMITAGE,152.10767712,-28.20939879,QLD
FRESHWATER POINT,149.29052918,-21.41368896,QLD
FISHERY FALLS,145.89484947,-17.18172212,QLD
CRYSTAL BROOK,148.47277203,-20.37522726,QLD
CHILDERS,152.26579008,-25.23855343,QLD
YABULU,146.60469514,-19.19468196,QLD
BLOOMSBURY,148.5707306,-20.70220985,QLD
MERRITTS CREEK,152.03078579,-27.35256589,QLD
MITCHELL,147.98588006,-26.45285701,QLD
BANKS POCKET,152.67136717,-26.15126087,QLD
MORVEN,147.10264329,-26.51284765,QLD
FLAMETREE,148.74879558,-20.26928575,QLD
MOUNT ROOPER,148.76833713,-20.26385435,QLD
MOUNT MARSHALL,152.02912949,-28.07896849,QLD
GUNNEWIN,148.61040715,-25.98547159,QLD
WYUNA,148.34890086,-23.37678198,QLD
INNISPLAIN,152.90221118,-28.17723155,QLD
EUMAMURRIN,148.81088509,-26.16771103,QLD
BILLA BILLA,150.29120772,-28.152393,QLD
GREGORY RIVER,148.50225701,-20.24965697,QLD
MOUNT LUKE,152.04158351,-27.38983606,QLD
WULGURU,146.81796789,-19.32793376,QLD
CHUWAR,152.77599739,-27.5566503,QLD
PADDYS GREEN,145.28251108,-16.91759217,QLD
BARNARD,149.71112557,-23.98869004,QLD
DULONG,152.89515715,-26.6416333,QLD
SLADEVALE,152.0850937,-28.16695221,QLD
COLLEGE VIEW,152.35386168,-27.55519424,QLD
MOUNT SURROUND,147.05129444,-19.53208428,QLD
TE KOWAI,149.11748439,-21.17667958,QLD
DARLING HEIGHTS,151.92437162,-27.60640742,QLD
WOLVI,152.82537605,-26.15028472,QLD
BOOVAL,152.79247618,-27.61363932,QLD
ANDROMACHE,148.41414868,-20.5921434,QLD
BALD KNOB,152.90839018,-26.78469405,QLD
DOTSWOOD,146.26035709,-19.5717291,QLD
ORANGE CREEK,150.35413146,-24.33410895,QLD
MAUDSLAND,153.27885325,-27.93386709,QLD
GLENGALLAN,152.06479324,-28.10635503,QLD
WOOLMAR,152.49873362,-26.94120762,QLD
JAGGAN,145.5763407,-17.41128805,QLD
SWANFELS,152.3260409,-28.1411386,QLD
COOLBIE,146.26805142,-18.90353144,QLD
WINDSOR,153.03014499,-27.43444458,QLD
PERANGA,151.67873433,-27.13713051,QLD
MURRAY,146.79325389,-19.33267503,QLD
COCKATOO,150.28091373,-25.68474147,QLD
CEDAR CREEK,153.18443484,-27.83963293,QLD
BELLS BRIDGE,152.53719792,-26.12811953,QLD
HELIDON SPA,152.09358113,-27.54816015,QLD
MOOMBRA,152.48359863,-27.30677643,QLD
WARD,146.14599365,-25.92789554,QLD
MOUNT WARREN PARK,153.20540729,-27.73103821,QLD
ARALUEN,152.65963745,-26.15809237,QLD
ORANGE HILL,148.78756976,-26.48956297,QLD
GOODNA,152.89302339,-27.61108647,QLD
CHERWELL,152.47943814,-25.28266115,QLD
GOOMBOORIAN,152.79121511,-26.0809243,QLD
KEARNEYS SPRING,151.94253424,-27.60417477,QLD
THORNESIDE,153.20138995,-27.48313265,QLD
EAST TOOWOOMBA,151.96838184,-27.56239819,QLD
ARRIGA,145.30653458,-17.08559159,QLD
WULKURAKA,152.72699555,-27.61316091,QLD
KILCUMMIN,147.55846549,-22.31779325,QLD
FITZGIBBON,153.03182218,-27.33877187,QLD
FORSAYTH,143.68026968,-18.74343113,QLD
ROCKVILLE,151.93805884,-27.53609939,QLD
TOWNSVILLE CITY,146.81694656,-19.25895161,QLD
HELIDON,152.13202985,-27.52467857,QLD
KALINGA,153.04757868,-27.40999763,QLD
HARRISTOWN,151.92651482,-27.57787494,QLD
WARRUBULLEN,146.01644361,-17.68022726,QLD
JENSEN,146.64147762,-19.25668543,QLD
FOSSILBROOK,144.26818544,-17.87348221,QLD
FORTITUDE VALLEY,153.03559717,-27.45678088,QLD
GOONDI HILL,146.01572258,-17.52808147,QLD
AVONDALE,152.14975911,-24.76785581,QLD
NORTH TALWOOD,149.36358382,-28.38142017,QLD
HORSESHOE BAY,146.85280445,-19.12449958,QLD
COALFALLS,152.74345437,-27.60635724,QLD
SADLIERS CROSSING,152.74517835,-27.61348128,QLD
CHELONA,149.14166941,-21.25807494,QLD
GLEBE,150.15889431,-25.54286691,QLD
MOUNT BINGA,151.93933448,-27.00647972,QLD
KING SCRUB,152.82075984,-27.17014669,QLD
HUGHENDEN,144.18907423,-20.86887874,QLD
CHELMER,152.97527483,-27.51283105,QLD
K'GARI,153.14884938,-25.27765427,QLD
WELLINGTON POINT,153.23953451,-27.48803716,QLD
CABOOLTURE,152.97496777,-27.06236513,QLD
GRASSTREE BEACH,149.2861653,-21.35143762,QLD
FORESTVALE,147.88690182,-25.99738178,QLD
MORAYFIELD,152.94000696,-27.12844441,QLD
CARAVONICA,145.68292181,-16.8600431,QLD
YARWUN,151.14875272,-23.812301,QLD
LONGREACH,143.70336817,-23.34803146,QLD
BRACKEN RIDGE,153.03386914,-27.31981999,QLD
MARATHON,143.67823024,-20.88488878,QLD
GREENVALE,145.01555583,-19.00000733,QLD
NUDGEE,153.09137815,-27.36933401,QLD
TOP CAMP,151.93768448,-27.63429896,QLD
TARGINNIE,151.09850186,-23.72957436,QLD
OCEAN VIEW,152.80547042,-27.12741281,QLD
TABOOBA,152.96409144,-28.13560275,QLD
MOUNT ARCHER,152.66321281,-27.00124402,QLD
BELYANDO,146.58868897,-21.80078794,QLD
RED HILL,153.00240054,-27.45212331,QLD
YARROL,151.411194,-25.01529037,QLD
LARAVALE,152.93536595,-28.0901054,QLD
HIGHGATE HILL,153.01728335,-27.48766383,QLD
WAIRUNA,145.48355891,-18.38259719,QLD
GREGORS CREEK,152.41896955,-26.98463847,QLD
KOOMBOOLOOMBA,145.5538619,-17.81665484,QLD
PORCUPINE,144.27446157,-20.09887446,QLD
ORMISTON,153.25677497,-27.50888514,QLD
TUNGAMULL,150.69989377,-23.32990287,QLD
NOOSA NORTH SHORE,153.04430461,-26.26354274,QLD
LLANARTH,146.46166388,-21.32149622,QLD
JULIA CREEK,141.64817946,-20.66038927,QLD
ROCHEDALE,153.12282409,-27.57065348,QLD
MOUNT ISA,139.45519496,-20.53586646,QLD
WESTBROOK,151.83347769,-27.60120994,QLD
ORMEAU,153.2530656,-27.77560235,QLD
KIRRAMA,145.59918248,-18.19235301,QLD
GUNNAWARRA,145.0515975,-17.89104323,QLD
BREAKAWAY,139.53107235,-20.72585287,QLD
ILFRACOMBE,144.54609458,-23.66046482,QLD
BALD HILLS,153.01990031,-27.30645791,QLD
KELVIN GROVE,153.01204002,-27.44922875,QLD
TIARO,152.59990374,-25.73197282,QLD
TALDORA,141.39235192,-19.84876796,QLD
BURPENGARY EAST,153.00421412,-27.14124979,QLD
ZILLMERE,153.03911912,-27.35822861,QLD
ISISFORD,144.16413452,-24.57135632,QLD
GLEN RUTH,145.41983658,-18.00712305,QLD
SMITHFIELD,145.68974788,-16.82486351,QLD
ALLIGATOR CREEK,149.21848552,-21.32009643,QLD
ASPLEY,153.0179434,-27.36664067,QLD
WOOMBYE,152.97618083,-26.66087418,QLD
FISHER,139.53208739,-20.74902612,QLD
MOOROOKA,153.02457532,-27.53424664,QLD
DUTTON RIVER,143.85236519,-20.47283383,QLD
BANYO,153.08239194,-27.37912775,QLD
ROSEMOUNT,152.99952883,-26.63029282,QLD
GRACEVILLE,152.98213012,-27.52169142,QLD
FORTY MILE,144.76367244,-17.96919146,QLD
KALLANGUR,152.9923203,-27.24810667,QLD
ROCHEDALE SOUTH,153.13166748,-27.59956008,QLD
REDFORD,147.41001542,-25.93986857,QLD
WELLCAMP,151.82192613,-27.55197432,QLD
NEURUM,152.70318635,-26.96853208,QLD
MINNAMOOLKA,145.03762517,-18.24927266,QLD
INNOT HOT SPRINGS,145.28294388,-17.78666869,QLD
SOUTH BRISBANE,153.01941793,-27.47805486,QLD
MOUNT RASCAL,151.91444601,-27.63486585,QLD
CARSELDINE,153.01605526,-27.34624318,QLD
VENTNOR,151.3149558,-24.90278416,QLD
VALLEY OF LAGOONS,145.46884972,-18.75766306,QLD
OWANYILLA,152.62368419,-25.6723625,QLD
KURWONGBAH,152.93071925,-27.22183332,QLD
CANNING CREEK,151.16161751,-28.22667361,QLD
TEDDINGTON,152.66559437,-25.659299,QLD
BEACHMERE,153.0447469,-27.10817851,QLD
TARRAGINDI,153.04544658,-27.52707362,QLD
YORKEYS KNOB,145.71903462,-16.82367217,QLD
KOOROONGARRA,151.26786741,-28.08719038,QLD
GILBERTON,153.27298855,-27.74201342,QLD
DAKABIN,152.98512607,-27.22277656,QLD
TOWNVIEW,139.50573044,-20.73161884,QLD
SWEERS ISLAND,139.61713896,-17.1024401,QLD
ARAFURA SEA,141.47338431,-10.67478793,QLD
WAUA ISLET,144.03743744,-9.94756719,QLD
GUIJAR ISLET,142.83055769,-10.25450696,QLD
WEERRIBA,150.66938499,-22.78833425,QLD
UNNAMED LOCALITY,141.95705272,-15.10309257,QLD
ELECTRA,152.11536448,-24.99696294,QLD
GANGALIDDA,138.98617277,-16.96531939,QLD
BURRAR ISLET,142.82023565,-10.14608304,QLD
GIVELDA,152.14550819,-24.9895484,QLD
BOUNTIFUL ISLANDS,139.86251981,-16.66490867,QLD
WONGABEL,145.46536619,-17.33029086,QLD
SUNSET,139.51205065,-20.71161562,QLD
WOODWARK,148.65327623,-20.23616612,QLD
CARRINGTON,145.45231411,-17.29673982,QLD
STAMFORD,143.67824914,-21.24903922,QLD
BARRON,145.71095947,-16.86487034,QLD
NANKIN,150.6828286,-23.41750056,QLD
FULHAM,152.47707676,-27.03335367,QLD
LOGANLEA,153.13261803,-27.67675966,QLD
JACOBS WELL,153.35953965,-27.78621706,QLD
ILLINBAH,153.14955324,-28.12524842,QLD
TULLY HEADS,146.05606384,-18.01555356,QLD
KUMBIA,151.65309081,-26.68759659,QLD
BARRATTA,147.23684092,-19.56833738,QLD
ONE MILE,152.7402259,-27.63454732,QLD
TOOWONG,152.98418757,-27.48114064,QLD
TANSEY,152.08655249,-25.97853904,QLD
BUDDINA,153.13264309,-26.69548599,QLD
HIGHGROVE,151.77264441,-27.11576552,QLD
EULO,145.01708507,-28.21205282,QLD
TAMROOKUM,152.91327516,-28.12794664,QLD
AMAMOOR CREEK,152.52164382,-26.37707947,QLD
COOROY,152.90166575,-26.42921183,QLD
ALEXANDRA,149.09366591,-21.16086009,QLD
BRANCH CREEK,151.43458887,-25.39072379,QLD
WIDGEE,152.4078855,-26.22031893,QLD
INGHAM,146.15358781,-18.65538903,QLD
YARRABAH,145.89409591,-17.00030931,QLD
NORTH JOHNSTONE,145.66605457,-17.33318423,QLD
CINNABAR,152.1802103,-26.1486763,QLD
WOMINA,152.04068036,-28.18046825,QLD
MOORES POCKET,152.78267235,-27.59978549,QLD
CAMP CREEK,145.95344239,-17.61854645,QLD
DIAMANTINA LAKES,141.1155294,-24.01246437,QLD
MAMU,145.82402695,-17.66247301,QLD
MUNGUNGO,151.14362874,-24.75181111,QLD
SILVERDALE,152.59358472,-27.88776136,QLD
TARRAMBA,150.26395314,-24.62681436,QLD
ACACIA RIDGE,153.02359013,-27.58535342,QLD
CHANDLER,153.16842088,-27.51498792,QLD
VICTORIA HILL,151.79834465,-28.01790486,QLD
BLACK MOUNTAIN,152.85631278,-26.42027883,QLD
SEVENTEEN MILE,152.17937502,-27.46328053,QLD
EAST TRINITY,145.8276229,-16.92662188,QLD
WARROO,151.41581858,-28.63269431,QLD
MOUNT ELLIOT,146.96748788,-19.50172905,QLD
PEACOCK SIDING,146.00622393,-18.69148896,QLD
EMU VALE,152.34227484,-28.20414159,QLD
ROSEHILL,151.99716007,-28.18269375,QLD
BARMOYA,150.5398753,-23.12509538,QLD
MUNGINDI,148.81427147,-28.86289359,QLD
DAMPER CREEK,146.10636129,-18.36880842,QLD
ZILZIE,150.80437874,-23.2906132,QLD
CHERRY CREEK,152.11499578,-26.92850072,QLD
VINCENT,146.76465323,-19.28336084,QLD
ST MARY,152.48337694,-25.69191738,QLD
HELENSVALE,153.33833335,-27.90103239,QLD
WARKON,149.42587281,-26.92400618,QLD
CROWLEY VALE,152.37614891,-27.54469624,QLD
BOLLIER,152.73452814,-26.45961206,QLD
DESAILLY,144.86689198,-16.41682815,QLD
ASHMORE,153.37641246,-27.98875885,QLD
LAKE MARY,150.62000215,-23.1126651,QLD
UTCHEE CREEK,145.92034107,-17.63332827,QLD
MOUNT SYLVIA,152.20863877,-27.73523693,QLD
FOREST CREEK,145.36884993,-16.2434326,QLD
CURRUMBIN,153.48294331,-28.13662877,QLD
MOUNT JUKES,148.96934631,-20.98256435,QLD
CAPTAIN CREEK,151.76668192,-24.28294564,QLD
ROUNDSTONE,149.74503832,-24.79602566,QLD
OXFORD,148.82396664,-21.88050958,QLD
SAUNDERS BEACH,146.60536615,-19.16294416,QLD
EIDSVOLD WEST,150.68914261,-25.37093517,QLD
KENTS LAGOON,152.62787679,-27.89970753,QLD
MONAL,151.14276095,-24.60114924,QLD
GREGORY RIVER,152.21512863,-25.09972799,QLD
BLACK SNAKE,152.26665579,-26.17936875,QLD
COOMINGLAH FOREST,150.97215119,-24.89759927,QLD
ELBOW VALLEY,152.15214484,-28.40865265,QLD
BRYDEN,152.59878636,-27.23361229,QLD
BOONOOROO,152.88990176,-25.65063818,QLD
MOOGA,149.01900588,-26.34197979,QLD
KERRY,153.03124861,-28.1129908,QLD
SOUTH WELLESLEY ISLANDS,139.47272499,-17.06408243,QLD
SOMME,151.79869579,-28.76966708,QLD
DIRNBIR,151.53601659,-25.600793,QLD
EIDSVOLD EAST,151.24901655,-25.32468077,QLD
HORSE CREEK,150.3842923,-23.66673412,QLD
YULEBA,149.38287222,-26.61251907,QLD
GIN GIN,151.94666864,-24.97787887,QLD
MAROOCHYDORE,153.0818259,-26.65334577,QLD
YALANGUR,151.81747042,-27.4186385,QLD
PINE MOUNTAIN,152.71695783,-27.53608331,QLD
DALYSFORD,151.8968673,-25.01849314,QLD
CLUMBER,152.45069317,-28.07856849,QLD
NETHERBY,152.53226223,-25.78205985,QLD
MILLMERRAN WOODS,151.04357941,-28.01590102,QLD
ALLOWAY,152.35984412,-24.95684147,QLD
BUNDALL,153.40488685,-28.0110323,QLD
ROCKY CREEK,151.34746461,-28.01305535,QLD
NUTGROVE,151.7554658,-27.05076682,QLD
RHYDDING,149.52340651,-24.72706032,QLD
WOONGARRA,152.41548524,-24.89508267,QLD
WOLFFDENE,153.17315479,-27.78115796,QLD
MAJORS CREEK,147.0082561,-19.63379618,QLD
CURRUMBIN WATERS,153.46274828,-28.1541357,QLD
BABINDA,145.92741993,-17.3406913,QLD
TROTTER CREEK,150.37499994,-23.69223854,QLD
NELLY BAY,146.84476844,-19.15709103,QLD
CRESSBROOK,152.42862109,-27.07503867,QLD
ARATULA,152.5349652,-27.98086437,QLD
CHANCES PLAIN,150.74575238,-26.73743395,QLD
COLINTON,152.23743897,-26.96366345,QLD
MISSEN FLAT,151.97080022,-27.90846884,QLD
MOUNT EMLYN,151.29591201,-28.03667702,QLD
SPEEDWELL,151.53101388,-26.06681232,QLD
DOONGUL,152.34436335,-25.47145974,QLD
LAMINGTON,153.01662426,-28.26777873,QLD
PENWHAUPELL,151.73217264,-25.74387916,QLD
RIVERSLEIGH,146.49222071,-26.85059927,QLD
BUSHLEY,150.26740323,-23.5929126,QLD
BLUE MOUNTAIN,148.99864641,-21.48760746,QLD
BURNETT CREEK,152.59551807,-28.26558226,QLD
ROWES BAY,146.78265795,-19.24289727,QLD
BOONOOROO PLAINS,152.8146441,-25.58715008,QLD
ABINGDON DOWNS,143.439256,-17.7998288,QLD
GARNANT,150.2569678,-23.16968835,QLD
ROSEVALE,152.49550688,-27.85914403,QLD
NARKO,151.71959936,-27.09889261,QLD
BRISBANE CITY,153.02514825,-27.46976374,QLD
NORTH ARAMARA,152.32752002,-25.5516484,QLD
THORNBOROUGH,145.03776392,-16.96380036,QLD
PACIFIC PINES,153.3144049,-27.94003995,QLD
ARANBANGA,151.65462474,-25.81519346,QLD
BURNCLUITH,150.75133573,-26.58092668,QLD
IRONBARK,152.67167584,-27.55642474,QLD
GREENSWAMP,150.46020088,-26.79705724,QLD
MUNDOWRAN,151.34183381,-25.51974637,QLD
SAMSONVALE,152.85787626,-27.25884335,QLD
COVERTY,151.47605477,-26.27887695,QLD
MILBONG,152.73081521,-27.88264396,QLD
TAMBO,146.32863063,-24.9055027,QLD
FRAZERVIEW,152.52821372,-27.93892998,QLD
PALMERSTON,145.68233201,-17.61518289,QLD
BUNGADOO,152.0849775,-24.99841548,QLD
DIAMONDY,151.28533956,-26.64419626,QLD
MAGNOLIA,152.6895232,-25.66383902,QLD
PASHA,147.45762377,-21.79058488,QLD
BOULDERCOMBE,150.46075086,-23.55168867,QLD
ULOGIE,150.51343804,-23.93920625,QLD
DIDDILLIBAH,153.02526651,-26.64515985,QLD
ROSENEATH,146.82474073,-19.35586081,QLD
JACKSON NORTH,149.65537061,-26.44358668,QLD
CHAHPINGAH,151.39181157,-26.47240242,QLD
DOLPHIN HEADS,149.1841225,-21.04041901,QLD
ELANORA,153.44917457,-28.13582067,QLD
BANCROFT,151.27859105,-24.79087283,QLD
DRINAN,152.01250428,-25.04581371,QLD
PORT OF BRISBANE,153.17821162,-27.38998615,QLD
BETHANIA,153.15661521,-27.68706399,QLD
TOONDAHRA,151.41176911,-25.92944385,QLD
COOMERA,153.33950198,-27.84695213,QLD
FELUGA,145.95595094,-17.87798424,QLD
STRETTON,153.06736027,-27.62388611,QLD
HIGHLAND PLAINS,148.75494804,-25.86996448,QLD
SILKWOOD,146.0207017,-17.74934315,QLD
TUMMAVILLE,151.4883118,-27.91183675,QLD
CAMEBY,150.47134889,-26.63335145,QLD
CUNNAMULLA,145.71164243,-28.06021595,QLD
MOUNT MARROW,152.62232384,-27.59834945,QLD
MERRYVALE,152.48505933,-27.7958425,QLD
TAROMEO,152.1324985,-26.81340354,QLD
LOCH LOMOND,152.18538811,-28.33080581,QLD
OAKY CREEK,152.94201086,-28.2076725,QLD
JAFFA,145.99446795,-17.78333919,QLD
NORTH DEEP CREEK,152.68889535,-26.09315309,QLD
IPSWICH,152.7603376,-27.62284257,QLD
BENARKIN NORTH,152.15055507,-26.85205809,QLD
WEST END,153.00519309,-27.48379708,QLD
GUMLU,147.59169253,-19.90077647,QLD
SAPPHIRE CENTRAL,147.72826349,-23.47919554,QLD
THINOOMBA,152.46475004,-25.59425854,QLD
GULNGAI,145.81610077,-17.7449424,QLD
NINDERRY,152.97520588,-26.5409634,QLD
BURRUM RIVER,152.59300688,-25.26052571,QLD
ARANA HILLS,152.95453351,-27.3919702,QLD
RUBYVALE,147.64554895,-23.40008776,QLD
GOLDEN FLEECE,152.18318875,-25.43206431,QLD
CROMARTY,147.0646259,-19.46563066,QLD
EVERGREEN,151.73544527,-27.15125113,QLD
BLENHEIM,152.31501561,-27.65827285,QLD
ROUND HILL,151.86386626,-24.29888372,QLD
TALGAI,151.88439765,-28.03833439,QLD
BEERON,151.27261368,-25.89238909,QLD
KOOROOMOOL,145.67208311,-17.94915233,QLD
WALLANGARRA,151.91553917,-28.90106215,QLD
MOUNT STEADMAN,151.79209321,-25.45419483,QLD
MINGO,151.75255011,-25.33875744,QLD
COOWONGA,150.72938196,-23.30749996,QLD
BURBANK,153.16036767,-27.5612122,QLD
BOOUBYJAN,151.90383292,-25.89381088,QLD
GLEN ISLA,148.6282902,-20.41471931,QLD
TENNYSON,153.00023351,-27.52685097,QLD
RUNGOO,146.16456697,-18.480008,QLD
MAXWELTON,142.64371291,-20.86222802,QLD
BEEBO,151.00270242,-28.68001923,QLD
EBBW VALE,152.82487284,-27.60771667,QLD
PALGRAVE,151.78569828,-28.35566625,QLD
BYMOUNT,148.62292706,-26.09407553,QLD
EIMEO,149.1741673,-21.04703108,QLD
YULEBA SOUTH,149.38585766,-26.72585155,QLD
HIDDEN VALLEY,150.72087063,-23.16719682,QLD
BENARKIN,152.13697109,-26.8866851,QLD
EAST PALMERSTON,145.84505824,-17.59582646,QLD
LYTTON,153.15064757,-27.42229379,QLD
BAUPLE FOREST,152.68512793,-25.87526815,QLD
HOOKSWOOD,150.33016207,-26.52160564,QLD
LACEYS CREEK,152.73579605,-27.229422,QLD
MURRIGAL,145.8983432,-18.04945767,QLD
KILLARNEY,152.29933789,-28.34434364,QLD
GLEN RUSSELL,145.18368689,-16.92197834,QLD
APPLE TREE CREEK,152.22174002,-25.23229052,QLD
MOUNT LINDESAY,152.73558321,-28.33039585,QLD
BAFFLE CREEK,151.94091408,-24.49791146,QLD
YOWAH,144.60704499,-27.79176487,QLD
MIDGEE,150.57797049,-23.4993493,QLD
COONAMBULA,151.07949018,-25.54718087,QLD
CHAPEL HILL,152.94875693,-27.4986714,QLD
WOOWOONGA,152.09253637,-25.46664108,QLD
JOSEPHVILLE,152.90915166,-28.03127458,QLD
NORTH BOOVAL,152.79252617,-27.59881485,QLD
WIVENHOE HILL,152.56728511,-27.36855066,QLD
MOUNT COOT-THA,152.94859646,-27.4747263,QLD
LYNDHURST,144.3205117,-19.2255925,QLD
WEST WELLESLEY ISLANDS,139.1423832,-16.74918127,QLD
CANIA,150.98756904,-24.56868009,QLD
AMBERLEY,152.69590101,-27.63207347,QLD
BELGIAN GARDENS,146.79250671,-19.24750682,QLD
IRONPOT,151.4445205,-26.59670879,QLD
RIDGEWOOD,152.83010278,-26.46231264,QLD
DAVESON,146.03781443,-17.77951354,QLD
CLIFTON,151.91676193,-27.93752671,QLD
GREENLAKE,150.55633267,-23.03193504,QLD
YERRA,152.53526723,-25.59163012,QLD
NEWELL,145.40719276,-16.42380071,QLD
KANDANGA,152.6985246,-26.3906955,QLD
HUMEBURN,145.28224724,-27.42758226,QLD
THE PERCY GROUP,150.27012496,-21.65558914,QLD
CUSHNIE,151.7384785,-26.34834785,QLD
CANUNGRA,153.1367858,-28.03803627,QLD
BOULDER CREEK,150.31323623,-23.66986633,QLD
BUKALI,151.16736574,-24.81660696,QLD
OLD TALGAI,151.72480114,-28.02214312,QLD
GLENRAE,151.36674315,-25.64416175,QLD
VETERAN,152.71014117,-26.13392061,QLD
BURRUM TOWN,152.58677304,-25.32864482,QLD
PHILPOTT,151.39768338,-25.55399148,QLD
LAVELLE,151.28044265,-28.00024016,QLD
THE DIMONDS,152.85185819,-25.5354392,QLD
ARCADIA,146.860401,-19.14325128,QLD
WARANA,153.12690849,-26.72360365,QLD
MOOMIN,145.41480652,-17.36339289,QLD
COONGOOLA,145.86325927,-27.68664351,QLD
MOUNT DARRY,151.77268127,-27.19948084,QLD
GOORGANGA CREEK,148.4913412,-20.51430548,QLD
DURONG,151.25813928,-26.38299132,QLD
ROCKY POINT,141.88539688,-12.62167015,QLD
HULL HEADS,146.06111594,-17.98746958,QLD
PRATTEN,151.75508417,-28.09045271,QLD
BURKETOWN,139.63313737,-17.8521462,QLD
DALRYMPLE CREEK,146.07121832,-18.49533635,QLD
NEERDIE,152.72735905,-25.9564623,QLD
SANDIFORD,149.10600247,-21.24590242,QLD
PALEN CREEK,152.80420502,-28.29189088,QLD
CLAGIRABA,153.24226659,-27.99319723,QLD
DEEPWATER,151.94989144,-24.38621997,QLD
GUNDIAH,152.52119872,-25.83643784,QLD
WITHEREN,153.1915714,-28.03913057,QLD
CLARE,147.198338,-19.82460079,QLD
GAIRLOCH,146.17946075,-18.60136794,QLD
MALLING,151.60272094,-27.06318718,QLD
PUNSAND,142.40393564,-10.71406851,QLD
NUKKU,152.06579645,-26.85806242,QLD
GLEN APLIN,151.88015057,-28.73781666,QLD
SOUTH STRADBROKE,153.42325022,-27.84311491,QLD
KOORINGAL,153.42052426,-27.35066635,QLD
BALLOGIE,151.52553149,-26.34511035,QLD
MILES,150.15335325,-26.71590356,QLD
KOLONGA,151.68282479,-24.7818111,QLD
FERNY GROVE,152.92747625,-27.4034103,QLD
MOY POCKET,152.74314132,-26.52258801,QLD
KHOLO,152.78126338,-27.51199988,QLD
TALAROO,143.88208366,-18.05592368,QLD
YULABILLA,149.79894199,-27.02719174,QLD
AMAMOOR,152.67548004,-26.3469036,QLD
ARBOUIN,143.99535558,-17.06164569,QLD
BRYMAROO,151.61397198,-27.22648208,QLD
EURAMO,145.89662768,-18.00500603,QLD
CROSSROADS,150.4984852,-26.88696712,QLD
MOURILYAN HARBOUR,146.10431818,-17.59224045,QLD
ALICE CREEK,151.62344231,-26.75925318,QLD
VILLENEUVE,152.63148266,-26.95210657,QLD
WANDAL,150.49508422,-23.36823102,QLD
WOOTHA,152.80424171,-26.78526037,QLD
BOYNESIDE,151.49869611,-26.71596841,QLD
BURLEIGH HEADS,153.43299992,-28.10495205,QLD
BLACKWATER,148.79129602,-23.48564725,QLD
MUTDAPILLY,152.65954382,-27.75113718,QLD
MOSSMAN,145.37374751,-16.45106062,QLD
TOLGA,145.46497572,-17.19168468,QLD
WAMURAN,152.86878469,-27.0303061,QLD
BOOIE,151.94181899,-26.53685177,QLD
DUNKELD,148.0382712,-27.14239816,QLD
GLENMORGAN,149.60547603,-27.23115787,QLD
NATURAL BRIDGE,153.22287901,-28.22174747,QLD
GOOMALLY,149.22651251,-24.31726839,QLD
CLONTARF,153.07706196,-27.24411645,QLD
WALKAMIN,145.41721748,-17.13666658,QLD
SURFERS PARADISE,153.42293795,-28.00164887,QLD
SUGARLOAF,148.63113725,-20.31131921,QLD
STRATHDICKIE,148.59554969,-20.33035858,QLD
HODGSON VALE,151.94604907,-27.67493657,QLD
MENZIES,139.49716506,-20.71809031,QLD
GROSMONT,149.76855777,-25.95874584,QLD
ALLANDALE,152.75910711,-28.00835905,QLD
BLACKBUTT SOUTH,152.08339416,-26.90733105,QLD
CLUDEN,146.83309163,-19.31191508,QLD
CORALIE,141.81087413,-18.20506043,QLD
MINNIE DOWNS,145.85209909,-25.08591602,QLD
CRESTMEAD,153.08478357,-27.68795196,QLD
BUNDABERG NORTH,152.3438098,-24.84836689,QLD
NANDOWRIE,147.53684068,-24.33101627,QLD
RUSH CREEK,152.86509772,-27.20625489,QLD
WYCOMBE,148.60274232,-27.50313838,QLD
SOLDIERS HILL,139.48984157,-20.7052944,QLD
JULAGO,146.8842487,-19.37404087,QLD
GRAND SECRET,146.24522541,-20.07276724,QLD
RED RIVER,143.33573689,-17.44046924,QLD
MOUNT KILCOY,152.57942243,-26.84103155,QLD
MARCOOLA,153.07989496,-26.59274659,QLD
ROPELEY,152.26244658,-27.65559894,QLD
FINNIE,151.89149472,-27.62664716,QLD
EMU CREEK,151.99427307,-27.07663878,QLD
WUJAL WUJAL,145.31316899,-15.96836201,QLD
BREDDAN,146.2898865,-19.98040852,QLD
NERIMBERA,150.61046592,-23.41241614,QLD
YELARBON,150.66835035,-28.55707207,QLD
KINGAROY,151.83997888,-26.5309476,QLD
MINERVA,147.93323541,-23.97160839,QLD
CONA CREEK,147.87636115,-24.23664942,QLD
WINYA,152.57941536,-26.95298261,QLD
BOOROOBIN,152.7844997,-26.81840378,QLD
TARONG,151.86904334,-26.77465896,QLD
MOUNT SAMSON,152.8422499,-27.30299408,QLD
DUNWICH,153.40556634,-27.49735607,QLD
FARLEIGH,149.08843588,-21.09574795,QLD
BIDDADDABA,153.11132324,-27.99958816,QLD
CAMBOON,150.37073761,-25.0007068,QLD
HARRAMI,150.69245491,-24.78212295,QLD
CHURCHABLE,152.36994396,-27.42580038,QLD
BUNYA MOUNTAINS,151.56549124,-26.8800369,QLD
MORNINGSIDE,153.07649056,-27.4615617,QLD
BRINSMEAD,145.71557035,-16.89923316,QLD
YARRAMAN,151.98621961,-26.82817794,QLD
INJUNE,148.55470623,-25.85531639,QLD
BURNETT HEADS,152.40426028,-24.77690234,QLD
CLONCURRY,140.44783129,-20.52511226,QLD
MOOLA,151.54759189,-27.03686848,QLD
ROSSMOYA,150.49497402,-23.05012322,QLD
TARAMPA,152.55414136,-27.49597179,QLD
GOOWARRA,149.49014069,-23.51932728,QLD
EL ARISH,146.00593757,-17.80133772,QLD
VALE VIEW,151.89852426,-27.66059405,QLD
THANGOOL,150.57093302,-24.57753068,QLD
MUTARNEE,146.31829516,-18.97133953,QLD
CRYSTAL CREEK,146.27433597,-19.01712049,QLD
SPEEWAH,145.62573327,-16.89085826,QLD
KOBBLE CREEK,152.79738329,-27.26436364,QLD
HUMBOLDT,148.9271852,-24.2642464,QLD
EAST IPSWICH,152.77644491,-27.6077399,QLD
EURONG,153.11913905,-25.51250809,QLD
LAKES CREEK,150.57263553,-23.37296569,QLD
SPRINGSURE,148.07321063,-24.09680486,QLD
QUEENTON,146.28035775,-20.07543922,QLD
AUCHENFLOWER,152.99520275,-27.47391588,QLD
EUNGELLA DAM,148.40039589,-21.16537368,QLD
REDBANK PLAINS,152.85222743,-27.65170502,QLD
TORRENS CREEK,145.09123265,-21.21813299,QLD
NINDOOINBAH,153.0654948,-28.0543942,QLD
LUTWYCHE,153.03264097,-27.42180555,QLD
SPRING CREEK,152.02264407,-27.95731987,QLD
WEST HALDON,152.10205207,-27.77921083,QLD
MOUNT HUTTON,148.3422613,-25.91013191,QLD
BARTLE FRERE,145.88342402,-17.43907068,QLD
BLACKBUTT,152.10433108,-26.88474053,QLD
UPPER TENTHILL,152.21958212,-27.66048826,QLD
ALLORA,151.97847271,-28.01732869,QLD
ERAKALA,149.11582007,-21.13109295,QLD
CALDERVALE,146.82399891,-24.92270562,QLD
STRATHMORE,142.73366049,-17.39458786,QLD
CROYDON,142.24995329,-18.2064295,QLD
YATALA,153.2169643,-27.75388376,QLD
PEAK VALE,147.36250534,-23.20097639,QLD
MOUNT ABUNDANCE,148.50353798,-26.79613835,QLD
EIDSVOLD,151.05018736,-25.36810955,QLD
PALMYRA,149.07908767,-21.20566753,QLD
AIRVILLE,147.34550237,-19.6308597,QLD
OSBORNE,147.36076755,-19.6976324,QLD
MAADI,145.9918217,-17.83150741,QLD
CORNDALE,151.87916328,-26.44374291,QLD
MERMAID WATERS,153.42140356,-28.04981432,QLD
MIAMI,153.4357896,-28.06818428,QLD
GREGORY,139.38863659,-18.52276804,QLD
CANNON HILL,153.09495171,-27.47235118,QLD
TABRAGALBA,153.06634323,-27.99166754,QLD
HOLMVIEW,153.17097591,-27.71555736,QLD
KOAH,145.55782991,-16.91250472,QLD
KILCOY,152.56201264,-26.94228537,QLD
CHELTENHAM,150.79630032,-25.62431018,QLD
TRINITY BEACH,145.69745908,-16.79153914,QLD
BARGUNYAH,147.43285266,-27.23206195,QLD
LONG FLAT,152.65919199,-26.26492072,QLD
CAROLINE CROSSING,146.98546176,-25.67052575,QLD
KALAPA,150.19988777,-23.46035852,QLD
FLINDERS LAKES,152.88897889,-27.82922286,QLD
MILLAA MILLAA,145.62215097,-17.49902819,QLD
POSTMANS RIDGE,152.05276713,-27.5308558,QLD
GORE,151.41346232,-28.28416484,QLD
MOUNT TARAMPA,152.48075419,-27.45820561,QLD
WILLS,139.99473523,-23.01490124,QLD
WIEAMBILLA,150.40556599,-26.96879496,QLD
MIMOSA,149.60911067,-24.2682892,QLD
GOONDIWINDI,150.35713415,-28.39788741,QLD
CAIRNS NORTH,145.7619247,-16.90490974,QLD
KIPPA-RING,153.0831207,-27.22414134,QLD
OONOONBA,146.81635313,-19.29252398,QLD
COEN,143.2799867,-13.76662796,QLD
HIGHFIELDS,151.94773336,-27.46473535,QLD
CLERMONT,147.19651776,-22.80540412,QLD
FISHERMANS POCKET,152.59842443,-26.16641801,QLD
LOGAN VILLAGE,153.11599642,-27.78491799,QLD
PARKHURST,150.50527477,-23.30477627,QLD
DAMASCUS,151.97300073,-24.92760866,QLD
WHITSUNDAYS,148.98713219,-20.27453701,QLD
SHELDON,153.20050785,-27.58441847,QLD
TAKILBERAN,151.72160183,-24.89321515,QLD
MEADOWVALE,152.23884082,-24.82155084,QLD
SUNNYBANK HILLS,153.05237579,-27.59615164,QLD
BOONDOOMA,151.24094299,-26.15816567,QLD
CHERBOURG,151.93575296,-26.28888691,QLD
QUETTA,146.99641656,-23.14657119,QLD
SARINA BEACH,149.28492257,-21.38655143,QLD
REID RIVER,146.76817097,-19.74248163,QLD
ELPHINSTONE,148.21498752,-21.50626885,QLD
ADVANCETOWN,153.27678152,-28.07221422,QLD
KENSINGTON GROVE,152.47208502,-27.53277753,QLD
KEMMIS,148.33740962,-21.62485182,QLD
CEDAR VALE,153.01761375,-27.88072576,QLD
BOMBEETA,145.95807061,-17.68635689,QLD
SPRING CREEK,152.33139178,-27.45169783,QLD
MOODLU,152.91040514,-27.05484041,QLD
EAST BARRON,145.54786673,-17.29534794,QLD
WOMBLEBANK,147.8102202,-25.57040076,QLD
NORTHHEAD,143.17266905,-18.71988651,QLD
HEATHWOOD,152.98840274,-27.63984789,QLD
RASMUSSEN,146.72277441,-19.35242269,QLD
MOSQUITO CREEK,151.30180951,-28.2525143,QLD
LOWER WONGA,152.45767604,-26.11683233,QLD
CAMP HILL,153.07785091,-27.49577817,QLD
BEAUDESERT,153.00189763,-27.98813929,QLD
CLEAR MOUNTAIN,152.89300845,-27.32036455,QLD
IVORY CREEK,152.31320895,-27.06274019,QLD
HORTON,152.33058719,-25.23009032,QLD
DUCHESS,139.77921935,-21.28367154,QLD
MITCHELTON,152.9704796,-27.41189362,QLD
BADU ISLAND,142.14560832,-10.11664047,QLD
MOSSMAN GORGE,145.35719523,-16.46945494,QLD
ALLENVIEW,152.91514672,-27.91387496,QLD
GOODWOOD,152.37613138,-25.0895598,QLD
BEILBA,148.85416606,-25.64067761,QLD
VALENTINE PLAINS,150.76913517,-24.41900039,QLD
SANDRINGHAM,150.54532098,-23.21375235,QLD
KARAWATHA,153.08193589,-27.63475177,QLD
GREYMARE,151.72799087,-28.24432936,QLD
THE DAWN,152.68280925,-26.2478858,QLD
BEACONSFIELD,149.16655437,-21.08981436,QLD
CEMENT MILLS,151.59058981,-28.37838364,QLD
CARBINE CREEK,147.78537997,-23.18778671,QLD
LIMESTONE CREEK,150.56472957,-23.28846219,QLD
VIRGINIA,153.06306914,-27.37731257,QLD
UPPER DAWSON,148.61307483,-25.38955169,QLD
RUNAWAY BAY,153.40100583,-27.91358389,QLD
MOUNT MACKAY,145.99301653,-17.93854156,QLD
BENTLEY PARK,145.72219096,-17.00829602,QLD
JINGHI,151.09085955,-26.64215888,QLD
MOUNT HALLEN,152.38936318,-27.32296608,QLD
GRANADILLA,146.02990932,-17.86589048,QLD
BERRINBA,153.08144926,-27.65899518,QLD
OOMBABEER,149.52814327,-24.52094825,QLD
BONDOOLA,150.68155581,-23.17766363,QLD
MOUNT LOW,146.67009728,-19.22415094,QLD
CORNUBIA,153.21159645,-27.6602207,QLD
TAIGUM,153.04660181,-27.34251996,QLD
MOUNT WALKER,152.54830379,-27.77539631,QLD
KABRA,150.3931534,-23.50669277,QLD
MERINGANDAN,151.91880372,-27.40247601,QLD
SANDY CREEK,152.63819431,-26.85256187,QLD
BALGAL BEACH,146.41095845,-19.03910974,QLD
BLACK JACK,146.14500331,-20.16431465,QLD
COOTHARABA,152.93844087,-26.28761627,QLD
MOGGILL,152.87542504,-27.57728843,QLD
PORMPURAAW,141.80770924,-14.71977572,QLD
BANKS CREEK,152.71898665,-27.40948823,QLD
FOREST GLEN,153.01274676,-26.67625872,QLD
BARRON GORGE,145.66920367,-16.8801678,QLD
INGLESTONE,149.79097019,-27.62250302,QLD
LANDSBOROUGH,152.99036544,-26.80679078,QLD
MOUNT PELION,148.79666482,-20.93974949,QLD
KAIRABAH,153.12872448,-27.83647684,QLD
TIRROAN,151.92855329,-25.00965769,QLD
BURTON,148.11518863,-21.63323054,QLD
KURROWAH,151.16449904,-27.71203322,QLD
TINGALPA,153.12712184,-27.47358395,QLD
KEDRON,153.03077184,-27.40394929,QLD
HAIGSLEA,152.63318119,-27.56442885,QLD
SPRINGFIELD LAKES,152.91792042,-27.68541879,QLD
PRAIRIE,144.68255004,-21.33705661,QLD
BRISBANE AIRPORT,153.11321006,-27.38835678,QLD
THERESA CREEK,147.62098774,-23.07739763,QLD
SAXBY,142.66315094,-19.86437867,QLD
WARNER,152.94983884,-27.31219737,QLD
VINEGAR HILL,152.25921937,-27.46528288,QLD
DUCKINWILLA,152.49962265,-25.4109759,QLD
DRAPER,152.90655203,-27.35270779,QLD
ALDERSHOT,152.66472448,-25.46541032,QLD
KNAPP CREEK,152.80700919,-28.12743279,QLD
MOUNT MARTIN,148.81836828,-21.10324754,QLD
PARK RIDGE,153.06232158,-27.70538571,QLD
CURRUMBIN VALLEY,153.39421152,-28.20801367,QLD
KALUNGA,145.37231789,-17.44039394,QLD
THE COMMON,150.53332891,-23.3816696,QLD
KURUMBUL,150.49234959,-28.58184446,QLD
MUTTABURRA,144.4207316,-22.47961539,QLD
GUMLOW,146.6848172,-19.35248925,QLD
MARIAN,148.95136229,-21.17027287,QLD
OAKVIEW,152.32931409,-26.11998286,QLD
MONKLAND,152.68681306,-26.20926351,QLD
SELENE,151.14005042,-25.00910928,QLD
MUNBURA,149.1363573,-21.36827636,QLD
GLENBAR,152.35004047,-25.75070507,QLD
MACLAGAN,151.67252086,-27.05499973,QLD
GRANITE VALE,146.63512592,-19.57915875,QLD
BOONDALL,153.06942779,-27.34904338,QLD
MOUNT BYRON,152.67509938,-27.14399247,QLD
MUNRO PLAINS,145.78272096,-17.95384314,QLD
DIXALEA,150.31733402,-23.96725345,QLD
ALPHA,146.71351396,-23.62443503,QLD
MOUNT MULLIGAN,144.8821117,-16.78081831,QLD
MARAMIE,142.28989179,-16.03408769,QLD
CASTAWAYS BEACH,153.09759948,-26.42978458,QLD
PIERCES CREEK,152.03742992,-27.16399231,QLD
BUCCA,152.10222512,-24.86211154,QLD
MOA ISLAND,142.26524088,-10.18294834,QLD
SUNRISE BEACH,153.10280362,-26.41659157,QLD
SANDY CAMP,151.81570861,-27.97429856,QLD
BROUGHTON,146.33974763,-20.10147657,QLD
COOKTOWN,144.98571428,-15.36682871,QLD
MUDJIMBA,153.09458336,-26.61934783,QLD
PINEVALE,148.81894717,-21.33051123,QLD
CLEVELAND,153.27162073,-27.52982322,QLD
CARINDALE,153.11298796,-27.51152812,QLD
ST KILDA,151.91956311,-25.0588852,QLD
HIBERNIA,147.90295785,-23.08884867,QLD
PINKENBA,153.13727169,-27.39792947,QLD
ETTY BAY,146.08516862,-17.56150051,QLD
KARARA,151.56162151,-28.18333338,QLD
PRENZLAU,152.51483228,-27.52729238,QLD
EPSOM,148.82836498,-21.50009354,QLD
HUTTON CREEK,148.40811614,-25.68776872,QLD
UPPER BARRON,145.51245086,-17.38217746,QLD
KIN KIN,152.86833613,-26.25601306,QLD
STANAGE,150.07023215,-22.21828643,QLD
WEALWANDANGIE,148.02078114,-24.47077504,QLD
EAST FELUGA,145.9982706,-17.89654924,QLD
DJARAWONG,145.9798578,-17.86415723,QLD
EDWARD RIVER,142.36164037,-14.94438143,QLD
GLENLEE,150.46890953,-23.28608746,QLD
SILVER SPUR,151.32654671,-28.82808351,QLD
ARAMARA,152.34986911,-25.60212114,QLD
CHARLTON,151.85123556,-27.51729709,QLD
WOREE,145.7462267,-16.95949507,QLD
GIGOOMGAN,152.22876203,-25.76696498,QLD
NORTH MACLAGAN,151.68285585,-27.02915091,QLD
BEERBURRUM,152.98539947,-26.95063972,QLD
ELGIN,146.68521369,-22.225333,QLD
DALWOGON,150.08700262,-26.5732483,QLD
COTSWOLD HILLS,151.89461173,-27.52256721,QLD
CHERMSIDE,153.03229906,-27.38511303,QLD
PIMPAMA,153.31476196,-27.81287045,QLD
BROOKSTEAD,151.42889187,-27.71621289,QLD
UPPER WHEATVALE,151.87499751,-28.14099451,QLD
LESLIE,151.91680367,-28.17273867,QLD
LUMHOLTZ,145.88723182,-18.32602428,QLD
SCARBOROUGH,153.11006447,-27.2044659,QLD
SEVENTY MILE,146.61417672,-20.59650989,QLD
AURUKUN,141.82892236,-13.61019177,QLD
EIGHT MILE CREEK,147.23092753,-20.28266925,QLD
MIN MIN,140.65844915,-22.89639898,QLD
MOUNTAIN CAMP,152.0377917,-27.20466084,QLD
RETRO,147.93524619,-22.84785539,QLD
GLENHAUGHTON,149.14683268,-25.21616238,QLD
TAMAREE,152.6593558,-26.13503484,QLD
LAMB RANGE,145.68207262,-17.05547383,QLD
THE LEAP,149.02613195,-21.0579365,QLD
BLACKALL,145.40612541,-24.58543672,QLD
CORELLA,152.64573747,-26.10840982,QLD
LOCKYER WATERS,152.405777,-27.45379093,QLD
WONGLEPONG,153.15689985,-27.96896481,QLD
MOUNT MARLOW,148.63037086,-20.35230809,QLD
BELLMERE,152.89005496,-27.08436916,QLD
DEAGON,153.05886291,-27.32780209,QLD
BUCASIA,149.14927411,-21.03510525,QLD
TABLELANDS,151.94022523,-26.16230502,QLD
JUNCTION VIEW,152.18249454,-27.81060224,QLD
MARODIAN,152.29290983,-25.84859309,QLD
MIDDLETON,141.66346001,-22.5809925,QLD
SCOTCHY POCKET,152.52853148,-26.01013324,QLD
MOUNT GRAVATT,153.07157986,-27.54021934,QLD
COOCHIN CREEK,153.05380733,-26.88598127,QLD
INNES PARK,152.46730909,-24.86840058,QLD
NEW BEITH,152.94134897,-27.75982732,QLD
LAKELAND,144.803886,-15.96948827,QLD
WOODY POINT,153.10242189,-27.25504442,QLD
BELLARA,153.14567805,-27.06116754,QLD
ADAVALE,144.79991889,-25.92750913,QLD
KAGARU,152.91067173,-27.86125155,QLD
BEECHER,151.20364296,-23.91007775,QLD
VASA VIEWS,145.96417014,-17.4688008,QLD
MUNGABUNDA,149.21491993,-24.84745827,QLD
MALPAS-TRENTON,142.15816364,-19.92079354,QLD
TURALLIN,151.1983239,-27.82101284,QLD
ROLLESTON,148.61779643,-24.4719666,QLD
MOUNT PETER,145.73585544,-17.06316001,QLD
WITHCOTT,152.01424726,-27.53562715,QLD
MERRYBURN,145.97491253,-17.91640471,QLD
DARLINGTON,153.06775574,-28.23223314,QLD
CALLIOPE,151.18757506,-24.03350835,QLD
BUARABA,152.29732168,-27.36844632,QLD
GILLDORA,152.67957137,-26.29952721,QLD
GAINSFORD,149.90897415,-23.84503674,QLD
MAROOCHY RIVER,153.01860912,-26.57708718,QLD
WITTA,152.8263452,-26.70882016,QLD
BURDELL,146.69818635,-19.23238738,QLD
DINGO POCKET,145.818703,-17.92178365,QLD
ELLANGOWAN,151.68935133,-27.93848842,QLD
THORNTON,152.35120572,-27.79697053,QLD
MIDGE POINT,148.6893468,-20.65979038,QLD
LOWESBY,148.6871209,-24.33867857,QLD
CLINTON,151.21796751,-23.87568218,QLD
BEECHMONT,153.19324931,-28.11882462,QLD
UNDERWOOD,153.11133837,-27.60876289,QLD
LAWN HILL,138.54453347,-18.64582259,QLD
ST GEORGE,148.60730785,-27.9484865,QLD
GUMDALE,153.1572024,-27.49588559,QLD
SHOAL POINT,149.14233631,-21.01009758,QLD
MOOLOOLABA,153.11396372,-26.68374621,QLD
THORNLANDS,153.26120613,-27.56743205,QLD
MISSION RIVER,142.06519902,-12.6995745,QLD
CONDAMINE PLAINS,151.29191574,-27.67858016,QLD
BELCONG,148.20095443,-23.02996198,QLD
IMBIL,152.6455927,-26.49853564,QLD
ARCHER RIVER,142.52672882,-13.34787622,QLD
SHARON,152.24650546,-24.87304357,QLD
STARCKE,144.75415555,-14.66742181,QLD
TORQUAY,152.8713271,-25.29064303,QLD
BOKARINA,153.12989335,-26.73854816,QLD
NORTH BRANCH,151.62685516,-27.8459056,QLD
EULEILAH,151.85924974,-24.49374494,QLD
RUBYANNA,152.39186408,-24.81601198,QLD
MOUNT ALFORD,152.59191048,-28.07825966,QLD
UNDULLAH,152.8390461,-27.84820745,QLD
CADARGA,151.00845792,-26.11165059,QLD
EAGLEFIELD,147.80616159,-21.49713561,QLD
EAST RUSSELL,145.98360066,-17.26762875,QLD
DAGMAR,145.22732828,-16.16768842,QLD
GRAHAMS CREEK,152.59663477,-25.57368121,QLD
COLLINSVILLE,147.82623287,-20.55233851,QLD
CLOYNA,151.83082019,-26.11823981,QLD
MONDURE,151.77490847,-26.19314339,QLD
TARAGOOLA,151.23352255,-24.10618215,QLD
SOUTH INNISFAIL,146.04560075,-17.5458366,QLD
WATTLE CAMP,151.96231048,-26.45717941,QLD
SWANS LAGOON,147.16137476,-20.09647084,QLD
KINCORA,151.53597986,-27.80469584,QLD
BURRA BURRI,151.0495683,-26.42203997,QLD
PITTSWORTH,151.64309655,-27.73678241,QLD
BAKING BOARD,150.56455537,-26.70358241,QLD
BEMERSIDE,146.19246559,-18.55936014,QLD
PULLENVALE,152.88413239,-27.51737431,QLD
LEAFDALE,151.77183102,-26.23670603,QLD
IAMA ISLAND,142.7749961,-9.90101058,QLD
BURRUM HEADS,152.6054778,-25.21071976,QLD
COOLADDI,145.53472894,-26.65688033,QLD
PICKANJINNIE,149.09359687,-26.46222364,QLD
EBENEZER,152.61677505,-27.68061494,QLD
ALBERTA,149.7673,-24.30317049,QLD
ALLIGATOR CREEK,146.93221247,-19.41050769,QLD
SEXTON,152.47342472,-26.03834779,QLD
BRUSH CREEK,151.1458303,-28.58557087,QLD
PURGA,152.71648511,-27.70363634,QLD
WOONDUL,151.03433112,-28.08597354,QLD
BRIGOODA,151.3765768,-26.23271894,QLD
DEERAL,145.95290534,-17.20767051,QLD
PECHEY,152.04514526,-27.31315828,QLD
CANNON CREEK,152.72934024,-28.07869301,QLD
SILVERWOOD,152.00844428,-28.35448671,QLD
FELTON SOUTH,151.70488772,-27.87290354,QLD
BEDOURIE,139.52531471,-24.39737793,QLD
MAIN BEACH,153.42481493,-27.95255849,QLD
HAMILTON CREEK,150.39756678,-23.67254898,QLD
THE HEAD,152.44112394,-28.26427233,QLD
FORMARTIN,151.42038155,-27.37388038,QLD
BYBERA,150.9339337,-28.27358313,QLD
RIVERHILLS,152.9087329,-27.56189258,QLD
LESLIE DAM,151.89678989,-28.24999951,QLD
TANDORA,152.82137922,-25.45987285,QLD
SHELLY BEACH,153.1456792,-26.79647815,QLD
ARCHERFIELD,153.01128369,-27.56852191,QLD
MUTCHILBA,145.25688495,-17.18505286,QLD
MIDDLEMOUNT,148.64848467,-22.84047258,QLD
CALGOA,152.23245169,-25.87149203,QLD
KENSINGTON,152.31824908,-24.91709086,QLD
MACGREGOR,153.07342882,-27.56548354,QLD
HAMILTON,153.06831689,-27.43933588,QLD
BOONDANDILLA,150.60471838,-27.92201543,QLD
WALTER HILL,145.80350032,-17.82273752,QLD
LAKE MANCHESTER,152.76724816,-27.4486131,QLD
WOODGATE,152.50036835,-25.11728745,QLD
YARRADEN,143.24908973,-14.63969852,QLD
UPPER HAUGHTON,147.07952198,-19.74494231,QLD
MOSMAN PARK,146.26050077,-20.0988004,QLD
GRACEMERE,150.45293421,-23.45557242,QLD
CAPE GLOUCESTER,148.52640144,-20.16559734,QLD
ALEXANDRA HILLS,153.22889399,-27.53243048,QLD
YUNGABURRA,145.59697543,-17.27149041,QLD
WOWAN,150.15385092,-23.95021999,QLD
EAST DEEP CREEK,152.71768317,-26.19845271,QLD
KANDANGA CREEK,152.62501193,-26.39885588,QLD
CAPALABA,153.20289705,-27.54335046,QLD
YUGAR,152.87178528,-27.34561865,QLD
JIMNA,152.5203032,-26.68675232,QLD
MOUNT LOFTY,151.97918215,-27.53748794,QLD
AGNES WATER,151.91072501,-24.2260524,QLD
THALLON,148.81534679,-28.54244868,QLD
MINGOOLA,151.52922978,-28.94097411,QLD
FEDERAL,152.80745412,-26.39877927,QLD
TOLL,146.2529339,-20.04939426,QLD
EAST HALDON,152.27947004,-27.89048745,QLD
CLARENDON,152.53084844,-27.43099255,QLD
GOGANGO,149.91464441,-23.55113245,QLD
TANAWHA,153.02979774,-26.71984368,QLD
BILYANA,145.96503112,-18.11936125,QLD
MIA MIA,148.83062551,-21.22332014,QLD
DUTTON PARK,153.02585079,-27.49545175,QLD
ROBERTSON,153.05709514,-27.5649506,QLD
HOLROYD RIVER,142.46904799,-14.22703439,QLD
MILLCHESTER,146.28037129,-20.09236512,QLD
VERRIERDALE,153.01439983,-26.48817762,QLD
LIZARD,145.46253489,-14.66848769,QLD
UPPER FLAGSTONE,152.00499078,-27.63089446,QLD
CHARTERS TOWERS CITY,146.26014453,-20.0769485,QLD
WOODRIDGE,153.10569479,-27.6284389,QLD
MOUNT JULIAN,148.60815311,-20.37326227,QLD
GEEBUNG,153.04818876,-27.37205374,QLD
EUROMBAH,149.42456204,-25.85487171,QLD
AROONA,153.11647709,-26.78155068,QLD
GULF OF CARPENTARIA,139.68803765,-14.35588568,QLD
UPPER CABOOLTURE,152.90079217,-27.11396124,QLD
HOPELAND,150.66264246,-26.88745262,QLD
RANGEMORE,151.67036096,-26.99845138,QLD
DINGO BEACH,148.50225499,-20.09178561,QLD
MOUNT MORT,152.43303263,-27.77654747,QLD
VICTORIA POINT,153.29240079,-27.58426735,QLD
EVERTON HILLS,152.97174727,-27.38894317,QLD
LOTUS CREEK,149.07850229,-22.28292331,QLD
BOYNEDALE,151.29055003,-24.23140545,QLD
CEDAR GROVE,152.97502737,-27.85901446,QLD
MOUNT COOLON,147.33432685,-21.29056974,QLD
ELLIOTT,152.2756491,-25.00667005,QLD
SUNSHINE ACRES,152.7895301,-25.35957597,QLD
KAMERUNGA,145.68728699,-16.87755685,QLD
EVERTON PARK,152.98766838,-27.4003551,QLD
BROOKFIELD,152.90349347,-27.48347714,QLD
BEELBEE,150.82879774,-27.12993678,QLD
OAKHURST,152.62431416,-25.51007134,QLD
OXLEY,152.97560407,-27.56180379,QLD
MOUNT OSSA,148.83729508,-20.97325603,QLD
CABARLAH,151.99396801,-27.43658497,QLD
ORMEAU HILLS,153.23404002,-27.79889899,QLD
SOUTH BINGERA,152.20739646,-24.96412531,QLD
HABANA,149.0814883,-21.02683525,QLD
DUMGREE,150.6510311,-24.1858111,QLD
HOLLYWELL,153.39951133,-27.89528659,QLD
EUBENANGEE,145.99698063,-17.41846024,QLD
TENERIFFE,153.04831505,-27.45610411,QLD
MOUNT TABOR,152.06644471,-28.21278305,QLD
NINGI,153.06576032,-27.07096876,QLD
SEVENTEEN MILE ROCKS,152.95724332,-27.54811448,QLD
BRAY PARK,152.96779928,-27.2924398,QLD
EIGHT MILE PLAINS,153.09268548,-27.57977438,QLD
GLENLOGAN,153.00158337,-27.83397949,QLD
EUNGELLA HINTERLAND,148.42264781,-20.92274281,QLD
JARDINE RIVER,142.73140804,-11.25545803,QLD
ALBERTON,153.269545,-27.70742774,QLD
MARMOR,150.73892221,-23.70497433,QLD
MOORINA,152.87297606,-27.14907108,QLD
CANNON VALLEY,148.65198197,-20.31765051,QLD
SPRINGLANDS,147.76762134,-20.56046669,QLD
COONARR,152.47260845,-24.96882134,QLD
RIVERBEND,152.97059904,-27.82895163,QLD
KIMBERLEY,145.45908762,-16.27155926,QLD
EAGLE FARM,153.09032803,-27.43303533,QLD
WONGAWALLAN,153.23455419,-27.88761473,QLD
TEELAH,152.09869647,-26.77328526,QLD
GLANMIRE,152.69605902,-26.22786582,QLD
GIDYA,139.78583486,-19.26139351,QLD
DOOLANDELLA,152.98561857,-27.61318384,QLD
WARBURTON,140.92445185,-22.45856798,QLD
MAALAN,145.59694077,-17.60854072,QLD
BAHRS SCRUB,153.17159531,-27.73874596,QLD
BOIGU ISLAND,142.2152163,-9.26483575,QLD
KLEINTON,151.95293297,-27.41873408,QLD
STRATHPINE,152.99077676,-27.30111198,QLD
BINJOUR,151.4618516,-25.53715526,QLD
BOWEN HILLS,153.03667992,-27.44472501,QLD
ARCTURUS,148.33957597,-23.98928606,QLD
WARRAMI,145.7903405,-18.03855056,QLD
SAIBAI ISLAND,142.68995647,-9.39589329,QLD
SELWYN,140.48716673,-21.87687396,QLD
SLACKS CREEK,153.13383624,-27.64127827,QLD
MOUNT HOWE,148.19437842,-25.27915556,QLD
COWLEY BEACH,146.12887062,-17.65838177,QLD
ROCKYVIEW,150.52151544,-23.2515286,QLD
BRIGHTVIEW,152.49920401,-27.49855541,QLD
IRONPOT,150.6008342,-23.26204915,QLD
MOUNT MURCHISON,150.57740502,-24.33196967,QLD
CHEESEBOROUGH,147.82782989,-22.82842992,QLD
DYSART,148.34543381,-22.56052196,QLD
DEGILBO,151.98267748,-25.47776931,QLD
BENOBBLE,153.16492472,-27.99028739,QLD
WONDECLA,145.43911317,-17.43021614,QLD
GEORGETOWN,143.3248143,-18.24500688,QLD
EATONS HILL,152.9373739,-27.33996563,QLD
ABERCORN,151.14779341,-25.1367621,QLD
MOOROOBOOL,145.72965049,-16.93557881,QLD
BALCOMBA,149.63900193,-23.31234454,QLD
BOYLAND,153.13145056,-27.93742023,QLD
COTTONVALE,151.94028996,-28.52027341,QLD
BRENDALE,152.97824236,-27.32330221,QLD
CORBOULD PARK,153.06092787,-26.79541439,QLD
ST HELENS BEACH,148.80062508,-20.85361255,QLD
LANNERCOST,145.96222667,-18.60846643,QLD
ROCKINGHAM,145.9926931,-18.04705794,QLD
MIDDLE RIDGE,151.96689593,-27.60707931,QLD
THE NARROWS,150.95413076,-23.61391104,QLD
MULGOWIE,152.37219128,-27.72406868,QLD
HORSESHOE LAGOON,147.1408034,-19.56474432,QLD
HAIL CREEK,148.41199399,-21.44581056,QLD
REDLYNCH,145.69557896,-16.92531271,QLD
WALLOON,152.66366766,-27.6026942,QLD
MEIKLEVILLE HILL,150.74578585,-23.11482077,QLD
HIDEAWAY BAY,148.48237235,-20.08004821,QLD
BUCKLAND,147.55968584,-24.55869675,QLD
ELLERBECK,145.9960774,-18.23325398,QLD
EDMONTON,145.74057252,-17.01793502,QLD
TAMBORINE,153.13468596,-27.87074255,QLD
PENTLAND,145.47332985,-20.97673029,QLD
WELSBY,153.12405918,-26.98621118,QLD
RIORDANVALE,148.64305539,-20.28397402,QLD
TAMBORINE MOUNTAIN,153.19365759,-27.94214019,QLD
BUCCAN,153.13841066,-27.74010549,QLD
MACKENZIE RIVER,148.86277596,-23.06839581,QLD
REDCLIFFE,153.10711281,-27.22665279,QLD
CANINA,152.74519524,-26.14063825,QLD
DANBULLA,145.62558523,-17.15833001,QLD
BOODUA,151.82711847,-27.37819611,QLD
LETHEBROOK,148.64896936,-20.54379081,QLD
REIDS CREEK,151.53636237,-25.52335626,QLD
NEWLANDS,147.88648303,-20.93027423,QLD
WURUMA DAM,150.97443091,-25.13190336,QLD
SILVER RIDGE,152.0233007,-27.60995094,QLD
WESTMAR,149.75725148,-27.88862541,QLD
REWAN,148.4243129,-24.93647507,QLD
NUMINBAH VALLEY,153.23456415,-28.14523358,QLD
NEBO,148.78338862,-21.66136989,QLD
CARRUCHAN,145.91043069,-18.24429917,QLD
CLARKE CREEK,149.30864572,-22.71760799,QLD
WHITESIDE,152.91401398,-27.24957395,QLD
PERSEVERANCE,152.10507474,-27.37118539,QLD
CYNTHIA,151.11850667,-25.20296822,QLD
SOUTH TOWNSVILLE,146.83261678,-19.25916256,QLD
MYALL PARK,150.18825692,-26.56527858,QLD
OGMORE,149.67824223,-22.64617459,QLD
BARALABA,149.91761653,-24.31340194,QLD
ADARE,152.29547363,-27.51258744,QLD
YARRABILBA,153.11963783,-27.81523165,QLD
INVERLAW,151.75871477,-26.58085046,QLD
KHOSH BULDUK,148.02144889,-22.99507863,QLD
GLENDEN,148.1026136,-21.35960402,QLD
CALLEMONDAH,151.20737682,-23.83061604,QLD
JAPOONVALE,145.91198155,-17.72413305,QLD
JANDOWAE,151.16777216,-26.73623583,QLD
DEVEREUX CREEK,148.89202192,-21.10973851,QLD
RURAL VIEW,149.15920409,-21.06406759,QLD
WHITE ROCK,145.75778475,-16.97851852,QLD
GOOVIGEN,150.27001599,-24.10169781,QLD
CRYNA,152.98541873,-28.0387563,QLD
BERSERKER,150.52777697,-23.36449213,QLD
VERESDALE SCRUB,153.01675827,-27.91734996,QLD
JERICHO,146.09555927,-23.28743141,QLD
WARWICK,152.02817695,-28.21571661,QLD
KOORALBYN,152.8259154,-28.07149693,QLD
STONEHENGE,151.38612326,-28.10331047,QLD
PEREGIAN BEACH,153.07748379,-26.4720368,QLD
THULIMBAH,151.93270141,-28.55280515,QLD
BIRKDALE,153.21081769,-27.4985169,QLD
BALL BAY,148.98922291,-20.92861943,QLD
MOUNT BERRYMAN,152.31867016,-27.7176948,QLD
HOLLAND PARK WEST,153.06103858,-27.52662362,QLD
INDOOROOPILLY,152.97981292,-27.50732876,QLD
WOOROOLIN,151.77468525,-26.41062217,QLD
BARAMBAH,152.1199405,-26.32185716,QLD
MOUNT WALKER WEST,152.50073927,-27.77376572,QLD
CHATSWORTH,152.60942729,-26.140772,QLD
MONA PARK,147.23586773,-19.69451091,QLD
IVERAGH,151.37500496,-24.12323883,QLD
TOGARA,148.65377343,-23.99366343,QLD
DOONAN,153.0138614,-26.45009605,QLD
DALBEG,147.29316838,-20.2212048,QLD
ROCKLEA,153.00183479,-27.55106145,QLD
WAIKOLA,149.2390201,-26.1164487,QLD
FLORENCE BAY,146.87283932,-19.11803348,QLD
DUNDARRAH,151.93399546,-25.65914392,QLD
DURHAM DOWNS,149.06163388,-26.11402402,QLD
CALEN,148.74602238,-20.89709974,QLD
HERITAGE PARK,153.06129139,-27.68244378,QLD
SEPTIMUS,148.73352832,-21.28613841,QLD
EUREKA,152.15716964,-25.27954731,QLD
LAGLAN,146.43092565,-22.42505661,QLD
CURRA,152.59735834,-26.06953786,QLD
SOUTHEDGE,145.27428424,-16.77107749,QLD
BOYNE VALLEY,151.2760851,-24.44832945,QLD
BOATMAN,146.87288795,-27.11862237,QLD
MONTVILLE,152.88436108,-26.69284312,QLD
GLENAUBYN,149.92798402,-26.48595168,QLD
CAPE CLEVELAND,147.02470723,-19.33255977,QLD
MIRANI,148.86355037,-21.16370661,QLD
MILMAN,150.42457027,-23.10698097,QLD
BANKSIA BEACH,153.14403785,-27.04158541,QLD
BUNDABERG SOUTH,152.35950577,-24.87262,QLD
MOORE,152.27557993,-26.88468268,QLD
CHURCHILL,152.75037113,-27.63766838,QLD
SPRING MOUNTAIN,152.88104485,-27.70563056,QLD
MANUNDA,145.74918583,-16.91723385,QLD
BELIVAH,153.17498787,-27.75819739,QLD
DALMA,150.23232176,-23.35924153,QLD
NEW FARM,153.04623921,-27.46746326,QLD
BLANCHVIEW,152.03223494,-27.57825881,QLD
ARAMAC,145.38436886,-22.49584949,QLD
BELLI PARK,152.8212282,-26.50653011,QLD
RIFLE RANGE,152.53245677,-27.45330945,QLD
MARLBOROUGH,149.82237511,-22.83548477,QLD
TARANGANBA,150.7542252,-23.14979761,QLD
MALENY,152.85203405,-26.76174295,QLD
REDBANK CREEK,152.29325268,-27.29324333,QLD
KABAN,145.38686926,-17.50979359,QLD
FERNY HILLS,152.92402742,-27.39117618,QLD
MOUNT SHERIDAN,145.73218289,-16.98886141,QLD
MILLAROO,147.25867825,-20.04224947,QLD
GINDORAN,151.55821783,-24.57511058,QLD
COPPABELLA,148.30004606,-21.94739699,QLD
BURPENGARY,152.95834611,-27.15851949,QLD
SHIRBOURNE,147.06849921,-19.56925064,QLD
WAUGH POCKET,145.93551008,-17.44964938,QLD
NEWPORT,153.09009196,-27.21065205,QLD
FORESHORES,151.49887887,-24.08626006,QLD
WHITE ROCK,152.84916206,-27.69433327,QLD
BOOGAN,146.01579639,-17.60849471,QLD
DAGUN,152.67022329,-26.31730899,QLD
QUILPIE,144.21756734,-26.87107786,QLD
TULLY,145.92769097,-17.93974272,QLD
KINDON,150.84517496,-28.10840315,QLD
MORESBY,146.0312378,-17.63870096,QLD
BUNYA CREEK,152.83587415,-25.3772035,QLD
FIFTEEN MILE,152.05212853,-27.42073724,QLD
SANDY POCKET,146.03956007,-17.65856093,QLD
SHELBURNE,142.98510421,-12.0159355,QLD
VALKYRIE,148.63575792,-22.19732758,QLD
AUGUSTINE HEIGHTS,152.88042948,-27.6613972,QLD
RICHMOND HILL,146.2646733,-20.06402748,QLD
COORANGA,151.32585544,-26.80465009,QLD
LOWESTOFF,148.07961965,-22.84645504,QLD
LEYBURN,151.5945106,-28.02126688,QLD
WOLFANG,147.81592016,-22.64091635,QLD
HOYA,152.68119047,-27.9716096,QLD
BOULIA,139.91731763,-22.88112972,QLD
WALLIEBUM,152.71805369,-25.4213715,QLD
RICHMOND,149.14115129,-21.08823463,QLD
UPPER YARRAMAN,151.88511122,-26.90087043,QLD
WEYBA DOWNS,153.04733323,-26.44956765,QLD
BROXBURN,151.69590419,-27.72276059,QLD
NOAH,145.34916347,-16.18021222,QLD
UPPER COOYAR CREEK,151.72140523,-26.96958563,QLD
NEVILTON,151.9711623,-27.88400094,QLD
JOHNSTOWN,152.10817047,-26.41429972,QLD
CONDAMINE,150.10246663,-26.97078616,QLD
UMBIRAM,151.77137575,-27.66063953,QLD
LAKE MACDONALD,152.93676582,-26.39140349,QLD
PINELANDS,152.00298838,-27.23293264,QLD
SILVER CREEK,148.47783984,-20.47243498,QLD
MORABY,149.73866057,-26.88776643,QLD
THE BLUFF,152.13958862,-27.19669978,QLD
LOGAN CENTRAL,153.10718425,-27.64381841,QLD
BORALLON,152.70347034,-27.49677175,QLD
DUINGAL,152.0500933,-25.10725003,QLD
BIRDSVILLE,139.15960698,-25.4070725,QLD
NORWIN,151.38305818,-27.53304634,QLD
GOOLMAN,152.76795986,-27.73512388,QLD
STANWELL,150.30742335,-23.51091402,QLD
NINE MILE,150.35635765,-23.41180938,QLD
ROSSVILLE,145.24182969,-15.79635366,QLD
MOUNT MORIAH,151.48502567,-27.47476319,QLD
WEST PRAIRIE,151.40205932,-27.44189582,QLD
WAINUI,151.45623216,-27.32893822,QLD
TANBAR,141.48213937,-26.18210369,QLD
ESKDALE,152.21410353,-27.14343401,QLD
GOOMBURRA,152.21048717,-28.00031277,QLD
PLAINBY,151.96020611,-27.26935237,QLD
LOGANHOLME,153.18660553,-27.68407303,QLD
HEADINGTON HILL,152.03098487,-27.91282173,QLD
HERMIT PARK,146.80370946,-19.28303499,QLD
KOORALGIN,151.93769429,-26.93318994,QLD
WEST GLADSTONE,151.24660889,-23.8583516,QLD
CONONDALE,152.6921108,-26.74154688,QLD
SEVERNLEA,151.91506365,-28.70388708,QLD
CARPENTARIA,140.15963016,-17.9781328,QLD
SPRINGVALE,151.19534296,-27.35874672,QLD
PINE HILLS,149.93935886,-26.89617822,QLD
CAINBABLE,153.09406969,-28.1431681,QLD
BYELLEE,151.19460782,-23.87414704,QLD
WOOPEN CREEK,145.8777019,-17.46979614,QLD
EAST COOYAR,151.86829423,-27.03217831,QLD
BOOYAL,152.08027166,-25.2127005,QLD
MUNDOOLUN,153.07151472,-27.89939763,QLD
MOONFORD,151.03826411,-24.75825178,QLD
INNISFAIL,146.02853024,-17.52261311,QLD
ELGIN VALE,152.20429783,-26.43546347,QLD
CORNWALL,148.44182501,-26.08168127,QLD
WANORA,152.67030283,-27.51228411,QLD
BERGEN,151.90540961,-27.25541213,QLD
O'REILLY,153.13611102,-28.21223663,QLD
WEST STOWE,151.13167856,-23.91069083,QLD
WHETSTONE,150.8432626,-28.44430392,QLD
UPPER PINELANDS,151.95727695,-27.22255056,QLD
MONTO,151.10853607,-24.84314315,QLD
CLONTARF,151.22798126,-27.9717687,QLD
CAPE HILLSBOROUGH,149.02571479,-20.92160067,QLD
DJUAN,151.91106575,-27.17975024,QLD
TIPTON,151.25703703,-27.46417013,QLD
KILBIRNIE,151.82595383,-27.23444032,QLD
FERNVALE,152.66374653,-27.45953516,QLD
COALBANK,151.86271768,-27.12495176,QLD
BLAXLAND,151.40748854,-27.20942013,QLD
BROADWATER,151.87435222,-28.66148796,QLD
ROSSLEA,146.80220595,-19.29769687,QLD
EVANSLEA,151.51872158,-27.53237849,QLD
GLENAVEN,151.97315285,-27.17810942,QLD
TEWANTIN,153.01681648,-26.39379492,QLD
ORALLO,148.51329382,-26.29337306,QLD
CECIL PLAINS,151.17239861,-27.52725553,QLD
PIMPIMBUDGEE,151.75718337,-26.90453056,QLD
BIARRA,152.30041789,-27.20317677,QLD
REESVILLE,152.78674091,-26.75887829,QLD
HADEN,151.87918895,-27.2167251,QLD
GOWRIE MOUNTAIN,151.82168761,-27.51521488,QLD
MILLWOOD,151.20204318,-28.01967487,QLD
GLENEAGLE,152.95948428,-27.94091723,QLD
BARKLY,138.47824643,-20.60217557,QLD
FARRARS CREEK,141.42869396,-25.13670079,QLD
GRAYS GATE,151.31991992,-27.97099864,QLD
PALMER,143.61270506,-15.95232855,QLD
FITZGERALD CREEK,145.97631143,-17.49198107,QLD
TINBEERWAH,152.97575376,-26.40247323,QLD
MOUNT IRVING,151.58012394,-27.51436038,QLD
MILFORD,152.7103263,-28.03067305,QLD
COWAN COWAN,153.36616618,-27.12584281,QLD
JONDARYAN,151.58698191,-27.39817059,QLD
LITTLE MULGRAVE,145.71526517,-17.13074676,QLD
DOCTOR CREEK,151.81059233,-27.17336898,QLD
FLAXTON,152.86410898,-26.65710822,QLD
COOYAR,151.83409055,-26.96541284,QLD
DIWAN,145.42280081,-16.19070053,QLD
LAKEFIELD,144.21135072,-14.81841737,QLD
EAST NANANGO,152.06802856,-26.68507276,QLD
GRASSDALE,151.13920798,-27.41312406,QLD
YARAKA,144.22780858,-24.89257391,QLD
KIAMBA,152.90615676,-26.57648351,QLD
DOMVILLE,151.27812033,-27.93580034,QLD
BULWER,153.36945826,-27.07873944,QLD
SPLIT YARD CREEK,152.65220431,-27.37337696,QLD
KIELS MOUNTAIN,153.008101,-26.65635086,QLD
HALLIFORD,150.95902689,-27.4583413,QLD
BONGEEN,151.4488695,-27.56665332,QLD
CALAMVALE,153.04821884,-27.62256998,QLD
MILLMERRAN,151.26711097,-27.88240188,QLD
SOUTHBROOK,151.73561577,-27.68305155,QLD
CAPTAINS MOUNTAIN,151.11846536,-27.94070148,QLD
LINTHORPE,151.66556108,-27.61227785,QLD
BIDDESTON,151.73278996,-27.55555045,QLD
ST AUBYN,151.90526231,-27.0767881,QLD
MANAPOURI,151.99876357,-27.8569368,QLD
GOOMBUNGEE,151.84603161,-27.30504219,QLD
DRILLHAM SOUTH,149.98600546,-26.7915125,QLD
CULLINANE,146.02238163,-17.51143363,QLD
THOOPARA,148.56822016,-20.54848458,QLD
GAILES,152.91338683,-27.61149868,QLD
FERNEY,152.62141663,-25.61307652,QLD
DALRYMPLE HEIGHTS,148.52214474,-21.05232795,QLD
CHINGHEE CREEK,152.98473682,-28.2878291,QLD
BARNEY VIEW,152.7677464,-28.23226695,QLD
IDERAWAY,151.60827276,-25.56977962,QLD
DARR CREEK,151.15072473,-26.51854024,QLD
COOCHIN,152.6527496,-28.11298667,QLD
KIN KORA,151.24679713,-23.87736856,QLD
PILTON,152.07117107,-27.87465202,QLD
MOUNTAIN CREEK,153.10144937,-26.70259747,QLD
YANDILLA,151.36467084,-27.85203577,QLD
DALBY,151.26174519,-27.15350654,QLD
PONY HILLS,148.9537777,-25.89008873,QLD
BYEE,151.84755508,-26.18455681,QLD
MERRIMAC,153.37267877,-28.050145,QLD
CARRARA,153.3663639,-28.02056666,QLD
MARIA CREEKS,146.03871858,-17.81699815,QLD
MCCUTCHEON,146.06132632,-17.7233231,QLD
WALLU,152.91685675,-25.95125646,QLD
LANGLANDS,150.9874079,-26.69392181,QLD
MOUNT EDWARDS,152.52798976,-28.01795824,QLD
CRAWFORD,151.80505134,-26.4975329,QLD
JOBS GATE,146.72047661,-28.80552637,QLD
BAKERS BEND,146.10006777,-26.73081958,QLD
KOONGAL,150.55008565,-23.36684553,QLD
EURELLA,148.1766472,-26.69036547,QLD
SUSAN RIVER,152.8241027,-25.41582138,QLD
NORMAN PARK,153.061731,-27.47912012,QLD
MINYAMA,153.12306136,-26.69565008,QLD
MERLWOOD,151.87905214,-26.15262491,QLD
WYAGA,150.63291442,-28.19275906,QLD
REEDY CREEK,153.39635818,-28.11245455,QLD
DOUGLAS,151.90640612,-27.32016376,QLD
FRENCHES CREEK,152.63360428,-28.02221819,QLD
OORALEA,149.143786,-21.1801983,QLD
EAST END,151.01420786,-23.9035612,QLD
LANDERS SHOOT,152.92585201,-26.71374265,QLD
MUDGEERABA,153.34901145,-28.09370479,QLD
PARK AVENUE,150.51233449,-23.35681004,QLD
STALWORTH,151.58892663,-26.11107718,QLD
OMAN AMA,151.33827538,-28.42699886,QLD
KARALEE,152.82549932,-27.5608834,QLD
CURRAJAH,145.98469222,-17.57857472,QLD
FARNBOROUGH,150.76538577,-23.03768119,QLD
STOCKYARD,150.78858539,-22.85014978,QLD
TOOBANNA,146.14706447,-18.71355204,QLD
BOGANDILLA,149.77487561,-26.48434007,QLD
GOOMBI,150.41158359,-26.72369859,QLD
SUJEEWONG,150.53966779,-25.74119373,QLD
PROSTON,151.58916386,-26.17816566,QLD
MOUNT FORBES,152.60985367,-27.73037611,QLD
HATTON VALE,152.48152688,-27.56237835,QLD
RAILWAY ESTATE,146.81855938,-19.27590603,QLD
BEENAAM VALLEY,152.81617358,-26.19224323,QLD
MYSTERTON,146.79369695,-19.28714381,QLD
WILSTON,153.01874173,-27.43464006,QLD
WANGAN,146.00721257,-17.57305952,QLD
HUMPHERY,151.46604514,-25.60273985,QLD
WONDAI,151.86116501,-26.30132678,QLD
MOUNT OMMANEY,152.93216565,-27.54604578,QLD
GREENLANDS,151.78871043,-28.6510762,QLD
OLD COORANGA,151.40811101,-25.79328335,QLD
YARRANLEA,151.54533174,-27.72105764,QLD
UMAGICO,142.38341934,-10.91069051,QLD
COOLMUNDA,151.20980482,-28.43616378,QLD
MIDDLE PARK,152.92227029,-27.55596404,QLD
ALLAN,151.95146703,-28.19566452,QLD
NANDI,151.14719473,-27.28408357,QLD
WALLUMBILLA NORTH,149.25507684,-26.43283042,QLD
KAIMKILLENBUN,151.40856526,-27.03681773,QLD
THE GUMS,150.22166581,-27.31690525,QLD
WOOLOOMAN,152.77030978,-27.87271241,QLD
NEW MAPOON,142.42372175,-10.78879312,QLD
SEISIA,142.36795828,-10.85354647,QLD
MOORLAND,152.20097822,-24.75472315,QLD
BUNDAMBA,152.81016264,-27.60083886,QLD
CHEWKO,145.37341436,-17.06719744,QLD
THE PINES,150.97017514,-27.9724136,QLD
AMITY,153.45086322,-27.39948951,QLD
ALLENSTOWN,150.50389767,-23.39399601,QLD
MIVA,152.4725219,-25.95716053,QLD
CLAIRVIEW,149.45385201,-22.05876471,QLD
FICKS CROSSING,151.89051322,-26.26206246,QLD
OKEDEN,151.50011968,-26.16242967,QLD
PALMWOODS,152.95593443,-26.69346597,QLD
ST RUTH,151.27906853,-27.32507655,QLD
BOROREN,151.50712583,-24.24112542,QLD
MCILWRAITH,151.99804773,-25.00132531,QLD
HAMPTON,152.06920891,-27.37062404,QLD
BUNDABERG CENTRAL,152.35097781,-24.86696104,QLD
WOMALILLA,147.80790788,-26.55346504,QLD
BLUE HILLS,146.49835525,-19.24752181,QLD
DICKY BEACH,153.13506955,-26.7839764,QLD
ARMSTRONG BEACH,149.26952329,-21.4411027,QLD
JUNDAH,143.17393649,-25.04982957,QLD
OBI OBI,152.81620768,-26.64365497,QLD
KINGAHAM,152.37777434,-26.54042166,QLD
OXENFORD,153.30291826,-27.90569513,QLD
KIRWAN,146.72553462,-19.30342739,QLD
KANIGAN,152.58640321,-25.93870204,QLD
DULULU,150.27481907,-23.84798035,QLD
BRINGALILY,151.13656265,-28.07605353,QLD
BRAMSTON BEACH,146.01336876,-17.35519553,QLD
SOMERSET,142.53716462,-10.80963932,QLD
COORAN,152.81223749,-26.34075276,QLD
LOWER MOUNT WALKER,152.53596803,-27.72151088,QLD
INGLEWOOD,151.06420575,-28.38909383,QLD
MUCKADILLA,148.37142449,-26.64162886,QLD
STRATHFIELD,148.54829065,-21.75578561,QLD
COORUMBA,145.91203808,-17.56933806,QLD
TURKEY BEACH,151.6512638,-24.08195734,QLD
LAKE PROSERPINE,148.32528095,-20.39616699,QLD
CAMIRA,152.92091437,-27.63455244,QLD
SPRINGFIELD,144.51568804,-17.93211199,QLD
WALLUMBILLA,149.18645738,-26.59110963,QLD
WESTLAKE,152.91269566,-27.54840422,QLD
CALINGUNEE,150.33067446,-27.99987132,QLD
BANNOCKBURN,153.19215863,-27.75984198,QLD
WOLEEBEE,149.84410081,-26.29449974,QLD
YAGABURNE,150.51578493,-28.08116582,QLD
BAYVIEW HEIGHTS,145.72585736,-16.96227911,QLD
JOHNSONS HILL,150.41244806,-23.62409602,QLD
GLADSTONE CENTRAL,151.24886576,-23.84263689,QLD
WONDALLI,150.59236835,-28.37510578,QLD
SKYRING RESERVE,151.96164451,-25.04490781,QLD
DIGLUM,151.08330138,-24.25007122,QLD
CAMBOOYA,151.84990039,-27.7203256,QLD
WASHPOOL,152.76543392,-27.83878447,QLD
BERAJONDO,151.80227573,-24.63509617,QLD
BELLENDEN KER,145.92821158,-17.27663382,QLD
NETHERDALE,148.5398871,-21.12549022,QLD
WYARALONG,152.81150048,-27.92499972,QLD
WILLOWBANK,152.67407277,-27.68214351,QLD
TRINITY PARK,145.70655589,-16.80764927,QLD
UPPER PILTON,152.15017821,-27.92316923,QLD
ROSEWOOD,152.59287369,-27.63873712,QLD
WHYANBEEL,145.3527752,-16.34508257,QLD
DEUCHAR,151.94584893,-28.09723232,QLD
MEANDARRA,149.86485805,-27.30304652,QLD
PROSERPINE,148.56540322,-20.41110588,QLD
PINJARRA HILLS,152.90866932,-27.53797846,QLD
GUNYARRA,148.55726647,-20.49035192,QLD
BUNDABERG WEST,152.33793628,-24.87230865,QLD
ANTHONY,152.69008911,-27.88102778,QLD
MARYVALE,150.61818334,-22.9797532,QLD
MOORANG,152.45161999,-27.92087547,QLD
ABBEYWOOD,151.64120688,-26.10474007,QLD
MABUIAG ISLAND,142.18156809,-9.95488669,QLD
WYALLA,152.07695615,-26.46482377,QLD
BILINGA,153.50706625,-28.16070035,QLD
BELL,151.43865933,-26.92280261,QLD
JARVISFIELD,147.49795145,-19.57775755,QLD
TARA,150.43437697,-27.25439753,QLD
SYNDICATE,145.2898153,-16.42460215,QLD
BOWENVILLE,151.45952516,-27.28310974,QLD
PIRRINUAN,151.23428774,-27.04523703,QLD
AMBY,148.18252454,-26.53789798,QLD
DELAN,152.05065317,-25.01731584,QLD
PARREARRA,153.12220492,-26.71178431,QLD
TOOGOOLAWAH,152.36789144,-27.09368904,QLD
WALHALLOW,148.24791395,-26.35128714,QLD
BIBOOHRA,145.43306134,-16.86714197,QLD
RANSOME,153.1821939,-27.48665704,QLD
FELTON,151.75874568,-27.7979372,QLD
THE RANGE,150.49573223,-23.39270642,QLD
ROSEDALE,151.88754494,-24.66008111,QLD
MURARRIE,153.10842008,-27.45243326,QLD
HANNAFORD,150.03360675,-27.43795422,QLD
BAMAGA,142.43252365,-10.8558779,QLD
GLENARBON,150.92200008,-28.59246912,QLD
BROVINIA,151.13323097,-25.89559783,QLD
HAMILTON PLAINS,148.58041016,-20.38233324,QLD
JUBILEE POCKET,148.72935518,-20.28853434,QLD
KARRAGARRA ISLAND,153.37184655,-27.63834133,QLD
MILES END,139.48756741,-20.72089858,QLD
GLAN DEVON,152.01508531,-26.61698317,QLD
CASTLE HILL,146.80005876,-19.25593216,QLD
INKERMAN,147.49755155,-19.71230824,QLD
HUNCHY,152.91113812,-26.67990749,QLD
KINKUNA,152.45549487,-25.02489303,QLD
KINGS BEACH,153.1422664,-26.80157536,QLD
PALM BEACH,153.46306503,-28.11599962,QLD
CREMORNE,149.1921664,-21.13396226,QLD
VARSITY LAKES,153.41100345,-28.08885726,QLD
MOONIE,150.3606964,-27.73075955,QLD
SOUTH ISIS,152.29978558,-25.2679252,QLD
LONG POCKET,145.97312532,-18.51679765,QLD
HAZLEDEAN,148.90192079,-21.36424733,QLD
NATHAN,153.05318963,-27.5486591,QLD
DALGA,151.47114926,-24.6232862,QLD
MULLETT CREEK,152.06594534,-24.5983265,QLD
BOREEN POINT,152.98329717,-26.28100383,QLD
WARNUNG,151.83448415,-26.15357987,QLD
RIVERLEIGH,151.2210414,-25.58637086,QLD
YAROOMBA,153.09302648,-26.55284838,QLD
TEMPLIN,152.6469099,-27.96945173,QLD
WOONGOOLBA,153.32060717,-27.72979563,QLD
PETRIE TERRACE,153.01319639,-27.46319543,QLD
CANNON CREEK,151.87405195,-28.60573909,QLD
WONGALING BEACH,146.09550669,-17.90086183,QLD
LOWER BEECHMONT,153.23788509,-28.05050819,QLD
NORTH WARD,146.80898582,-19.24844049,QLD
KRAGRA,150.78625994,-26.12218663,QLD
GROSVENOR,151.17124701,-25.43589768,QLD
CONDON,146.71658581,-19.32965312,QLD
COQUETTE POINT,146.07111258,-17.52663363,QLD
KULGUN,152.68144233,-27.93117236,QLD
CABOONBAH,152.48995102,-27.14148839,QLD
THREE MOON,151.13209051,-24.91578761,QLD
FIG TREE POCKET,152.96235924,-27.52848143,QLD
SPRINGDALE,151.60886805,-28.79016095,QLD
ALBANY,142.60076927,-10.73261548,QLD
AYTON,145.3530478,-15.9215067,QLD
BAAS YARD,141.77408106,-15.11058547,QLD
BADU ISLAND,142.15000833,-10.11698645,QLD
BAMAGA,142.38889827,-10.88792647,QLD
BANNICK BURN,138.8083421,-17.92898035,QLD
BARRAKIAH,139.69695011,-16.48093038,QLD
BATAVIA LANDING,141.90578222,-12.16616545,QLD
BATTLE CAMP,144.70333789,-15.28061665,QLD
BUDDABADOO,145.87099269,-17.00285674,QLD
BENTINCK ISLAND,139.56786309,-17.09079938,QLD
BIDJAGUN,139.21157914,-16.56991636,QLD
BLACKBOY,149.47200677,-24.15608709,QLD
BOIGU COMMUNITY,142.21900837,-9.23198645,QLD
BOIGU ISLAND,142.21700837,-9.26698645,QLD
BONNIE GLENN,145.3414578,-15.9016867,QLD
COCKATOO BORE,141.59184905,-15.49393247,QLD
CROCODILE STATION,144.66770786,-15.71908665,QLD
CHERBOURG,151.95474429,-26.29152933,QLD
AMBRYM POINT,145.8260077,-16.89054674,QLD
ARCHER RIVER,142.9408521,-13.43723552,QLD
ATAMBAYA,142.46046623,-11.65023948,QLD
JILGI,145.89706569,-16.99377175,QLD
JIMMY'S CAMP,141.7921851,-14.45792347,QLD
JOES LAGOON,141.64960005,-15.50543247,QLD
JUYUGA,145.88852369,-16.95488974,QLD
KENCHERRANG,141.59007214,-13.84759945,QLD
KING JUNCTION,143.51228491,-15.88401158,QLD
KULINCHIN,141.61142812,-14.18895646,QLD
KOWANYAMA,141.74638904,-15.47603147,QLD
KOWANYUMAL,141.73229806,-15.15290847,QLD
KUBIN,142.21900832,-10.23298645,QLD
KUKU-YAO,143.24934814,-12.51302453,QLD
KULPA,143.37113903,-14.18426956,QLD
BULL LAKE,142.06620406,-14.82401649,QLD
DOOMADGEE,138.8300881,-17.94431635,QLD
DUCK HOLE,141.63296605,-15.41011747,QLD
DWENDI,139.22042914,-16.54123136,QLD
DOWAR ISLAND,144.02827827,-9.94534656,QLD
EIGHT MILE,138.72221511,-17.92664935,QLD
ELIM,145.31087485,-15.26121569,QLD
ENGKORAM,141.75100804,-15.47588647,QLD
EUNNMEN,141.58572209,-14.80529346,QLD
FAIRLIGHT,144.04616389,-15.74667061,QLD
FAIRVIEW STATION,144.28184489,-15.49829962,QLD
FESTIVAL GROUND,144.53102887,-15.64688264,QLD
FORDY FARM,145.07000786,-15.28998667,QLD
GABUNYARI,139.36232013,-16.57560837,QLD
LAMAGIAN POINT,139.17000814,-16.64768636,QLD
LAMETHA,139.26625614,-16.49412136,QLD
LANGI,142.69578911,-13.45064751,QLD
LANDING,141.70931505,-15.34207547,QLD
LOCKERBIE,142.45942428,-10.78948947,QLD
GARRAWAY CROSSING,143.09570813,-12.72988653,QLD
GLEN GARLAND,143.27461099,-14.84923456,QLD
GUBAN GURRU,139.24000814,-16.59638636,QLD
GUMHOLE,138.8577351,-17.96765936,QLD
GUNUNA,139.18000814,-16.66598636,QLD
GUNBAH,139.42482813,-16.55469037,QLD
GUNUN WOONAM,139.37936512,-16.65875737,QLD
OCHANGAN-THATHENH,141.67925115,-13.52218545,QLD
HALL POINT,139.29343014,-16.47816036,QLD
HAMMOND ISLAND,142.2140083,-10.54598646,QLD
HORN ISLAND,142.25128629,-10.59674346,QLD
INJINOO,142.32557827,-10.90626647,QLD
DAJARRA,139.51397787,-21.69513641,QLD
DARNLEY ISLAND,143.7630083,-9.59698654,QLD
DAUAN ISLAND,142.53847535,-9.41254347,QLD
DAUNIVALE,145.3228028,-15.9481367,QLD
DIMERAH,139.44485613,-16.44968337,QLD
DJENIJHI,145.88674469,-16.94534474,QLD
PINAR MUNUW,141.70394205,-15.40452347,QLD
PLEASANT VIEW,145.07600786,-15.28398667,QLD
POONKO,141.6675571,-14.47211346,QLD
PORT STEWART,143.68503102,-14.06724857,QLD
PRINCE OF WALES ISLAND,142.18500829,-10.68398646,QLD
PRINCE OF WALES,142.20418829,-10.70015646,QLD
PUNTIMU,143.63859202,-14.08042357,QLD
PUNSAND BAY,142.46324628,-10.72120347,QLD
MOUNT WEBB,145.14779987,-15.08168368,QLD
MURRAY ISLAND,144.04798827,-9.91103656,QLD
NGAKAYANGKA,141.54171911,-14.53246145,QLD
NAPRANUM,141.88900819,-12.68198646,QLD
NEW GARDEN,139.40000813,-16.54998637,QLD
NEW MAPOON,142.38639827,-10.86626647,QLD
PYANG,142.15123818,-12.60700347,QLD
MANTAKA,145.59400772,-16.80398672,QLD
MABUIAG ISLAND,142.19200833,-9.95398645,QLD
MAGGIE HOLE,141.86679904,-15.44733948,QLD
MAPOON,141.90300823,-12.01898645,QLD
MARMANYA,138.33910097,-21.59663536,QLD
MELAMEN,141.70293007,-15.01067747,QLD
MELTERR,141.68174405,-15.32063347,QLD
MERAPAH STATION,142.41250811,-13.7189865,QLD
MIRRAGUDT,139.15787214,-16.62616636,QLD
MOA ISLAND,142.26700832,-10.18298646,QLD
MONA MONA,145.57524273,-16.74490372,QLD
MOOJEEBA,143.64231102,-14.08098657,QLD
MORNINGTON ISLAND,139.17918314,-16.66282436,QLD
MOSSMAN GORGE,145.34158676,-16.4755147,QLD
MOURIGAN,145.88371169,-16.93930674,QLD
MARINA PLAINS,143.87490798,-14.54758659,QLD
WALBERI,139.49627792,-20.74489641,QLD
WONYA BORE,141.75888205,-15.31703347,QLD
WOORABINDA,149.45594677,-24.13465109,QLD
WUJAL WUJAL,145.3182958,-15.9461087,QLD
WUNGU,145.90424269,-16.92923475,QLD
YAANENG,141.89348413,-13.76165947,QLD
YAAWATHAN,141.85355407,-14.80496747,QLD
YAM ISLAND,142.77161132,-9.89918648,QLD
YALLAMBIE,139.49329792,-20.74041641,QLD
NGOODERI,138.66543012,-17.89971035,QLD
NGULAN,144.9540079,-14.82298666,QLD
OLD DOOMADGEE,138.91880914,-16.90821235,QLD
OLD SITE,143.5090821,-12.95980655,QLD
OLIVEVALE,144.43854788,-15.53029463,QLD
ONE MILE,153.40600599,-27.49758748,QLD
OOMBUNGHI,145.88775569,-16.96800974,QLD
ORINERS,142.94470598,-15.41040654,QLD
PENKELTHAN,141.66122708,-14.94978346,QLD
PENNEFATHER,142.07328319,-12.65449447,QLD
PEPPAN,142.07309218,-12.66078847,QLD
THE CROSSING,141.71141005,-15.40479747,QLD
THEETHINJI,143.66369502,-14.08362957,QLD
THAANGKUNH-NHIIN,141.56605913,-14.02957745,QLD
THOMPSONS CREEK,145.3523128,-15.9342547,QLD
THULKURR,139.17000814,-16.64608636,QLD
THURSDAY ISLAND,142.2200083,-10.57898646,QLD
TIITCH,141.79826418,-13.01456346,QLD
CHUULA,143.00181211,-13.11922952,QLD
BRANNIHANS STATION,145.23681085,-15.31386369,QLD
BIRRI WILLIAMS,139.29610814,-16.47553836,QLD
FISH HOLE,141.79366104,-15.47401448,QLD
LOCKHART RIVER,143.34305812,-12.78514654,QLD
HIDDEN VALLEY,145.11000786,-15.29598668,QLD
KOWROWA,145.57535272,-16.80444372,QLD
NORMANBY,144.81560888,-15.33186666,QLD
PALMERVILLE,144.07536517,-15.99892961,QLD
UMPILA WUNTA,143.68331902,-14.06950657,QLD
UPPER PASCOE,142.92414614,-12.82002552,QLD
URANDANGI,138.31427798,-21.60820636,QLD
WALNGAL,141.68256913,-14.05561546,QLD
WALLABY ISLAND,141.64150206,-15.22718047,QLD
WAR PAANT,141.68900908,-14.89692047,QLD
WARRABER ISLET,142.8250083,-10.20698649,QLD
WARNBULLIN,139.25721413,-16.62573136,QLD
WATHYAN,141.98300819,-12.69908646,QLD
WEBOK VILLAGE,144.03999727,-9.91709956,QLD
YORKE ISLAND,143.4056563,-9.75286752,QLD
ZIG ZAG,145.3203158,-15.9832007,QLD
TOP MORTULT,141.75400804,-15.50108647,QLD
WATHANHIIN,141.55249115,-13.69820045,QLD
WELCOME STATION,144.51300788,-15.47108664,QLD
SOUTH KAWIY,141.48711115,-13.84618845,QLD
CHRISTMAS CREEK,141.6568211,-14.47299246,QLD
BLUE MOUNTAIN,143.16077508,-13.55737854,QLD
MOUNT BAIRD,145.10776487,-15.13481567,QLD
SHELBURNE,142.5591672,-12.09209649,QLD
CHINA CAMP,145.2931248,-16.0393247,QLD
AAYKA,141.50098714,-13.86460645,QLD
AMBANG,141.61805918,-13.08696445,QLD
BALALEA,139.62335312,-16.42959438,QLD
RED LILLY,141.66509105,-15.45408047,QLD
REEVES CREEK,145.87370769,-16.92678674,QLD
ROSELLA PLAINS,144.46198768,-18.42223666,QLD
SAIBAI ISLAND,142.62148435,-9.37970347,QLD
SCRUB HILL,152.80487432,-25.30723941,QLD
SCRUBBY BORE,141.60085205,-15.44679647,QLD
SEFTON,142.610005,-15.39165752,QLD
SEISIA,142.36800828,-10.84998647,QLD
SHELFO,141.96533804,-15.36035548,QLD
SHIPTON FLATS,145.24381682,-15.79515669,QLD
SLIM CREEK,139.15998214,-16.65809936,QLD
LOVE RIVER,141.55841116,-13.50531445,QLD
GANTHAWU,139.43015512,-16.66913437,QLD
KANTHANAPU,143.30925312,-12.81020254,QLD
PORMPURAAW,141.61920808,-14.89791646,QLD
MUUTHANT,141.91984207,-14.88600148,QLD
PALM ISLAND,146.5790075,-18.73498681,QLD
UMAGICO,142.35112827,-10.89264647,QLD
WARTOMAN,141.69420508,-14.91500547,QLD
WUTAN,141.67522617,-13.34358645,QLD
SPRING HILL,144.7695078,-16.39938666,QLD
STATION CREEK,143.37157003,-14.18451756,QLD
STEPHENS ISLAND,143.54500832,-9.50698653,QLD
STEWIES PLACE,141.79901703,-15.55107548,QLD
SOUTHWELL,142.03890808,-14.51808648,QLD
STONEY CREEK,143.53476708,-13.34444456,QLD
STONEY CROSSING,141.72600415,-13.65771846,QLD
ST PAULS VILLAGE,142.32800832,-10.18078646,QLD
BIDUNGU,139.24732004,-18.65081238,QLD
BULLYARD OUTSTATION,141.60925013,-14.03393145,QLD
HOPE VALE,145.11045986,-15.29565168,QLD
JUMBUN,145.80300761,-18.12098675,QLD
OLD RODEO GROUND,141.73736404,-15.54875047,QLD
THAA-NHUGE,142.17044506,-14.68483049,QLD
TI-TREE,141.66338413,-13.98153946,QLD
YARRABAH,145.8692877,-16.90761674,QLD
YANGARRA,141.65162005,-15.38041347,QLD
SANDLEWOOD RIVER,139.35508813,-16.46037637,QLD
SILVER PLAINS,143.54933703,-13.97724156,QLD
STARCKE HOMESTEAD,145.12259088,-15.04988067,QLD
BURRGIRRKU,145.22301984,-15.47077269,QLD
AURUKUN,141.72800816,-13.35798645,QLD
BADU COMMUNITY,142.16378332,-10.15879345,QLD
BIRRI PETERS,139.40000813,-16.54998637,QLD
COCONUT ISLAND,143.0650973,-10.0501755,QLD
LOCHINGTON,147.43186683,-24.01625977,QLD
NEW AUCKLAND,151.23585716,-23.88410479,QLD
JARRA CREEK,145.8749558,-17.94509964,QLD
TARINGA,152.98117046,-27.49333375,QLD
RIVER HEADS,152.90713201,-25.40533274,QLD
GORDONBROOK,151.69292359,-26.47236049,QLD
KENNEDY,145.96950753,-18.19157604,QLD
MOUNT GLORIOUS,152.7750662,-27.31971588,QLD
ERUB ISLAND,143.77034566,-9.58688072,QLD
CAMP MOUNTAIN,152.87888646,-27.39995918,QLD
MENTMORE,148.73422964,-20.75585352,QLD
DELANEYS CREEK,152.77204565,-27.01417329,QLD
CEDAR POCKET,152.78873468,-26.21045383,QLD
BANYA,153.0417117,-26.83093955,QLD
LOWOOD,152.57300483,-27.47142023,QLD
UPPER MOUNT GRAVATT,153.08120101,-27.55371753,QLD
SOUTHWOOD,150.00497882,-27.84175732,QLD
PINBARREN,152.86150998,-26.31752493,QLD
RANGEVILLE,151.98637017,-27.58486234,QLD
GORDONVALE,145.79616213,-17.08334946,QLD
NOOSA HEADS,153.09258979,-26.39846383,QLD
GRANDCHESTER,152.45365835,-27.67611113,QLD
WESTWOOD,150.1683873,-23.67375287,QLD
HOMEBUSH,149.05511805,-21.27394109,QLD
PADDINGTON,152.99755963,-27.46037956,QLD
PALLARA,153.00730439,-27.61938109,QLD
MOUNT NEBO,152.78041212,-27.3748889,QLD
MOTHAR MOUNTAIN,152.77327475,-26.24972724,QLD
MULGILDIE,151.13736467,-24.97292816,QLD
PAMPAS,151.39604012,-27.79141925,QLD
DEEBING HEIGHTS,152.75888194,-27.68718513,QLD
MORINISH SOUTH,150.02567807,-23.37274229,QLD
CHERMSIDE WEST,153.01244524,-27.38368576,QLD
MORETON BAY,153.24969603,-27.33625747,QLD
JARDINE,150.39000162,-23.0541596,QLD
JONES GULLY,152.00517056,-27.17501176,QLD
WROTHAM,143.94960812,-16.64210147,QLD
SUNNYBANK,153.05937779,-27.57816605,QLD
EROMANGA,142.99512814,-26.3306032,QLD
WILLAWONG,153.00653771,-27.59634294,QLD
NEWMARKET,153.00792083,-27.43529322,QLD
KINNOUL,149.52022613,-25.66625021,QLD
WACOL,152.92078776,-27.58690347,QLD
ROSALIE PLAINS,151.71215594,-27.22323083,QLD
TORRES STRAIT,142.32690032,-10.08150446,QLD
GUNALDA,152.59707973,-26.00048374,QLD
KERIRI ISLAND,142.20671833,-10.5495075,QLD
PEERAMON,145.59927064,-17.3131008,QLD
SUTTOR,147.89318426,-21.33562182,QLD
WAKERLEY,153.15802237,-27.48276214,QLD
BALBERRA,149.14866943,-21.29808984,QLD
GAYTHORNE,152.98173007,-27.41659063,QLD
COOMINYA,152.47571761,-27.38257489,QLD
MUNIGANEEN,151.87234023,-27.37897922,QLD
ETNA CREEK,150.42186338,-23.22183329,QLD
SPRING HILL,153.02437769,-27.45935358,QLD
INGOLDSBY,152.27113144,-27.73577704,QLD
GYMPIE,152.66583735,-26.18331865,QLD
KAPALDO,151.14373312,-25.06596114,QLD
SWANBANK,152.81784691,-27.66044298,QLD
NORWELL,153.30750133,-27.7757036,QLD
UPPER KANDANGA,152.47886443,-26.43777609,QLD
LOWMEAD,151.70720038,-24.61360387,QLD
TURRAWULLA,148.18071032,-21.13920988,QLD
ELIMBAH,152.9608503,-27.00002923,QLD
WELLESLEY ISLANDS,139.39967158,-16.5561222,QLD
NOOSAVILLE,153.06097073,-26.42327943,QLD
GUNGALOON,152.45778913,-25.51198413,QLD
DEERAGUN,146.66855064,-19.25064707,QLD
BONY MOUNTAIN,151.8402168,-28.09369238,QLD
BENARABY,151.30365998,-24.04395865,QLD
WAVERLEY,139.06582408,-21.52628832,QLD
TALEGALLA WEIR,152.67842385,-25.78041862,QLD
WOODERSON,151.0764307,-24.10007565,QLD
MOUNT WYATT,147.26766919,-20.74663528,QLD
LAKE WIVENHOE,152.54454074,-27.27186433,QLD
CRINUM,148.27037601,-23.22709312,QLD
NORTH ISIS,152.26436349,-25.17697326,QLD
BOHLE PLAINS,146.6756848,-19.29475827,QLD
TOOGOOM,152.6915059,-25.25634887,QLD
RAMSAY,151.98789578,-27.72376987,QLD
TINNANBAR,152.96150003,-25.7836371,QLD
HOPE VALE,145.21433687,-15.15574668,QLD
HOLLAND PARK,153.07081431,-27.51876891,QLD
MOUNT DELANEY,152.71477065,-27.0147229,QLD
WENLOCK,142.62504247,-12.49845124,QLD
COLUMBIA,146.28150931,-20.04976792,QLD
SVENSSON HEIGHTS,152.33310848,-24.88709226,QLD
MIDGENOO,145.95994791,-17.89543564,QLD
MURRAY UPPER,145.80590672,-18.12914776,QLD
BULLI CREEK,150.85738975,-28.00406251,QLD
KYNUNA,141.99677119,-21.43217085,QLD
LANGLEY,151.24769739,-25.11004062,QLD
MARYVALE,152.26710986,-28.07557295,QLD
NORTH ARM,152.95852055,-26.51121193,QLD
INJINOO,142.25930847,-11.03639394,QLD
MIDDLEBROOK,145.6378037,-17.56347026,QLD
PINDI PINDI,148.72334236,-20.85611617,QLD
STUART,146.8613379,-19.32261993,QLD
LAWNTON,152.98451215,-27.28172399,QLD
SHAILER PARK,153.17750728,-27.64971987,QLD
LITTLE MOUNTAIN,153.09228728,-26.784369,QLD
GREENS CREEK,152.75362677,-26.17051765,QLD
MOUNT MOFFATT,147.84036987,-25.16522973,QLD
GREENMOUNT,149.0345961,-21.18407584,QLD
LYNFORD,152.44962498,-27.47383605,QLD
NICHOLSON,138.61083128,-17.42293675,QLD
MOUNT GARDINER,149.52381278,-22.96934723,QLD
BRANYAN,152.27251196,-24.9134609,QLD
MONOGORILBY,151.03748966,-26.00139045,QLD
BULGUN,145.93142436,-17.8953542,QLD
PLEYSTOWE,149.02312325,-21.15407792,QLD
VALDORA,153.00689246,-26.54577792,QLD
KOUMALA,149.23255487,-21.63212029,QLD
HENDRA,153.07062423,-27.41814455,QLD
CURRAJONG,146.77952233,-19.27553755,QLD
COOCHIEMUDLO ISLAND,153.3299448,-27.57014359,QLD
BARRINE,145.61892312,-17.23022734,QLD
ROLLINGSTONE,146.38137669,-19.04096944,QLD
KURABY,153.09356929,-27.60719847,QLD
YERONGA,153.0126312,-27.51340912,QLD
OAKENDEN,149.02911511,-21.32931004,QLD
RICHLANDS,152.95354102,-27.58880144,QLD
KAWANA,150.5049698,-23.33880661,QLD
ANDURAMBA,152.11820461,-27.07349444,QLD
HARLAXTON,151.95458188,-27.53126692,QLD
MORANBAH,147.88933696,-21.94802964,QLD
GOOMERIBONG,152.00934031,-26.13664319,QLD
DIRRANBANDI,148.04214188,-28.58781323,QLD
ROCKMOUNT,152.0304686,-27.67923713,QLD
PETRIE,152.97241945,-27.26496886,QLD
CHEVALLUM,152.99366068,-26.70087526,QLD
GOOMERI,152.07924813,-26.19294008,QLD
WELLESLEY,148.92769509,-27.40513699,QLD
CENTENARY HEIGHTS,151.96249877,-27.58679777,QLD
MOURILYAN,146.05259891,-17.57851,QLD
CARDSTONE,145.71523088,-17.82844409,QLD
JIMBOOMBA,153.04445322,-27.83415652,QLD
EURIMBULA,151.72009373,-24.1097512,QLD
RAVENSBOURNE,152.15943626,-27.336127,QLD
BOGIE,147.83465324,-20.3425704,QLD
ENOGGERA,152.97383115,-27.4283849,QLD
KOGAN,150.79911177,-27.08351977,QLD
CURRAMORE,152.74970087,-26.67900102,QLD
LAIDLEY SOUTH,152.38697225,-27.67365574,QLD
THE CAVES,150.46403715,-23.1755708,QLD
ALOOMBA,145.87110324,-17.13557575,QLD
GAMBOOLA,143.49868661,-16.38985352,QLD
CRANLEY,151.92323851,-27.51468557,QLD
RODDS BAY,151.61213903,-24.09787327,QLD
MOUNT ALMA,150.86755703,-24.086084,QLD
CALICO CREEK,152.64579446,-26.29970714,QLD
GINDIE,148.11036509,-23.76406623,QLD
FAIRFIELD,153.0233512,-27.5066516,QLD
POMONA,152.87021732,-26.36547004,QLD
RAVENSWOOD,146.91466495,-20.22774164,QLD
MAY DOWNS,148.8863329,-22.62233461,QLD
NORTH BRANCH,152.31754912,-28.02051596,QLD
HARLIN,152.35100153,-26.96306946,QLD
WOOLOOGA,152.36237812,-26.01527844,QLD
COLLINGWOOD PARK,152.85524996,-27.62214802,QLD
DRILLHAM,149.92431042,-26.63315388,QLD
BOORAL,152.88851013,-25.35405197,QLD
MCKINLAY,141.21873434,-21.36841476,QLD
BEENLEIGH,153.19377197,-27.71508691,QLD
PORT ALMA,150.76190951,-23.57509975,QLD
DIMBULAH,145.06254077,-17.18553156,QLD
NARANGBA,152.93104502,-27.18732641,QLD
BEERWAH,152.95526091,-26.85730657,QLD
LOCKROSE,152.46191207,-27.49172448,QLD
GREAT SANDY STRAIT,152.94500429,-25.49536042,QLD
ALEXANDRA HEADLAND,153.1036399,-26.67078031,QLD
GRANGE,153.01533247,-27.42250321,QLD
CAMBROON,152.67658361,-26.65206452,QLD
COMET,148.557264,-23.66183315,QLD
BROWNS PLAINS,153.05405427,-27.66220468,QLD
GLENORE GROVE,152.40878804,-27.52319673,QLD
MONS,153.02565399,-26.69241356,QLD
UPPER GLASTONBURY,152.49636567,-26.29696513,QLD
KINGSHOLME,153.23276141,-27.82560647,QLD
MOUNT CARBINE,145.10557184,-16.51486243,QLD
BINGEGANG,149.15667862,-23.13040444,QLD
RIVERVIEW,152.84162128,-27.59145838,QLD
UNNAMED LOCALITY,152.82994712,-25.22049657,QLD
ASCOT,153.06517996,-27.42973221,QLD
MER ISLAND,144.05137067,-9.91663593,QLD
NANANGO,151.98587536,-26.67766397,QLD
HEMMANT,153.13130353,-27.44668791,QLD
SOUTH NANANGO,151.96561714,-26.74028155,QLD
CHINCHILLA,150.62840633,-26.75543125,QLD
EMERALD,148.12852007,-23.53438294,QLD
MURGON,151.94584046,-26.23759199,QLD
JIMBOUR EAST,151.2862546,-26.93115377,QLD
YALBOROO,148.65160875,-20.83781978,QLD
GLENLYON,151.44853098,-28.9080202,QLD
GOOGA CREEK,152.05426111,-26.96545823,QLD
REDLAND BAY,153.29335141,-27.64836008,QLD
YENGARIE,152.59374009,-25.54246919,QLD
LAKE TINAROO,145.57405933,-17.18922957,QLD
CALOUNDRA WEST,153.10238908,-26.8028221,QLD
UPPER BROOKFIELD,152.85112007,-27.47300162,QLD
IRON RANGE,143.32541929,-12.64856338,QLD
SOUTH YAAMBA,150.33961406,-23.19669821,QLD
DUNDAS,152.66553116,-27.2941269,QLD
LOCKHART RIVER,143.40672616,-13.09002272,QLD
MORETON ISLAND,153.40643484,-27.14835122,QLD
COALSTOUN LAKES,151.88856856,-25.61667038,QLD
ST LAWRENCE,149.4894709,-22.39197174,QLD
BARGARA,152.46077043,-24.82968298,QLD
WERIBONE,148.86979446,-27.20331012,QLD
CARBROOK,153.25629199,-27.67377551,QLD
MOUNT MEE,152.74094672,-27.06881466,QLD
ALBANY CREEK,152.96926744,-27.35437567,QLD
WALLAMAN,145.84559561,-18.6742957,QLD
RIDGELANDS,150.26573519,-23.27599194,QLD
BELLA CREEK,152.55100729,-26.48037959,QLD
TUAN FOREST,152.80045893,-25.73275567,QLD
RYEFORD,151.80869707,-27.93401252,QLD
WOOROONDEN,151.75429282,-26.11091671,QLD
BLACK DUCK CREEK,152.210617,-27.89848618,QLD
MOUNT COTTON,153.22595409,-27.6203366,QLD
GLENDALE,150.45306148,-23.24575405,QLD
GAGALBA,153.05318303,-26.841817,QLD
SOUTH EAST NANANGO,152.04709304,-26.73756064,QLD
COW BAY,145.43966538,-16.22212663,QLD
KOWANYAMA,141.81011075,-15.3219899,QLD
SARINA,149.18801654,-21.43759503,QLD
JOYNER,152.94150954,-27.2749521,QLD
MASSIE,151.930932,-28.13427834,QLD
YAAMBA,150.3486546,-23.12731774,QLD
PHEASANT CREEK,150.09320065,-23.80867959,QLD
RACEVIEW,152.7780317,-27.63903256,QLD
MERINGANDAN WEST,151.88907294,-27.41524829,QLD
CALOUNDRA,153.12753004,-26.79831597,QLD
NEW CHUM,152.83274805,-27.6179458,QLD
TUCHEKOI,152.76135657,-26.40527599,QLD
FLINTON,149.56223005,-27.85722095,QLD
KEPERRA,152.95098137,-27.41462186,QLD
KULLOGUM,152.26247088,-25.34164833,QLD
CARNARVON PARK,147.87150317,-24.7751287,QLD
THREE RIVERS,140.17950869,-19.87502984,QLD
WATERLOO,151.99289145,-24.74427951,QLD
BOWEN,148.1193807,-20.14497974,QLD
KINBOMBI,152.16098118,-26.217797,QLD
BUSHLAND BEACH,146.68052502,-19.19951412,QLD
LEFTHAND BRANCH,152.26374701,-27.79459606,QLD
WAVELL HEIGHTS,153.04698677,-27.3938738,QLD
ABINGTON,152.35250976,-25.21035535,QLD
BLACKS BEACH,149.18679464,-21.06425127,QLD
ROCKSBERG,152.84599853,-27.11221938,QLD
LANGSHAW,152.58175512,-26.29715994,QLD
WYCARBAH,150.06451317,-23.48946008,QLD
TORRINGTON,151.88790111,-27.54240038,QLD
HILLCREST,153.02629556,-27.6683897,QLD
REDBANK,152.87355587,-27.6026488,QLD
WYNNUM WEST,153.15178642,-27.45224251,QLD
CARMILA,149.36814157,-21.87219684,QLD
FLINDERS VIEW,152.77537856,-27.65131316,QLD
FRANKFIELD,147.1117856,-22.25450869,QLD
GLENLEIGH,151.06144074,-25.03872463,QLD
ILBILBIE,149.35997936,-21.7171685,QLD
BRIDGEMAN DOWNS,152.9942696,-27.35139171,QLD
LAURA,144.16275035,-15.49594935,QLD
BELLTHORPE,152.72022853,-26.85171723,QLD
BOYNEWOOD,151.27085342,-25.63703513,QLD
DERRI DERRA,151.25017485,-25.71087277,QLD
FORESTDALE,153.00389183,-27.66334613,QLD
KENTVILLE,152.42238661,-27.4767624,QLD
KELSO,146.71818611,-19.38973155,QLD
LAIDLEY NORTH,152.40481982,-27.61049398,QLD
HEALY,139.50079046,-20.7479462,QLD
CROWS NEST,152.07472244,-27.25641526,QLD
GATTON,152.28001822,-27.56356352,QLD
HAWTHORNE,153.05867921,-27.46374857,QLD
TAYLORS BEACH,146.32784353,-18.64674879,QLD
UPPER FREESTONE,152.21538151,-28.12520717,QLD
GLADFIELD,152.18184011,-28.06560951,QLD
PLACID HILLS,152.23253583,-27.56123651,QLD
PINNACLES,146.67493069,-19.44152928,QLD
EUTHULLA,148.82743397,-26.43620031,QLD
GLENROY,149.81786589,-23.18557697,QLD
EDGE HILL,145.74275666,-16.90074867,QLD
V GATE,147.79999347,-26.88466467,QLD
CALLIDE,150.50147762,-24.2645323,QLD
CANOONA,150.14421764,-23.02596593,QLD
WALKERSTON,149.06516782,-21.1587313,QLD
QUINALOW,151.60885753,-27.13782841,QLD
NORTH TOOWOOMBA,151.95472024,-27.54671676,QLD
TINAROO,145.55221362,-17.15445212,QLD
HARRISVILLE,152.67006343,-27.80909659,QLD
ALBION,153.0435639,-27.43262957,QLD
LIMESTONE RIDGES,152.72523929,-27.83401555,QLD
MOOGERAH,152.50541871,-28.11176942,QLD
DUNDOWRAN BEACH,152.76659659,-25.27234396,QLD
BAROONDAH,149.12224734,-25.67414095,QLD
SEVEN HILLS,153.0780417,-27.47979331,QLD
LAIDLEY,152.41069754,-27.64108361,QLD
RINGWOOD,152.2279751,-27.52444847,QLD
AMBROSE,150.89204072,-23.81305538,QLD
SOUTH TREES,151.29817586,-23.87816988,QLD
UPPER KEDRON,152.91673926,-27.4183955,QLD
COORUMBENE,148.75316161,-24.5536943,QLD
MACALISTER RANGE,145.64872034,-16.76716496,QLD
URRAWEEN,152.82150542,-25.29748646,QLD
MALANDA,145.58752952,-17.37506448,QLD
TANGORIN,144.24143541,-21.58453115,QLD
CAMOOWEAL,138.51155513,-19.61077588,QLD
MANLY WEST,153.16630674,-27.46713872,QLD
MOUNT KELLY,147.31153681,-19.66865265,QLD
BUCKINGHAM,139.47362213,-22.15212906,QLD
SPRINGFIELD CENTRAL,152.90361415,-27.68099124,QLD
TEELBA,149.36749058,-27.52476394,QLD
PALM COVE,145.67013672,-16.74627246,QLD
BLYTHDALE,148.99717075,-26.52819961,QLD
CLEMANT,146.43566902,-19.11719541,QLD
GORDON PARK,153.0275662,-27.41653651,QLD
PAGET,149.17287181,-21.18813208,QLD
ASCOT,151.99694618,-27.82550031,QLD
DAJARRA,139.5919284,-21.81700886,QLD
BAMBOO CREEK,145.98987371,-17.55211929,QLD
BUDGEE,152.01629548,-27.78854862,QLD
ROSS RIVER,146.80214272,-19.4682453,QLD
SHEEP STATION CREEK,152.49200634,-26.84932117,QLD
TARZALI,145.59358236,-17.43937912,QLD
APPLETHORPE,151.93300215,-28.615438,QLD
PIMLICO,146.78884939,-19.28225392,QLD
MEADOWBROOK,153.14475739,-27.66391065,QLD
WARENDA,140.29147436,-22.45752464,QLD
MUDLO,152.22501004,-25.96318568,QLD
COOMRITH,149.59046145,-27.57331319,QLD
MOUNT BINDANGO,148.466504,-26.50664955,QLD
CORDELIA,146.24727401,-18.60622339,QLD
BLACKBUTT NORTH,152.11634074,-26.86769228,QLD
FOREST HILL,152.36486408,-27.58382764,QLD
HAPPY VALLEY,139.49059802,-20.74786114,QLD
FOREST LAKE,152.96336277,-27.62166215,QLD
DROMEDARY,149.13389485,-24.59165108,QLD
PIN GIN HILL,145.95143091,-17.56410909,QLD
KILKIVAN,152.25649541,-26.07466007,QLD
WINTON,143.03997288,-22.38309483,QLD
BROOKHILL,146.8665459,-19.42725377,QLD
YEERONGPILLY,153.01225298,-27.52952943,QLD
CEDAR CREEK,152.81871682,-27.33346201,QLD
MAPLETON,152.85919968,-26.62999537,QLD
GORDONSTONE,148.12837856,-23.31205269,QLD
STANTHORPE,151.93756619,-28.6599601,QLD
CHAMBERS FLAT,153.07848779,-27.74776445,QLD
BUNGEWORGORAI,148.61070895,-26.46431015,QLD
LOTA,153.19082854,-27.46813166,QLD
BULIMBA,153.05921048,-27.44793954,QLD
KIRKNIE,147.30376768,-19.85833197,QLD
ELLIS BEACH,145.68646272,-16.72458973,QLD
KURIDALA,140.38360739,-21.09424193,QLD
HEBEL,147.41709334,-28.91277828,QLD
NORTH ETON,148.95027206,-21.23251126,QLD
CROFTBY,152.59564431,-28.14751015,QLD
GEHAM,151.99618785,-27.38772665,QLD
KYBONG,152.71179044,-26.29107976,QLD
WONGA BEACH,145.41328777,-16.33908671,QLD
HODGSON,148.6302652,-26.55982189,QLD
WINWILL,152.21042017,-27.60741713,QLD
PARKSIDE,139.48852514,-20.73708302,QLD
BARWIDGI,144.64150438,-17.66634362,QLD
MARGATE,153.10310681,-27.24275824,QLD
GLENFERN,152.60351927,-26.96175496,QLD
MANLY,153.18716407,-27.4536521,QLD
COSGROVE,146.71410682,-19.27138129,QLD
TREGONY,152.36038876,-28.06616651,QLD
BEELBI CREEK,152.64164022,-25.29456835,QLD
LAWES,152.33009309,-27.5662598,QLD
PATERSON,152.52692081,-25.89045755,QLD
THEEBINE,152.53617137,-25.93898682,QLD
BEGONIA,148.26832061,-27.46202054,QLD
LANGLO,145.71964876,-26.03496948,QLD
CALLANDOON,150.09190857,-28.53540721,QLD
FINCH HATTON,148.61926171,-21.12197592,QLD
MOUNT DEBATEABLE,151.55674632,-25.63263665,QLD
SOUTH TALWOOD,149.33173788,-28.60610435,QLD
TARAWERA,149.72041281,-28.09719044,QLD
CHIRNSIDE,148.07649378,-23.15580882,QLD
MOUNT SURPRISE,144.35697427,-18.21698617,QLD
BANANA,150.16166415,-24.48881491,QLD
WINDAROO,153.19339639,-27.74586394,QLD
NOME,146.9467089,-19.36252961,QLD
OWENS CREEK,148.7048122,-21.10280525,QLD
KAIRI,145.54217722,-17.21534748,QLD
BLUE MOUNTAIN HEIGHTS,151.95713674,-27.49829213,QLD
BINDEBANGO,147.43456195,-27.62387334,QLD
MCEWENS BEACH,149.18930295,-21.23900402,QLD
CORINDA,152.98235661,-27.54354997,QLD
LUNDAVRA,150.01637408,-28.06444756,QLD
GOODAR,150.11608759,-28.34187976,QLD
BORONIA HEIGHTS,153.01964705,-27.6884827,QLD
ALMADEN,144.67237158,-17.39220275,QLD
CRESSBROOK CREEK,152.16798769,-27.24124407,QLD
DUARINGA,149.67927129,-23.68441874,QLD
ROMA,148.80403554,-26.56317733,QLD
WIGHTS MOUNTAIN,152.84448287,-27.39489154,QLD
FORK LAGOONS,147.94659836,-23.35797512,QLD
RANGEMORE,147.40389703,-19.98968346,QLD
PARKINSON,153.03033384,-27.64277651,QLD
SOUTH GLADSTONE,151.26663387,-23.86417259,QLD
BERAT,152.06680797,-28.0515089,QLD
OAK VALLEY,146.82129342,-19.40829168,QLD
BARRINGHA,146.79626259,-19.53772139,QLD
MARYBOROUGH WEST,152.66510536,-25.50054394,QLD
LOGAN RESERVE,153.10722453,-27.71735278,QLD
MOUNT TOM,151.67641983,-24.33173121,QLD
OPALTON,142.44132317,-23.06012275,QLD
EAST BRISBANE,153.04672592,-27.48332914,QLD
NEBINE,146.84154311,-27.99553939,QLD
MUNDINGBURRA,146.78513005,-19.29653396,QLD
RAGLAN,150.77501333,-23.83128269,QLD
PARKNOOK,149.16719544,-27.39557517,QLD
WESTVALE,152.61299622,-27.02582972,QLD
CASHMERE,152.90603927,-27.29375398,QLD
BOHLE,146.72020881,-19.24563803,QLD
NEWTOWN,151.93253645,-27.55603817,QLD
ROCKSIDE,152.28327753,-27.70372465,QLD
MOUNT LOUISA,146.73377938,-19.27732219,QLD
FREESTONE,152.15231001,-28.13471177,QLD
CLEAR ISLAND WATERS,153.39719768,-28.04195925,QLD
ORIENT,146.249496,-18.79551008,QLD
LAKE BORUMBA,152.5142387,-26.53007994,QLD
LAIDLEY HEIGHTS,152.36590728,-27.63055363,QLD
CONJUBOY,144.59298221,-18.72829665,QLD
DARGAL ROAD,148.72272202,-26.55541687,QLD
VICTORIA PLAINS,149.01286792,-21.22289725,QLD
KINCHANT DAM,148.89139918,-21.21701038,QLD
LUCINDA,146.33546059,-18.52900872,QLD
MACFARLANE,146.00853053,-24.888557,QLD
BOLLON,147.32497521,-28.28563696,QLD
ETON,148.94763897,-21.30564487,QLD
WINDORAH,142.42483278,-25.47350956,QLD
BARRINGUN,145.79135225,-28.86282263,QLD
BLACKSOIL,152.70651557,-27.57801232,QLD
CEDARTON,152.81033306,-26.86227602,QLD
GLEN NIVEN,151.97296943,-28.58715391,QLD
SUNSHINE BEACH,153.1064989,-26.40430524,QLD
SHUTE HARBOUR,148.78489391,-20.29032701,QLD
NOORAMA,146.217493,-28.73036716,QLD
WILSONTON HEIGHTS,151.92686105,-27.53262878,QLD
BUNGABAN,150.1964306,-25.90295407,QLD
COOLABUNIA,151.88933003,-26.59390836,QLD
SPRINGWOOD,153.13825131,-27.62020703,QLD
CHARLESTOWN,151.93230326,-26.36860605,QLD
TAM O'SHANTER,146.06285994,-17.90933772,QLD
SPRINGSIDE,151.57623425,-27.67321738,QLD
LAMB ISLAND,153.38152057,-27.62442653,QLD
DOWAR ISLET,144.02677052,-9.94393112,QLD
PORUMA ISLAND,143.06955915,-10.05028765,QLD
BASIN POCKET,152.77038922,-27.60096308,QLD
SUN VALLEY,151.25815778,-23.87531287,QLD
GLENORCHY,152.64249131,-25.61750834,QLD
WILSON BEACH,148.72479719,-20.47239699,QLD
ISLAND PLANTATION,152.72568381,-25.49406648,QLD
BRANCHVIEW,151.34867516,-27.61584168,QLD
PALM GROVE,148.70087188,-20.39279903,QLD
DAUAN ISLAND,142.53616917,-9.42169982,QLD
RAVENSWORTH,143.61607457,-17.26533396,QLD
LANSKEY,139.49812462,-20.68817885,QLD
ROSS CREEK,152.74408367,-26.09743046,QLD
LAGOON POCKET,152.68149654,-26.27702168,QLD
SCRUBBY CREEK,152.57326797,-26.22225792,QLD
BOLWARRA,144.04165844,-17.44090973,QLD
COCONUTS,146.06496085,-17.50202884,QLD
CORAL COVE,152.47954986,-24.88395267,QLD
JOSKELEIGH,150.79660573,-23.3760252,QLD
WILLOW VALE,153.26306891,-27.84506853,QLD
SCOTTVILLE,147.81825278,-20.58373487,QLD
BAN BAN SPRINGS,151.82338494,-25.67290146,QLD
SHELL POCKET,145.98503712,-17.81459602,QLD
SCARNESS,152.85388367,-25.28776228,QLD
STEWART CREEK VALLEY,145.30923074,-16.29033645,QLD
CUNGULLA,147.11064777,-19.40169125,QLD
CONDAMINE FARMS,150.96324231,-27.93652384,QLD
DIAMONDVALE,151.96258989,-28.66237424,QLD
ELLINTHORP,151.91740501,-28.04816377,QLD
NORTH TIVOLI,152.78958248,-27.57950834,QLD
WEIR RIVER,150.64817737,-27.71256067,QLD
AUSTINVILLE,153.31048997,-28.15677517,QLD
MASIG ISLAND,143.40786623,-9.7523019,QLD
GREEN ISLAND,145.97439225,-16.75896263,QLD
POINT VERNON,152.81522081,-25.25661259,QLD
CYPRESS GARDENS,151.02820628,-27.97799701,QLD
TUGUN,153.49040516,-28.14864973,QLD
GROGANVILLE,144.36232516,-16.40002852,QLD
LOW ISLES,145.56941475,-16.38718572,QLD
CHILLAGOE,144.65584845,-17.1037545,QLD
THE SUMMIT,151.93346232,-28.58111368,QLD
KALKADOON,139.48868443,-20.67040081,QLD
BRASSALL,152.73634813,-27.59010163,QLD
RIVERTON,151.46127528,-29.06245186,QLD
SUNNYSIDE,149.0998064,-21.36812036,QLD
HOPE ISLAND,153.35993455,-27.8681605,QLD
BALNAGOWAN,149.00837887,-21.11750352,QLD
JERONA,147.22288545,-19.45377631,QLD
ROADVALE,152.70764855,-27.9192922,QLD
BASILISK,145.98844359,-17.67125815,QLD
WESTCOURT,145.75294442,-16.93040499,QLD
THAGOONA,152.631791,-27.62649119,QLD
WATALGAN,152.00661479,-24.63989068,QLD
PORT CURTIS,150.54064659,-23.4199161,QLD
WANGETTI,145.56913555,-16.66411134,QLD
KARRABIN,152.70475408,-27.59613175,QLD
SOUTHERN CROSS,146.16008693,-20.01234509,QLD
LARK HILL,152.5928817,-27.52453766,QLD
BRIGALOW,150.8099793,-26.89433951,QLD
MILLMERRAN DOWNS,151.06665179,-27.98581151,QLD
NIVE,146.53971149,-25.44247597,QLD
CONWAY,148.71770543,-20.45313203,QLD
ENOGGERA RESERVOIR,152.87068298,-27.43337407,QLD
GLEN CAIRN,152.32458469,-27.61547098,QLD
THORNTON BEACH,145.43564432,-16.15793301,QLD
HERBERTON,145.38413148,-17.3914062,QLD
STOCKYARD,152.06326768,-27.65861214,QLD
TANNUM SANDS,151.38511156,-23.99480418,QLD
GOLDFIELDS,151.71438782,-28.48648828,QLD
CURTIS ISLAND,151.152339,-23.61425379,QLD
TELINA,151.25363536,-23.88821957,QLD
DUNMORE,150.95545657,-27.6618047,QLD
MELDALE,153.07274792,-27.0257346,QLD
KENTS POCKET,152.65800311,-27.9890211,QLD
MISSION BEACH,146.10271215,-17.86114918,QLD
AMAROO,139.33903319,-23.26797535,QLD
CRYSTALBROOK,144.38493763,-17.45977654,QLD
MORNINGTON,139.49613684,-20.73441978,QLD
SPRING BLUFF,151.97501407,-27.46400592,QLD
BEAVER ROCK,152.81738163,-25.52049484,QLD
OTTABA,152.38241154,-27.14933668,QLD
KARRON,141.8427186,-17.57421956,QLD
MILLBANK,152.32037689,-24.8722664,QLD
ANDERLEIGH,152.67858728,-26.01601777,QLD
SUNDOWN,151.66116177,-28.85674805,QLD
DYKEHEAD,151.06007768,-25.64891974,QLD
MOOLOOLAH VALLEY,152.96548717,-26.76221858,QLD
BUTCHERS CREEK,145.69935013,-17.33609364,QLD
DOOMADGEE,138.74377466,-17.71008662,QLD
FRENCHVILLE,150.54936823,-23.34734522,QLD
TINGOORA,151.813986,-26.35830311,QLD
THE MINE,150.37325393,-23.63041559,QLD
POZIERES,151.87262424,-28.53245559,QLD
CUTTABURRA,145.39289734,-28.70467377,QLD
RINGTAIL CREEK,152.95253373,-26.33648017,QLD
SPLINTER CREEK,151.2433003,-24.94850121,QLD
NOCCUNDRA,142.62800744,-27.76079922,QLD
MOORE PARK BEACH,152.238394,-24.70941945,QLD
WANDOAN,149.90456384,-26.13242603,QLD
THE GAP,139.49917003,-20.72587288,QLD
FERNY GLEN,153.15671733,-28.0758918,QLD
MONTROSE,150.61475784,-27.01346459,QLD
WILSONS POCKET,152.80488551,-26.12374254,QLD
BROADMERE,149.53760436,-25.50269965,QLD
ROSSVALE,151.5838559,-27.62706137,QLD
PASSCHENDAELE,151.81515642,-28.52094929,QLD
SHANNONVALE,145.32701658,-16.50607019,QLD
YENDA,151.61811469,-25.40337795,QLD
GROPER CREEK,147.56312191,-19.69700964,QLD
CORINGA,151.95065426,-25.36712147,QLD
GUNPOWDER,139.26352231,-19.85880285,QLD
WONBAH,151.60932308,-25.07759983,QLD
KURRIMINE BEACH,146.10466662,-17.75581577,QLD
ANAKIE SIDING,147.78541339,-23.55588115,QLD
RADFORD,152.63597008,-27.85200972,QLD
TOWNSON,152.36940775,-27.89744134,QLD
MIARA,152.15664164,-24.67327168,QLD
MONTROSE,151.77896262,-28.15630843,QLD
SARINA RANGE,149.11743302,-21.5532823,QLD
MONA MONA,145.54300653,-16.74293803,QLD
PARKWOOD,153.36452409,-27.95436108,QLD
COOLABINE,152.77497458,-26.60247016,QLD
MOUNT TULLY,151.94640457,-28.74270718,QLD
MORGANVILLE,151.96214884,-25.19112888,QLD
MARYS CREEK,152.58390516,-26.24682681,QLD
WINFIELD,152.00744782,-24.5660103,QLD
DALCOUTH,151.98926703,-28.66063904,QLD
SILKY OAK,145.94936943,-17.97466624,QLD
STEIGLITZ,153.34422423,-27.73914484,QLD
DOOLBI,152.30217967,-25.23002182,QLD
CRACOW,150.30702658,-25.31734887,QLD
GAVEN,153.33522611,-27.95592963,QLD
HORSE CAMP,151.88240082,-25.07495236,QLD
THEODORE,150.07642684,-24.94387506,QLD
BULLERINGA,143.90161004,-17.61929155,QLD
THE KEPPELS,150.96298392,-23.18942914,QLD
MULAMBIN,150.79150475,-23.1909942,QLD
MOUNT STURT,152.20634574,-28.1692852,QLD
BIGGERA WATERS,153.3941352,-27.93008411,QLD
MENA CREEK,145.91679527,-17.67367841,QLD
PELHAM,150.28784748,-26.29184949,QLD
SARABAH,153.11900882,-28.11806887,QLD
PALLARENDA,146.76706544,-19.19975465,QLD
AIRDMILLAN,147.48121726,-19.52648976,QLD
BINGIL BAY,146.09078379,-17.82702137,QLD
HALIDAY BAY,148.98356707,-20.90727586,QLD
GREEN HILL,145.83287943,-17.03088108,QLD
COLEYVILLE,152.58456594,-27.79804288,QLD
COOLUM BEACH,153.06952825,-26.53055571,QLD
BUNJURGEN,152.61738523,-28.04093386,QLD
BANGALEE,150.76437177,-23.07506519,QLD
WATERFORD WEST,153.12706076,-27.69249388,QLD
PALMTREE,152.14802881,-27.40525516,QLD
GWAMBEGWINE,149.55059426,-25.30661945,QLD
HIGHVALE,152.81179296,-27.37210555,QLD
GHINGHINDA,149.7647046,-25.21994857,QLD
HOWITT,141.53680961,-17.18714673,QLD
WHITE PATCH,153.12382328,-27.03181271,QLD
PIKEDALE,151.65799369,-28.63118348,QLD
WARRABER ISLET,142.82400053,-10.2075459,QLD
THANE,151.70701355,-28.15690654,QLD
HUDSON,145.99996517,-17.52542349,QLD
EAST CREEK,141.74318819,-19.07936631,QLD
GEMINI MOUNTAINS,147.8610398,-22.45138288,QLD
CANNINGVALE,152.07254044,-28.24849845,QLD
TOWERS HILL,146.2505189,-20.09046954,QLD
INSKIP,153.05671001,-25.84479253,QLD
HORN,142.31943029,-10.61311346,QLD
PINNACLE,148.68570186,-21.21522306,QLD
NERANWOOD,153.30725035,-28.12077665,QLD
TOOMULLA,146.46294535,-19.07963703,QLD
JEEBROPILLY,152.65593791,-27.65089394,QLD
MILTON,153.0051689,-27.46861584,QLD
GURGEENA,151.38599995,-25.45967477,QLD
GLASTONBURY,152.52927332,-26.20377387,QLD
MOUNT ARCHER,150.5816326,-23.32598796,QLD
GLEN ALLYN,145.66221634,-17.37538032,QLD
PRAWLE,152.77272132,-25.490277,QLD
LEICHHARDT,152.73396091,-27.6231202,QLD
TOKO,138.5831728,-22.91442306,QLD
GERMANTOWN,145.9672055,-17.64280235,QLD
GLADSTONE HARBOUR,151.34079663,-23.81482425,QLD
BELMUNDA,149.01716609,-20.95018269,QLD
SOMERSET DAM,152.5416334,-27.12041621,QLD
DEDIN,145.18697744,-16.27081959,QLD
CONWAY BEACH,148.75000755,-20.47242112,QLD
DUNK,146.1683996,-17.95400277,QLD
THORNDALE,151.85687596,-28.70396972,QLD
TOWEN MOUNTAIN,152.92338682,-26.64928092,QLD
WEST IPSWICH,152.74858514,-27.62003402,QLD
DAINTREE,145.32980589,-16.25846621,QLD
COOMBABAH,153.36973643,-27.90974692,QLD
WARNOAH,149.89690938,-24.69120252,QLD
RYAN,139.499908,-20.70058372,QLD
BONSHAW,151.32649487,-29.00518964,QLD
ST AGNES,151.93015082,-25.13701953,QLD
MARCUS BEACH,153.09442205,-26.44607839,QLD
SPRING CREEK,150.03071155,-25.40224151,QLD
MAIDENHEAD,151.39148235,-29.11900712,QLD
KIA ORA,152.77005612,-26.01624653,QLD
BRACEWELL,150.91359658,-23.9239625,QLD
WANJURU,146.06268506,-17.4482121,QLD
COOROO LANDS,145.90096808,-17.52413615,QLD
HURRICANE,144.62549035,-16.53141112,QLD
GOOD NIGHT,151.90065284,-25.24970638,QLD
MACALISTER,151.07207912,-27.02828678,QLD
ALABAMA HILL,146.24838293,-20.08220007,QLD
JUBILEE HEIGHTS,146.0367423,-17.476896,QLD
MACLEAY ISLAND,153.35801098,-27.60938548,QLD
GORANBA,150.62930599,-27.27539992,QLD
BELLBIRD PARK,152.88660384,-27.63670386,QLD
DOWNSFIELD,152.7267395,-26.04966164,QLD
BUARABA SOUTH,152.23325819,-27.41647535,QLD
ISIS CENTRAL,152.17672583,-25.19403435,QLD
EUKEY,151.98197889,-28.78581721,QLD
ELAMAN CREEK,152.77891191,-26.71920022,QLD
NEUSA VALE,152.84159085,-26.1980068,QLD
KUNIOON,151.89213805,-26.66993813,QLD
GARGETT,148.75643682,-21.15195661,QLD
YAMANTO,152.74084814,-27.65308322,QLD
COAL CREEK,152.43338638,-27.180107,QLD
STURT,138.33135122,-23.39322036,QLD
DUNNROCK,149.18202505,-21.26380724,QLD
MACKAY HARBOUR,149.21340637,-21.11328695,QLD
BROOKWATER,152.89581018,-27.65783326,QLD
WALTERHALL,150.3833783,-23.62748391,QLD
AUGATHELLA,146.57990975,-25.80450931,QLD
ROOKWOOD,144.24716953,-17.01712639,QLD
LYNDSIDE,143.57530755,-16.94782454,QLD
SOUTHERN MORETON BAY ISLANDS,153.39446724,-27.77824644,QLD
LEYDENS HILL,150.41136993,-23.60991911,QLD
WEST MACKAY,149.16177847,-21.15093105,QLD
FOULDEN,149.14711,-21.13795641,QLD
COWLEY CREEK,146.03356896,-17.69772052,QLD
CERATODUS,151.10470896,-25.26785818,QLD
NERADA,145.87215995,-17.54844172,QLD
CAUSEWAY LAKE,150.78559926,-23.19896129,QLD
COOROY MOUNTAIN,152.95097391,-26.42949426,QLD
HINCHINBROOK,146.24402555,-18.29214957,QLD
PEEL ISLAND,153.35529013,-27.49879221,QLD
NYCHUM,144.49519843,-16.76537474,QLD
EAGLEBY,153.2193679,-27.69849604,QLD
BONOGIN,153.35337423,-28.13906011,QLD
WATERANGA,151.84426272,-25.39115267,QLD
TOOLAKEA,146.58585645,-19.14758199,QLD
PIKES CREEK,151.54299119,-28.72478833,QLD
KOWGURAN,150.12363697,-26.49901766,QLD
WIDGEEGOARA,146.31440088,-28.35854692,QLD
JULATTEN,145.37630723,-16.58616542,QLD
FLYING FOX,153.17212755,-28.09979707,QLD
SWAN CREEK,152.14155193,-28.19753283,QLD
JIMBOUR WEST,151.09852789,-26.88813479,QLD
MOUNT PLEASANT,152.76362027,-27.14887717,QLD
CHERRY GULLY,152.05849623,-28.41853488,QLD
TERRICA,151.49314318,-28.50104698,QLD
YANGAN,152.20269887,-28.19860249,QLD
FOREST RIDGE,151.02603142,-27.96142199,QLD
MACKAY,149.18216577,-21.14248203,QLD
CHARLEVILLE,146.29614744,-26.39538305,QLD
TOPAZ,145.71435864,-17.41801054,QLD
THE GLEN,151.92325598,-28.34279937,QLD
CUTELLA,151.82029509,-27.45383282,QLD
WAMURAN BASIN,152.82084635,-27.04778981,QLD
RANGES BRIDGE,151.08099906,-27.14864025,QLD
MILORA,152.68835188,-27.84929171,QLD
FLETCHER CREEK,150.43410107,-23.78935073,QLD
GAYNDAH,151.6362758,-25.62039235,QLD
BOYNE ISLAND,151.32485314,-23.9320315,QLD
SHORNCLIFFE,153.08159995,-27.32738818,QLD
OAK BEACH,145.52101138,-16.58801628,QLD
GEORGINA,139.22154255,-22.48077007,QLD
WELCOME CREEK,152.26561555,-24.77156936,QLD
COLEVALE,147.34161074,-19.45314706,QLD
BAJOOL,150.5886953,-23.69260588,QLD
BUNGUNDARRA,150.63878659,-23.04878466,QLD
LAIDLEY CREEK WEST,152.35425804,-27.67048044,QLD
GODWIN BEACH,153.09827729,-27.08623806,QLD
BENOWA,153.38582472,-28.00768467,QLD
DAYBORO,152.82307441,-27.20161967,QLD
TANNYMOREL,152.23999534,-28.30132501,QLD
POINT ARKWRIGHT,153.09813204,-26.54644826,QLD
RULES BEACH,152.03220073,-24.49279113,QLD
BARNEY POINT,151.26897733,-23.84320223,QLD
YIMBUN,152.3602536,-27.02848601,QLD
DUCKLO,151.03517785,-27.27640444,QLD
ROCHE CREEK,150.13757303,-26.0577715,QLD
MUNDUBBERA,151.29818969,-25.58290697,QLD
SOUTHPORT,153.40175078,-27.97305803,QLD
DIXIE,143.27370142,-15.41525265,QLD
BONNIE DOON,145.40651971,-16.46212124,QLD
COLES CREEK,152.74215892,-26.35574406,QLD
DARTS CREEK,150.95043796,-23.719842,QLD
TOWN COMMON,146.7426544,-19.2129884,QLD
BARRAMORNIE,150.09495329,-27.06966892,QLD
WALLACES CREEK,152.65543999,-28.06683339,QLD
KINGS SIDING,151.78989096,-27.45374157,QLD
BALMORAL RIDGE,152.89232756,-26.74457873,QLD
KINKA BEACH,150.79219775,-23.2199792,QLD
OYSTER CREEK,151.86094653,-24.42285554,QLD
TWIN WATERS,153.08694562,-26.63200018,QLD
CLINTONVALE,152.11812638,-28.0944074,QLD
KARUMBA,140.87163263,-17.48783296,QLD
KENMORE HILLS,152.92785184,-27.49471695,QLD
MOUNT COOLUM,153.08304163,-26.56670986,QLD
RODGERS CREEK,151.83268531,-28.2223136,QLD
TOORBUL,153.08105182,-27.04166453,QLD
LINDEN,146.39715022,-27.82471,QLD
DALLARNIL,152.04053178,-25.36136384,QLD
MORCHARD,138.49409227,-32.72029888,SA
CLEMENTS GAP,138.06259141,-33.50707714,SA
KELLY,136.51338874,-33.22766209,SA
MABEL CREEK,134.09310521,-29.13973988,SA
WEST RANGE,139.91386796,-36.7440853,SA
POONINDIE,135.8781619,-34.56641977,SA
PETERSVILLE,137.84400885,-34.34986465,SA
LEIGH CREEK,138.40389852,-30.59289443,SA
WILKATANA STATION,137.77680378,-32.12814939,SA
WARRAMBOO,135.59587699,-33.24164595,SA
FURNER,140.33995159,-37.40774806,SA
YANKANINNA,138.96475556,-30.33281128,SA
APPILA,138.4288394,-33.05115298,SA
TODMORDEN,134.82686188,-27.28384805,SA
MOUNT BARRY,134.87070987,-28.36727566,SA
ERUDINA,139.52989757,-31.38606091,SA
SEVENHILL,138.62696205,-33.89591791,SA
PUNTHARI,139.29696793,-34.81171855,SA
TEMPLERS,138.74445418,-34.47703605,SA
ANGLE PARK,138.560619,-34.85594635,SA
PUALCO RANGE,139.61186258,-32.96902709,SA
PARAMATTA,137.62392069,-34.049064,SA
EVERARD CENTRAL,138.31903384,-33.924315,SA
GAWLER WEST,138.73401638,-34.60438087,SA
AUBURN,138.67856252,-34.02923105,SA
GLOBE DERBY PARK,138.58932728,-34.78779387,SA
ETADUNNA,138.51013866,-28.75946224,SA
REGENCY PARK,138.57241212,-34.86253419,SA
EDINBURGH,138.63500553,-34.71913239,SA
SHEAOAK FLAT,137.87596637,-34.70365644,SA
BOOLGUN,140.03410466,-34.41718697,SA
SHORT,140.53884199,-37.35257428,SA
TAYLORVILLE STATION,140.18937425,-33.92427555,SA
BLACK POINT,137.89143238,-34.61231044,SA
COOYERDOO,137.00856837,-33.03687375,SA
SPECTACLE LAKE,140.44473956,-34.34538661,SA
YARRAH,138.03301448,-32.15221579,SA
WIRRABARA,138.27057606,-33.03442821,SA
WEEKEROO,139.96783541,-32.21649168,SA
GLENDAMBO,135.76045787,-30.96829634,SA
GLENELG,138.5144214,-34.98046784,SA
LOWAN VALE,140.6821683,-36.1637947,SA
KYBYBOLITE,140.92625379,-36.86967163,SA
MUNDI MUNDI,140.95194669,-31.74287936,SA
COCKBURN,140.99769707,-32.07740656,SA
DULKANINNA,138.66288225,-29.09383153,SA
DE ROSE HILL,133.31116316,-26.55610038,SA
OLD KOOMOOLOO,139.79466883,-33.52720055,SA
GLANVILLE,138.49089832,-34.84409629,SA
MARDEN,138.63476508,-34.89254875,SA
MEDINDIE,138.6049077,-34.89732276,SA
BOWILLIA,138.41325211,-33.93457447,SA
WATCHMAN,138.41751198,-34.06931832,SA
LAURIE PARK,140.90699176,-36.98924412,SA
IRON BARON,137.15857358,-32.99691077,SA
MURRAWONG,139.33077518,-35.0553929,SA
TARATAP,139.94876762,-36.57780474,SA
OAK VALLEY,130.80646142,-29.44941423,SA
MAITLAND,137.67299011,-34.37394243,SA
REID,138.72952647,-34.60100183,SA
HOLOWILIENA,138.9171994,-31.90642706,SA
PINE VALLEY STATION,140.32026404,-33.3331141,SA
EMU FLAT,138.58913801,-33.85872854,SA
WORUMBA,138.70162931,-31.88225868,SA
WOOMERA,136.8192684,-31.16562564,SA
MARRYATVILLE,138.64600549,-34.92841904,SA
COLLINSVILLE,139.21938182,-33.4001372,SA
MITCHIDY MOOLA,132.51483343,-31.65217443,SA
MOUNT BRYAN,138.89482209,-33.55044508,SA
BROMPTON,138.57568219,-34.8983185,SA
LINDON,140.28130536,-29.24575843,SA
ROSEDALE,138.83933289,-34.55670205,SA
WHYALLA STUART,137.51909865,-33.03291348,SA
CADELL,139.7623817,-34.03842413,SA
TRINITY GARDENS,138.64451481,-34.91124004,SA
CROSS ROADS,137.61107589,-34.05771665,SA
HASLAM,134.21435376,-32.5075824,SA
KOONUNGA,139.00870976,-34.36998121,SA
WHYALLA NORRIE,137.53969588,-33.02764034,SA
PLEASANT PARK,140.90727104,-37.64372748,SA
ST JOHNS,138.95026501,-34.37419828,SA
BLAKISTON,138.88609419,-35.04169219,SA
UNDALYA,138.68624645,-34.07861751,SA
FRANCES,140.9557529,-36.71370867,SA
DUTTON,139.14776221,-34.32644361,SA
DUTTON EAST,139.23924715,-34.35608674,SA
GILES CORNER,138.72886827,-34.22303247,SA
TEROWIE,138.93415252,-33.14248055,SA
ECHUNGA,138.80289916,-35.09812403,SA
BAGOT WELL,139.00244218,-34.30378546,SA
MUNDULLA WEST,140.56523657,-36.42151073,SA
SUNNYBRAE,138.80112124,-33.03150851,SA
ALMA,138.64477313,-34.25799518,SA
APOINGA,138.93546891,-33.9141821,SA
MINGBOOL,140.87535635,-37.71069766,SA
STANLEY,138.76224922,-33.88593948,SA
CUSTON,140.92106232,-36.43752633,SA
SUNLANDS,139.87842548,-34.13767173,SA
MALVERN,138.61254396,-34.95913746,SA
COROMANDEL EAST,138.64912219,-35.04739288,SA
PORT WILLUNGA,138.46370858,-35.25961662,SA
YELTA,137.61817409,-34.0647415,SA
MULLAQUANA,137.53252158,-33.05752652,SA
MOCULTA,139.12381127,-34.47400568,SA
TORRENS VALE,138.38593167,-35.52204468,SA
WHYTE YARCOWIE,138.8863733,-33.22942047,SA
CAVAN,138.5995184,-34.82564497,SA
WILLUNGA SOUTH,138.55709945,-35.28608694,SA
SEAFORD HEIGHTS,138.49646267,-35.19789669,SA
TALDRA,140.88848269,-34.4226941,SA
SEAFORD RISE,138.48487176,-35.2042152,SA
PICCADILLY,138.73348222,-34.97823938,SA
WILLOW CREEK,138.4232765,-35.5680091,SA
BOLTO,139.31711538,-34.9137435,SA
KOONOONA,138.92878028,-33.8313999,SA
URAIDLA,138.74513211,-34.96062234,SA
COMPTON,140.67551997,-37.81506522,SA
WASLEYS,138.68430826,-34.47107647,SA
STEPHENSTON,138.20064398,-32.38158087,SA
GERMAN FLAT,140.41962557,-37.78399881,SA
SANDALWOOD,140.12830872,-34.94176465,SA
UWORRA,133.3297286,-31.96700176,SA
CROWN POINT,134.74815236,-26.0980573,SA
OSBORNE,138.50748713,-34.78580958,SA
BILLA KALINA,136.40965673,-29.9002615,SA
DARLINGTON,138.55629108,-35.03300595,SA
TAUNTON,139.08968299,-34.68705458,SA
BUCKLEBOO,136.21304165,-32.92037756,SA
BLACK HILL STATION,138.83179274,-31.80129386,SA
CALTOWIE,138.48350002,-33.18171872,SA
PAISLEY,139.66331879,-34.39582974,SA
WAPPILKA,140.3144082,-34.39047415,SA
BETHANY,138.98563343,-34.54470878,SA
CORDILLO DOWNS,140.57532998,-26.3996421,SA
OULNINA,140.33179979,-32.42944422,SA
FARM BEACH,135.39706732,-34.49480937,SA
MANNINGHAM,138.62196383,-34.87718144,SA
WOODCROFT,138.56241839,-35.10320464,SA
NANBONA,132.66986879,-31.70046458,SA
DONOVANS,140.95414982,-38.00556625,SA
TOOLIGIE,135.70202401,-33.85930335,SA
CLAPHAM,138.60501534,-34.99014419,SA
JULANKA HOLDINGS,139.54530144,-34.87309992,SA
NORTH WEST BEND,139.67506582,-34.03879937,SA
WADNAMINGA,140.28620669,-32.54407566,SA
NAPPERBY,138.11750309,-33.15556482,SA
AVENUE RANGE,140.17841377,-36.94307625,SA
SALTIA,137.95136868,-32.48417823,SA
CAVETON,140.80756229,-37.94240632,SA
MANTUNG,140.0778694,-34.58784854,SA
WATERLOO,138.8854238,-33.98829649,SA
MERRITON,138.14319436,-33.438122,SA
SOUTH KILKERRAN,137.58649582,-34.44381674,SA
BORDERTOWN SOUTH,140.72835678,-36.43217742,SA
SHEA-OAK LOG,138.83433162,-34.50848323,SA
ANANGU PITJANTJATJARA YANKUNYTJATJARA,131.20439334,-27.08216914,SA
SALISBURY SOUTH,138.6429674,-34.78277563,SA
ELIZABETH NORTH,138.6769863,-34.70084156,SA
LOVEDAY,140.41484734,-34.27647954,SA
KOOLYWURTIE,137.64086265,-34.64393872,SA
BAKARA WELL,139.84708234,-34.57483507,SA
GOLDEN HEIGHTS,139.93532673,-34.19566725,SA
SHAUGH,140.85145278,-35.92882761,SA
AMATA,131.17389748,-26.12765172,SA
CLINTON CENTRE,137.91816945,-34.22391445,SA
UPALINNA,138.89180572,-31.57512434,SA
MARAMA,140.18155703,-35.17395225,SA
NOTTS WELL,139.77828805,-34.42130666,SA
BURNSFIELD,138.21495138,-33.69318945,SA
CUNGENA,134.71286749,-32.58255934,SA
MALTEE,133.92468699,-32.07948981,SA
WANBI,140.31140391,-34.76735047,SA
GILLES DOWNS,136.918019,-32.91727296,SA
WOOLUMBOOL,140.33888479,-36.7916607,SA
YATINA,138.66727955,-32.92950685,SA
BROOKER,135.85378189,-34.04887055,SA
MUNDIC CREEK,140.78947586,-34.21098067,SA
LANGS LANDING,139.59020584,-34.58619447,SA
MOUNT BURR,140.4573359,-37.54136984,SA
YORKE VALLEY,137.68676999,-34.44817505,SA
SEMAPHORE,138.48288881,-34.83891067,SA
ROXBY DOWNS,136.87978111,-30.56098771,SA
OUTALPA,140.14668655,-32.21667428,SA
UPPER HERMITAGE,138.76217458,-34.79234978,SA
OTTOWAY,138.53573783,-34.84727271,SA
COLLEY,134.65646633,-33.06491227,SA
PATA,140.52536714,-34.56390456,SA
SANDY GROVE,139.84671851,-36.87518836,SA
MOUNT DAMPER,135.04192023,-33.13916274,SA
MUSTON,137.7366834,-35.81362762,SA
POOGINAGORIC,140.82387071,-36.44186106,SA
PINKS BEACH,139.82000673,-36.86942195,SA
MOUNT HAVELOCK,138.74993401,-31.67824017,SA
TIDDY WIDDY BEACH,137.94051136,-34.40147846,SA
CUNYARIE,136.27315527,-32.94478355,SA
DEVONBOROUGH DOWNS,140.3924606,-32.60352661,SA
ZADOWS LANDING,139.29461118,-34.9686151,SA
MOOLEULOOLOO,140.33270527,-31.63053216,SA
WOMBATS REST,139.67109852,-34.11695924,SA
ANGAS VALLEY,139.29417608,-34.75632015,SA
WYOMI,139.82928498,-36.85721517,SA
MANNA HILL,139.97927104,-32.43138695,SA
MOUNT FREELING,139.36750688,-30.00352359,SA
NILPINNA STATION,135.56409799,-28.40343505,SA
NETLEY GAP,140.01537421,-32.75839269,SA
EVANSTON PARK,138.74840311,-34.62908566,SA
PARINGA,140.78500883,-34.17705156,SA
POLTALLOCH,139.30798221,-35.52265046,SA
DEEP CREEK,138.2163855,-35.63328977,SA
ANGASTON,139.06225501,-34.52982626,SA
MENINGIE EAST,139.56424237,-35.62838525,SA
HINDMARSH VALLEY,138.59894194,-35.47604833,SA
CORNY POINT,137.08240649,-34.92436341,SA
WATTLE PARK,138.67849632,-34.92724569,SA
PANORAMA,138.597387,-35.00072748,SA
FELIXSTOW,138.64697027,-34.88900998,SA
FISHER,139.50924862,-34.52194422,SA
KINGSTON ON MURRAY,140.34552536,-34.2215426,SA
ELLISTON,134.89035103,-33.64951137,SA
MIDDLE RIVER,137.08669305,-35.6947094,SA
MAAOUPE,140.69559084,-37.26796862,SA
MURRAY BRIDGE NORTH,139.26469665,-35.07529653,SA
ANGORIGINA,138.80926512,-31.10302976,SA
MULGATHING,133.92965502,-30.4219337,SA
CULTANA,137.39700754,-32.93768641,SA
ROWLAND FLAT,138.93725138,-34.57297437,SA
GREEN HILLS RANGE,138.80116155,-35.16613362,SA
ABERFOYLE PARK,138.60114398,-35.07055539,SA
YINKANIE,140.32175658,-34.33040294,SA
KALLORA,138.30349272,-34.21765925,SA
PORT RICKABY,137.50958442,-34.67276519,SA
BLACKFELLOWS CAVES,140.46427943,-37.92952883,SA
NULLARBOR,130.48127314,-31.05805847,SA
ERSKINE,138.83605491,-32.68637678,SA
PORT NEILL,136.34894041,-34.11938864,SA
GREENHILL,138.69181863,-34.94987976,SA
HAPPY VALLEY,138.57574797,-35.07657549,SA
CRYSTAL BROOK,138.20876113,-33.35152395,SA
DUDLEY WEST,137.87359898,-35.81925958,SA
KULPARA,138.0367605,-34.06037762,SA
EVANDALE,138.63542347,-34.90550786,SA
AVOCA DELL,139.31174951,-35.09103426,SA
MONARTO,139.12325759,-35.08244299,SA
KALTJITI,132.02989944,-26.76711955,SA
FAIRVIEW PARK,138.72895565,-34.80043411,SA
CADELL LAGOON,139.75446815,-34.03372504,SA
WALLAROO MINES,137.69556523,-33.96791906,SA
MURPUTJA,130.18270038,-26.16372867,SA
SPRINGFIELD,138.63274801,-34.97842912,SA
HAWKS NEST STATION,140.43704024,-34.05558961,SA
AUSTRALIA PLAINS,139.17035416,-34.08640959,SA
CHELTENHAM,138.52691477,-34.86811613,SA
NINNES,138.02587774,-33.96404641,SA
RAUKKAN,139.13236712,-35.5065265,SA
ALLENDALE EAST,140.70495683,-38.00315359,SA
WRENFORDSLEY,134.30278464,-33.0917175,SA
WRIGHT,134.67189694,-33.21239333,SA
LAKE HARRIS,135.22108301,-31.11021641,SA
LAKE ALBERT,139.2848921,-35.6249516,SA
SQUARE MILE,140.80267033,-37.87123156,SA
MILLICENT,140.35376658,-37.59526561,SA
TOORA,139.3016258,-35.07707177,SA
PETHERICK,140.14966031,-36.36014357,SA
ROCKY GULLY,139.2020391,-35.10900038,SA
TARCOOLA,134.55751871,-30.69340214,SA
LOCK,135.75593834,-33.56671547,SA
LONG FLAT,139.30952783,-35.13235672,SA
MACCLESFIELD,138.83630719,-35.17301648,SA
BALD HILLS,138.39940872,-35.48821119,SA
MAGDALA,138.70429147,-34.42149251,SA
BEATTY,139.44166006,-34.01811991,SA
TIKALINA,140.62737438,-32.25905125,SA
BOLLARDS LAGOON,140.72464936,-28.87104596,SA
CLEVE,136.49494537,-33.70209299,SA
KALAMURINA,137.6741029,-27.79130012,SA
SEPPELTSFIELD,138.90618138,-34.49573798,SA
WASHPOOL,138.58416134,-33.38084346,SA
AMYTON,138.32919602,-32.60942196,SA
PANDIE PANDIE,139.76161059,-26.37116662,SA
PUKATJA,132.13817035,-26.29117276,SA
WATINUMA,131.88102709,-26.52117355,SA
PETINA,134.38908873,-32.47520375,SA
FOUNTAIN,135.63659741,-34.59856161,SA
BANKSIA PARK,138.73057675,-34.81051533,SA
MOUNT CHARLES,140.14550061,-36.07240917,SA
ETTRICK,139.54300892,-35.02320096,SA
ARKAROOLA,139.40726271,-30.213299,SA
SWAN REACH,139.62428545,-34.57021908,SA
WATARRU,129.90525763,-27.02468469,SA
KALKA,129.15276288,-26.11556413,SA
PIPALYATJARA,129.14570907,-26.17045046,SA
YUNYARINYI,132.45501301,-26.32326908,SA
UMUWA,132.02529412,-26.47799857,SA
BUCKINGHAM,140.56740189,-36.33812352,SA
EUROMINA,138.57310927,-33.62462589,SA
ERITH,138.39727806,-34.22356678,SA
HAMPSTEAD GARDENS,138.62881254,-34.87446803,SA
JUPITER CREEK,138.75353375,-35.11802753,SA
COOMOOROO,138.50361987,-32.65037265,SA
TINTINARA,140.0570964,-35.88302903,SA
MELROSE,138.18851743,-32.82597144,SA
ANGEPENA,138.85585637,-30.65814043,SA
MINBURRA,138.74975385,-32.54403826,SA
COLLEGE PARK,138.61972614,-34.91155113,SA
TEPCO STATION,140.77677973,-32.29226752,SA
JERICHO,137.68378056,-33.96608973,SA
MOUNT GAMBIER,140.76481996,-37.83361969,SA
WUNKAR,140.29885884,-34.49178585,SA
BUNGAMA,138.06822212,-33.20148184,SA
EBA,139.56987681,-34.05305801,SA
WOODVILLE PARK,138.54638622,-34.88240245,SA
INKERMAN,138.26013821,-34.28131368,SA
SAINTS,138.34054555,-34.15430733,SA
KARCULTABY,134.9644878,-32.76366091,SA
FREWVILLE,138.63118833,-34.94797425,SA
WILLOW SPRINGS,138.88383345,-31.47215127,SA
WILLOW BANKS,139.34548027,-35.05569587,SA
MORTLOCK SIDING,135.70813773,-34.41266636,SA
LANGPORT,137.56390746,-34.06707642,SA
CADNIA,138.60544749,-30.77041644,SA
MOOROWIE,137.4217061,-35.09893875,SA
MOOTATUNGA,140.83807689,-34.94945657,SA
MULPATA,140.39639694,-35.15429655,SA
PORT TURTON,137.36274744,-34.93577642,SA
SOUTH GOOLWA,138.77941718,-35.51225648,SA
WALL,139.32327713,-34.9643265,SA
CHAPMANTON,138.49933743,-31.94444645,SA
BARTON,139.13732719,-34.41838649,SA
COOK,130.41419861,-30.61214624,SA
INVERBRACKIE,138.89484719,-34.97252648,SA
KONGOLIA,139.36589714,-34.6544465,SA
OAKLANDS,137.68841739,-34.98741643,SA
RANDELL LOOKOUT,138.14474754,-30.84404642,SA
MULYUNGARIE,140.7582495,-31.42760879,SA
PURNONG LANDING,139.61754709,-34.85440651,SA
LEIGH CREEK SOUTH,138.40027752,-30.59238643,SA
PARA WURLIE,137.19568215,-34.89894672,SA
PORT CLINTON,138.02044438,-34.22384244,SA
WILKAWATT,140.36186693,-35.37032655,SA
BLAKISTON PARK,138.87963719,-35.04520648,SA
BUTLER TANKS,136.17667767,-34.10684637,SA
ERNABALLA,132.13222845,-26.28857623,SA
ININTI HOMELAND,139.30982761,-27.01942645,SA
OXFORD LANDING,139.8571171,-34.09494652,SA
ELBOW HILL,136.79766759,-33.71806639,SA
CHANDLER RAILWAY STATION,133.36989829,-26.96840626,SA
GLENCOE WEST,140.58062672,-37.66966658,SA
IRON DUKE,137.11665757,-33.2819164,SA
MINTABIE,140.16465697,-35.26923654,SA
NORTON SUMMIT,138.73599752,-34.918432,SA
YARRAMBA,140.58023204,-31.58300603,SA
CHUNDARIA,132.65296714,-31.41008034,SA
KOPPAMURRA,140.9032876,-37.04864858,SA
MOUNT IVE,136.04673418,-32.51430987,SA
WOOLPUNDA,140.20010221,-34.24716728,SA
BURRA EASTERN DISTRICTS,139.24686734,-33.63732202,SA
BOONERDO,135.97621347,-33.56245588,SA
LOWBANK,140.07351748,-34.18460459,SA
KUDLA,138.70415736,-34.64099915,SA
WATRABA,133.21444106,-31.97354625,SA
MIMILI,132.70130208,-27.02391156,SA
WATTLE RANGE,140.50701687,-37.4273094,SA
ALTONA,138.91739155,-34.60173764,SA
BLACK SPRINGS,138.8754966,-33.90259039,SA
RISDON PARK,137.96430093,-33.19346714,SA
COWARIE,138.49630924,-27.53577645,SA
NEW WELL,139.90412972,-34.37340551,SA
DALKEY,138.42608739,-34.18732815,SA
KARKOO,135.72924374,-34.03283236,SA
DANGGALI,140.75459362,-33.32370998,SA
SURREY DOWNS,138.71152098,-34.79950419,SA
DIREK,138.60912677,-34.72342145,SA
MERCUNDA,140.03317853,-34.63817627,SA
ROYAL PARK,138.50742278,-34.87081979,SA
THRINGTON,137.83472777,-34.01193023,SA
GAWLER BELT,138.72880637,-34.57196815,SA
YUMBARRA,133.61003849,-31.68962268,SA
NORTHGATE,138.63026019,-34.85727468,SA
PEEBINGA,140.91022514,-34.92952403,SA
WEETULTA,137.62543698,-34.23441981,SA
MANNERS WELL,138.71097394,-30.63287718,SA
POLISH HILL RIVER,138.67331401,-33.88352818,SA
NUNJIKOMPITA,134.3795102,-32.20611588,SA
NARRIDY,138.30529511,-33.42550225,SA
MORPHETTS FLAT,139.6847108,-34.05468951,SA
STRZELECKI DESERT,139.67977233,-28.6924591,SA
NUROM,138.10000782,-33.31760289,SA
KORUNYE,138.51627845,-34.5306531,SA
ANDREWS,138.63993831,-33.61766762,SA
KATUNGA STATION,137.10024312,-32.78289522,SA
BURNSIDE,138.66661868,-34.94006537,SA
MCCALLUM,140.66641933,-35.97987153,SA
KYEEMA,138.6750585,-35.27657148,SA
POOGINOOK,140.09878972,-34.11709406,SA
PARIS CREEK,138.80024869,-35.21850311,SA
BANGOR,138.15996037,-32.95004514,SA
BURTON,138.60009218,-34.73768541,SA
WILLOCHRA,138.13897486,-32.22731774,SA
EASTWOOD,138.62172466,-34.94226449,SA
ATHOL PARK,138.54283183,-34.85606213,SA
ROSEWORTHY,138.74675128,-34.5332896,SA
NILDOTTIE,139.65175209,-34.67631351,SA
PIMBA,136.79416682,-31.25700982,SA
PURNONG,139.62369884,-34.85423542,SA
LOWALDIE,139.99097701,-35.05193653,SA
MOOMBA,140.20289744,-28.10836649,SA
MYORA,135.56122778,-33.83329635,SA
DUNCAN,137.1309616,-35.75767548,SA
BARNA,136.70484574,-33.17469497,SA
YALANDA,136.70463703,-33.27606364,SA
KANPI,130.11495216,-26.1629363,SA
BOSWORTH,137.51885087,-30.93651024,SA
WITCHELINA,137.91211907,-30.12069779,SA
NYAPARI,130.20709677,-26.18247991,SA
HAMBIDGE,135.92348516,-33.40283038,SA
CALOMBA,138.40897548,-34.39409868,SA
FARINA STATION,138.25194226,-30.06680247,SA
NEPABUNNA,138.98053745,-30.58193146,SA
DISMAL SWAMP,140.73364548,-37.69549468,SA
COOTRA,135.94676038,-33.2662405,SA
LEIGHTON,138.76695807,-33.64771105,SA
INNAMINCKA,140.73926769,-27.74513042,SA
SIMPSON DESERT,137.43260285,-26.67803734,SA
BINDARRAH,140.67444115,-32.09836894,SA
CAREW,140.48664718,-36.29308105,SA
NANGULA SPRINGS,140.40469675,-37.63506657,SA
SNUGGERY,139.93904691,-36.56837654,SA
WINTAWATA HOMELAND,130.98735858,-26.15977622,SA
THISTLE ISLAND,136.11660764,-34.96658638,SA
EAST WELLINGTON,139.39706709,-35.32224651,SA
CHARLTON,138.24790741,-33.01853644,SA
HESSO,137.41641758,-32.1243664,SA
PARA WIRRA,138.63574726,-34.61165647,SA
STENHOUSE BAY,136.93827749,-35.27528641,SA
GEEGEELA,140.83621676,-36.62374658,SA
O.B. FLAT,140.77508667,-37.88627659,SA
BARUNGA NORTH,138.0847374,-33.66285644,SA
MOUNT RAT,137.61960742,-34.62817643,SA
WESTON FLAT,139.82387711,-34.03701652,SA
CASTINE SPRING,135.51027798,-28.93011632,SA
CROZIER DAM,140.43665719,-31.53748653,SA
JENKINS PARK,137.55812751,-33.02645642,SA
SPILSBY ISLAND,136.34379762,-34.66228638,SA
WATERHOUSE BAY,136.19322763,-35.04346638,SA
BLANCHE TOWN,139.61268712,-34.35217651,SA
GEORGE TOWN,138.58620734,-33.36638646,SA
RED BANKS,140.46729676,-37.35439657,SA
LOXTON EAST,140.57812696,-34.45334656,SA
WILTON HALL,139.05436719,-34.55479649,SA
KILKERRAN,137.58931744,-34.32666642,SA
STONEFIELD,139.30196717,-34.3472665,SA
KINGSTON,139.84867091,-36.83258854,SA
SHANNON LODGE,138.58266726,-34.71248647,SA
TUSCAN,140.302007,-34.57287654,SA
HOGWASH BEND,139.8558771,-34.06649652,SA
NOORA,140.85677692,-34.43755657,SA
BUCCLEUCH,139.87817701,-35.33385653,SA
POMPOOTA,139.36530643,-34.99305574,SA
WAYVILLE,138.59144374,-34.94485754,SA
COOKE PLAINS,139.56171506,-35.37971751,SA
HENLEY BEACH SOUTH,138.50130473,-34.92988039,SA
NEW PORT,138.49545427,-34.84427046,SA
KESWICK,138.57777648,-34.94438598,SA
PORT GAWLER,138.44332747,-34.66932884,SA
SHERLOCK,139.80222583,-35.31977469,SA
GLEN OSMOND,138.64892594,-34.95952025,SA
TAILEM BEND,139.45517914,-35.25532296,SA
SEFTON PARK,138.60651433,-34.8761976,SA
NALYAPPA,137.54504815,-34.16313229,SA
BLAKEVIEW,138.71006368,-34.67562741,SA
GERMAN CREEK,140.49702763,-37.82844975,SA
BUTLER,136.16743668,-34.07763938,SA
BEAUMONT,138.65937578,-34.94996727,SA
ST GEORGES,138.64787751,-34.95198673,SA
DUDLEY PARK,138.57919084,-34.88007088,SA
KILBURN,138.58558432,-34.85968764,SA
ELWOMPLE,139.55748691,-35.3079791,SA
MOORLANDS,139.67283023,-35.28184639,SA
BROADVIEW,138.61502332,-34.8759313,SA
HAZELWOOD PARK,138.65615023,-34.93925496,SA
BEDFORD PARK,138.56984101,-35.02341666,SA
KUITPO COLONY,138.69448065,-35.28444498,SA
ELIZABETH DOWNS,138.69364824,-34.6993307,SA
LIGHTSVIEW,138.62732803,-34.86194084,SA
HENLEY BEACH,138.49868817,-34.91592249,SA
NAILSWORTH,138.60619407,-34.88435406,SA
MIDDLE BEACH,138.44406542,-34.59892609,SA
HILLBANK,138.68730028,-34.73514649,SA
MOUNT MAGNIFICENT,138.69654224,-35.31042842,SA
HINDMARSH TIERS,138.55581697,-35.41784596,SA
NORTHFIELD,138.62548908,-34.84988856,SA
WALLAROO PLAIN,137.68430905,-33.8702418,SA
CANUNDA,140.28973369,-37.7051048,SA
MULGA VIEW,139.06715961,-30.89526935,SA
KAROONDA,139.89724749,-35.09297668,SA
NORTH BEACH,137.63228406,-33.90270148,SA
UNDERDALE,138.54909938,-34.9195343,SA
BACK VALLEY,138.50375558,-35.54206778,SA
NANGKITA,138.67887862,-35.34418706,SA
GREENACRES,138.6280034,-34.86853557,SA
FULHAM,138.51367034,-34.92736123,SA
TEPKO,139.2043247,-34.973601,SA
RIDLEYTON,138.57046136,-34.89418371,SA
MURRAY BRIDGE SOUTH,139.27665808,-35.16626083,SA
ALTON DOWNS STATION,138.97186957,-26.31995409,SA
WITJIRA,135.67495639,-26.33848912,SA
GERARD,140.4985032,-34.35314891,SA
EBENEZER,139.01778345,-34.41714137,SA
WILCOWIE,138.80190402,-32.10115908,SA
YUDNAPINNA,137.05296077,-32.06597425,SA
YEELANNA,135.72937874,-34.14071936,SA
EURELIA,138.56266511,-32.55287821,SA
BUNDEY,139.27507564,-33.88104772,SA
PINKAWILLINIE,135.96915056,-33.00236044,SA
BINNUM,140.86747728,-36.78367309,SA
WOMPINIE,140.80988485,-31.9685058,SA
MYOLA STATION,137.22321092,-33.00667396,SA
MOSELEY,136.50282997,-33.0506163,SA
PUNTABIE,134.11228999,-32.23659198,SA
NORTH HILLS,138.84529027,-32.38339231,SA
ERINDALE,138.66389343,-34.92888301,SA
MAGGEA,140.0659925,-34.47549209,SA
KOONIBBA,133.42504216,-31.90341829,SA
MOYHALL,140.66872494,-37.04188101,SA
MURRAY BRIDGE EAST,139.31325032,-35.11729287,SA
QUONDONG,140.40562093,-33.04027155,SA
DOWLINGVILLE,137.92893537,-34.34651471,SA
YAMBA,140.89049997,-34.28949586,SA
MOUNT WILLOUGHBY,134.16801743,-28.42340592,SA
LINDLEY,139.61370376,-33.88617303,SA
BULGUNNIA,134.71577114,-30.18892939,SA
RIVERGLADES,139.30055015,-35.09972504,SA
MOUNT COOPER,134.77798808,-33.00875303,SA
CAROLINE,140.92077048,-37.92626898,SA
HOLDER SIDING,140.0568568,-34.32438311,SA
NECTAR BROOK,137.99916597,-32.71087354,SA
SANDY CREEK,138.83583173,-34.60264622,SA
MOORAK,140.68803815,-37.87319571,SA
COOBER PEDY,134.74857807,-29.0074163,SA
EXETER,138.49078191,-34.83847364,SA
PUNYELROO,139.59703904,-34.61056254,SA
BOOLCOOMATTA,140.59781825,-31.92296166,SA
BEVERLEY,138.54634874,-34.89527259,SA
KUITPO,138.68144237,-35.21489619,SA
MURDINGA,135.70864586,-33.72207418,SA
WIGLEY FLAT,140.23047003,-34.17959106,SA
YATALA VALE,138.74056016,-34.79400342,SA
MUDAMUCKLA,134.04377751,-32.15839397,SA
NGARKAT,140.59539991,-35.72981727,SA
COLES,140.51506812,-37.24972875,SA
LYNTON,138.60740705,-34.99733356,SA
NAIDIA,139.83316873,-34.50727224,SA
RISDON PARK SOUTH,137.97437916,-33.21780456,SA
CAVENAGH,138.99564652,-32.66934968,SA
ALDGATE,138.7394665,-35.01631905,SA
MAROLA,138.52966399,-33.66412857,SA
IRON KNOB,137.15064759,-32.7320364,SA
MUNDULLA,140.69276197,-36.36023561,SA
MOUNT VIVIAN,135.81463961,-30.59493088,SA
EDINBURGH NORTH,138.65813504,-34.70432111,SA
MUTOOROO,140.56612581,-32.7106421,SA
OAKVALE STATION,140.82933926,-32.95293643,SA
GRAMPUS,139.53044123,-32.8063653,SA
SHAGGY RIDGE,138.74709274,-31.79771232,SA
INGLEWOOD,138.79202228,-34.80215795,SA
PANDURRA,137.30325407,-32.55787583,SA
STONYFELL,138.67678642,-34.93417368,SA
WINTINNA,133.84219594,-27.80517555,SA
STUART,139.77936768,-33.95652083,SA
BACKY POINT,137.78737315,-32.91219469,SA
FORSTER,139.56330314,-34.73579484,SA
TIEYON,133.88991489,-26.34244464,SA
AYERS RANGE SOUTH,133.2680243,-26.19051971,SA
IWANTJA,133.30669541,-26.97803786,SA
BON BON,135.50337758,-30.58970732,SA
CALTOWIE NORTH,138.48252431,-33.11837828,SA
CLAYTON STATION,138.43871998,-29.31074455,SA
JAMIESON,136.39968663,-33.43590829,SA
WILLIAM CREEK,136.34014779,-28.90876951,SA
LONG PLAINS,138.35279887,-34.34734043,SA
VEITCH,140.50990491,-34.66009476,SA
LAKE VIEW,138.22831938,-33.63616845,SA
HAMMOND,138.31428217,-32.52205871,SA
COCATA,135.251417,-33.25540178,SA
STOCKWELL,139.05938298,-34.44115886,SA
WILLYAROO,138.91973658,-35.280957,SA
YANTANABIE,134.63626375,-32.48325772,SA
MCDOUALL PEAK,135.24686808,-29.70680565,SA
CANEGRASS,140.10721423,-33.52666314,SA
MILLERS CREEK,136.01860376,-30.01696451,SA
CARAWA,134.20108212,-32.33359356,SA
WILLOWIE,138.32727384,-32.68753002,SA
BOWDEN,138.57998855,-34.90289658,SA
OULNINA PARK,139.86237813,-32.60242798,SA
COLLINSWOOD,138.61224865,-34.88728801,SA
PARACHILNA,138.39566811,-31.13347161,SA
WONUARRA,140.89664072,-34.20006488,SA
ANDAMOOKA,137.1664477,-30.44704638,SA
GOMERSAL,138.89746513,-34.53484577,SA
DOUGLAS POINT,137.80649181,-32.84974025,SA
ST KITTS,139.0793417,-34.35897502,SA
HOPE GAP,138.20039501,-33.6558582,SA
ILLEROO,137.4441643,-32.49191045,SA
ALLANDALE STATION,135.60606089,-27.67613939,SA
ARTHURTON,137.75556742,-34.25915643,SA
WINGFIELD,138.55415636,-34.83812581,SA
WEST CROYDON,138.55904014,-34.88899559,SA
LOXTON NORTH,140.62314279,-34.41880366,SA
QUINYAMBIE,140.6565098,-30.30911894,SA
MOUNT GEORGE,138.76442906,-34.99217008,SA
HARDWICKE BAY,137.45804643,-34.89172942,SA
JAMES WELL,137.89765777,-34.4863846,SA
BROWNLOW KI,137.6074023,-35.67171615,SA
ANDAMOOKA STATION,137.16870825,-30.58922695,SA
PORT VICTORIA,137.48368745,-34.49710642,SA
BALAH,139.84832273,-33.66492519,SA
HEWETT,138.75181357,-34.57757969,SA
KYBUNGA,138.51548273,-33.93104339,SA
DARKE PEAK,136.2005977,-33.46839637,SA
ROSETOWN,139.85683941,-36.81979305,SA
DAW PARK,138.58778026,-34.98537321,SA
NACKARA,139.24511268,-32.80055412,SA
ALDINGA BEACH,138.45830753,-35.29318106,SA
JULIA,139.00792647,-34.12444865,SA
MARBLE HILL,138.75589149,-34.92497318,SA
LOWER BROUGHTON,137.95762609,-33.31988394,SA
BUNYUNG,139.79922806,-33.81997758,SA
WILGENA,134.85979349,-30.73287914,SA
WILLASTON,138.7411586,-34.58634328,SA
LAKE TORRENS STATION,137.97221794,-31.66078529,SA
NANGWARRY,140.81687669,-37.54204659,SA
WIRRAMINNA,136.32114358,-31.21830058,SA
WADDIKEE,136.25211536,-33.31684941,SA
GAWLER SOUTH,138.7498476,-34.61135595,SA
BROWN HILL CREEK,138.65030586,-34.98424261,SA
PORT KENNY,134.6819866,-33.1672362,SA
SADDLEWORTH,138.7914821,-34.07649076,SA
MANNANARIE,138.64422575,-33.03880194,SA
YADLAMALKA,137.85142166,-31.93798872,SA
VENUS BAY,134.67197937,-33.23377149,SA
ALPANA,138.55020484,-31.11211415,SA
KEITH,140.35549688,-36.09762656,SA
VINE VALE,139.00447675,-34.52154568,SA
FREELING,138.81188131,-34.45512155,SA
GIFFORD HILL,139.22450174,-35.16366616,SA
BLACKFORD,140.0459593,-36.77799378,SA
COLONEL LIGHT GARDENS,138.594675,-34.98360216,SA
WHITE HILL,139.20934554,-35.13908472,SA
YANINEE,135.27366258,-32.94616127,SA
SOUTH GAP,137.55556551,-31.68425189,SA
EUDUNDA,139.08658151,-34.17747843,SA
WINTABATINYANA,138.1613559,-31.43734434,SA
ANTECHAMBER BAY,138.06070724,-35.78908975,SA
GRANGE,138.49741391,-34.89582563,SA
FOREST RANGE,138.80013006,-34.93083484,SA
DEVON PARK,138.57977934,-34.88763411,SA
ANNADALE,139.37209372,-34.39695981,SA
WILLALOOKA,140.34223816,-36.35995805,SA
UNO,136.59966075,-32.78927126,SA
HAHNDORF,138.8101454,-35.03352174,SA
GREENOCK,138.92579637,-34.44499034,SA
NORTH SHIELDS,135.85184687,-34.6104018,SA
ADELAIDE AIRPORT,138.53081281,-34.94614133,SA
HILLTOWN,138.63639602,-33.68653175,SA
YELTANA,136.31130208,-32.78077905,SA
TOTHILL BELT,138.93721377,-34.00637752,SA
LENSWOOD,138.83261721,-34.91820648,SA
LOBETHAL,138.87398584,-34.90154089,SA
TIATUKIA,135.83386579,-34.65974871,SA
QUEENSTOWN,138.51034985,-34.86092169,SA
TOOTENILLA,135.78987612,-34.64443597,SA
GILLMAN,138.52623326,-34.83351307,SA
LINCOLN GAP,137.57370048,-32.54927645,SA
BRAHMA LODGE,138.65307414,-34.77588241,SA
KILKENNY,138.55290065,-34.8791542,SA
PORT HUGHES,137.55211719,-34.07594595,SA
BRIMBAGO,140.48886911,-36.18754208,SA
PORT PATERSON,137.82982697,-32.55453823,SA
HOVE,138.52264299,-35.01118669,SA
WILMINGTON,138.10032034,-32.65094381,SA
MONARTO SOUTH,139.12621273,-35.17276982,SA
THORNLEA,140.18810086,-37.42303373,SA
PETERHEAD,138.49992768,-34.83120548,SA
GIDGEALPA,140.23631322,-28.02877379,SA
KINGSTON SE,139.84865364,-36.83256568,SA
MULOORINA,137.95137468,-29.32616707,SA
BIRDWOOD,138.96431719,-34.81932948,SA
KOOROONA,137.58111528,-34.08845918,SA
STRATHALBYN,138.88984018,-35.25888848,SA
GLENELG NORTH,138.51788071,-34.96874131,SA
URRBRAE,138.63862314,-34.96813662,SA
WARRADALE,138.53563516,-35.0073862,SA
NURIOOTPA,138.98304382,-34.46566105,SA
BELAIR,138.64364307,-35.00644334,SA
MOONTA BAY,137.56901712,-34.05970167,SA
HIGHGATE,138.62168138,-34.9616301,SA
DEVLINS POUND,140.17931458,-34.11155015,SA
KANMANTOO,139.00326907,-35.06542897,SA
WOODCHESTER,138.96495913,-35.20763407,SA
ROSEWATER,138.52132935,-34.85250437,SA
KINGSWOOD,138.61382067,-34.97080629,SA
TYRINGA,134.46141752,-33.10347872,SA
BILLEROO WEST,140.06435855,-31.41611635,SA
MOUNT FALKLAND,138.48619451,-31.15196126,SA
EDIACARA,138.14328741,-30.81899881,SA
BELTANA STATION,138.15689109,-30.68462547,SA
HATHERLEIGH,140.27446544,-37.49070396,SA
WOODS POINT,139.3808581,-35.2201025,SA
COWANDILLA,138.55692832,-34.932456,SA
KEILIRA,140.15839896,-36.64008857,SA
TOORAK GARDENS,138.63750147,-34.93331868,SA
NENE VALLEY,140.52536146,-37.97295246,SA
OAKBANK,138.85830436,-34.9804253,SA
NELSHABY,138.1174362,-33.1226613,SA
MAGILL,138.67498392,-34.90909981,SA
NOVAR GARDENS,138.53166154,-34.9659634,SA
GLENALTA,138.6282185,-35.01192075,SA
WILLAMULKA,137.828354,-33.92266976,SA
PORT ARTHUR,138.08035179,-34.11476908,SA
WOOLSHEDS,138.64482395,-34.48613514,SA
WARRAWEENA,138.67650829,-30.80748847,SA
CALLANNA,137.63057861,-29.59742958,SA
MYRTLE SPRINGS,138.25544949,-30.35197355,SA
BROOKLYN PARK,138.54476839,-34.93010598,SA
MALPAS,140.62179968,-34.7198241,SA
PIRIE EAST,137.99914401,-33.26178666,SA
GREENWITH,138.71419716,-34.76487918,SA
JOSLIN,138.62656029,-34.89966057,SA
HYNAM,140.85994852,-36.93774461,SA
ISLAND BEACH,137.80508916,-35.79844801,SA
GULFVIEW HEIGHTS,138.669369,-34.79556081,SA
PORT JULIA,137.87789937,-34.66386344,SA
SWANPORT,139.30425835,-35.15443382,SA
BLACK FOREST,138.57667925,-34.9602687,SA
MYRTLE BANK,138.63379331,-34.96055901,SA
HAWTHORNDENE,138.63855073,-35.02544225,SA
CROYDON PARK,138.5674947,-34.88024464,SA
PENOLA,140.83465779,-37.37141756,SA
ROSTREVOR,138.69183402,-34.89384461,SA
POOCHERA,134.83909695,-32.72004295,SA
GREENBANKS,139.34913332,-35.05502334,SA
GLENSIDE,138.63375981,-34.94273162,SA
MOUNT BARKER SPRINGS,138.91975687,-35.09104947,SA
STANLEY FLAT,138.60509118,-33.79348911,SA
ALFORD,137.82207743,-33.81556643,SA
MALINONG,139.51568531,-35.51059946,SA
MINBURRA PLAIN,138.99567702,-32.50445654,SA
TOTNESS,138.84322226,-35.04754614,SA
GOODWOOD,138.59252583,-34.95106407,SA
WEPAR,140.71999079,-37.62380044,SA
GLYNDE,138.65253785,-34.89603457,SA
PARA VISTA,138.66278627,-34.82838078,SA
REYNELLA,138.52163111,-35.09656474,SA
BLYTH,138.48922033,-33.84591546,SA
WINNININNIE,139.76853041,-32.45601996,SA
SOUTH HUMMOCKS,138.11556256,-34.03231796,SA
GUM CREEK STATION,138.65546013,-31.21388417,SA
MIL-LEL,140.87555482,-37.77321633,SA
HOLDEN HILL,138.67232016,-34.85159826,SA
MILLSWOOD,138.58950906,-34.95724626,SA
WESTERN FLAT,140.7018983,-36.56771798,SA
TROTT PARK,138.54011862,-35.07132371,SA
MENZIES,137.43858919,-35.68375568,SA
WHYALLA JENKINS,137.50810448,-33.0271887,SA
HANSON,138.84842554,-33.75617777,SA
PORT MANNUM,139.30367148,-34.92550188,SA
OB FLAT,140.77613489,-37.8905124,SA
DERNANCOURT,138.67659224,-34.8619778,SA
PORT LINCOLN,135.85051734,-34.73019037,SA
HINDMARSH,138.56994985,-34.90662931,SA
TORRENSVILLE,138.55980153,-34.91979105,SA
SEACLIFF,138.52062331,-35.03227073,SA
CAREY GULLY,138.76939277,-34.96773351,SA
ARMAGH,138.5746775,-33.82497504,SA
ALDINGA,138.48357105,-35.27062301,SA
HALLELUJAH HILLS,139.05407503,-33.87828493,SA
TRANMERE,138.66212425,-34.90548214,SA
LAURA,138.30162477,-33.18507453,SA
BLANCHE HARBOR,137.75411821,-32.69007512,SA
SUTTONTOWN,140.75795001,-37.78209082,SA
BIBARINGA,138.76755854,-34.64111264,SA
MIDDLETON,138.71054285,-35.4843621,SA
HAMLEY BRIDGE,138.68263627,-34.35677147,SA
ULOOLOO,138.93705501,-33.31391497,SA
RUDALL,136.27069727,-33.69070864,SA
DUDLEY EAST,137.96884316,-35.789071,SA
WALTOWA,139.43280203,-35.62588909,SA
KEPPOCH,140.57937876,-36.73863656,SA
MOUNT VICTOR STATION,139.70273069,-32.06559328,SA
FINNISS,138.82419718,-35.38372648,SA
THE PINES,137.16681347,-34.91415041,SA
WRATTONBULLY,140.92525934,-37.15000706,SA
MAGAREY,140.09084702,-37.41706203,SA
WORROLONG,140.8308648,-37.80690469,SA
MOUNT MCINTYRE,140.54615595,-37.57361845,SA
PARAFIELD,138.63110144,-34.7961227,SA
STOCKPORT,138.73667903,-34.32903028,SA
GOOLWA NORTH,138.80877899,-35.48467024,SA
KRONGART,140.76617191,-37.4837653,SA
ATHELSTONE,138.70544375,-34.87146727,SA
MOUNT SCHANK,140.6987846,-37.94462984,SA
MEDINDIE GARDENS,138.60605071,-34.89215831,SA
DUCK PONDS,135.7652195,-34.7254637,SA
MOUNT BARKER,138.86347429,-35.0808896,SA
KALANGADOO,140.7013967,-37.56373658,SA
SUMMERTOWN,138.72538089,-34.95916792,SA
THE GAP,140.70631041,-36.70251229,SA
HOPE VALLEY,138.69602936,-34.84536144,SA
ANDREWS FARM,138.65950902,-34.67494265,SA
WARNERTOWN,138.1132346,-33.23516203,SA
WAUKARINGA,139.43751642,-32.29919243,SA
GUM CREEK,138.76551786,-33.71284645,SA
CYGNET RIVER,137.51953937,-35.69827643,SA
MASLIN BEACH,138.48062288,-35.23236363,SA
FALSE BAY,137.64445575,-32.94672288,SA
MONBULLA,140.73684648,-37.39665116,SA
ANGAS,137.63700736,-35.65450643,SA
LANDCROSS FARM,138.50862724,-35.21018647,SA
NUNDROO,132.21650834,-31.78714627,SA
MYPOLONGA,139.35580777,-35.04044121,SA
NANGARI,137.91659749,-32.54983643,SA
CLARENCE PARK,138.58365637,-34.96397125,SA
GILLES PLAINS,138.65908403,-34.85003278,SA
PARA HILLS WEST,138.64437042,-34.80346189,SA
CROYDON,138.56556838,-34.89515791,SA
TANTANOOLA,140.45691674,-37.69596657,SA
AULDANA,138.68689808,-34.91799875,SA
RAMCO,139.94592409,-34.17010595,SA
MERIBAH,140.851966,-34.70385197,SA
GURRAI RAILWAY STATION,140.60406691,-35.12178656,SA
LITTLE SWAMP,135.79405771,-34.69337637,SA
NATIVE VALLEY,138.98070718,-35.02829649,SA
ELIZABETH FIELD,138.67187725,-34.68447647,SA
HAWKSHAW,138.38705743,-32.26019644,SA
KULKAMI,140.28381696,-35.15555655,SA
LANGHORNE,139.02987715,-35.29663649,SA
FREGON,132.03054845,-26.76466623,SA
SLEAFORD BAY,135.73141771,-34.89383637,SA
POYNTON,137.34933322,-33.23266656,SA
RANDELL,137.4091202,-33.07669413,SA
STURDEE,132.31454489,-31.92048977,SA
WARCOWIE,138.68045452,-31.68216366,SA
WOOKATA,132.13997928,-31.90200326,SA
WOOLYANA,138.36042914,-31.62164143,SA
PORT FLINDERS,138.03352211,-33.10199655,SA
GILLEN,137.71209934,-32.59741928,SA
ERITH,138.39727806,-34.22356678,SA
LINCOLN,135.93016526,-34.70212443,SA
TRIHI,140.60794339,-37.50877898,SA
ANAGU PITJANTJATARA YANKUNYTJATARA,131.31977171,-27.05796963,SA
BELTANA SOUTH,138.15693671,-30.68558715,SA
ALEXANDRINA,139.00620129,-35.45238363,SA
ASH,137.22744588,-33.08356914,SA
BAGSTER,133.15093671,-31.86912273,SA
BREMER,139.02336533,-35.40341467,SA
BRINKLEY,139.24312105,-35.23661408,SA
BRINKLEY,139.22766207,-35.38720973,SA
BURGOYNE,133.02722152,-31.86854417,SA
CALDWELL,132.42876009,-31.88393064,SA
CROZIER,137.84303948,-32.34433646,SA
CULTANA,137.64741854,-32.90749424,SA
EDEOWIE,138.40403391,-31.45065078,SA
FREELING,138.81313854,-34.4474896,SA
JENKINS,137.69916385,-32.7794167,SA
KEVIN,132.99845042,-32.03430167,SA
PETHICK,134.03887307,-31.91678039,SA
BEETALOO,138.20892218,-33.16987556,SA
TEPCO,140.77687723,-32.291771,SA
BURRUNGULE,140.59180671,-37.7855537,SA
KIELPA,136.22500113,-33.58612156,SA
GLUEPOT,140.16050726,-33.75343742,SA
LOCKES CLAYPAN,135.08178623,-32.47505159,SA
RENMARK,140.74808297,-34.16762668,SA
MURNINNIE BEACH,137.37509507,-33.31734015,SA
SEAFORD MEADOWS,138.48716236,-35.17118665,SA
PAYNEHAM SOUTH,138.64448271,-34.90479228,SA
BANGHAM,140.88028585,-36.58148564,SA
MOERLONG,140.70517176,-37.48418184,SA
PAECHTOWN,138.81662726,-35.05393995,SA
MITCHELL PARK,138.56232832,-35.00505234,SA
TRURO,139.12732119,-34.40863649,SA
ROCKY PLAIN,139.1526154,-34.02264617,SA
BELTON,138.70981026,-32.22688074,SA
CHITON,138.6570529,-35.53021312,SA
MACDONALD PARK,138.64078107,-34.67000578,SA
NEALES FLAT,139.18770719,-34.22587073,SA
COWLEDS LANDING,137.44253752,-33.15593841,SA
KINGS PARK,138.59273827,-34.96357324,SA
BOSTON,135.82642166,-34.68192436,SA
TARLEE,138.77125526,-34.27159147,SA
HAYBOROUGH,138.65043016,-35.53152304,SA
HAWSON,135.78693677,-34.68156535,SA
POORAKA,138.62287723,-34.82569491,SA
POINT TURTON,137.35492544,-34.94619342,SA
HAMPDEN,139.01280859,-34.15688716,SA
TAPLAN,140.88632578,-34.58809111,SA
UNLEY,138.60648014,-34.94830182,SA
MINVALARA,138.80518866,-32.85496804,SA
SEAFORD,138.47727001,-35.18579193,SA
COONAWARRA,140.88297096,-37.29226473,SA
KAPUNDA,138.91515123,-34.34132848,SA
ASCOT PARK,138.56101248,-34.98811922,SA
RIVERGLEN,139.30688523,-35.16926264,SA
NARRINA,138.844886,-30.92789543,SA
NATURI,139.56689978,-35.20559529,SA
JERVOIS,139.43645067,-35.26497864,SA
BLAIR ATHOL,138.59655042,-34.85923472,SA
WYNARKA,139.73050957,-35.13281847,SA
GLENELG SOUTH,138.51472256,-34.98827137,SA
LINDEN PARK,138.64728214,-34.94357949,SA
GEPPS CROSS,138.60440164,-34.84239023,SA
MOUNT OBSERVATION,138.75506907,-35.34950717,SA
LOCKLEYS,138.53094829,-34.92501747,SA
FULHAM GARDENS,138.51324056,-34.91482475,SA
ENFIELD,138.60539555,-34.86063402,SA
WEST LAKES SHORE,138.48494238,-34.8658132,SA
MILE END,138.5711185,-34.92633482,SA
SILVERTON,138.16492107,-35.61314458,SA
VIRGINIA,138.57133676,-34.66261819,SA
ELIZABETH PARK,138.68522514,-34.71231687,SA
TOOPERANG,138.71043268,-35.37848281,SA
PEAKE,139.95362465,-35.36408178,SA
CLOVELLY PARK,138.57084319,-34.99846556,SA
CRAIGMORE,138.70955427,-34.70063394,SA
WILLUNGA HILL,138.58847931,-35.3013847,SA
SEATON,138.51295912,-34.89334948,SA
PROSPECT,138.59286488,-34.88272782,SA
WEST LAKES,138.49468471,-34.873231,SA
WELLINGTON EAST,139.39651009,-35.32508351,SA
YUMALI,139.75781902,-35.50844152,SA
MOSQUITO HILL,138.68616187,-35.41777513,SA
RIVERLEA PARK,138.52059274,-34.66205473,SA
SEMAPHORE SOUTH,138.48053941,-34.84717804,SA
ETHELTON,138.49013207,-34.84882864,SA
PORT NOARLUNGA,138.47055345,-35.15070468,SA
MUNNO PARA,138.69001276,-34.66558129,SA
PAGES FLAT,138.54771852,-35.33533181,SA
MONTEITH,139.31772648,-35.16965562,SA
HILLIER,138.69491288,-34.62335414,SA
TENNYSON,138.48819192,-34.89462855,SA
CLEARVIEW,138.61378317,-34.85738224,SA
SEMAPHORE PARK,138.48539421,-34.85571025,SA
MILE END SOUTH,138.57393004,-34.93694195,SA
YUNDI,138.63162916,-35.31303548,SA
BUCKLAND PARK,138.50665226,-34.68403044,SA
SAMPSON FLAT,138.79156118,-34.74899694,SA
ASHBOURNE,138.76361163,-35.29999742,SA
SANDERGROVE,138.8581193,-35.3232713,SA
FORRESTON,138.9003582,-34.79686248,SA
TONSLEY,138.57100001,-35.00970273,SA
EVANSTON SOUTH,138.72604775,-34.64806166,SA
CHRISTIES BEACH,138.47760465,-35.13475115,SA
SMITHFIELD PLAINS,138.67683897,-34.67676046,SA
MUNNO PARA DOWNS,138.68610424,-34.6473957,SA
CAMDEN PARK,138.54139504,-34.96713328,SA
TWO WELLS,138.52472746,-34.60202193,SA
KESWICK TERMINAL,138.57969253,-34.93622863,SA
KEPA,139.43447042,-35.15544982,SA
COOMANDOOK,139.69687703,-35.47012752,SA
PORT ADELAIDE,138.51236021,-34.83426943,SA
MUNNO PARA WEST,138.6698066,-34.65726041,SA
SMITHFIELD,138.68624808,-34.68485327,SA
DEEPWATER,139.8191896,-36.13422888,SA
OAKDEN,138.64330097,-34.85276386,SA
KRINGIN,140.78286192,-34.98513462,SA
BENDA,140.11206727,-32.65326665,SA
KALANBI,133.67255307,-31.94883154,SA
ROCKY CAMP,140.40781135,-37.57888722,SA
FULLARTON,138.62635433,-34.95403961,SA
KENSINGTON,138.64561003,-34.92373747,SA
BUGLE RANGES,138.87167546,-35.13264707,SA
MARREE STATION,138.07459057,-29.59958561,SA
COOMBE,140.27271036,-35.98212609,SA
MAMBRAY CREEK,137.96520322,-32.81304211,SA
MYPONGA BEACH,138.39050342,-35.38484815,SA
PORT MACDONNELL,140.69864506,-38.05352277,SA
BELLEVUE HEIGHTS,138.583134,-35.03021679,SA
LEAWOOD GARDENS,138.66966934,-34.97138222,SA
PASADENA,138.58862657,-35.00272907,SA
IRONBANK,138.6877455,-35.04277981,SA
NETHERTON,139.96741334,-35.50905572,SA
BOOL LAGOON,140.68496226,-37.15068628,SA
CLINTON,138.01981277,-34.22378424,SA
RENMARK SOUTH,140.72193862,-34.21162437,SA
PINERY,138.43318645,-34.2990746,SA
MIDDLEBACK RANGE,137.25713496,-33.18148454,SA
COPEVILLE,139.84816229,-34.79601125,SA
WIRREALPA,139.15014735,-31.18993458,SA
WOODSIDE,138.90621676,-34.95381349,SA
PARK HOLME,138.55218297,-34.98889982,SA
CURRAMULKA,137.7110774,-34.69735643,SA
STEWART RANGE,140.55522787,-36.94724088,SA
TANUNDA,138.96027793,-34.52177446,SA
WOOLSHED FLAT,138.64250093,-34.1159627,SA
ANNA CREEK,136.20420154,-28.75292264,SA
CAPE DOUGLAS,140.59822607,-38.00663384,SA
MODBURY NORTH,138.68108756,-34.82315021,SA
CASSINI,137.30302024,-35.67972356,SA
POINT SOUTTAR,137.26015446,-34.89793742,SA
CAMPBELLTOWN,138.66086394,-34.88135502,SA
LAURA BAY,133.83200499,-32.22807688,SA
LAKE PLAINS,139.04338531,-35.36284771,SA
CAMPOONA,136.40833192,-33.54570802,SA
OLD NOARLUNGA,138.50367533,-35.18271242,SA
NORTH BOOBOROWIE,138.80410458,-33.49986628,SA
ARNO BAY,136.56905596,-33.9093099,SA
YOUNGHUSBAND HOLDINGS,139.54955644,-34.87447618,SA
MOUNT HOPE,135.35435731,-34.10911757,SA
STIRLING NORTH,137.86360466,-32.50858631,SA
CLARE,138.61275876,-33.83978528,SA
CANOWIE BELT,138.78022929,-33.17792349,SA
TUNKALILLA,138.3397343,-35.61655871,SA
WERTALOONA,139.43950372,-30.94519034,SA
MARION BAY,136.97933249,-35.24044041,SA
KIANA,135.34899696,-33.99564003,SA
GREENWAYS,140.16346321,-37.20576752,SA
LIPSON,136.13767615,-34.29266159,SA
FLINDERS CHASE,136.70085999,-35.88043524,SA
SALEM,139.02198473,-35.14993068,SA
REDHILL,138.20126086,-33.52780679,SA
CAPE BORDA,136.72516294,-35.75425717,SA
WOKURNA,138.04360301,-33.71080719,SA
CUTTLEFISH BAY,138.03007271,-35.75486714,SA
PELLARING FLAT,139.38993696,-34.86210108,SA
WOODVILLE SOUTH,138.53612442,-34.88849381,SA
MAWSON LAKES,138.6111756,-34.81046385,SA
KINGSTON PARK,138.5177148,-35.03874782,SA
LAKE TORRENS,137.7532426,-31.00108332,SA
FLINDERS RANGES,138.48951968,-31.49333509,SA
BEACHPORT,140.00982263,-37.4820817,SA
HALLETT COVE,138.51082884,-35.07273389,SA
CAMBRAI,139.32914456,-34.67908769,SA
WINNINOWIE,137.90700885,-32.62226251,SA
MORGAN,139.66905181,-34.03313132,SA
RENMARK NORTH,140.74704814,-34.12165428,SA
WINKIE,140.52094929,-34.30587096,SA
ROBE,139.75414056,-37.16404391,SA
FINDON,138.53219856,-34.89951073,SA
ROBERTSTOWN,139.07259514,-33.99071178,SA
MANNUM,139.33102003,-34.85282736,SA
BOOKPURNONG,140.62025859,-34.35702287,SA
NARRUNG,139.18156208,-35.51410682,SA
RAPID BAY,138.19089527,-35.52611746,SA
HECTORVILLE,138.66568636,-34.89304467,SA
ROCHESTER,138.49863902,-33.69923806,SA
PINE HILL,140.89646916,-36.28881791,SA
TILLEY SWAMP,139.90527696,-36.35252335,SA
BIRCHMORE,137.48299935,-35.78061598,SA
WAIKERIE,139.98394502,-34.18251996,SA
LEIGH CREEK STATION,138.50506793,-30.39004831,SA
ST MARYS,138.57984154,-35.00421708,SA
GEMMELLS,138.89545122,-35.17870028,SA
STONE WELL,138.95647769,-34.50047506,SA
SOMERTON PARK,138.51985905,-34.99646319,SA
HAWKER,138.42346506,-31.88959106,SA
DOUGLAS POINT SOUTH,137.79483825,-32.88138869,SA
MILANG,138.97268719,-35.40469756,SA
RAMSAY,137.72251967,-34.81675284,SA
VIVONNE BAY,137.18042242,-35.98143142,SA
LONSDALE,138.49234302,-35.10662572,SA
WITCHITIE,138.96522971,-32.15818818,SA
UNGARRA,136.04803369,-34.18011837,SA
PORT DAVIS,137.87942051,-33.2388631,SA
LITTLE DOUGLAS,135.38665278,-34.52806435,SA
OLD CALPERUM,140.68030073,-34.21780844,SA
NEPEAN BAY,137.67694767,-35.74358783,SA
CALLINGTON,139.04626526,-35.11454232,SA
BLINMAN,138.67878653,-31.09233663,SA
VISTA,138.73091107,-34.83582671,SA
PENNESHAW,137.9399903,-35.71921601,SA
YELLABINNA,133.32326716,-31.12354017,SA
KENSINGTON GARDENS,138.66319766,-34.91971294,SA
PELICAN LAGOON,137.79695037,-35.83663549,SA
HALLETT,138.89366271,-33.41151507,SA
MIDGEE,137.19282255,-33.40865865,SA
NORTH CAPE,137.59941808,-35.58034634,SA
WESTALL,134.09440775,-32.89853958,SA
DELAMERE,138.21005565,-35.57793544,SA
SOUTHEND,140.12829681,-37.56959655,SA
COWIRRA,139.33325529,-34.90379849,SA
LAKE GAIRDNER,135.9429894,-31.64737016,SA
LAMEROO,140.5172872,-35.32975907,SA
WORLDS END,139.10002812,-33.80157489,SA
ST MORRIS,138.65363375,-34.91103753,SA
CALOOTE,139.2560815,-34.97587695,SA
PINJARRA STATION,134.76195278,-32.07870376,SA
AMERICAN RIVER,137.76885302,-35.77921044,SA
BURR WELL,138.64693139,-30.46054781,SA
WEDGE ISLAND,136.46609083,-35.15634313,SA
MIRANDA,137.90032318,-32.72708639,SA
MOUNT TORRENS,138.9701084,-34.87506243,SA
BRENTWOOD,137.51414487,-34.86443576,SA
BRAY,139.99850974,-37.25873554,SA
CARCUMA,140.07034338,-35.5758683,SA
MOODY,136.00753416,-34.04447512,SA
BELALIE NORTH,138.70234229,-33.154439,SA
MOUNT PLEASANT,139.07670705,-34.77073669,SA
MILLBROOK,138.80816066,-34.82387229,SA
CALPERUM STATION,140.57448231,-33.79387863,SA
GOULD CREEK,138.72896857,-34.74404515,SA
PIKE RIVER,140.76705514,-34.27463261,SA
INMAN VALLEY,138.45591523,-35.49369547,SA
NARACOORTE,140.73526036,-36.95424669,SA
COCKALEECHIE,135.85412491,-34.22556107,SA
HINDMARSH ISLAND,138.87536658,-35.51662269,SA
MURBKO,139.69266243,-34.21200312,SA
YARDEA,135.57843477,-32.25229621,SA
PORT MOOROWIE,137.52820276,-35.11228855,SA
BALLAST HEAD,137.76272311,-35.75900573,SA
TICKERA,137.7085606,-33.78804317,SA
COORABIE,132.29525945,-31.89977911,SA
HANSBOROUGH,139.04465599,-34.22443026,SA
LYRUP,140.66669787,-34.266941,SA
COULTA,135.46840879,-34.38528021,SA
BAUDIN BEACH,137.86632511,-35.78135275,SA
THE RANGE,138.62143079,-35.23919925,SA
OVINGHAM,138.58527115,-34.89857995,SA
MILTALIE,136.75757738,-33.47177996,SA
TEA TREE GULLY,138.73329931,-34.82391864,SA
BRENDA PARK,139.6846679,-34.07411582,SA
EDEN HILLS,138.59566311,-35.02108207,SA
KANNI,140.05845351,-34.24520421,SA
BRINKWORTH,138.40356035,-33.69531745,SA
NORTH ADELAIDE,138.59662725,-34.90773647,SA
D'ESTREES BAY,137.58520083,-35.95440571,SA
PUREBA,134.20929062,-31.95798838,SA
SUNNYSIDE,139.36192015,-35.05376054,SA
LAKE FROME,139.81119783,-30.73077028,SA
ELIZABETH GROVE,138.67031776,-34.73619112,SA
COOBOWIE,137.73123523,-35.04424384,SA
TUMBY BAY,136.10195619,-34.37447895,SA
SOLOMONTOWN,138.03124775,-33.18220474,SA
FLAGSTAFF HILL,138.58521818,-35.04862205,SA
SEACOMBE HEIGHTS,138.54619582,-35.03374142,SA
KEYNETON,139.16310269,-34.5607349,SA
POLDA,135.4567728,-33.52687416,SA
CLELAND,138.6957648,-34.96829414,SA
PALKAGEE,135.4425418,-33.40376304,SA
EDITHBURGH,137.74580737,-35.08439644,SA
WILLOUGHBY,138.09670095,-35.83164643,SA
ELIZABETH,138.66932517,-34.72025709,SA
SEAL BAY,137.32146453,-35.96162358,SA
WHYALLA BARSON,137.56668377,-32.98025293,SA
CASTAMBUL,138.76562981,-34.87157628,SA
WALLAROO,137.62513218,-33.9317371,SA
REEDY CREEK,140.02338687,-36.92740754,SA
ALAWOONA,140.50873947,-34.73698101,SA
BIGGS FLAT,138.78147098,-35.07266404,SA
SALT CREEK,139.67602313,-36.12374305,SA
GLENROY,140.81698216,-37.2167108,SA
WATTLE FLAT,138.39319944,-35.42964277,SA
WALKER FLAT,139.51020862,-34.80549076,SA
ROXBY DOWNS STATION,136.66753579,-30.62755819,SA
WILLUNGA,138.55483623,-35.27258847,SA
RENMARK WEST,140.69724864,-34.16350589,SA
COLEBATCH,139.74348087,-35.9473872,SA
BOOBOROWIE,138.75953757,-33.56271032,SA
POINT PEARCE,137.49109139,-34.4349755,SA
WILLIAMSTOWN,138.89530346,-34.66786996,SA
MOUNT CRAWFORD,138.97888865,-34.71872532,SA
CARPENTER ROCKS,140.41804149,-37.88268686,SA
POINT BOSTON,135.91967293,-34.62218016,SA
WEST HINDMARSH,138.56301607,-34.9050371,SA
HILL RIVER,138.68868518,-33.80504699,SA
BRIGHT,139.13292458,-33.90166696,SA
BARMERA,140.46547699,-34.25194655,SA
PROOF RANGE,138.20298404,-34.27254805,SA
MUNDOO ISLAND,138.93180242,-35.54368696,SA
ORROROO,138.61345234,-32.73439085,SA
WANILLA,135.67746678,-34.52627838,SA
PARAWA,138.33784701,-35.56292262,SA
NANTAWARRA,138.21728819,-34.01186991,SA
FORDS,138.86710478,-34.3931025,SA
SHEIDOW PARK,138.52737457,-35.07924443,SA
KOPPIO,135.85394648,-34.42619211,SA
HAY FLAT,138.32110595,-35.50804313,SA
IRONSTONE,137.98284219,-35.74076366,SA
FOUL BAY,137.19769745,-35.19753142,SA
PORT GERMEIN,138.00016659,-33.02153514,SA
MACGILLIVRAY,137.47373547,-35.91264424,SA
BAIRD BAY,134.37462306,-33.14081608,SA
WITERA,134.57000596,-33.15114024,SA
YATTALUNGA,138.80058245,-34.68074632,SA
FIELD,139.64297824,-35.79459653,SA
HAY VALLEY,138.8957004,-35.00851589,SA
NORTH HAVEN,138.4906069,-34.78714739,SA
HACKHAM,138.52443062,-35.15507586,SA
SLEAFORD,135.67036509,-34.85895278,SA
MUNDALLIO,137.88307977,-32.44017787,SA
KENSINGTON PARK,138.65430272,-34.92020673,SA
HAINES,137.64073893,-35.82128224,SA
CRAFERS WEST,138.68262842,-34.99556483,SA
TEAL FLAT,139.56200529,-34.89232351,SA
WELLINGTON,139.38320939,-35.33240336,SA
BLUFF BEACH,137.50013899,-34.73012512,SA
PRICE,137.99429048,-34.28643379,SA
COORONG,139.47662727,-35.98259744,SA
CHERRY GARDENS,138.6587403,-35.06984617,SA
STOKES BAY,137.17653431,-35.6614539,SA
LOXTON,140.56820275,-34.45235826,SA
CEDUNA,133.67386414,-32.12371032,SA
BUNDALEER GARDENS,138.54107949,-33.34800668,SA
PINE POINT,137.88168005,-34.56862904,SA
TAYLORVILLE,139.95782614,-34.11936422,SA
YANERBIE,134.23893196,-32.932155,SA
HUNTFIELD HEIGHTS,138.51408463,-35.15452942,SA
MOUNT SERLE,138.79477325,-30.38046983,SA
WISANGER,137.49101557,-35.62660707,SA
ST IVES,138.97991456,-35.11039328,SA
KATARAPKO,140.54194089,-34.40372975,SA
KLEMZIG,138.63861497,-34.87895141,SA
RHYNIE,138.68174398,-34.14014893,SA
HOLOWILIENA SOUTH,138.8936907,-32.01467913,SA
UPPER STURT,138.68068053,-35.02485689,SA
CULBURRA,139.92559041,-35.80382044,SA
SALISBURY EAST,138.67279979,-34.78104811,SA
CANNAWIGARA,140.64958093,-36.26754043,SA
MOUNT LIGHT,140.79028837,-37.00368446,SA
CALIPH,140.279718,-34.65811991,SA
WELLAND,138.55876096,-34.90387345,SA
BERRI,140.598731,-34.2792196,SA
STIRLING,138.72183382,-35.00354906,SA
WHITES RIVER,135.95927668,-34.49407937,SA
MYPONGA,138.47216128,-35.40464162,SA
KERSBROOK,138.85129421,-34.78330748,SA
MOUNT DRUMMOND,135.41386069,-34.24561789,SA
ALLENBY GARDENS,138.55438145,-34.90161539,SA
NORMANVILLE,138.31580126,-35.44565646,SA
REEVES PLAINS,138.61011981,-34.54182533,SA
PLYMPTON,138.55489765,-34.96206117,SA
NORA CREINA,139.88289479,-37.31215588,SA
LYNDOCH,138.88168958,-34.59300903,SA
OUTER HARBOR,138.4981637,-34.77270778,SA
COWELL,136.92447774,-33.6835093,SA
KINGSCOTE,137.63840336,-35.65608944,SA
DRY CREEK,138.56699681,-34.81491894,SA
MOTPENA,138.26738848,-31.18618944,SA
PYAP,140.44117946,-34.43747476,SA
KONDOOLKA,134.876669,-32.0339052,SA
SMOKY BAY,133.9380096,-32.37510262,SA
LUCINDALE,140.36855531,-36.97233002,SA
ST PETERS,138.62260585,-34.90498145,SA
MOUNT LYNDHURST,138.77743263,-30.00472758,SA
NOARLUNGA DOWNS,138.49845898,-35.15663773,SA
TARCOWIE,138.51684175,-32.95228374,SA
HOLDER,140.0249694,-34.17289129,SA
MOUNT DUTTON BAY,135.42260087,-34.52336343,SA
KARATTA,136.91141871,-35.96067961,SA
DENIAL BAY,133.57694153,-32.10024813,SA
SCEALE BAY,134.18956218,-33.01694529,SA
YALLUNDA FLAT,135.88964475,-34.32641447,SA
MITCHELLVILLE,137.13954815,-33.58298873,SA
FISCHER,138.6228649,-34.49617259,SA
KINGSFORD,138.78938875,-34.54818593,SA
GOLDEN GROVE,138.72906712,-34.77738654,SA
BETHEL,138.823722,-34.34082253,SA
PELICAN POINT,140.43028623,-37.92401926,SA
CAPE JERVIS,138.10548828,-35.60594645,SA
STRUAN,140.76909071,-37.09587994,SA
PERPONDA,139.81789299,-34.98123195,SA
GEORGETOWN,138.39348461,-33.36170536,SA
BOOLEROO CENTRE,138.3500754,-32.88044945,SA
STUARTS CREEK,137.05093697,-29.62860177,SA
BROWN BEACH,137.84245169,-35.7979202,SA
FIRLE,138.65316756,-34.9045546,SA
WANGARY,135.47823749,-34.5508654,SA
MINLATON,137.59550741,-34.77108643,SA
BUCHANAN,139.00393903,-34.20972188,SA
NALPA,139.30814039,-35.3580911,SA
GERMEIN BAY,138.04649549,-33.13798504,SA
SALISBURY HEIGHTS,138.68811178,-34.76388557,SA
TARNMA,138.94259128,-34.16295257,SA
ORATUNGA STATION,138.58981564,-31.06157526,SA
BOOKABIE,132.67665392,-31.84186532,SA
PINKERTON PLAINS,138.6168216,-34.4268539,SA
NADIA,133.49860286,-32.09628031,SA
KOONAMORE,139.37345505,-32.10343118,SA
SNOWTOWN,138.21522271,-33.78291441,SA
MULGUNDAWA,139.20243868,-35.30674045,SA
CEDUNA WATERS,133.69537288,-32.1817465,SA
INNESTON,136.8913845,-35.27292241,SA
ULEY,135.60664734,-34.73080142,SA
MCLAREN VALE,138.54249924,-35.21831547,SA
CARRICKALINGA,138.32457626,-35.42515646,SA
LARGS BAY,138.49381117,-34.82667256,SA
PARADISE,138.67627531,-34.87106046,SA
PORT PIRIE,138.00939189,-33.17692579,SA
CHANDADA,134.66249921,-32.76502081,SA
YANKALILLA,138.34994125,-35.45786146,SA
CUDLEE CREEK,138.83606344,-34.86200533,SA
PIEDNIPPIE,134.42282569,-32.72360222,SA
WHITES FLAT,135.84535248,-34.50444993,SA
BOCKELBERG,135.05583119,-32.58066853,SA
PORT BROUGHTON,137.93180505,-33.60026786,SA
BLACK ROCK,138.69093627,-32.83262477,SA
NORTH PLYMPTON,138.54953144,-34.95574998,SA
MARION,138.55350481,-35.00635463,SA
GLENGOWRIE,138.5335529,-34.98735405,SA
TALIA,134.88049707,-33.31561423,SA
SEDAN,139.33707557,-34.55277134,SA
GREEN PATCH,135.78100405,-34.59632523,SA
SELLICKS HILL,138.47414124,-35.32940447,SA
LARGS NORTH,138.50149387,-34.81682239,SA
CURRENCY CREEK,138.75959524,-35.45240485,SA
PORT AUGUSTA WEST,137.75502385,-32.46882897,SA
PONDE,139.32543168,-34.95240146,SA
RED CREEK,138.98098579,-35.14924195,SA
MORPHETTVILLE,138.54305197,-34.98461542,SA
LANGHORNE CREEK,139.03582015,-35.29596349,SA
COLTON,134.90367386,-33.45611992,SA
NILPENA,138.16551208,-30.97483206,SA
HINCKS,136.00275667,-33.86994049,SA
MANGALO,136.58426006,-33.47181147,SA
BLACK HILL,139.48115234,-34.69437436,SA
MURRAY TOWN,138.24441597,-32.91864947,SA
BUNGAREE,138.56522212,-33.74645355,SA
ONE TREE HILL,138.74919312,-34.71671443,SA
YALATA,131.8156054,-31.49750326,SA
WAMI KATA,137.80353952,-32.44427822,SA
MYLOR,138.75863573,-35.04335305,SA
MODBURY,138.68511607,-34.83389201,SA
MINDARIE,140.2179722,-34.81402699,SA
SCHELL WELL,140.46306045,-34.83311736,SA
BRADY CREEK,138.99462998,-33.97023376,SA
MAKIN,140.51876506,-35.97864507,SA
LOWER LIGHT,138.39982442,-34.52830516,SA
PEKINA,138.52216932,-32.83526617,SA
GRACE PLAINS,138.49275437,-34.36304406,SA
JOANNA,140.85475589,-37.11029596,SA
COOLTONG,140.67630443,-34.08409359,SA
BURDETT,139.40974629,-35.0377022,SA
PARACOMBE,138.76891021,-34.84881874,SA
NEW RESIDENCE,140.39230504,-34.35995097,SA
PLYMPTON PARK,138.55148122,-34.97594694,SA
KALDOONERA,134.87628363,-32.58345506,SA
HYDE PARK,138.60294876,-34.95654127,SA
BARUNGA GAP,138.12410759,-33.82645726,SA
BLANCHETOWN,139.61198354,-34.35240436,SA
BARABBA,138.57550268,-34.35911342,SA
LAKE ALEXANDRINA,139.15967052,-35.44062,SA
MOUNT JAGGED,138.63074156,-35.41817364,SA
HAMILTON,138.90026367,-34.22555831,SA
CHARLTON GULLY,135.80411267,-34.54238565,SA
SHERWOOD,140.58213814,-36.08287768,SA
HACKHAM WEST,138.51514759,-35.14238226,SA
CHARRA,133.32522912,-32.07346325,SA
GULNARE,138.46772624,-33.46715239,SA
MOUNT COMPASS,138.62158421,-35.34907647,SA
FITZROY,138.59129349,-34.89692384,SA
BUNDALEER NORTH,138.5941722,-33.27949174,SA
BORDERTOWN,140.77160028,-36.310314,SA
NEWTON,138.68241138,-34.8820155,SA
MERGHINY,133.83473605,-32.14153562,SA
BIG BEND,139.61441543,-34.63749384,SA
CONMURRA,140.18913548,-37.10917317,SA
WOOL BAY,137.75561809,-34.99172672,SA
BOWMANS,138.27268662,-34.15449043,SA
CRAFERS,138.71472998,-34.98829449,SA
CALCA,134.33998321,-33.04632905,SA
CONCORDIA,138.79296472,-34.57932277,SA
CHAFFEY,140.70640376,-34.09358292,SA
PORT PIRIE WEST,138.00265882,-33.17674996,SA
MARTINS WELL,139.19111949,-31.44949292,SA
LINCOLN NATIONAL PARK,135.92075388,-34.86517087,SA
HIGHLAND VALLEY,138.92992032,-35.16748454,SA
OWEN,138.54475729,-34.27225646,SA
WILLSON RIVER,137.93823648,-35.8483559,SA
GOYDER,138.26766232,-34.08276807,SA
MURLONG,135.96823842,-33.69510559,SA
COCKATOO VALLEY,138.83432978,-34.62847464,SA
BRIDGEWATER,138.76776727,-35.01586772,SA
WILD HORSE PLAINS,138.27514944,-34.34688459,SA
WALKLEY HEIGHTS,138.63700246,-34.84008061,SA
CHOWILLA,140.87270108,-33.74706947,SA
BALGOWAN,137.49473745,-34.32502642,SA
KAINTON,137.95407162,-34.14417981,SA
FLINDERS PARK,138.54320547,-34.91023841,SA
HART,138.43661534,-33.75596945,SA
CUMMINS,135.72643773,-34.26420636,SA
PARILLA,140.66654548,-35.29779706,SA
OLYMPIC DAM,136.87275872,-30.44050457,SA
STUN'SAIL BOOM,137.02715768,-36.00461922,SA
PEWSEY VALE,138.9702518,-34.63690784,SA
BALDINA,139.08519982,-33.69161115,SA
FISHERMAN BAY,137.96989566,-33.51552709,SA
ANGAS PLAINS,138.96954873,-35.33490028,SA
CAPE JAFFA,139.70671025,-36.95809546,SA
PORT GIBBON,136.79969246,-33.80167936,SA
MENINGIE,139.33898439,-35.68945633,SA
ST AGNES,138.71075028,-34.83073225,SA
WAROOKA,137.40064843,-34.99100542,SA
COONDAMBO,135.90837982,-30.96274282,SA
OAKLANDS PARK,138.54456991,-35.00667885,SA
DAVEYSTON,138.87844147,-34.47294893,SA
SKYE,138.6928988,-34.92442577,SA
ONKAPARINGA HEIGHTS,138.52224266,-35.16236264,SA
MUNDOORA,138.08369911,-33.59437957,SA
GERANIUM,140.16136655,-35.38093362,SA
COFFIN BAY,135.35406101,-34.63087635,SA
WAITPINGA,138.49595522,-35.60003927,SA
MEADOWS,138.75540292,-35.17431336,SA
COONALPYN,139.85661623,-35.69682219,SA
COMMONWEALTH HILL,133.71363033,-29.89332697,SA
TUNGKILLO,139.06835518,-34.82255549,SA
WARBURTO,137.59632738,-34.00953682,SA
BRAMFIELD,134.99708781,-33.62001279,SA
TOWITTA,139.24904092,-34.53381115,SA
PORT WAKEFIELD,138.14969029,-34.18672169,SA
STOCKYARD PLAIN,139.80898342,-34.25659164,SA
SUNNYDALE,139.61233112,-34.65606634,SA
BEAUFORT,138.20662116,-34.08321322,SA
MOUNT JOY,135.05610487,-33.5214077,SA
LAKE EYRE,137.49701174,-28.53605656,SA
SHERINGA,135.23285913,-33.84806111,SA
BORRIKA,140.05083551,-35.02251052,SA
PORT NOARLUNGA SOUTH,138.47564726,-35.16439866,SA
WESTERN RIVER,136.94718638,-35.71311404,SA
QUALCO,139.91771182,-34.10829911,SA
FOWLERS BAY,132.43713837,-31.98872229,SA
DE MOLE RIVER,136.80640572,-35.72751226,SA
YOUNGHUSBAND,139.47938976,-34.91002158,SA
WOLSELEY,140.90551929,-36.36817504,SA
MARINO,138.5152075,-35.0498989,SA
SEAVIEW DOWNS,138.53835524,-35.04213538,SA
OVERLAND CORNER,140.39850579,-34.16936403,SA
YALPARA,138.82452474,-32.49973166,SA
GILBERTON,138.61262476,-34.90045473,SA
TOTHILL CREEK,138.93446742,-34.08250605,SA
BRADBURY,138.72566559,-35.07059515,SA
BAROSSA GOLDFIELDS,138.81852992,-34.65701327,SA
MELROSE PARK,138.57870327,-34.98525591,SA
LOCHABER,140.55014395,-36.82499853,SA
MORPHETT VALE,138.52758293,-35.12100392,SA
MOBILONG,139.27528702,-35.1002216,SA
WILLALO,138.79323337,-33.43904688,SA
SCOTT CREEK,138.70138626,-35.0587677,SA
MONTACUTE,138.75699713,-34.8875143,SA
JABUK,140.06972998,-35.38479854,SA
PORKY FLAT,138.02379626,-35.85959282,SA
CRESCENT,140.74551038,-34.2047825,SA
SPRING FARM,138.63813496,-33.84977708,SA
ULEYBURY,138.74519612,-34.67494081,SA
ELIZABETH SOUTH,138.65644914,-34.74109523,SA
CRADOCK,138.49410527,-32.07089339,SA
NAIN,138.8925374,-34.44571749,SA
CHANDLERS HILL,138.61697064,-35.08652958,SA
ONKAPARINGA HILLS,138.56659994,-35.13653291,SA
MURTHO,140.8760443,-34.08083241,SA
ALLENDALE NORTH,138.91169707,-34.27530167,SA
WYE,140.89682435,-38.01894486,SA
UNLEY PARK,138.60141209,-34.96256575,SA
MELTON STATION,139.36680038,-32.3199009,SA
EDILLILIE,135.70659461,-34.41127542,SA
HUDDLESTON,138.28650395,-33.33012901,SA
KELLIDIE BAY,135.47428241,-34.59135156,SA
MOOLOOLOO,138.52751682,-30.98687768,SA
MONASH,140.55762036,-34.23676537,SA
STREAKY BAY,134.20620017,-32.79760767,SA
BELALIE EAST,138.71111647,-33.27473752,SA
FARRELL FLAT,138.79654551,-33.83080296,SA
ASHTON,138.73614163,-34.94114275,SA
NAIRNE,138.91464203,-35.03492385,SA
WAROONEE,139.22735216,-32.50381344,SA
DORSET VALE,138.70580179,-35.10574741,SA
WANDILO,140.71703264,-37.74736128,SA
KONGORONG,140.55557261,-37.89996722,SA
KIDMAN PARK,138.52693589,-34.91223121,SA
TARPEENA,140.79611668,-37.62735659,SA
NURRAGI,138.91001407,-35.357044,SA
CANOWIE,138.76055731,-33.39771647,SA
FLORINA STATION,139.90694515,-32.35725064,SA
BENBOURNIE,138.54823715,-33.80816619,SA
RIDGEHAVEN,138.7046673,-34.82124623,SA
EDEN VALLEY,139.13832484,-34.65999608,SA
KOHINOOR,137.41657318,-35.77072488,SA
WEEROONA ISLAND,138.03260352,-33.10218141,SA
YUNTA,139.56258724,-32.5803765,SA
MINBRIE,136.93083349,-33.47129652,SA
POINT PASS,139.06068423,-34.08084492,SA
SOUTH BRIGHTON,138.52530972,-35.02595242,SA
SEACLIFF PARK,138.52946465,-35.04264281,SA
BROWNLOW,139.34392739,-34.22652627,SA
THEBARTON,138.57248561,-34.91516701,SA
FRANKTON,139.20903548,-34.2946563,SA
HOUGHTON,138.75559988,-34.82993223,SA
HIGHBURY,138.71787774,-34.85204718,SA
PORTER LAGOON,138.87719771,-33.82342786,SA
YORKETOWN,137.6042644,-35.01936543,SA
ASHVILLE,139.42389053,-35.54553649,SA
PETWOOD,138.95816011,-35.08402609,SA
GOSSE,136.97959746,-35.79413641,SA
FRAHNS,139.36281874,-34.88760035,SA
PORT ELLIOT,138.68014136,-35.53310314,SA
BARATTA,139.1946337,-31.95108525,SA
MINBURRA STATION,139.02121381,-32.2869662,SA
WHYALLA,137.57531826,-33.03795359,SA
FORESTVILLE,138.58098151,-34.95137273,SA
KANGARILLA,138.67018928,-35.1525849,SA
TATACHILLA,138.50969623,-35.23696693,SA
TULKA,135.75795121,-34.77912892,SA
WISTOW,138.91258258,-35.11709089,SA
O'SULLIVAN BEACH,138.47595819,-35.12104375,SA
KURRALTA PARK,138.56700173,-34.95143724,SA
MARANANGA,138.93766345,-34.49073739,SA
LINWOOD,138.762661,-34.38164944,SA
RENDELSHAM,140.22443679,-37.54971656,SA
BLEWITT SPRINGS,138.59456467,-35.16866524,SA
LITTLEHAMPTON,138.8653662,-35.04055693,SA
ANGLE VALE,138.64976624,-34.63857518,SA
SALTER SPRINGS,138.61397966,-34.18725999,SA
FLAXMAN VALLEY,139.04098391,-34.61977459,SA
EMU DOWNS,138.99658817,-33.89172622,SA
GOOLWA,138.78176997,-35.5014549,SA
CLARENDON,138.63077068,-35.11490099,SA
MOUNT BRYAN EAST,139.0275947,-33.43940689,SA
BARINIA,138.62098807,-33.74549998,SA
FIVE MILES,139.39538777,-34.86615421,SA
RIVERTON,138.76514026,-34.16771747,SA
CHRISTIE DOWNS,138.49634628,-35.12982126,SA
COMAUM,140.92508598,-37.2198113,SA
BEETALOO VALLEY,138.21304081,-33.18769855,SA
PARAFIELD GARDENS,138.61072742,-34.78255119,SA
DOVER GARDENS,138.53695807,-35.02398492,SA
KALBEEBA,138.79289493,-34.6250157,SA
BURRA,138.93098694,-33.66997208,SA
MOANA,138.47388866,-35.20811348,SA
NGAPALA,138.99264982,-34.05700592,SA
BRIGHTON,138.52228917,-35.01843292,SA
GLADSTONE,138.35428271,-33.26921785,SA
GREEN FIELDS,138.60350973,-34.79495528,SA
WATTLE RANGE EAST,140.64621577,-37.38942777,SA
HALBURY,138.51568463,-34.08508271,SA
SWEDE FLAT,140.48307368,-36.46473563,SA
KANGAROO HEAD,137.90437396,-35.73629114,SA
LAKE GILLES,136.74464513,-32.94125128,SA
CLAYTON BAY,138.91223216,-35.49394749,SA
COMMISSARIAT POINT,137.75938683,-32.58030211,SA
EDWARDSTOWN,138.56942185,-34.98020349,SA
VERRAN,136.31612819,-33.85061266,SA
MOOROOK,140.36471387,-34.27975958,SA
HILTON,138.56584173,-34.93213076,SA
RENOWN PARK,138.57728503,-34.89053934,SA
COPLEY,138.4259349,-30.55453832,SA
FERRYDEN PARK,138.56144383,-34.86876922,SA
HOPE FOREST,138.62263648,-35.28284076,SA
WOODVILLE GARDENS,138.55223973,-34.86740775,SA
PORT VINCENT,137.82990938,-34.76893044,SA
PROSPECT HILL,138.7314901,-35.2275944,SA
KOOLUNGA,138.33319737,-33.58602645,SA
BASKET RANGE,138.7728416,-34.93482884,SA
BLACKWOOD,138.6128259,-35.02237189,SA
KRONDORF,138.97051192,-34.56578393,SA
NONNING,136.46015907,-32.28257287,SA
ISLAND LAGOON,136.68844094,-31.45763235,SA
HUMBUG SCRUB,138.81434246,-34.72098452,SA
WOOLTANA,139.65262702,-30.32422843,SA
LEASINGHAM,138.64922786,-33.98965896,SA
WOODLEIGH,140.71507759,-34.56816799,SA
MCCRACKEN,138.63133253,-35.53595881,SA
GOOLWA BEACH,138.76248549,-35.51364485,SA
ROGUES POINT,137.8950337,-34.4966171,SA
CHINAMAN WELLS,137.47809245,-34.38800842,SA
LOWER INMAN VALLEY,138.56787966,-35.51594069,SA
SEDDON,137.2800944,-35.85889383,SA
LOUTH BAY,135.93120747,-34.54319526,SA
DULWICH,138.62875,-34.93680862,SA
PARATOO,139.33349527,-32.73181749,SA
TUSMORE,138.64738285,-34.9358425,SA
EBA ANCHORAGE,134.29249447,-32.68781221,SA
ROSSLYN PARK,138.6755381,-34.92192955,SA
ARCOONA,136.97778689,-31.11758506,SA
PASKEVILLE,137.89820918,-34.03692979,SA
UCOLTA,138.95845877,-32.99457986,SA
KADINA,137.71535744,-33.96255643,SA
WATERFALL GULLY,138.67446429,-34.96173251,SA
KOLENDO,136.1434627,-32.34826239,SA
PARALOWIE,138.60812821,-34.75704437,SA
VALLEY VIEW,138.66072376,-34.83992732,SA
MANSFIELD PARK,138.55183828,-34.85657633,SA
GLENBURNIE,140.90812634,-37.82774906,SA
NORTH MOOLOOLOO,138.56776978,-30.63203565,SA
WILLIPPA,139.11833662,-31.73732597,SA
HARTLEY,139.04346321,-35.20995196,SA
WIRRINA COVE,138.25932537,-35.50016203,SA
SPRINGTON,139.12052054,-34.72164766,SA
WHITE HUT,137.01507749,-35.04428641,SA
SECOND VALLEY,138.22311127,-35.52246046,SA
YALYMBOO,136.75807407,-31.73057083,SA
SPRING GULLY,138.58650861,-33.91340566,SA
GAWLER EAST,138.76442264,-34.60266618,SA
SEACOMBE GARDENS,138.54581151,-35.02334965,SA
INGLE FARM,138.64545299,-34.82758089,SA
PENNINGTON,138.53165795,-34.8575467,SA
LAKE MACFARLANE,136.69448191,-31.92102238,SA
MAHANEWO,136.4032979,-31.72356842,SA
WHARMINDA,136.22628417,-33.949828,SA
WANDANA,133.80894249,-32.06622459,SA
PARNAROO,139.10402629,-32.99426508,SA
CHERRYVILLE,138.7801841,-34.90863436,SA
HOSKIN CORNER,138.46147257,-34.20511541,SA
PADTHAWAY,140.49196511,-36.60228475,SA
MCLAREN FLAT,138.6126464,-35.19942384,SA
MINTARO,138.7528538,-33.92749386,SA
PURPLE DOWNS,136.85342623,-30.84784092,SA
CONDOWIE,138.32055353,-33.78065989,SA
PENWORTHAM,138.64312963,-33.92345561,SA
CLARENCE GARDENS,138.57778697,-34.97246957,SA
WOODLANE,139.33098214,-35.00328574,SA
COUCH BEACH,137.17589048,-34.91190155,SA
MOUNT BARKER SUMMIT,138.92154394,-35.06928001,SA
RICHMOND,138.56213389,-34.93863216,SA
POINT LOWLY NORTH,137.78032148,-32.98494342,SA
MARRABEL,138.87825829,-34.14021261,SA
MACUMBA,136.20489663,-27.2849602,SA
VALE PARK,138.62715104,-34.8860391,SA
MOUNT CLARENCE STATION,134.57595658,-29.09252825,SA
GLENUNGA,138.63916873,-34.95060932,SA
WILCHERRY,136.45345867,-32.91592439,SA
COLLINSFIELD,138.22506038,-33.60446544,SA
MERTY MERTY,140.41150991,-28.55505169,SA
DINGABLEDINGA,138.63919459,-35.26452726,SA
SOUTH PLYMPTON,138.56016316,-34.97375057,SA
MONTARRA,138.61565344,-35.26300323,SA
MARKS LANDING,139.58720659,-34.57789987,SA
WESTBOURNE PARK,138.59525552,-34.97163325,SA
BEULAH PARK,138.64522733,-34.91766593,SA
SEBASTOPOL,140.37609597,-37.51655842,SA
HAMLEY,137.59989988,-34.08322406,SA
BOCONNOC PARK,138.55798313,-33.86091996,SA
PEEP HILL,139.16159936,-34.15124217,SA
KALKAROO,140.56073756,-31.77682225,SA
PETERBOROUGH,138.83721233,-32.97366647,SA
THORNGATE,138.59680229,-34.89735657,SA
WILD DOG VALLEY,140.76681852,-36.87201459,SA
WAROONEE WELL,139.15833731,-32.43076648,SA
ULIPA WELL,135.29949781,-34.08764635,SA
BORDER TOWN,140.77189679,-36.31009658,SA
NAVAN,138.74897726,-34.21194647,SA
DORRIEN,138.96799721,-34.49233648,SA
CRANEFORD,139.06590719,-34.62670649,SA
MOUNT LINDSAY,129.8834787,-27.02728622,SA
BAR WELL,139.87684735,-30.15729649,SA
SIMMONSTON,138.15306748,-32.07158643,SA
HOOKINA,138.26233748,-31.80519643,SA
CUNNINGHAM,137.82091865,-34.44177455,SA
GILLENTOWN,138.61059094,-33.87965727,SA
FLAXLEY,138.81822792,-35.13860083,SA
PUTTAPA,138.4453762,-30.71750932,SA
APAMURRA,139.20519467,-34.86087625,SA
O'HALLORAN HILL,138.55358545,-35.05709912,SA
REYNELLA EAST,138.55269266,-35.08808382,SA
OLARY,140.32622715,-32.28102653,SA
MINGARY,140.74256093,-32.12746854,SA
KINGOONYA,135.31601743,-30.91551435,SA
CLAY WELLS,140.14221218,-37.32631487,SA
MCBEAN POUND,139.63053828,-34.28449201,SA
MOUNT TEMPLETON,138.32936204,-34.02103463,SA
MORTANA,134.46143637,-33.00953895,SA
MINNIPA,135.15575205,-32.85397692,SA
SIAM,136.70262485,-32.37921963,SA
OODLA WIRRA,139.06072218,-32.88374817,SA
CLAYPANS,139.71329601,-34.82476902,SA
WALLOWAY,138.58747031,-32.63667488,SA
COONAMIA,138.04365429,-33.19210882,SA
DAVENPORT,137.78963055,-32.47168238,SA
KANGAROO INN,140.20910693,-37.34283796,SA
PIMBAACLA,134.45013409,-32.35372106,SA
LOCHIEL,138.15840981,-33.9295679,SA
COBDOGLA,140.40378667,-34.2450134,SA
WEST BUNDALEER,138.49415722,-33.30645,SA
MONGOLATA,139.09721221,-33.57332977,SA
PORT PIRIE SOUTH,138.02686698,-33.21121424,SA
ROCKY POINT,139.44288879,-34.85415742,SA
LAKE CARLET,139.53387806,-34.87309599,SA
HEATHPOOL,138.64630609,-34.93140763,SA
MOOCKRA,138.41797183,-32.46133062,SA
PLUMBAGO,139.89621422,-32.00068008,SA
FOX,140.33738561,-37.25282633,SA
ABMINGA STATION,140.31532077,-32.2159289,SA
MENINGIE WEST,139.17987861,-35.66532499,SA
ALBERT PARK,138.52147886,-34.87622665,SA
CALTOWIE WEST,138.39104963,-33.15459308,SA
NEWLAND,137.11766161,-35.86951359,SA
MOUNT MARY,139.4391791,-34.10641946,SA
WALL FLAT,139.3096058,-34.98433253,SA
CUMBERLAND PARK,138.58670192,-34.97202613,SA
WIRREGA,140.57809832,-36.20267214,SA
KANGAROO FLAT,138.69325629,-34.54898915,SA
BELTANA,138.41672129,-30.8123548,SA
BELVIDERE,138.94973595,-35.28780194,SA
SALISBURY DOWNS,138.62433272,-34.77176597,SA
MARKARANKA,139.9656488,-34.01833575,SA
PEARLAH,135.7093181,-34.59769761,SA
CORTLINYE,136.33948951,-33.03675526,SA
PARNDANA,137.26167806,-35.78673837,SA
THURLGA,135.78396778,-32.46891583,SA
NARLABY,134.88136752,-32.47441958,SA
NEW TOWN,137.69463737,-33.95385339,SA
STEELTON,138.8830852,-34.05993614,SA
LYNDHURST,138.34881805,-30.28389393,SA
MOPPA,138.95095554,-34.41368495,SA
MUNGERANIE,139.07233499,-27.99739278,SA
RAMCO HEIGHTS,139.90813029,-34.19448137,SA
PYGERY,135.40973603,-33.0188447,SA
WOODVILLE,138.53723194,-34.87779417,SA
SPENCE,140.55851503,-37.08607096,SA
JERUSALEM,137.71451006,-33.9770378,SA
NORTH YELTA,137.63141333,-34.0616254,SA
MATTA FLAT,137.70684635,-33.97282598,SA
SOLOMON,136.3426321,-33.22321646,SA
LIGHT PASS,139.02682274,-34.47019913,SA
WALLERBERDINA,138.00729267,-31.85308789,SA
FRANKLYN,139.0730743,-33.13698625,SA
SENIOR,140.8496012,-36.14327731,SA
CARRIEWERLOO,137.37941514,-32.32636844,SA
CUNLIFFE,137.74863946,-34.07922173,SA
AMERICAN BEACH,137.8807966,-35.76891813,SA
MOUNT ARDEN,137.68952878,-32.25136447,SA
KYANCUTTA,135.55203974,-33.13369185,SA
MAUDE,139.44197767,-33.8868271,SA
WARD BELT,138.67319605,-34.58138146,SA
BUMBUNGA,138.23004079,-33.90873682,SA
WONGYARRA,138.22478427,-32.98027176,SA
PENRICE,139.06733115,-34.47744812,SA
MARCOLLAT,140.33509148,-36.56417011,SA
URANIA,137.62411505,-34.51760133,SA
BEAUMONTS,139.67789096,-34.04522505,SA
MOONTA MINES,137.60662702,-34.08171269,SA
BATCHELOR BRIDGE,138.77350722,-34.86490648,SA
BLINMAN SOUTH,138.69014745,-31.11469645,SA
BREMER PARK,138.93209719,-34.97037648,SA
BURGOYNE FLAT,137.4319476,-31.6419364,SA
CAPIETHA,134.77852794,-32.65638633,SA
CARR DAM,137.79966763,-30.0904664,SA
COHEN DAM,139.56826718,-33.5883265,SA
CROWER,140.28435682,-37.07357656,SA
CUDLAMUDLA,140.11601682,-37.42698655,SA
SALTASH,140.92487707,-32.23790656,SA
KALYAN,140.83996672,-37.09859659,SA
LINCOLN SOUTH PRIMARY SCHOOL,135.8455877,-34.74172637,SA
MILLICENT NORTH,140.33271677,-37.59192656,SA
ANAMA,138.56546093,-33.68674661,SA
MULKA,138.99903912,-28.33393341,SA
WANDEARAH EAST,138.04516943,-33.40360199,SA
PAYNEHAM,138.64223492,-34.89889575,SA
WESTONS FLAT,139.90212491,-33.91216829,SA
CARALUE,136.11668421,-33.27672922,SA
BULLOO CREEK,140.4847303,-32.13303858,SA
LOWER MITCHAM,138.60569828,-34.98098079,SA
BAY OF SHOALS,137.56704788,-35.60783047,SA
MELTON,137.98194739,-34.08402644,SA
ELIZABETH EAST,138.68151372,-34.72601239,SA
NORTH MOONTA,137.59185005,-34.05459866,SA
MOONTA,137.58888942,-34.06672752,SA
GERANIUM PLAINS,139.21540822,-33.97706711,SA
PANITYA,136.09938179,-33.19880243,SA
CHINBINGINA,134.23439749,-32.22506545,SA
MOUNT WEDGE,135.07605572,-33.36631512,SA
KIMBA,136.41908733,-33.13955129,SA
PARAKYLIA,136.25499006,-30.50912641,SA
MANUNDA STATION,139.84148489,-32.87416804,SA
BARNDIOOTA,138.17838657,-31.92391006,SA
MAYFIELD,138.68660987,-33.359983,SA
FARAWAY HILL,139.6945284,-33.14529229,SA
LAMBINA,134.02096631,-26.98844053,SA
MOUNT SARAH,135.3408471,-26.98667802,SA
BOWER,139.30371629,-34.07255231,SA
BALAKLAVA,138.41582212,-34.14754733,SA
YAHL,140.84478455,-37.88159303,SA
BIMBOWRIE,140.23292176,-32.02677622,SA
PYAP WEST,140.41238744,-34.55604553,SA
MOOLAWATANA,139.84571675,-29.92194679,SA
WHITES VALLEY,138.51710093,-35.26962006,SA
ARCKARINGA,134.88205121,-27.83809076,SA
EVELYN DOWNS,134.37070079,-27.98479001,SA
WARTAKA,136.99594179,-32.49204152,SA
PARCOOLA,140.08865946,-33.64773453,SA
ERINGA,134.76943485,-26.56410448,SA
MARREE,138.06485762,-29.64768641,SA
INGOMAR,134.78894286,-29.51783806,SA
OODNADATTA,135.446735,-27.54663718,SA
WALLALA,134.61870252,-32.31964882,SA
CORUNNA STATION,137.03182375,-32.68751506,SA
COOMUNGA,135.71871313,-34.66185712,SA
WUDINNA,135.46206237,-33.04659511,SA
STOW,138.41384145,-34.00472574,SA
MUNDOWDNA,138.40773987,-29.7203268,SA
MOUNT EBA,135.59519458,-30.04086291,SA
LEABROOK,138.65512083,-34.92969031,SA
REDWOOD PARK,138.70695294,-34.81154061,SA
LOWER HERMITAGE,138.77563271,-34.79673713,SA
FRAYVILLE,139.24581187,-34.8519735,SA
MORN HILL,138.75607689,-34.41537077,SA
BILLIATT,140.53948286,-34.94153607,SA
OLD TEAL FLAT,139.54262289,-34.87160252,SA
STURT VALE,139.92365331,-33.27123141,SA
KALABITY,140.05422305,-31.72374297,SA
KOOTABERRA,137.49930994,-32.00953874,SA
BALD HILL,131.74863241,-31.48448726,SA
BELTANA,138.41200751,-30.81298643,SA
BETTS CORNER,133.61944913,-32.0876683,SA
BLACK HILL,132.30920143,-26.36865024,SA
BLACK HILL NO 2,132.35119743,-26.34287324,SA
BLACK HILL NO 3,132.33870443,-26.32418624,SA
BLUE HILL,132.81967336,-27.12071125,SA
BOBS BORE,132.04834965,-26.96605356,SA
BOOKYANA,137.49200745,-34.48528642,SA
BORE 22,132.94006936,-26.03431424,SA
CAMP COORONG,139.33533407,-35.77994151,SA
CENTRE BORE,132.20725044,-26.47956124,SA
10 MILE,134.78852807,-28.9270263,SA
AEROPLANE ONE,132.17962845,-26.25584623,SA
AKENTA,135.8745815,-34.55508328,SA
AMATA,131.14676956,-26.15154622,SA
AMUROONA,133.03204534,-26.86395725,SA
ANGATJA,130.30863418,-26.06876073,SA
ANTARA,132.62713138,-27.11706425,SA
APARATJARA,129.79488872,-26.12934321,SA
OLD APARAWILINTJA,131.97264545,-27.24066924,SA
KAKALPURRANHA,138.40917881,-30.81776418,SA
KALPARRIN,139.34401711,-35.0834765,SA
KALKA,129.15237879,-26.11593621,SA
KATJI KATJITJARA,132.26600844,-26.09698623,SA
KATJIKUTA,131.17778656,-26.15385022,SA
KOONIBBA,133.42700816,-31.90298629,SA
BULINDA,133.8174861,-32.2063423,SA
DOUBLE TANK,132.05807145,-26.64322523,SA
KOONGAWA DUNDEE,133.75111111,-32.0863003,SA
ECHO HILL,132.86045836,-26.55488625,SA
EMU FARM,133.69537012,-32.1149433,SA
EMU ROCK HOLE,133.20726842,-26.78396202,SA
ERNABELLA (PUKATJA),132.13455945,-26.27883423,SA
FREGON,132.02805845,-26.76419623,SA
KUNATJARA,129.0796648,-26.34099221,SA
LAURA BAY,133.8237361,-32.24430066,SA
LEIGH CREEK STATION,138.47383402,-30.5426689,SA
LENNON SWAMP,132.91313735,-26.71419825,SA
LOOKOUT HILL,131.87792539,-31.56971326,SA
GERARD,140.47925698,-34.37555655,SA
GRANITE DOWNS,133.49713608,-26.93751777,SA
HARRY CREEK,130.92551859,-26.26681622,SA
IGA WARTA,138.93288645,-30.59673045,SA
ILTUR,130.48472863,-27.54251622,SA
ILYKUWARATJA,133.02218835,-26.10199625,SA
INARKI,129.62922184,-26.03423014,SA
INDULKANA,133.3086883,-26.96622626,SA
INYINYINTAN,133.3210053,-26.98853926,SA
IRINTATA,132.06931845,-26.69445623,SA
DAVENPORT,137.78868251,-32.47029542,SA
DAVIDS WELL,132.01000846,-26.39898623,SA
PIGEON BORE,132.75544037,-26.94012325,SA
PIPALYATJARA,129.17003879,-26.16281621,SA
POMPOOTA,139.34515232,-34.97570156,SA
PUTAPUTA,129.40020676,-26.19002221,SA
POINT PEARCE,137.50289745,-34.41681642,SA
MURUNYI,131.08878457,-26.30345222,SA
MOUNT SERLE,138.85700746,-30.54198645,SA
MOUNT WILLOUGHBY,134.14851818,-27.95814628,SA
MUNDA WANNA-MAR,133.95000807,-32.3518863,SA
KANPI,130.11838968,-26.16755221,SA
NANWOORA,131.61326043,-31.38248526,SA
NEPABUNNA,138.97900745,-30.58198646,SA
NGARATJATA,131.80455849,-26.23153623,SA
PUTUTJU,132.03008846,-26.54112623,SA
RACE COURSE,132.16888479,-26.25765687,SA
RAILWAY BORE,133.3547973,-26.76498426,SA
RAUKKAN,139.13236712,-35.5065265,SA
MAKARI,131.29378854,-27.04385623,SA
MALARA,129.46476675,-26.14271421,SA
MULGA BORE,132.11228844,-26.81495624,SA
MIMILI,132.70900837,-27.00498625,SA
MANYIRKANGA,131.23830855,-26.28558622,SA
MORRISON BORE,132.14400844,-26.64798624,SA
WILLI WILLI,129.52705275,-26.34950321,SA
WINTAWATU,130.98629858,-26.16036622,SA
WORRO DOWNS STATION,138.28499627,-31.7877325,SA
WARRENGIE,139.28227198,-35.69405607,SA
WANMARANYA,132.68656837,-27.08800625,SA
YALATA,131.8417304,-31.47954626,SA
YAPPALA,138.37378966,-31.84697856,SA
YARILENA,133.63879113,-32.0960253,SA
NUMBER 12,130.98600858,-26.06038622,SA
NYAPARI,130.22156567,-26.17542621,SA
NYIKUKURA,129.0922588,-26.02549621,SA
OFFICER CREEK,131.89259447,-26.51207323,SA
OVER ROAD,131.8187344,-31.51197226,SA
PERENTI BORE,132.70183337,-26.91045325,SA
TANKANNU,130.16650867,-26.29898621,SA
TIA TUCKIA,133.95532768,-32.23712644,SA
TILUN TILUN,129.16276879,-26.08991121,SA
TJA TJA,132.14519635,-26.41927428,SA
TJIWIRU ONE,132.20793544,-26.42153823,SA
TJIWIRU TWO,132.20842144,-26.40267923,SA
TJILPIL TWO,131.99529346,-26.98259224,SA
TJILPIL ONE,132.01500845,-26.87798624,SA
TJUTJUNPIRI,132.07284846,-26.31705623,SA
TUPUL,131.12772857,-26.05906622,SA
TURKEY BORE,132.08071846,-26.32868323,SA
CEDUNA TOWN CAMP,133.68254312,-32.1116493,SA
HAPPY VALLEY,131.00000858,-26.00018622,SA
ITJINPIRI,132.13720745,-26.20559423,SA
KUNYTJANU,129.37094376,-26.66000421,SA
KULITJARA,132.41711841,-27.02254624,SA
MUNDA MUNDA WATA TJINA,133.72644411,-32.1098763,SA
NANTAWARRINA,139.09200743,-30.59878646,SA
ULAYPAI,131.59940851,-26.08472622,SA
ULKIYA,130.86040859,-26.34997122,SA
UMOONA,134.76731207,-29.0041983,SA
UMPKANTA,132.20745394,-26.29634967,SA
UMPUKULUNYA,130.38577265,-26.16717321,SA
VICTORY WELL,132.50847039,-27.05288724,SA
WALATINA,133.40700828,-27.42048626,SA
WALLANY,131.23206515,-26.33437499,SA
WAMIKATA,132.16192845,-26.09792623,SA
WANILLA OUTSTATION,135.64289563,-34.5952358,SA
WARDANG ISLAND,137.37200747,-34.46918642,SA
WAREVILLA,133.69471012,-32.1051663,SA
WATINUMA,131.88086888,-26.52082034,SA
WAMBIRI,135.69503872,-34.62798336,SA
WEST BORE 1,131.93446217,-26.70521742,SA
YOUNGS WELL - 1,132.20675744,-26.17098231,SA
YUNYARINYI,132.44600841,-26.32698624,SA
YURANGKA,131.43341673,-26.33577577,SA
WALITJARA,130.70040861,-26.22318622,SA
SHANNONS BORE,132.72427637,-27.04227525,SA
COLEBROOK,138.06156258,-32.33542094,SA
SANDYS BORE,132.4812584,-27.15469624,SA
SCOTDESCO,132.77120426,-31.83237928,SA
ILITJARA,129.17748879,-26.26282821,SA
MCCAUL BORE,132.07204045,-26.48061323,SA
OAK VALLEY,130.73900858,-29.40158624,SA
UMUWA,132.04012966,-26.46611869,SA
DUNJIBA,135.44757773,-27.54678756,SA
KUNAMATA,130.34591665,-26.51888822,SA
DINAH LINE,133.67759912,-32.0634493,SA
NEW WELL,132.23310844,-26.08683623,SA
WALALKARA,131.79041348,-27.00459123,SA
WATARRU,129.9010487,-27.02302622,SA
WINTU WINPUTJARA,132.31712143,-26.13890823,SA
TALLOWON,131.79415641,-31.45162026,SA
CAVE HILL,131.34796354,-26.03475922,SA
AEROPLANE TWO,132.19336844,-26.25106623,SA
BALFOUR WELL,132.06571346,-26.36601623,SA
EAGLE BORE,132.09400846,-26.00798623,SA
KOONGAWA,135.87734502,-33.16073034,SA
PRELINNA,138.73128726,-31.64548816,SA
CHILPENUNDA,134.52201068,-32.59146965,SA
WHITWARTA,138.33602392,-34.09181206,SA
BIBLIANDO,139.09966746,-31.86520363,SA
WINULTA,137.89930129,-34.27431667,SA
THOMAS PLAIN,137.92453705,-33.94535202,SA
SECRET ROCKS,136.89622699,-33.25168798,SA
SANDERSTON,139.21637772,-34.72437058,SA
HACKLINS CORNER,138.65939632,-33.46682746,SA
BAKARA,139.81237587,-34.67836611,SA
WIAWERA,140.40320154,-32.29182546,SA
ARKAROOLA VILLAGE,139.33623341,-30.31162947,SA
THREE CREEKS,138.7701609,-32.00711346,SA
SANDLETON,139.39250234,-34.44404163,SA
REDBANKS,138.57524148,-34.48141104,SA
MURNPEOWIE,139.32774189,-29.4417597,SA
PINDA SPRINGS,138.8630246,-30.79574425,SA
KENT TOWN,138.62010762,-34.9215481,SA
BRUCE,138.19891554,-32.46171917,SA
BUNBURY,139.98016441,-36.16402767,SA
OLD REYNELLA,138.54045497,-35.0968249,SA
HALIDON,140.17363423,-34.87658374,SA
CROMER,138.97656769,-34.76605373,SA
KANYAKA,138.32032129,-32.03565764,SA
LAFFER,140.15221724,-36.18161508,SA
CHARLESTON,138.92575102,-34.91387257,SA
STONE HUT,138.2766745,-33.10845279,SA
HACKNEY,138.61640563,-34.91388802,SA
JAMESTOWN,138.60205476,-33.20528146,SA
CHAPMAN BORE,139.54859019,-35.11537957,SA
WIRRULLA,134.53386558,-32.40443196,SA
STURT,138.554631,-35.02274303,SA
WHYALLA PLAYFORD,137.55912283,-33.02895606,SA
MURRAY BRIDGE,139.27471882,-35.11786852,SA
FARINA,138.27731587,-30.07364122,SA
COOLILLIE,135.23916016,-33.45116061,SA
PINNAROO,140.90726252,-35.25936743,SA
MILENDELLA,139.20954356,-34.8006242,SA
ROYSTON PARK,138.62995962,-34.89731361,SA
MITCHELL,135.52565079,-34.01593282,SA
INKSTER,134.66867269,-32.91442676,SA
DAWSON,138.97488762,-32.8041047,SA
WHITE WELL CORNER,133.30833818,-31.89476129,SA
AVON,138.34085974,-34.28199095,SA
WOODVILLE WEST,138.52659069,-34.88505293,SA
MALLALA,138.50972229,-34.43789246,SA
YACKA,138.4470297,-33.57041027,SA
LONGWOOD,138.72122911,-35.04187069,SA
GALGA,139.96179021,-34.6953307,SA
SALISBURY NORTH,138.62765922,-34.7459457,SA
DAWESLEY,138.95351284,-35.04191941,SA
ULYERRA,135.71115613,-33.41734263,SA
NOARLUNGA CENTRE,138.49612181,-35.14088195,SA
GREENWAYS LANDING,139.67832609,-34.66324451,SA
PORT PARHAM,138.25341733,-34.43326645,SA
PUTAPUTA HOMELAND,129.40044876,-26.19120621,SA
TIPARRA CHURCH,137.84511741,-34.17715643,SA
WILPENA POUND,138.57393745,-31.55900645,SA
WOODS FLAT,139.64621712,-34.23480651,SA
WOODS WELL,138.20586741,-33.06178644,SA
POINT MCLEAY,139.10475712,-35.51717649,SA
INDULKANA,133.3086883,-26.96622626,SA
PINE CREEK STATION,140.95231647,-32.17681596,SA
BUGLE HUT,140.73783229,-34.40623032,SA
BLETCHLEY,138.97761156,-35.25051036,SA
UMBERATANA,139.11383081,-30.17212369,SA
STEINFELD,139.3472998,-34.33524947,SA
YANYARRIE,138.54787568,-32.32421466,SA
TAPEROO,138.50029206,-34.80654039,SA
WATERLOO CORNER,138.5673479,-34.71177796,SA
WEST BEACH,138.50882221,-34.94520216,SA
ROSE PARK,138.62830609,-34.93069696,SA
STOCKYARD CREEK,138.60447125,-34.30606264,SA
PERLUBIE,134.34733274,-32.61081251,SA
GURRA GURRA,140.64029716,-34.30082714,SA
BROUGHTON RIVER VALLEY,138.57636395,-33.55077776,SA
PALMER,139.16007816,-34.85289949,SA
RACECOURSE BAY,140.75259966,-38.05543959,SA
EMU BAY,137.50375535,-35.59065712,SA
WELBOURN HILL,133.91389527,-27.3960307,SA
WOOLUNDUNGA,137.97906175,-32.5708096,SA
ALBERTON,138.51611678,-34.85902274,SA
SUTHERLANDS,139.22604441,-34.15663751,SA
VICTOR HARBOR,138.61181232,-35.5476722,SA
MARLESTON,138.56163143,-34.94533343,SA
HAWTHORN,138.60413299,-34.97097135,SA
GOOLWA SOUTH,138.82060388,-35.53277142,SA
BRINKLEY,139.24312104,-35.23661409,SA
PARHAM,138.25847839,-34.43082247,SA
DUBLIN,138.34890427,-34.45223498,SA
KAPPAWANTA,135.32084927,-33.6622391,SA
LUCKY BAY,137.04361356,-33.7064494,SA
PINE CREEK,139.26799892,-33.21169994,SA
MARLA,133.6224993,-27.29973104,SA
KAPINNIE,135.49764578,-34.13791835,SA
BRUKUNGA,138.95217368,-35.00886726,SA
GLENCOE,140.6130851,-37.6854461,SA
WEST RICHMOND,138.55042224,-34.93931646,SA
ADELAIDE,138.60102724,-34.92867647,SA
PARUNA,140.72979953,-34.71845169,SA
EVERARD PARK,138.57468274,-34.95412839,SA
HARROGATE,138.99815778,-34.97044844,SA
BULL CREEK,138.762201,-35.23527132,SA
TERINGIE,138.70282601,-34.9142379,SA
MULGARIA,137.38829069,-30.16456361,SA
PENFIELD,138.623639,-34.69134753,SA
NORTHERN HEIGHTS,139.25913424,-35.10216613,SA
GAWLER,138.7448869,-34.59733819,SA
FROME DOWNS,140.15625162,-30.61396513,SA
KI KI,139.79405182,-35.56660879,SA
WARD HILL,137.85159033,-33.6788453,SA
KOKATHA,135.39907701,-31.3550933,SA
WATERVALE,138.64936417,-33.96513348,SA
KENTON VALLEY,138.8971738,-34.85773728,SA
WOODFORDE,138.70841077,-34.90477324,SA
MODBURY HEIGHTS,138.68519228,-34.81159872,SA
EVANSTON GARDENS,138.71994072,-34.62810756,SA
SALISBURY PARK,138.66823623,-34.75870889,SA
EYRE,138.65077279,-34.68856452,SA
AGERY,137.70054199,-34.14258462,SA
WYNN VALE,138.68715189,-34.7994076,SA
ELIZABETH VALE,138.66765688,-34.74897143,SA
MOOROOK SOUTH,140.36478897,-34.291923,SA
FITZGERALD BAY,137.75244749,-32.91200042,SA
ARDROSSAN,137.91659134,-34.42481806,SA
BOORS PLAIN,137.70059852,-34.043297,SA
SUNNYVALE,137.82937381,-34.14517811,SA
COROMANDEL VALLEY,138.62362176,-35.04503888,SA
MITCHAM,138.62303528,-34.9842163,SA
BOLIVAR,138.57394495,-34.77123596,SA
WONNA,139.06736683,-33.25601999,SA
CAURNAMONT,139.5901681,-34.86823826,SA
ENCOUNTER BAY,138.5949619,-35.57787949,SA
SPALDING,138.60941833,-33.49740146,SA
KOOLGERA,134.75234544,-32.29764624,SA
CHAIN OF PONDS,138.83931441,-34.81625588,SA
MOUNT MCKENZIE,139.09214375,-34.56601162,SA
EMEROO,137.86535397,-32.34400782,SA
BUTE,138.00626182,-33.86465103,SA
WARNES,139.5047155,-33.40657701,SA
PENONG,133.01093457,-31.92842209,SA
ST KILDA,138.53441273,-34.73853797,SA
PARSONS BEACH,137.48445853,-34.76825639,SA
LAKE EVERARD,135.01462279,-31.65416124,SA
PARRAKIE,140.25065653,-35.38068047,SA
MARYVALE,134.47925051,-32.87281278,SA
BLACKFELLOWS CREEK,138.70973987,-35.25217844,SA
OAKDEN HILLS,137.06257782,-31.64325765,SA
SAPPHIRETOWN,137.78310456,-35.79117338,SA
ST CLAIR,138.5353336,-34.87087769,SA
GLENELG EAST,138.5257952,-34.98163313,SA
HILLCREST,138.64306554,-34.862508,SA
NETLEY,138.54920105,-34.94935348,SA
PORT AUGUSTA,137.76383043,-32.49103992,SA
GLANDORE,138.56833023,-34.96149153,SA
GAWLER RIVER,138.6477525,-34.61026997,SA
TORRENS PARK,138.61365897,-34.98525664,SA
EAST MOONTA,137.62777101,-34.08198511,SA
KARTE,140.69976809,-35.05596812,SA
MCHARG CREEK,138.73251596,-35.27167251,SA
TELOWIE,138.10408826,-33.05412061,SA
WINDSOR,138.31448521,-34.40980827,SA
HORNSDALE,138.5255571,-33.04255498,SA
MOONAREE,135.66676829,-31.87547087,SA
YONGALA,138.74899379,-33.02950449,SA
PERNATTY,137.40620256,-31.39441177,SA
PARKSIDE,138.61664522,-34.94624389,SA
WOODVILLE NORTH,138.54153812,-34.86607123,SA
MOUNT BARKER JUNCTION,138.86861639,-35.0257379,SA
SALISBURY PLAIN,138.66063183,-34.76740127,SA
WALKERVILLE,138.6178565,-34.89187453,SA
GAWLER RANGES,135.33251731,-32.54237687,SA
BOATSWAIN POINT,139.75013358,-37.07060909,SA
LEWISTON,138.59187,-34.60783079,SA
JOHNBURGH,138.70559281,-32.45997394,SA
HOYLETON,138.52956257,-34.00909094,SA
WAURALTEE,137.60266189,-34.5918451,SA
TOLDEROL,139.10579263,-35.37078018,SA
VERDUN,138.7907897,-35.00827099,SA
MAYLANDS,138.63671873,-34.91126657,SA
GARDEN ISLAND,138.53609193,-34.80750029,SA
BALHANNAH,138.82355493,-34.99421291,SA
EVANSTON,138.73370602,-34.61656899,SA
SALISBURY,138.64187668,-34.76404161,SA
HARDY,139.26784465,-32.99382571,SA
KONGAL,140.46353987,-36.37598362,SA
CURNAMONA,139.5879589,-31.67376029,SA
CLIFTON HILLS STATION,139.24964886,-27.1458249,SA
WONGULLA,139.55887094,-34.69954526,SA
GOOD HOPE LANDING,140.1606941,-34.17611986,SA
WANDEARAH WEST,137.93053079,-33.40070797,SA
QUORN,138.04197098,-32.34805803,SA
HENDON,138.51517611,-34.87444617,SA
NORWOOD,138.63209561,-34.92133305,SA
STEPNEY,138.62926628,-34.91228165,SA
POINT STURT,138.98810185,-35.49937262,SA
WINDSOR GARDENS,138.65435352,-34.86552508,SA
BIRKENHEAD,138.50025038,-34.83677657,SA
TORRENS ISLAND,138.52594619,-34.78763958,SA
GUMERACHA,138.8844132,-34.82558048,SA
MOORILLAH,138.49046502,-30.86688413,SA
ROCKLEIGH,139.09876647,-34.99274495,SA
PORT BONYTHON,137.74567518,-32.97178141,SA
CRAIGBURN FARM,138.60491711,-35.04045359,SA
HEATHFIELD,138.71686969,-35.02827666,SA
NORTH BRIGHTON,138.5208598,-35.00505005,SA
NETHERBY,138.62508672,-34.97048465,SA
MOUNT OSMOND,138.65920762,-34.96410498,SA
BUCHFELDE,138.70504263,-34.6096522,SA
BOWHILL,139.68264644,-34.95012487,SA
GLOSSOP,140.52710053,-34.27071063,SA
SANDILANDS,137.78526877,-34.5287586,SA
PENFIELD GARDENS,138.6132515,-34.65845718,SA
SELLICKS BEACH,138.4582367,-35.33082218,SA
SULTANA POINT,137.73908844,-35.1183355,SA
STANSBURY,137.79683737,-34.90994644,SA
CHAPEL HILL,138.76449145,-35.08425434,SA
WHITE SANDS,139.31907789,-35.19579215,SA
HONITON,137.64753943,-35.10356171,SA
THOMPSON BEACH,138.28076396,-34.4854393,SA
CADGEE,140.71106637,-36.7837269,SA
BAROOTA,138.01625609,-32.89892548,SA
PALLAMANA,139.21098493,-35.04390097,SA
PARA HILLS,138.65792745,-34.81211508,SA
KOORINE,140.62294508,-37.6298309,SA
EIGHT MILE CREEK,140.80201978,-38.02093501,SA
HILTABA,135.17826093,-32.20199305,SA
BUNGEROO,136.21393222,-32.79712531,SA
MOUNT BENSON,139.90106082,-37.09748067,SA
HORSNELL GULLY,138.70438937,-34.93509875,SA
GAMMON RANGES,139.17386721,-30.57085701,SA
CARRIETON,138.53034937,-32.42459002,SA
THEVENARD,133.65222978,-32.14485489,SA
ASHFORD,138.57436594,-34.94865585,SA
POINT LOWLY,137.78179283,-32.99386757,SA
DAVOREN PARK,138.66840764,-34.6910719,SA
WEBB BEACH,138.26144953,-34.44765612,SA
WANGOLINA,139.81879143,-36.96477722,SA
MANOORA,138.80470358,-33.99001278,SA
HIGHCROFT,147.77511766,-43.15358412,TAS
WHITEMARK,148.02799287,-40.07868248,TAS
SISTERS CREEK,145.55489703,-40.9661597,TAS
SOUTH SPREYTON,146.35262425,-41.25671758,TAS
YOUNGTOWN,147.17233935,-41.48516669,TAS
RELBIA,147.21152474,-41.50532202,TAS
CLEVELAND,147.38078644,-41.80585176,TAS
PONTVILLE,147.27311689,-42.67234024,TAS
ST LEONARDS,147.24035238,-41.46343567,TAS
TAYENE,147.52151524,-41.35037755,TAS
BIRRALEE,146.8108548,-41.40465363,TAS
DYNNYRNE,147.31294083,-42.90516093,TAS
MOLESWORTH,147.14303435,-42.81000357,TAS
EPPING FOREST,147.3168492,-41.76268466,TAS
BRIGHTON,147.23161486,-42.69782404,TAS
WEST MOONAH,147.28125309,-42.84946697,TAS
WAVERLEY,147.20784398,-41.42531878,TAS
GLENORCHY,147.26537102,-42.84336513,TAS
CAPE PILLAR,147.93875008,-43.18181085,TAS
SCHOUTEN ISLAND,148.28536426,-42.31660808,TAS
MACQUARIE HEADS,145.19797828,-42.21528744,TAS
MARIA ISLAND,148.08070008,-42.64726984,TAS
GUILDFORD,145.69204713,-41.45546874,TAS
PARRAWE,145.56200478,-41.29882245,TAS
RENISON BELL,145.43720216,-41.7891774,TAS
LISLE,147.32706911,-41.23458542,TAS
MOUNT ROLAND,146.24938049,-41.48937516,TAS
STYX,146.68903637,-42.79227729,TAS
STRZELECKI,148.10778903,-40.22310309,TAS
DOUGLAS-APSLEY,148.18737297,-41.78519924,TAS
WALLS OF JERUSALEM,146.25269692,-41.90149318,TAS
CAPE RAOUL,147.7634784,-43.20123221,TAS
SOUTHPORT LAGOON,146.93452181,-43.48511248,TAS
BUTLERS GORGE,146.25945024,-42.24917422,TAS
CLARENDON VALE,147.44909071,-42.8876438,TAS
MORNINGTON,147.39925935,-42.86132077,TAS
EVANDALE,147.30618808,-41.56951739,TAS
FLOWERPOT,147.23922319,-43.20152993,TAS
ABERDEEN,146.32411432,-41.24340313,TAS
KINGSTON,147.29271906,-42.96333764,TAS
PERTH,147.20762382,-41.60857423,TAS
SCOTTSDALE,147.52049739,-41.17076165,TAS
DEEP BAY,147.13512857,-43.20761087,TAS
WESTBURY,146.82067436,-41.51029359,TAS
NEIKA,147.23138652,-42.9494115,TAS
WARRANE,147.38716385,-42.8507169,TAS
SALTWATER RIVER,147.7058493,-43.03427623,TAS
KINGSTON BEACH,147.32126383,-42.98423029,TAS
LILYDALE,147.23459967,-41.2462643,TAS
MOUNT NELSON,147.32698812,-42.92268106,TAS
LACKRANA,148.20539312,-40.10158009,TAS
DEDDINGTON,147.49319826,-41.60473348,TAS
SANDY BAY,147.34083885,-42.91209212,TAS
TAROONA,147.34387089,-42.94465393,TAS
HOWRAH,147.41111149,-42.8840702,TAS
ROKEBY,147.43669729,-42.89575072,TAS
CLAREMONT,147.22257598,-42.78798187,TAS
NORTH LILYDALE,147.25353472,-41.22992137,TAS
GLENLUSK,147.19965067,-42.81702526,TAS
SELBOURNE,146.87595888,-41.43382276,TAS
LADY BARRON,148.22597057,-40.2081593,TAS
GARDNERS BAY,147.15040647,-43.17987877,TAS
ACACIA HILLS,146.33599364,-41.28496238,TAS
BIRCHS BAY,147.22417046,-43.18375259,TAS
SPRINGFIELD,147.46302606,-41.24723054,TAS
WEST SCOTTSDALE,147.44987037,-41.19224302,TAS
NUBEENA,147.71959499,-43.08889236,TAS
MORIARTY,146.48821203,-41.21972163,TAS
CAMENA,145.96241769,-41.1766047,TAS
INVERMAY,147.13297173,-41.42127969,TAS
MERSEY FOREST,146.20055863,-41.68295354,TAS
OYSTER COVE,147.22125593,-43.10911741,TAS
TEWKESBURY,145.71952203,-41.22135122,TAS
BAKERS BEACH,146.64687941,-41.17381252,TAS
MOORLEAH,145.61261344,-41.0054882,TAS
BONNET HILL,147.33186772,-42.96808878,TAS
GEORGE TOWN,146.90084287,-41.09098313,TAS
PORT SORELL,146.53761904,-41.17191704,TAS
RIDGLEY,145.83289619,-41.13736973,TAS
PORT LATTA,145.38517586,-40.85805291,TAS
ROLAND,146.22586361,-41.4115537,TAS
SQUEAKING POINT,146.55682824,-41.18877426,TAS
HIGHCLERE,145.82047273,-41.19917217,TAS
SANDFORD,147.49077681,-42.96903264,TAS
UPPER BLESSINGTON,147.58019363,-41.44701951,TAS
FITZGERALD,146.65815837,-42.75648968,TAS
STAVERTON,146.17760718,-41.45412622,TAS
KILLIECRANKIE,147.84336542,-39.8486726,TAS
PIPERS BROOK,147.20032056,-41.07190918,TAS
LORINNA,146.15079029,-41.53226957,TAS
WEST RIDGLEY,145.77598595,-41.15337382,TAS
ALCOMIE,145.21257637,-40.94201473,TAS
BRIDGEWATER,147.22947822,-42.72494153,TAS
LOW HEAD,146.83890037,-41.05680546,TAS
WESTERN CREEK,146.49497039,-41.64675421,TAS
SPREYTON,146.34739392,-41.22579189,TAS
CHASM CREEK,145.9632142,-41.07002474,TAS
KAYENA,146.88341058,-41.19060467,TAS
UNDERWOOD,147.2140695,-41.31333363,TAS
CARRICK,147.01800386,-41.54250382,TAS
MIDDLESEX,145.97233905,-41.53243104,TAS
CURRIE,143.85301427,-39.92044461,TAS
LIENA,146.21301392,-41.54177834,TAS
SOUTH PRESTON,146.03157875,-41.34579112,TAS
GARDEN ISLAND CREEK,147.17809987,-43.22539242,TAS
WOODBRIDGE,147.21401739,-43.15801883,TAS
LAKE MARGARET,145.55896553,-41.99809233,TAS
MIENA,146.68471313,-41.9728557,TAS
RIDGEWAY,147.28828209,-42.92084948,TAS
RUSHY LAGOON,148.01071531,-40.85710166,TAS
DOVER,147.01476101,-43.29793625,TAS
MELTON MOWBRAY,147.19521387,-42.45613204,TAS
MENGHA,145.26429195,-40.93884335,TAS
GOWRIE PARK,146.22402822,-41.46870973,TAS
GRASSY,144.06955159,-40.04355238,TAS
CAMPANIA,147.4367318,-42.6169708,TAS
NOWHERE ELSE,146.260301,-41.37228894,TAS
LEBRINA,147.22615026,-41.16408616,TAS
PROSPECT VALE,147.11063549,-41.48284101,TAS
YAMBACOONA,143.99340086,-39.70603472,TAS
SWAN POINT,146.96440825,-41.26134418,TAS
SIDMOUTH,146.87620733,-41.23307746,TAS
ROBIGANA,146.94160067,-41.26558449,TAS
BURNS CREEK,147.47836559,-41.4465623,TAS
FRIENDLY BEACHES,148.26119187,-41.99312369,TAS
CRESSY,147.08796739,-41.78402277,TAS
HILLWOOD,146.96487021,-41.21510394,TAS
BLACKWOOD CREEK,146.90294608,-41.74391296,TAS
NEW NORFOLK,147.05963472,-42.78268558,TAS
MATHINNA,147.944992,-41.44760905,TAS
SOUTH NIETTA,146.04198906,-41.44623143,TAS
GREAT BAY,147.37404548,-43.22435985,TAS
KETTERING,147.22939524,-43.12782922,TAS
TAKONE,145.61374144,-41.16035196,TAS
ROGER RIVER,145.01604313,-41.05650429,TAS
STONY HEAD,147.01623402,-41.01991835,TAS
WEYMOUTH,147.10966901,-41.02630175,TAS
YARRA CREEK,144.08999767,-39.99982009,TAS
DEVONPORT,146.34521386,-41.17702268,TAS
DON,146.30479047,-41.18189847,TAS
CLARENCE POINT,146.78915755,-41.12926491,TAS
NEWSTEAD,147.1626559,-41.44267522,TAS
BREADALBANE,147.17446197,-41.51727446,TAS
CAMPBELL TOWN,147.45858393,-41.91767345,TAS
ANDOVER,147.49636302,-42.3400429,TAS
PROMISED LAND,146.20480406,-41.42501705,TAS
QUAMBY BEND,146.86552246,-41.48039847,TAS
TURNERS BEACH,146.22846883,-41.16989,TAS
ANSONS BAY,148.18878455,-41.08237714,TAS
SMITHTON,145.14044692,-40.84432567,TAS
MOLTEMA,146.52892337,-41.44723409,TAS
FOUR MILE CREEK,148.28238014,-41.57915682,TAS
ARTHUR RIVER,144.68444587,-41.05395453,TAS
LEMONT,147.66002307,-42.29726083,TAS
WEETAH,146.63437528,-41.45757653,TAS
EAST CAM,145.84988643,-41.06072527,TAS
NUGARA,143.90942186,-39.94924903,TAS
ADVENTURE BAY,147.32278961,-43.3520417,TAS
BLACKMANS BAY,147.31820676,-43.00747367,TAS
PYENGANA,147.94973848,-41.30004384,TAS
KEMPTON,147.21922508,-42.52766662,TAS
OATLANDS,147.32438013,-42.28679561,TAS
LAKE ST CLAIR,145.95084684,-41.96972599,TAS
SULPHUR CREEK,146.0131317,-41.10947824,TAS
TALAWA,147.71082051,-41.28624181,TAS
BRIDPORT,147.37191307,-41.02924829,TAS
CREMORNE,147.52363286,-42.95046194,TAS
TABLE CAPE,145.70199016,-40.95232215,TAS
SEYMOUR,148.27238655,-41.7417322,TAS
SHOREWELL PARK,145.87697482,-41.06976961,TAS
HOWDEN,147.29915941,-43.02116867,TAS
GREENS BEACH,146.74244262,-41.10049857,TAS
SLOPING MAIN,147.67078735,-42.99984131,TAS
WHITE BEACH,147.72696488,-43.14430739,TAS
KOONYA,147.81765228,-43.07955695,TAS
STOWPORT,145.92936388,-41.11200615,TAS
SURGES BAY,146.98551419,-43.22683049,TAS
LONGFORD,147.1228011,-41.60708433,TAS
GLENGARRY,146.87133536,-41.34340929,TAS
IRISHTOWN,145.14969123,-40.91779982,TAS
ABELS BAY,147.10735218,-43.22950562,TAS
LOIRA,146.8967797,-41.27132627,TAS
BERRIEDALE,147.23579282,-42.81454612,TAS
TREVALLYN,147.10482038,-41.44259078,TAS
OTAGO,147.30039809,-42.80024402,TAS
NORTH HOBART,147.31691561,-42.8717151,TAS
CHAIN OF LAGOONS,148.2721536,-41.65997666,TAS
ZEEHAN,145.34851687,-41.89044989,TAS
MUSSELROE BAY,148.13817492,-40.87951179,TAS
HADSPEN,147.06034089,-41.51121347,TAS
REEKARA,143.97768686,-39.74876015,TAS
SASSAFRAS,146.53748656,-41.30536736,TAS
DOLPHIN SANDS,148.14898983,-42.0877276,TAS
MAYBERRY,146.28914825,-41.5651007,TAS
SOUTH LAUNCESTON,147.14710526,-41.45571734,TAS
WOODSDALE,147.59949179,-42.47752584,TAS
GARDEN ISLAND,147.1305099,-43.25879541,TAS
ROCKY CAPE,145.48482601,-40.90313785,TAS
MARRAWAH,144.69821963,-40.93236206,TAS
HAWLEY BEACH,146.53423015,-41.13702084,TAS
GORDON,147.20621775,-43.26253569,TAS
HILLCREST,145.89447566,-41.06319161,TAS
BLUMONT,147.41333186,-41.14193878,TAS
BOOBYALLA,147.88126424,-40.91754617,TAS
TEMMA,144.74067451,-41.22802776,TAS
CORINNA,145.07431463,-41.62840486,TAS
BANGOR,147.15380912,-41.21398911,TAS
SURPRISE BAY,143.92101605,-40.10760415,TAS
CUPRONA,145.97065864,-41.12705998,TAS
FLOWERDALE,145.66171833,-40.96872184,TAS
EAST DEVONPORT,146.38900788,-41.18558407,TAS
BLACKSTONE HEIGHTS,147.08120125,-41.4634277,TAS
BRIDGENORTH,146.96443029,-41.38300112,TAS
MIDWAY POINT,147.5294283,-42.79412128,TAS
NUNAMARA,147.32655531,-41.39903423,TAS
LANENA,146.96667742,-41.31623886,TAS
LOCCOTA,148.04326131,-40.21384711,TAS
BROADMARSH,147.12092605,-42.65732722,TAS
LUNE RIVER,146.86215915,-43.43498,TAS
LOWER MARSHES,147.18724149,-42.32391567,TAS
TYENNA,146.65896787,-42.71855528,TAS
SCOTCHTOWN,145.10117729,-40.90764984,TAS
ROSEVEARS,146.98755904,-41.3351323,TAS
CENTRAL PLATEAU,146.58944025,-41.84479708,TAS
FALMOUTH,148.24548933,-41.5195356,TAS
MOONAH,147.29559616,-42.84542845,TAS
COPPING,147.77267565,-42.82842547,TAS
GAWLER,146.14469654,-41.21786876,TAS
TEA TREE,147.34197499,-42.68362594,TAS
PELVERATA,147.12621364,-43.05543993,TAS
EMITA,147.93255176,-40.00903463,TAS
AMBLESIDE,146.37221849,-41.20305538,TAS
COLEBROOK,147.35808789,-42.52198665,TAS
NIETTA,146.06084723,-41.38284377,TAS
EDDYSTONE,148.31153303,-40.99738676,TAS
ROYAL GEORGE,147.99475912,-41.81614067,TAS
LOWER BARRINGTON,146.28594947,-41.29084853,TAS
CRADLE MOUNTAIN,145.95930259,-41.74578963,TAS
LEEKA,147.82324572,-39.89293101,TAS
TOOMS LAKE,147.82354476,-42.19620159,TAS
WESTERWAY,146.80509526,-42.68480204,TAS
WHITE HILLS,147.30103321,-41.50662376,TAS
WEST MONTAGU,144.86132048,-40.84169103,TAS
MILLERS BLUFF,147.09811046,-41.97041439,TAS
CORNWALL,148.14123201,-41.55687521,TAS
HERMITAGE,146.8509308,-42.25971991,TAS
GLENORA,146.87417949,-42.68906594,TAS
RISDON VALE,147.37022825,-42.80817592,TAS
GRASSTREE HILL,147.36949933,-42.78076707,TAS
GAGEBROOK,147.2737604,-42.74272113,TAS
UXBRIDGE,146.85448547,-42.77258858,TAS
KINDRED,146.21520614,-41.25617775,TAS
COLLINSVALE,147.17373898,-42.84152349,TAS
BUSHY PARK,146.87373501,-42.72080612,TAS
CUCKOO,147.59617662,-41.22015267,TAS
TULENDEENA,147.66224285,-41.18567534,TAS
WINNALEAH,147.81588412,-41.07812505,TAS
STRATHGORDON,146.05072482,-42.76713469,TAS
LIAWENEE,146.6633112,-41.90380415,TAS
GLEBE,147.32681898,-42.87383475,TAS
FLINTSTONE,146.85942129,-41.9979089,TAS
LUINA,145.38105443,-41.46078381,TAS
GRANTON,147.18994606,-42.76252437,TAS
BREONA,146.70493569,-41.78242021,TAS
UPPER CASTRA,146.13325978,-41.33402172,TAS
KARANJA,146.83671898,-42.68328402,TAS
REYNOLDS NECK,146.69482798,-41.85908703,TAS
SPALFORD,146.18562418,-41.23817556,TAS
HERDSMANS COVE,147.26484133,-42.75065179,TAS
CASTRA,146.11471919,-41.30176496,TAS
WARATAH,145.49986083,-41.46007265,TAS
LAKE SORELL,147.16214295,-42.04623251,TAS
BEULAH,146.37804611,-41.43664209,TAS
LILLICO,146.29003109,-41.16823928,TAS
NOTLEY HILLS,146.92190113,-41.35895571,TAS
BADEN,147.47377345,-42.42804598,TAS
BRANDUM,146.67287545,-41.8292415,TAS
NABOWLA,147.37262513,-41.17311163,TAS
HERRICK,147.88692714,-41.08506958,TAS
WAYATINAH,146.51174121,-42.38218839,TAS
CRAMPS BAY,146.82598636,-41.87357707,TAS
DOWNLANDS,145.89020275,-41.08259456,TAS
OAKS,146.97079468,-41.57921107,TAS
MACQUARIE PLAINS,146.91667745,-42.71274905,TAS
STOODLEY,146.4129854,-41.39334918,TAS
TIBERIAS,147.3602776,-42.43196664,TAS
WHITEFOORD,147.54297862,-42.41875833,TAS
LOWER TURNERS MARSH,147.10351878,-41.21237046,TAS
PARK GROVE,145.88193547,-41.05469214,TAS
BOYER,147.10299267,-42.76465524,TAS
LOWER BEULAH,146.41047884,-41.46796017,TAS
WEST KENTISH,146.25368738,-41.3964376,TAS
LALLA,147.18066364,-41.25584838,TAS
APSLEY,147.14283412,-42.40956887,TAS
NEEDLES,146.54868929,-41.54456505,TAS
DEE,146.59340387,-42.25210831,TAS
HOWTH,146.00218375,-41.09569558,TAS
SUMMERHILL,147.11967405,-41.4661576,TAS
GLEN HUON,146.92527958,-43.04213375,TAS
SCAMANDER,148.24849237,-41.46313774,TAS
LEGERWOOD,147.69574038,-41.21000665,TAS
MOORINA,147.89691808,-41.13605499,TAS
UPPER BURNIE,145.89965246,-41.07174136,TAS
HOLWELL,146.77145691,-41.2774733,TAS
TODS CORNER,146.80500335,-41.97629492,TAS
GOLCONDA,147.29561206,-41.15294949,TAS
WYENA,147.26911032,-41.18614329,TAS
BEN LOMOND,147.66186979,-41.56565295,TAS
VICTORIA VALLEY,146.708747,-42.25574563,TAS
UPPER SCAMANDER,148.1902947,-41.45311654,TAS
CLAUDE ROAD,146.26255893,-41.44171903,TAS
LONNAVALE,146.7769927,-42.95116285,TAS
CETHANA,146.14732189,-41.47915239,TAS
FRANKFORD,146.72868797,-41.32012341,TAS
WATTLE HILL,147.67485009,-42.76598631,TAS
PAWLEENA,147.59979608,-42.71641684,TAS
HAMILTON,146.851193,-42.54947853,TAS
TARRALEAH,146.43703772,-42.29578861,TAS
MOUNT WILLIAM,148.23547171,-40.9340665,TAS
BRANXHOLM,147.7474725,-41.17416017,TAS
COWRIE POINT,145.36321403,-40.85624181,TAS
DETENTION,145.45199595,-40.87823495,TAS
NELSON BAY,144.7020269,-41.12779045,TAS
CALDER,145.63193023,-41.07269655,TAS
PRESERVATION BAY,146.04653897,-41.10286346,TAS
RHYNDASTON,147.37538054,-42.47286066,TAS
LAPOINYA,145.56268133,-41.03097882,TAS
BEAUMARIS,148.26146507,-41.41593421,TAS
ROUND HILL,145.94675908,-41.07240629,TAS
CHUDLEIGH,146.48039122,-41.54372305,TAS
MOUNT LLOYD,146.90593591,-42.87832478,TAS
DOCTORS POINT,146.68451888,-41.79044052,TAS
JUDBURY,146.92925853,-42.96393552,TAS
MOOGARA,146.84243965,-42.83216777,TAS
SCOPUS,145.021372,-40.80988373,TAS
WINKLEIGH,146.84532034,-41.29542147,TAS
MARION BAY,147.85802004,-42.82566312,TAS
CRAYFISH CREEK,145.40042591,-40.86504509,TAS
LONDON LAKES,146.58762954,-42.15834804,TAS
TONGANAH,147.60592498,-41.17510825,TAS
MANGALORE,147.24796792,-42.64614928,TAS
JACKEYS MARSH,146.66970396,-41.69710168,TAS
MALBINA,147.11776893,-42.78757092,TAS
DULCOT,147.40206766,-42.78771813,TAS
POWRANNA,147.26974476,-41.68790333,TAS
ROSSARDEN,147.7013331,-41.66113589,TAS
PEARSHAPE,143.91083655,-40.04833783,TAS
PEGARAH,144.04291745,-39.92915588,TAS
MAYFIELD,147.13371568,-41.38754489,TAS
WINGAROO,147.97038105,-39.84322772,TAS
UPPER ESK,147.72099051,-41.42712831,TAS
SOUTH MOUNT CAMERON,147.95244544,-41.0067911,TAS
GLADSTONE,148.06827723,-41.00486516,TAS
BOAT HARBOUR BEACH,145.61564051,-40.92830119,TAS
MAWBANNA,145.36885033,-40.99658238,TAS
ABBOTSHAM,146.18226336,-41.21416565,TAS
STRAHAN,145.37625784,-42.16667544,TAS
KAMONA,147.6660015,-41.13505623,TAS
INTERLAKEN,147.16557551,-42.15841389,TAS
SPRENT,146.16568725,-41.28333407,TAS
BROOKLYN,145.90731984,-41.07220639,TAS
BURNIE,145.90577002,-41.05389359,TAS
HELLYER,145.42630851,-40.88164596,TAS
MOUNTAIN RIVER,147.12734201,-42.94440825,TAS
APSLAWN,148.17564857,-41.96713184,TAS
DUNORLAN,146.54223641,-41.49391711,TAS
COOEE,145.87282547,-41.04461187,TAS
GORMANSTON,145.61839028,-42.07842309,TAS
DAIRY PLAINS,146.5244094,-41.58581377,TAS
NARACOOPA,144.12038997,-39.92479677,TAS
FORTH,146.23736345,-41.20255301,TAS
WARRENTINNA,147.72764705,-41.10732906,TAS
PARKLANDS,145.89206041,-41.04750958,TAS
RUNNYMEDE,147.56681279,-42.63531273,TAS
BRADYS LAKE,146.48538157,-42.22782597,TAS
WILTSHIRE,145.28629939,-40.82621076,TAS
AVOCA,147.70695433,-41.79374835,TAS
DOCTORS ROCKS,145.78402871,-41.02324032,TAS
LEFROY,146.99511424,-41.08241874,TAS
CONARA,147.50929185,-41.78085016,TAS
QUEENSTOWN,145.54392654,-42.08531593,TAS
DUNALLEY,147.86619526,-42.89728822,TAS
CAPE PORTLAND,148.02361349,-40.77780053,TAS
WADDAMANA,146.75514477,-42.15046786,TAS
BLACK RIVER,145.32286472,-40.87071322,TAS
PARADISE,146.33624476,-41.45831725,TAS
MANGANA,147.85360506,-41.57904777,TAS
EDGCUMBE BEACH,145.4133788,-40.86737699,TAS
PIONEER,147.96032436,-41.09772987,TAS
NORTH MOTTON,146.08980541,-41.20248307,TAS
RETREAT,147.16494971,-41.1404887,TAS
SORELL CREEK,147.12254068,-42.78391801,TAS
GEEVESTON,146.86616275,-43.15308222,TAS
CAVESIDE,146.43201002,-41.61740319,TAS
LUTANA,147.3136538,-42.83790604,TAS
MONTAGU BAY,147.35820043,-42.86451201,TAS
STORYS CREEK,147.72166495,-41.62880706,TAS
MOUNT DIRECTION,147.02708488,-41.20738429,TAS
TOIBERRY,147.0358894,-41.62234703,TAS
SHANNON,146.76699459,-42.07244849,TAS
MIDDLETON,147.23185995,-43.2286177,TAS
MILABENA,145.49923309,-41.03050605,TAS
DERWENT BRIDGE,146.24733724,-42.13393305,TAS
HAYES,146.9974012,-42.73787196,TAS
WINDERMERE,147.01635694,-41.31065328,TAS
HAGLEY,146.90939145,-41.5261598,TAS
CARLTON,147.65598003,-42.85782948,TAS
BOTHWELL,146.9938777,-42.32160721,TAS
TUNNACK,147.45528922,-42.47017214,TAS
BELLERIVE,147.37761966,-42.87380794,TAS
MEUNNA,145.47637697,-41.08845278,TAS
WHITEMORE,146.91197541,-41.58758439,TAS
POATINA,146.92844335,-41.80233956,TAS
ROSNY,147.35701298,-42.87070578,TAS
LOWER WILMOT,146.22138053,-41.32147776,TAS
SPRING BEACH,147.89669682,-42.59410396,TAS
BRONTE PARK,146.45622454,-42.10337979,TAS
LAWITTA,147.03551054,-42.7631308,TAS
ROSE BAY,147.35813635,-42.85859734,TAS
ROSNY PARK,147.36763307,-42.86601195,TAS
CRABTREE,147.04896671,-42.93288427,TAS
WELLINGTON PARK,147.14071933,-42.89169396,TAS
DYSART,147.12585417,-42.54204391,TAS
HOLLOW TREE,146.92403853,-42.49502028,TAS
SORELL,147.57807966,-42.77888189,TAS
DODGES FERRY,147.62822419,-42.85530734,TAS
PELHAM,147.01025878,-42.56677413,TAS
BARRETTA,147.26263988,-43.04563667,TAS
UPPER WOODSTOCK,147.07908648,-43.0816949,TAS
ELECTRONA,147.25802033,-43.05326011,TAS
JERICHO,147.28881073,-42.38388765,TAS
FENTONBURY,146.76620929,-42.65372107,TAS
NORTHDOWN,146.4972977,-41.17102304,TAS
RINGAROOMA,147.73482274,-41.26231675,TAS
TOMAHAWK,147.78207443,-40.90647217,TAS
GROVE,147.10153759,-42.98754943,TAS
STONOR,147.38545299,-42.39488399,TAS
DERBY,147.83065235,-41.16414869,TAS
BROOKS BAY,147.01889283,-43.23553331,TAS
REDPA,144.77825705,-40.96792404,TAS
MYALLA,145.5610033,-40.98870533,TAS
GEILSTON BAY,147.35070423,-42.83077051,TAS
LONG REACH,146.95329446,-41.16750011,TAS
LINDISFARNE,147.36886,-42.84290191,TAS
MOUNT SEYMOUR,147.46296004,-42.39005236,TAS
SOUTH ARM,147.428416,-43.02796208,TAS
HUONVILLE,147.058037,-43.02950742,TAS
GLENDEVIE,146.99542946,-43.2495482,TAS
CONINGHAM,147.28279386,-43.08646568,TAS
LOWER SNUG,147.25133447,-43.08757474,TAS
OPOSSUM BAY,147.40733962,-42.98964374,TAS
GRINDELWALD,147.00524624,-41.35143765,TAS
FOREST,145.23893448,-40.8512292,TAS
KAOOTA,147.16454182,-43.0289308,TAS
TELITA,147.75839717,-41.12744181,TAS
OCEAN VISTA,145.85940522,-41.04427803,TAS
TRANMERE,147.4170123,-42.9217889,TAS
PARATTAH,147.4218594,-42.35901189,TAS
STIEGLITZ,148.30245119,-41.33273468,TAS
PLENTY,146.95765093,-42.75261783,TAS
ROCKY HILLS,148.0043751,-42.21717666,TAS
BELL BAY,146.86575057,-41.12727881,TAS
BAGDAD,147.23228023,-42.60522724,TAS
CAMDALE,145.84651413,-41.04201934,TAS
NEWNHAM,147.11696612,-41.38869576,TAS
PAWTELLA,147.51541087,-42.29521787,TAS
RAVENSWOOD,147.18233219,-41.41612305,TAS
LUNAWANNA,147.24265653,-43.36600327,TAS
WEST TAKONE,145.49942904,-41.15970256,TAS
GLAZIERS BAY,147.02120291,-43.13837393,TAS
NABAGEENA,145.13261555,-40.99608486,TAS
AUSTINS FERRY,147.24883866,-42.7750027,TAS
PORT HUON,146.95789746,-43.15662135,TAS
RISDON,147.32910142,-42.79700829,TAS
PREOLENNA,145.56567876,-41.09168348,TAS
OSTERLEY,146.76283359,-42.32359525,TAS
MONTELLO,145.89618253,-41.05753874,TAS
CHRISTMAS HILLS,144.98240759,-40.96394758,TAS
RAMINEA,146.8857792,-43.28390874,TAS
BARNES BAY,147.36295888,-43.1209759,TAS
CAIRNS BAY,146.95944685,-43.18739987,TAS
SOUTHPORT,146.98469657,-43.41254477,TAS
HUON ISLAND,147.14387551,-43.28990102,TAS
ALLENS RIVULET,147.20141304,-43.0151593,TAS
EMU HEIGHTS,145.92050208,-41.07584979,TAS
DILSTON,147.07657562,-41.32039442,TAS
ARTHURS LAKE,146.94219269,-41.99079272,TAS
CAMBRIDGE,147.44362878,-42.82474712,TAS
LOONGANA,145.92598021,-41.40210183,TAS
PRESTON,146.0632825,-41.30028191,TAS
WEST MOOREVILLE,145.83365594,-41.09678235,TAS
UPPER STOWPORT,145.89556353,-41.15844045,TAS
FLOWERY GULLY,146.81491144,-41.2463045,TAS
GLENFERN,146.98994005,-42.80436679,TAS
MAGRA,147.07660861,-42.7347408,TAS
EDITH CREEK,145.06685708,-40.9587613,TAS
OLDINA,145.67512532,-41.06024811,TAS
LIFFEY,146.81446953,-41.68744121,TAS
TURNERS MARSH,147.12138179,-41.29680197,TAS
KIMBERLEY,146.47296259,-41.42146229,TAS
ROSEGARLAND,146.94952585,-42.70870511,TAS
WESLEY VALE,146.44216646,-41.18992544,TAS
GOSHEN,148.11608237,-41.26502614,TAS
RICHMOND,147.41430533,-42.73800003,TAS
YOLLA,145.70809143,-41.13042301,TAS
RAILTON,146.40482082,-41.33046454,TAS
HAMPSHIRE,145.74715719,-41.30281726,TAS
MERSEYLEA,146.4798109,-41.36168339,TAS
SIMPSONS BAY,147.29317581,-43.27965439,TAS
SOUTH SPRINGFIELD,147.52557812,-41.27328411,TAS
LENAH VALLEY,147.2742151,-42.87103347,TAS
SOUTH RIANA,145.97127055,-41.25201622,TAS
EUGENANA,146.30879377,-41.2322756,TAS
SURVEYORS BAY,147.06562295,-43.27766395,TAS
PREMAYDENA,147.75867252,-43.05783903,TAS
LEVENDALE,147.56942506,-42.53705597,TAS
CYGNET,147.08943619,-43.13355572,TAS
HEYBRIDGE,145.97719913,-41.08429534,TAS
LULWORTH,147.08290583,-41.00327668,TAS
CASTLE FORBES BAY,146.94471592,-43.1125871,TAS
MOUNT RUMNEY,147.44312377,-42.8560935,TAS
LAUDERDALE,147.48723521,-42.91010111,TAS
REEDY MARSH,146.72259678,-41.44607297,TAS
OUSE,146.68229521,-42.43857821,TAS
LUCASTON,147.03231692,-42.96326946,TAS
YORK PLAINS,147.52461453,-42.25778364,TAS
ROCHERLEA,147.16415094,-41.37356589,TAS
PETCHEYS BAY,147.01600879,-43.18562221,TAS
GRAY,148.2214733,-41.63995839,TAS
DERWENT PARK,147.29842441,-42.83376793,TAS
KELLEVIE,147.79435864,-42.76252281,TAS
ORIELTON,147.52716179,-42.71777194,TAS
LOYETEA,145.909282,-41.31460853,TAS
FORTHSIDE,146.27076762,-41.22741917,TAS
LEWISHAM,147.61332362,-42.82848887,TAS
MONTROSE,147.24948169,-42.83003259,TAS
SEA ELEPHANT,144.06557641,-39.82812306,TAS
STONEHENGE,147.64316319,-42.40934546,TAS
LAUNCESTON,147.14409281,-41.43320531,TAS
STONY RISE,146.32962139,-41.19617565,TAS
TOLMANS HILL,147.30499887,-42.91222425,TAS
CLUAN,146.83101125,-41.60939418,TAS
CARLTON RIVER,147.70893907,-42.86050719,TAS
MOOREVILLE,145.86900368,-41.10162652,TAS
MELLA,145.03860693,-40.84951584,TAS
GUNNS PLAINS,146.01728143,-41.28768434,TAS
EXTON,146.74199941,-41.51368031,TAS
FLORENTINE,146.47527009,-42.58391177,TAS
DENNES POINT,147.3479014,-43.07491528,TAS
WATERLOO,146.96806593,-43.21024603,TAS
FORCETT,147.66647468,-42.80957973,TAS
MOUNT HICKS,145.73164857,-41.07085587,TAS
WILBURVILLE,146.89608879,-42.04597995,TAS
MEMANA,148.09376535,-39.96267819,TAS
GOULDS COUNTRY,148.0621649,-41.18959937,TAS
MORASS BAY,146.94308022,-42.02367263,TAS
MELROSE,146.29782538,-41.25170815,TAS
RANGA,148.11822732,-40.16278479,TAS
SISTERS BEACH,145.57115075,-40.92345761,TAS
BEACONSFIELD,146.77795025,-41.20161878,TAS
MIANDETTA,146.35333321,-41.1955732,TAS
SOUTH FOREST,145.24703597,-40.8910689,TAS
CHARLOTTE COVE,147.14683913,-43.26918184,TAS
ELDERSLIE,147.07395656,-42.59678665,TAS
NICHOLLS RIVULET,147.15022487,-43.13752093,TAS
POLICE POINT,147.03946797,-43.25342021,TAS
LYMINGTON,147.05571021,-43.19614621,TAS
SUNNYSIDE,146.44966298,-41.38074045,TAS
STEPPES,146.90770659,-42.09637195,TAS
SOMERSET,145.80080755,-41.05529437,TAS
ST MARYS,148.15583223,-41.5869598,TAS
BEAUTY POINT,146.80345091,-41.15987514,TAS
BISHOPSBOURNE,146.99467978,-41.61699534,TAS
BRACKNELL,146.92913386,-41.6561003,TAS
TARGA,147.39604955,-41.31572665,TAS
BARRINGTON,146.27881972,-41.33222376,TAS
OONAH,145.61177948,-41.23368848,TAS
LOTTAH,148.01512655,-41.22331766,TAS
SWAN BAY,147.01600483,-41.2935219,TAS
MOUNT STUART,147.30231959,-42.87215246,TAS
ANTILL PONDS,147.40365682,-42.21969802,TAS
QUEENS DOMAIN,147.3266691,-42.86626966,TAS
NUGENT,147.70282883,-42.71683683,TAS
KILLORA,147.32345746,-43.09446568,TAS
ROCHES BEACH,147.49608413,-42.88620865,TAS
SEVEN MILE BEACH,147.54266255,-42.84072931,TAS
KELSO,146.77477568,-41.10270905,TAS
LOWER WATTLE GROVE,147.01501791,-43.15258144,TAS
WATTLE GROVE,147.01398511,-43.16972679,TAS
GOODWOOD,147.29341686,-42.82683313,TAS
SHEFFIELD,146.33269449,-41.38600484,TAS
DOWSING POINT,147.2983479,-42.82166339,TAS
NATONE,145.93016176,-41.16918161,TAS
BROADMEADOWS,145.07893107,-40.86492712,TAS
NOOK,146.33230636,-41.33248958,TAS
ACTON PARK,147.47874463,-42.87105536,TAS
SHEARWATER,146.53158949,-41.15750739,TAS
MOWBRAY,147.15050658,-41.4025969,TAS
LOWER LONGLEY,147.15493579,-42.9722,TAS
ALBERTON,147.79369024,-41.3126445,TAS
ALONNAH,147.26556999,-43.31279571,TAS
FINGAL,147.94064852,-41.66028421,TAS
SOUTH BURNIE,145.91385418,-41.06642303,TAS
WIVENHOE,145.93050954,-41.07231526,TAS
NORTH SCOTTSDALE,147.57061736,-41.09758703,TAS
CONNELLYS MARSH,147.72437969,-42.88684916,TAS
STORMLEA,147.77719838,-43.18537984,TAS
TUNBRIDGE,147.38360904,-42.12376156,TAS
RANELAGH,147.00525058,-42.99834439,TAS
DEVIOT,146.91943195,-41.23987837,TAS
MONTUMANA,145.47325393,-40.94966573,TAS
ROSEVALE,146.9267257,-41.42296897,TAS
TRENAH,147.67487951,-41.32543569,TAS
ST HELENS,148.20025944,-41.32626806,TAS
HASTINGS,146.88796867,-43.40005921,TAS
CLIFTON BEACH,147.53124229,-42.98826395,TAS
ULVERSTONE,146.1872059,-41.1701937,TAS
COLES BAY,148.24977211,-42.06975565,TAS
RANDALLS BAY,147.12837562,-43.23769259,TAS
NORTH BRUNY,147.36489481,-43.15724725,TAS
MEANDER,146.59166688,-41.67358127,TAS
APOLLO BAY,147.29031583,-43.16470147,TAS
PALOONA,146.26727317,-41.26480262,TAS
ROSETTA,147.24892701,-42.82178679,TAS
EAST RIDGLEY,145.85711992,-41.15721634,TAS
WOOLNORTH,144.76591459,-40.76166913,TAS
WESTERN JUNCTION,147.21150498,-41.55245572,TAS
LEITH,146.26379973,-41.16680055,TAS
BLESSINGTON,147.43085634,-41.49252389,TAS
WESTWOOD,146.996578,-41.47787676,TAS
YORK TOWN,146.72492319,-41.15613764,TAS
FORTESCUE,147.92905496,-43.10615212,TAS
SNUG,147.20959431,-43.07770218,TAS
BEECHFORD,146.94125701,-41.03988612,TAS
STRATHBLANE,146.95374875,-43.36153221,TAS
LATROBE,146.41560868,-41.2512685,TAS
TRIAL HARBOUR,145.18827077,-41.91909845,TAS
LEGANA,147.04397408,-41.37277614,TAS
BUCKLAND,147.75842315,-42.54102717,TAS
BUNGAREE,143.93574462,-39.78894425,TAS
MONTANA,146.58868278,-41.59346959,TAS
WEST LAUNCESTON,147.12636665,-41.45359802,TAS
PORT ARTHUR,147.83553271,-43.1464113,TAS
PUNCHBOWL,147.16470513,-41.45755528,TAS
TRAVELLERS REST,147.09173695,-41.49648922,TAS
BLACK HILLS,147.02324191,-42.69758889,TAS
TUNNEL,147.18205192,-41.192989,TAS
PENGUIN,146.05499169,-41.1380447,TAS
NORWOOD,147.18059806,-41.45941211,TAS
SOUTH HOBART,147.28565168,-42.89787535,TAS
TARLETON,146.37241129,-41.24136564,TAS
WEST COAST,145.26808036,-41.55593908,TAS
SWANSTON,147.74717632,-42.33977924,TAS
STRICKLAND,146.66371916,-42.35559562,TAS
BLACKWALL,146.96647693,-41.30168455,TAS
GRETNA,146.93984238,-42.63271447,TAS
WOODBURY,147.40352243,-42.18800725,TAS
CHIGWELL,147.23389462,-42.80748642,TAS
GRAVELLY BEACH,146.96329491,-41.2826603,TAS
PARKHAM,146.63078933,-41.38184937,TAS
WEEGENA,146.47110893,-41.48165646,TAS
WEST ULVERSTONE,146.11970394,-41.14894105,TAS
PIPERS RIVER,147.07736069,-41.12136249,TAS
BOOMER BAY,147.83389323,-42.85451949,TAS
OLD BEACH,147.29706769,-42.76107115,TAS
HARFORD,146.6094903,-41.24607448,TAS
UPPER NATONE,145.88065064,-41.23622058,TAS
LESLIE VALE,147.22951525,-42.97433228,TAS
TOGARI,144.86747912,-41.01371339,TAS
ACTON,145.89166333,-41.07165546,TAS
BATTERY POINT,147.33327215,-42.88988096,TAS
WYNYARD,145.71903313,-41.00943919,TAS
GRANVILLE HARBOUR,145.0647065,-41.80386206,TAS
DELORAINE,146.6548748,-41.53262239,TAS
TUGRAH,146.30979386,-41.20653286,TAS
EGGS AND BACON BAY,147.10161655,-43.24587234,TAS
HAVENVIEW,145.91064843,-41.08674571,TAS
RIVERSIDE,147.04842848,-41.42295555,TAS
ROMAINE,145.89435063,-41.09763535,TAS
IDA BAY,146.93963492,-43.45106687,TAS
HUNTINGFIELD,147.29570982,-43.00157335,TAS
SANDFLY,147.17647723,-42.99722319,TAS
ROSEBERY,145.52973804,-41.79374511,TAS
THIRLSTANE,146.53565934,-41.20817826,TAS
PATERSONIA,147.31046425,-41.31701809,TAS
BLUE ROCKS,147.95072426,-40.0407039,TAS
LOORANA,143.92984358,-39.86119764,TAS
BRITTONS SWAMP,144.95656306,-40.93930464,TAS
EXETER,146.93410595,-41.30450271,TAS
PONTYPOOL,147.96153096,-42.3269782,TAS
LILEAH,145.21858698,-41.00507501,TAS
SOUTH BRUNY,147.26138052,-43.4128419,TAS
AKAROA,148.33405572,-41.29289212,TAS
BREAM CREEK,147.86001106,-42.76492046,TAS
RED HILLS,146.58241879,-41.52900433,TAS
JETSONVILLE,147.4544684,-41.10229319,TAS
EAST LAUNCESTON,147.15010085,-41.43897187,TAS
MEADOWBANK,146.8267148,-42.63247314,TAS
FREYCINET,148.30323275,-42.20498194,TAS
ERRIBA,146.11621186,-41.44238382,TAS
FRANKLIN,146.98346916,-43.08251125,TAS
OAKDOWNS,147.45599933,-42.90162188,TAS
QUOIBA,146.33486068,-41.2092865,TAS
WEST HOBART,147.30448432,-42.88374702,TAS
NATIONAL PARK,146.72113335,-42.70780205,TAS
MOLE CREEK,146.36283918,-41.55610227,TAS
WILMOT,146.16617423,-41.38836581,TAS
MONTAGU,144.96216915,-40.80948371,TAS
MOUNT FIELD,146.58515878,-42.66579435,TAS
ELLENDALE,146.6884626,-42.5982117,TAS
KINGS MEADOWS,147.16135211,-41.47052131,TAS
FORESTER,147.68046439,-41.05354554,TAS
PROSPECT,147.14245914,-41.48437172,TAS
PALANA,147.91740229,-39.76345898,TAS
LIETINNA,147.44997868,-41.15501942,TAS
MOINA,146.09005609,-41.50723953,TAS
MURDUNNA,147.90957559,-42.94364206,TAS
TRIABUNNA,147.92871274,-42.46610943,TAS
DOUGLAS RIVER,148.25481611,-41.79400477,TAS
ROSS,147.51081607,-42.08173568,TAS
RIANA,145.99212523,-41.20604603,TAS
PENNA,147.50059313,-42.76739451,TAS
WICKHAM,143.97828353,-39.61556031,TAS
CAPE BARREN ISLAND,148.24113915,-40.39666456,TAS
RECHERCHE,146.86533313,-43.5338619,TAS
BICHENO,148.25279555,-41.90110372,TAS
KAROOLA,147.14196378,-41.24420013,TAS
SAVAGE RIVER,145.22587822,-41.47994917,TAS
DROMEDARY,147.14576565,-42.72644405,TAS
NILE,147.39317636,-41.68339085,TAS
EGG LAGOON,144.01731464,-39.66031069,TAS
CRANBROOK,148.0821377,-41.96548388,TAS
TARANNA,147.86612374,-43.06115908,TAS
BINALONG BAY,148.27996239,-41.24935788,TAS
COUTA ROCKS,144.71382856,-41.17751903,TAS
LITTLE PINE LAGOON,146.58855947,-41.98129846,TAS
WOODSTOCK,147.04107089,-43.07655419,TAS
GOLDEN VALLEY,146.73369166,-41.64021467,TAS
CRADOC,147.03930135,-43.11049609,TAS
VERONA SANDS,147.15981055,-43.27322256,TAS
ROWELLA,146.8961501,-41.17043782,TAS
LAKE LEAKE,147.84884951,-42.02070207,TAS
BADGER HEAD,146.71533535,-41.11563605,TAS
LONGLEY,147.18502381,-42.970976,TAS
MAYDENA,146.55751543,-42.75587496,TAS
MARGATE,147.23517949,-43.02975877,TAS
ELIZABETH TOWN,146.5624001,-41.42819857,TAS
HONEYWOOD,147.2814793,-42.72624998,TAS
NEW TOWN,147.30878451,-42.856191,TAS
THE GARDENS,148.24311759,-41.1620169,TAS
OSMASTON,146.76573389,-41.56716703,TAS
HOBART,147.32719969,-42.88212485,TAS
WEST PINE,145.99557206,-41.15042273,TAS
WATERHOUSE,147.64001848,-40.94065495,TAS
WELDBOROUGH,147.94294331,-41.20254611,TAS
TROWUTTA,145.10445751,-41.06057891,TAS
RHEBAN,147.89591016,-42.66488005,TAS
SWANSEA,148.0136839,-42.10088968,TAS
ORFORD,147.86426976,-42.56347298,TAS
BELLINGHAM,147.18031856,-41.01991188,TAS
TULLAH,145.61390638,-41.7368738,TAS
HENRIETTA,145.67951747,-41.17692399,TAS
MYRTLE BANK,147.36266464,-41.2782919,TAS
EAGLEHAWK NECK,147.91364861,-43.00464427,TAS
STANLEY,145.27449073,-40.75934392,TAS
BOAT HARBOUR,145.62445103,-40.94642132,TAS
DEVON HILLS,147.1834093,-41.55013951,TAS
LYMWOOD,143.99639516,-40.02977932,TAS
PRIMROSE SANDS,147.6663065,-42.88653959,TAS
TINDERBOX,147.32237874,-43.04218119,TAS
LACHLAN,147.04460377,-42.83848393,TAS
SOUTHWEST,146.05242186,-42.81667574,TAS
LITTLE SWANPORT,147.95144237,-42.32028186,TAS
FERN TREE,147.26404919,-42.93270084,TAS
QUAMBY BROOK,146.7220147,-41.59066293,TAS
LUGHRATA,147.92299912,-39.94398099,TAS
BANCA,147.8217931,-41.00442568,TAS
ELLIOTT,145.77561312,-41.10447496,TAS
CAPE BARREN ISLAND,147.99100507,-40.40198708,TAS
CAPE BARREN COMMUNITY,148.02600507,-40.37598708,TAS
CLARKE ISLAND,148.12525403,-40.51338609,TAS
LADY BARRON,148.24071005,-40.2101131,TAS
BEAUCHAMP,143.62503359,-35.62573262,VIC
TOOLONDO,141.8916118,-37.02080674,VIC
KALPIENUNG,143.26329096,-35.83748989,VIC
YANDOIT,144.10512232,-37.20232086,VIC
ST ARNAUD NORTH,143.16626015,-36.59168244,VIC
GERANG GERUNG,141.87883178,-36.38153561,VIC
YAAPEET,142.08383399,-35.67893894,VIC
STONY CREEK,143.68713812,-37.22655828,VIC
BOLINDA,144.77695923,-37.43811501,VIC
WARNE,143.11436659,-35.78455236,VIC
MORTON PLAINS,142.9047676,-36.07792499,VIC
CHIRRIP,143.12803303,-36.16804152,VIC
CHINANGIN,143.18318099,-35.52357118,VIC
KENMARE,142.2047962,-35.93439403,VIC
GLADFIELD,143.95469233,-36.05870347,VIC
DUNACH,143.73464228,-37.22062687,VIC
LORQUON,141.7723579,-36.14625015,VIC
DOCTORS FLAT,147.73821887,-37.30083734,VIC
SHEEP HILLS,142.54431671,-36.34314635,VIC
PERONNE,141.37220139,-36.66067451,VIC
ULTIMA,143.27936675,-35.48169816,VIC
BOGONG,147.21992234,-36.79923723,VIC
TANDARRA,144.21165508,-36.43326127,VIC
REEDY LAKE,143.87577427,-35.66383806,VIC
TRESCO WEST,143.63236671,-35.50855212,VIC
KALKEE,142.22261985,-36.55012726,VIC
DELATITE,146.16083905,-37.12958637,VIC
CALIVIL,144.08417798,-36.25307855,VIC
MIRALIE,143.32303018,-35.12788993,VIC
CORACK EAST,143.05817291,-36.1529637,VIC
LAH,142.42345351,-36.12857453,VIC
GIL GIL,143.04093293,-36.32165221,VIC
MININERA,142.95021122,-37.60446411,VIC
MOUNT COLE CREEK,143.12431492,-37.21998884,VIC
YARRAWONGA SOUTH,146.0261909,-36.0844386,VIC
SEA LAKE,142.89444739,-35.49658513,VIC
CRYMELON,142.23652041,-36.15191023,VIC
SUTTON,142.97358988,-35.73285202,VIC
JIL JIL,142.97617529,-35.82187516,VIC
ANGLERS REST,147.46747654,-37.01632044,VIC
JEFFCOTT NORTH,143.06805316,-36.2628361,VIC
YANDOIT HILLS,144.05162426,-37.21242653,VIC
NULLAWIL,143.14066747,-35.85774244,VIC
NOWHERE CREEK,143.29263675,-37.12521678,VIC
GRASS FLAT,141.82739605,-36.65486819,VIC
BAMAWM,144.62869475,-36.26122665,VIC
CARALULUP,143.64927444,-37.20416345,VIC
CAMPBELLTOWN,143.95232039,-37.2081729,VIC
BULGANA,142.99483018,-37.12973436,VIC
TATYOON,142.99409825,-37.50811909,VIC
WATCHUPGA,142.68992692,-35.76940954,VIC
BIMBOURIE,142.75978094,-35.34033348,VIC
KARYRIE,142.85014022,-35.92606703,VIC
GOLDEN POINT,143.76121245,-37.09060571,VIC
LILLIPUT,146.4551379,-36.13032568,VIC
WAAIA,145.31116488,-36.04440588,VIC
NYAH WEST,143.33577475,-35.18351434,VIC
PYRAMID HILL,144.13201443,-36.04938833,VIC
MURRINDAL,148.21199589,-37.41616459,VIC
ENSAY NORTH,147.8571162,-37.30064755,VIC
GOOROC,143.20756925,-36.46741659,VIC
NORMANVILLE,143.73222984,-35.80000636,VIC
STRATEN,142.57636078,-35.37973579,VIC
WALLALOO,142.87644232,-36.74713868,VIC
MOUNT GLASGOW,143.75861891,-37.20433757,VIC
MARNOO EAST,142.9564017,-36.65689065,VIC
BUTCHERS RIDGE,148.25703539,-37.26239754,VIC
BOOMAHNOOMOONAH,146.0991238,-36.12412358,VIC
BULLUMWAAL,147.58441669,-37.64308499,VIC
APPIN SOUTH,143.86429387,-35.93068879,VIC
WOODSIDE NORTH,146.82210321,-38.41989009,VIC
KINNABULLA,142.71793016,-35.89832064,VIC
MYRRHEE,146.30624754,-36.74787809,VIC
POLISBET,143.14877763,-35.27503075,VIC
MOYSTON,142.73729749,-37.29093147,VIC
KOOLOONONG,143.11962719,-34.85785282,VIC
NYARRIN,142.67077365,-35.38650811,VIC
REEDY DAM,142.64531013,-35.95793876,VIC
ROSEBERY,142.42147909,-35.83346203,VIC
GRANYA,147.3062484,-36.09632814,VIC
BUNGEET WEST,146.00063282,-36.34007157,VIC
KARNAK,141.49921295,-36.83836718,VIC
ST JAMES,145.8876757,-36.25742685,VIC
KOTTA,144.52472381,-36.19158715,VIC
GRANITE FLAT,143.13163843,-36.21410787,VIC
BROOKVILLE,147.65561583,-37.35134323,VIC
LAWLER,142.75568534,-36.36389989,VIC
SAWMILL SETTLEMENT,146.36627496,-37.12193926,VIC
LIMA EAST,145.96506823,-36.81216356,VIC
COPE COPE,143.07245584,-36.46589924,VIC
HAVILAH,146.8942116,-36.62004501,VIC
SPEED,142.43096788,-35.40987964,VIC
LAEN EAST,142.90225838,-36.39814142,VIC
MARLBED,142.85770585,-35.81510952,VIC
PINE VIEW,143.66480123,-35.80864282,VIC
BOLTON,142.93321406,-34.96252237,VIC
MEATIAN,143.35540364,-35.57202728,VIC
WALLAGARAUGH,149.741749,-37.43391073,VIC
SWANWATER WEST,143.01904957,-36.5182192,VIC
WARMUR,142.75496308,-36.08627456,VIC
AREEGRA,142.67626804,-36.24601959,VIC
SOUTH GEELONG,144.36122088,-38.1667446,VIC
CALLAWADDA,142.79404106,-36.82283592,VIC
GATEWAY ISLAND,146.89610768,-36.09657044,VIC
STREATHAM,143.08243075,-37.64480055,VIC
ST KILDA WEST,144.97121338,-37.85805273,VIC
MACKS CREEK,146.62195164,-38.46447993,VIC
BRADVALE,143.37091159,-37.78872994,VIC
TABBERABBERA,147.371041,-37.55651487,VIC
BLACK ROCK,145.02165139,-37.97112493,VIC
MCMAHONS CREEK,145.85009685,-37.70020337,VIC
BONEGILLA,146.99217055,-36.13643577,VIC
COLDSTREAM,145.40873044,-37.70368949,VIC
DRUNG,142.3283274,-36.76557967,VIC
CARAMUT,142.52190568,-37.95227646,VIC
YARRAWONGA,146.0017898,-36.03704952,VIC
ABBEYARD,146.7640703,-37.02131257,VIC
EDI UPPER,146.52161694,-36.75185902,VIC
LAVERTON,144.76749332,-37.85917612,VIC
KILLAWARRA,146.2082701,-36.24796084,VIC
MOUNT ALFRED,147.63130807,-36.00066076,VIC
CHELTENHAM,145.06031317,-37.96356461,VIC
SHOREHAM,145.03275121,-38.42177505,VIC
EBDEN,147.03593256,-36.16542859,VIC
BUNDALONG,146.1292975,-36.05833604,VIC
FOXHOW,143.47753211,-38.05367521,VIC
BUDGERUM EAST,143.65185022,-35.77018233,VIC
YIELIMA,145.18644475,-35.90291771,VIC
YALCA,145.28421443,-35.92809479,VIC
CABBAGE TREE CREEK,148.71271298,-37.65527191,VIC
RIPPLEBROOK,145.76425777,-38.19880552,VIC
GNARWARRE,144.14302571,-38.15686974,VIC
LOWER NORTON,142.07965648,-36.81228761,VIC
GRAYTOWN,144.94189953,-36.82654467,VIC
NANGANA,145.53595815,-37.87759472,VIC
RIVERSIDE,142.24688029,-36.72109391,VIC
BEARII,145.34526009,-35.88571891,VIC
WHOROULY SOUTH,146.59665455,-36.59366113,VIC
CASTLEMAINE,144.21850679,-37.05812236,VIC
CHURCHILL,146.42325711,-38.31632494,VIC
REEFTON,145.91481976,-37.6708428,VIC
GREAT WESTERN,142.88193619,-37.1666986,VIC
LOY YANG,146.57665166,-38.25135823,VIC
BARFOLD,144.50387932,-37.10261129,VIC
DOCKERS PLAINS,146.33614962,-36.2853911,VIC
CALULU,147.51003645,-37.78161576,VIC
RAYMOND ISLAND,147.74781615,-37.92072468,VIC
HAVEN,142.19207288,-36.75942904,VIC
PATYAH,141.27053362,-36.90743999,VIC
BENAMBRA,147.80682301,-36.8846686,VIC
JERUK,143.42607741,-36.01383274,VIC
HORFIELD,144.21344467,-35.89166187,VIC
HUMEVALE,145.18560226,-37.50197185,VIC
EAGLEMONT,145.06374717,-37.76370446,VIC
BEVERIDGE,144.97191534,-37.47615486,VIC
BRUNSWICK,144.96128808,-37.76637246,VIC
GLADSTONE PARK,144.89370214,-37.68999428,VIC
WEST MELBOURNE,144.92536471,-37.80913678,VIC
DANDENONG NORTH,145.21407603,-37.95583742,VIC
ARDEER,144.80152979,-37.77620112,VIC
OAK PARK,144.91699469,-37.71749375,VIC
LALOR,145.00747564,-37.6658354,VIC
MONT ALBERT NORTH,145.11080914,-37.80330984,VIC
KALKALLO,144.96035666,-37.52591467,VIC
FAWCETT,145.71824666,-37.09746149,VIC
WOODFIELD,145.79030737,-37.05679341,VIC
LYSTERFIELD,145.30083275,-37.93532252,VIC
LYSTERFIELD SOUTH,145.26696579,-37.95248162,VIC
THOMASTOWN,145.00815203,-37.68377986,VIC
BULDAH,149.11925794,-37.24440764,VIC
PERCYDALE,143.38913878,-37.07874194,VIC
GREENHILL,144.44397346,-37.17206339,VIC
ROBINVALE,142.75404881,-34.61904099,VIC
ASPENDALE,145.10255368,-38.02193539,VIC
KEW,145.03320088,-37.80341447,VIC
TRAWOOL,145.23787185,-37.1223822,VIC
SUNSHINE,144.8343417,-37.7892906,VIC
FOOTSCRAY,144.89719898,-37.79813977,VIC
KINGLAKE WEST,145.25015017,-37.47866593,VIC
SUNSHINE NORTH,144.83641761,-37.76396716,VIC
HEIDELBERG,145.06991161,-37.75250608,VIC
MALVERN EAST,145.06540291,-37.8766211,VIC
DANDENONG,145.21197101,-37.98515231,VIC
IVANHOE,145.04369306,-37.76782855,VIC
BONANG,148.64804695,-37.16697321,VIC
MURRAY-SUNSET,141.47590733,-34.70940724,VIC
MAFFRA,146.99384234,-37.95759523,VIC
CARBOOR,146.54739819,-36.65408456,VIC
MILAWA,146.44130547,-36.45562986,VIC
HAVELOCK,143.78518102,-36.9673911,VIC
BAILIESTON,145.08090775,-36.74949797,VIC
ESKDALE,147.22802819,-36.50411902,VIC
KIEWA,147.0065587,-36.2726029,VIC
LACEBY,146.29736803,-36.45436879,VIC
JARKLIN,143.95797185,-36.25319996,VIC
FLINDERS,144.97840607,-38.45879756,VIC
COHUNA,144.24293744,-35.77605174,VIC
LOCKSLEY,145.3189193,-36.84210777,VIC
ARCHDALE JUNCTION,143.51490717,-36.88552958,VIC
LITTLE RIVER,144.46680273,-37.9319736,VIC
BEECH FOREST,143.5925897,-38.63470679,VIC
TANTARABOO,144.82374069,-37.23760001,VIC
ALBION,144.81628133,-37.77650896,VIC
ABBOTSFORD,144.99970654,-37.80435387,VIC
BULLEEN,145.08696722,-37.76864666,VIC
KEILOR EAST,144.85682364,-37.73877493,VIC
HEIDELBERG WEST,145.04351165,-37.73815197,VIC
DONCASTER,145.12408527,-37.78478379,VIC
TOORA NORTH,146.3370449,-38.60169226,VIC
LONGFORD,147.0923163,-38.21706146,VIC
LITTLE DESERT,141.7612331,-36.50257146,VIC
WHEELERS HILL,145.1870082,-37.90752269,VIC
WAHGUNYAH,146.42126045,-36.00463913,VIC
TORQUAY,144.32254729,-38.30812182,VIC
BARANDUDA,146.95731662,-36.18266847,VIC
PENTAL ISLAND,143.69109855,-35.40339809,VIC
OVENS,146.78443371,-36.60435296,VIC
DRIK DRIK,141.26443725,-38.01107346,VIC
LUBECK,142.5335718,-36.73974651,VIC
COTSWOLD,143.89426482,-37.14461096,VIC
GOLDIE,144.80237552,-37.25667305,VIC
HARKNESS,144.54720953,-37.65378224,VIC
EVERTON,146.554082,-36.43910984,VIC
ROSE RIVER,146.58235219,-36.90836012,VIC
WILLUNG,146.83830413,-38.2686307,VIC
CAIRNLEA,144.78786493,-37.75946086,VIC
DUTSON DOWNS,147.31939312,-38.20328066,VIC
DANDONGADALE,146.70401462,-36.83957184,VIC
WOODSTOCK,145.05533053,-37.54552352,VIC
TEMPLESTOWE LOWER,145.11219829,-37.76383171,VIC
DERRINAL,144.60927129,-36.89400009,VIC
WULGULMERANG EAST,148.30965352,-37.10331907,VIC
NARRE WARREN,145.30593639,-38.01908021,VIC
GREENSBOROUGH,145.10712373,-37.69890514,VIC
KANGAROO FLAT,144.24184055,-36.80668512,VIC
TONIMBUK,145.71339477,-38.01505553,VIC
TALLANGATTA,147.18609633,-36.23146486,VIC
DOOBOOBETIC,143.20100599,-36.37876836,VIC
DEDDICK VALLEY,148.47258214,-37.05832102,VIC
MAUDE,144.18831234,-37.9466065,VIC
WERRIBEE SOUTH,144.69702735,-37.93831414,VIC
PRINCES HILL,144.96659162,-37.78180688,VIC
WARRANWOOD,145.24978167,-37.77261721,VIC
WATSONIA,145.08356765,-37.71050943,VIC
WILLOWMAVIN,144.86722409,-37.2485535,VIC
JACANA,144.91008862,-37.68752126,VIC
MIA MIA,144.60799324,-36.9900384,VIC
GRE GRE NORTH,143.06571503,-36.60439414,VIC
BEALIBA,143.56396699,-36.76740981,VIC
MERBEIN,142.04750971,-34.16132067,VIC
RYANS,147.47445059,-37.55195075,VIC
POMONAL,142.61844398,-37.23301903,VIC
UPPER FERNTREE GULLY,145.30926587,-37.89808617,VIC
KALIMNA WEST,147.9398643,-37.81528034,VIC
WATERHOLES,147.6932836,-37.64794835,VIC
CLAYTON,145.13043131,-37.91816786,VIC
STRATHMORE HEIGHTS,144.89693501,-37.71336721,VIC
COIMADAI,144.48664454,-37.5909856,VIC
KANAGULK,141.83583859,-37.11131747,VIC
BARWON HEADS,144.48810327,-38.27481273,VIC
ENOCHS POINT,146.1186231,-37.41853429,VIC
DENISON,146.86319678,-38.03221819,VIC
MALLACOOTA,149.79889222,-37.50980863,VIC
BILLABONG,146.82798541,-37.25887011,VIC
COBURG,144.96430352,-37.74485608,VIC
MOUNT ELIZA,145.09271611,-38.19501962,VIC
TOORA,146.31545548,-38.65426911,VIC
BARINGHUP,143.97575254,-36.97219629,VIC
GUNYAH,146.29154322,-38.54023001,VIC
ARBUCKLE,146.82916415,-37.36901349,VIC
MANNS BEACH,146.79399248,-38.66371937,VIC
GOORNONG,144.4985323,-36.61496723,VIC
MOUNT BUFFALO,146.78406278,-36.73131651,VIC
TIMBARRA,147.93333763,-37.49118998,VIC
ADA,145.85186823,-37.84220581,VIC
MOROKA,146.93882909,-37.48990591,VIC
AIRE VALLEY,143.56599093,-38.69226047,VIC
SARGOOD,146.73896416,-37.58634625,VIC
STEELS CREEK,145.38122632,-37.57966198,VIC
KINGLAKE,145.35685938,-37.51079184,VIC
YARRA GLEN,145.38153622,-37.64678748,VIC
TALLAROOK,145.13075913,-37.12815126,VIC
GUNBOWER,144.35494364,-35.94941544,VIC
ESSENDON,144.91092982,-37.74979298,VIC
CHRISTMAS HILLS,145.31414241,-37.65785653,VIC
MITCHAM,145.19900832,-37.81816277,VIC
DONVALE,145.19131206,-37.78978669,VIC
MOONEE PONDS,144.92143477,-37.76561153,VIC
MACLEOD,145.07046973,-37.72119999,VIC
KINGLAKE CENTRAL,145.32036741,-37.47031942,VIC
SPOTSWOOD,144.88784458,-37.82960211,VIC
DARLINGTON,143.03023066,-37.98772018,VIC
LANCE CREEK,145.67426239,-38.54811219,VIC
BASALT,144.10348161,-37.30786266,VIC
EVERSLEY,143.17576044,-37.19377148,VIC
BULLA,144.79188883,-37.6343291,VIC
KEILOR,144.82717768,-37.70725566,VIC
MORTLAKE,142.80895735,-38.0576957,VIC
VINIFERA,143.39998021,-35.21157128,VIC
HATTAH,142.33152077,-34.72000562,VIC
LOCKWOOD,144.16934381,-36.81148501,VIC
VERMONT SOUTH,145.1878211,-37.85437097,VIC
TARRA VALLEY,146.56236179,-38.46880414,VIC
PLENTY,145.1123599,-37.66739947,VIC
ESMOND,146.18457357,-36.06390297,VIC
ALTONA,144.81379622,-37.86016815,VIC
GEORGES CREEK,147.25815196,-36.15061165,VIC
GLENGOWER,143.87337119,-37.21445486,VIC
GRANTVILLE,145.54464921,-38.41833039,VIC
SANDY CREEK,147.12186585,-36.36298904,VIC
LANGSBOROUGH,146.67051791,-38.65093956,VIC
SEBASTIAN,144.19793453,-36.59450426,VIC
BUNGALALLY,142.2546569,-36.80624329,VIC
BALLARAT NORTH,143.86645845,-37.53912958,VIC
LANCASTER,145.14255446,-36.31016593,VIC
SHELBOURNE,144.06370015,-36.84706771,VIC
LONGLEA,144.42426247,-36.75994874,VIC
MITCHELL PARK,143.77979922,-37.50690068,VIC
TYENNA,142.57587284,-35.32431789,VIC
LEICHARDT,144.07607014,-36.68721209,VIC
KYABRAM,145.03640401,-36.32707394,VIC
NERRINA,143.89561926,-37.53785005,VIC
JUNORTOUN,144.36424157,-36.77057554,VIC
SULKY,143.8542159,-37.46272829,VIC
BOINKA,141.56649067,-35.15493624,VIC
BIG HILL,144.22959427,-36.83552119,VIC
BOXWOOD,145.8067304,-36.324675,VIC
GERAHMIN,142.79978422,-35.17249319,VIC
ECHUCA VILLAGE,144.82058893,-36.140174,VIC
KOORLONG,142.04590295,-34.31475109,VIC
ZEERUST,145.39680158,-36.27396867,VIC
WEATHERBOARD,143.67245739,-37.4355604,VIC
GONG GONG,143.93732247,-37.54898619,VIC
SAILORS GULLY,144.23235255,-36.70560163,VIC
CRESWICK,143.89124214,-37.4241093,VIC
YELTA,142.00807041,-34.12698803,VIC
ORRVALE,145.44684592,-36.41157261,VIC
BELGRAVE,145.35529755,-37.91238692,VIC
PORT WELSHPOOL,146.48276276,-38.69281466,VIC
NORTH BENDIGO,144.28044117,-36.7374477,VIC
WINNINDOO,146.75426237,-38.07706331,VIC
EMU CREEK,144.34970474,-36.84595732,VIC
DRUMANURE,145.48693246,-36.1692365,VIC
THREE BRIDGES,145.68998083,-37.84817484,VIC
BYRNESIDE,145.16470837,-36.41206204,VIC
MILLOO,144.37701675,-36.35595759,VIC
YABBA SOUTH,145.68158393,-36.28071238,VIC
WILSONS HILL,144.0906778,-36.72897935,VIC
COOMA,145.07123196,-36.41106676,VIC
MCLOUGHLINS BEACH,146.90368362,-38.60532081,VIC
LONG GULLY,144.25821976,-36.74308387,VIC
PINE LODGE,145.54773985,-36.35515353,VIC
RUSHWORTH,144.99877808,-36.58124706,VIC
YACKANDANDAH,146.86800341,-36.33564213,VIC
HIAWATHA,146.44612394,-38.5378889,VIC
WOORINEN NORTH,143.43137422,-35.23972738,VIC
RAVENSWOOD SOUTH,144.21120189,-36.94582091,VIC
CROYDON NORTH,145.2839227,-37.77185052,VIC
LAKE GARDENS,143.81653151,-37.54627111,VIC
CARINA,141.09511644,-35.21415053,VIC
ANNUELLO,142.82666575,-34.86598062,VIC
COOMOORA,144.19761636,-37.33071185,VIC
WEMEN,142.66744222,-34.80416105,VIC
MUSK,144.20032145,-37.36752789,VIC
WALHALLA EAST,146.58078749,-37.93253882,VIC
BUNDARA,147.33976999,-36.97780977,VIC
WABONGA,146.55100378,-37.03325209,VIC
MARTHAVALE,147.50760327,-37.44430924,VIC
KERRISDALE,145.25430226,-37.17379132,VIC
HADFIELD,144.95008145,-37.7101478,VIC
MICKLEHAM,144.90063568,-37.5398145,VIC
PASCOE VALE SOUTH,144.93837141,-37.74312867,VIC
CAPEL SOUND,144.87409422,-38.37223581,VIC
TINAMBA WEST,146.83073778,-37.92469457,VIC
WAIL,142.08672155,-36.52994416,VIC
CHINTIN,144.83189824,-37.39306144,VIC
MITTA MITTA,147.39851606,-36.63001481,VIC
NAREEN,141.53679699,-37.3862232,VIC
MAIDSTONE,144.87414736,-37.78191642,VIC
BUDGEE BUDGEE,147.09564899,-37.54591955,VIC
NELSE,147.36034905,-36.83247097,VIC
LAKE WELLINGTON,147.31747148,-38.09048194,VIC
BURAGWONDUC,146.77064774,-37.49087099,VIC
REYNARD,146.62526886,-37.35593037,VIC
GRAMPIANS,142.32995285,-37.3489627,VIC
HOWITT PLAINS,146.6858926,-37.20629672,VIC
SELWYN,146.99989152,-37.06709847,VIC
EXFORD,144.5430706,-37.73066,VIC
BACCHUS MARSH,144.4462448,-37.67639527,VIC
CLONBINANE,145.15750941,-37.35671378,VIC
TOOLERN VALE,144.58984285,-37.60466302,VIC
MOUNT EMU,143.40049711,-37.60386329,VIC
PATHO,144.41452141,-36.02603736,VIC
IRAAK,142.29380012,-34.42718912,VIC
GAPSTED,146.69918667,-36.50241451,VIC
WEIR VIEWS,144.56834147,-37.72869089,VIC
WILSONS PROMONTORY,146.3682322,-38.95884436,VIC
MINJAH,142.46839134,-38.04980692,VIC
BULLENGAROOK,144.49637616,-37.47620365,VIC
MELBOURNE AIRPORT,144.83802397,-37.67374411,VIC
BUCHAN SOUTH,148.1038708,-37.5646742,VIC
NEWMERELLA,148.45136117,-37.75226967,VIC
ORBOST,148.51474796,-37.65147317,VIC
CARLTON NORTH,144.96853488,-37.78655038,VIC
WORROWING,146.74198184,-37.66887571,VIC
CHAPEL FLAT,143.8946207,-37.47797661,VIC
SNAKE ISLAND,146.50020556,-38.74348695,VIC
ALBACUTYA,141.96618985,-35.73954904,VIC
WRIXON,146.85124482,-37.68350747,VIC
DOOEN,142.23524173,-36.64539828,VIC
CORAL BANK,147.10837304,-36.61913611,VIC
YULECART,141.89356855,-37.75646284,VIC
HEYFIELD,146.77490437,-37.97803991,VIC
COLBINABBIN,144.80045795,-36.60046417,VIC
INVERLOCH,145.72428331,-38.61523618,VIC
MOOROOPNA NORTH,145.31135352,-36.32489798,VIC
CHETWYND,141.37584686,-37.29606531,VIC
SHEPPARTON,145.39781134,-36.37263142,VIC
COOMBOONA,145.29768466,-36.27376351,VIC
MOUTAJUP,142.21674877,-37.67481117,VIC
NELSON,141.10981704,-38.06584774,VIC
HAWTHORN,145.03208102,-37.82479779,VIC
CLAYTON SOUTH,145.12519069,-37.94366077,VIC
WARRANDYTE SOUTH,145.24404518,-37.76022843,VIC
CROOKAYAN,146.62143772,-37.48410034,VIC
TAMBORITHA,146.71011259,-37.43346293,VIC
GILLUM,146.73530742,-37.75353626,VIC
NAP NAP MARRA,146.84589254,-37.5785931,VIC
YORK PLAINS,142.91670029,-36.58742313,VIC
WRATHUNG,146.94923802,-37.59552612,VIC
PORT FRANKLIN,146.26842063,-38.68556899,VIC
HOWES CREEK,146.00494863,-37.14226638,VIC
ALLANS FLAT,146.9367829,-36.29602036,VIC
PEARSONDALE,147.03308267,-38.13684313,VIC
ANAKIE,144.28560707,-37.93560748,VIC
POUND CREEK,145.84539662,-38.61686911,VIC
WHITTLESEA,145.13109367,-37.46564792,VIC
LYAL,144.45660841,-36.92224521,VIC
ARCHERTON,146.20748394,-36.86922629,VIC
DARGO,147.29347211,-37.33431538,VIC
CRAIGIEBURN,144.92737039,-37.58614841,VIC
YANGOURA,146.56775282,-37.82194031,VIC
TOORONGO,146.0868912,-37.77551729,VIC
TOOLOME,147.05344669,-37.61643856,VIC
WONNANGATTA,146.81567666,-37.1382287,VIC
GOWANBRAE,144.89765968,-37.70302938,VIC
YALLAMBIE,145.09336809,-37.72504001,VIC
DOREEN,145.14325667,-37.5970472,VIC
ALPHINGTON,145.03082742,-37.78041948,VIC
DOVETON,145.23848714,-37.98848751,VIC
RESERVOIR,145.00689726,-37.71200115,VIC
TOORAK,145.01751223,-37.84154753,VIC
GHIN GHIN,145.35265768,-37.14251387,VIC
ENDEAVOUR HILLS,145.25627717,-37.97019023,VIC
MOUNT BEAUTY,147.22539623,-36.75129266,VIC
WAHRING,145.25382674,-36.69931207,VIC
KIRWANS BRIDGE,145.14690796,-36.72888897,VIC
NEWLANDS ARM,147.69109369,-37.92821367,VIC
WINLATON,143.75155243,-35.48283253,VIC
MOUNT WALLACE,144.20970448,-37.73032209,VIC
EILDON,145.99810462,-37.38782588,VIC
WULGULMERANG WEST,148.1086161,-37.22493855,VIC
ST HELENS PLAINS,142.43199559,-36.78555978,VIC
NEWPORT,144.88042878,-37.84357543,VIC
TARWIN LOWER,145.91189501,-38.77331867,VIC
KARDELLA,145.87955889,-38.42003546,VIC
RYE,144.81217197,-38.38525422,VIC
ROWVILLE,145.24393896,-37.92434215,VIC
BOX HILL NORTH,145.12957607,-37.8055864,VIC
BALMORAL,141.82560987,-37.22232354,VIC
KEILOR PARK,144.85189704,-37.71909927,VIC
YARRAVILLE,144.88198237,-37.8179304,VIC
LOWER PLENTY,145.11617837,-37.73880676,VIC
MANGALORE,145.16476053,-36.92597644,VIC
MARIBYRNONG,144.88777051,-37.77268092,VIC
TULLAMARINE,144.87228519,-37.70539889,VIC
YARRAMBAT,145.1350317,-37.63744148,VIC
BURNLEY,145.01741904,-37.82960268,VIC
DONNYBROOK,144.99399783,-37.54027701,VIC
BUNDOORA,145.05964233,-37.6985917,VIC
GLENROY,144.92730215,-37.70261904,VIC
BALWYN NORTH,145.08433919,-37.7917458,VIC
SUNSHINE WEST,144.81108236,-37.7980876,VIC
AVONDALE HEIGHTS,144.86261126,-37.7615382,VIC
PASCOE VALE,144.93817594,-37.725006,VIC
NORTHCOTE,145.00056873,-37.7725192,VIC
PORT MELBOURNE,144.92177594,-37.8331904,VIC
CALLIGNEE SOUTH,146.60354797,-38.38047148,VIC
TOWONG,147.97111114,-36.12948539,VIC
BURNSIDE,144.75305329,-37.74920983,VIC
BATESFORD,144.28052545,-38.09258096,VIC
BARJARG,146.00381177,-36.91988511,VIC
LILYDALE,145.36781865,-37.75565129,VIC
ELDORADO,146.55449241,-36.323963,VIC
CONNEWIRRICOO,141.46755662,-37.19435821,VIC
WARRNAMBOOL,142.49821499,-38.3686648,VIC
LEITCHVILLE,144.29122935,-35.91299558,VIC
VIEWBANK,145.09323585,-37.73967245,VIC
BRUNSWICK WEST,144.94284505,-37.76311279,VIC
PARWAN,144.4684664,-37.74279342,VIC
STRATHMORE,144.91695919,-37.73325387,VIC
HOPETOUN PARK,144.50164068,-37.69501699,VIC
REEDY CREEK,145.15399765,-37.25579428,VIC
BROOKFIELD,144.54122932,-37.69937389,VIC
NORTHWOOD,145.10078222,-36.94876462,VIC
CAMPBELLFIELD,144.95950838,-37.66372462,VIC
TOOTGAROOK,144.85017482,-38.37775467,VIC
CLIFTON HILL,144.99766471,-37.79020405,VIC
STRATH CREEK,145.23063096,-37.24751909,VIC
ASHBURTON,145.08018839,-37.86728545,VIC
FAIRFIELD,145.01579543,-37.78460198,VIC
ROMSEY,144.72896935,-37.35258729,VIC
KIALLA,145.41313431,-36.44877206,VIC
KEW EAST,145.05254398,-37.79061393,VIC
WOORNDOO,142.81666383,-37.87945454,VIC
HASTINGS,145.18518908,-38.29723542,VIC
CAPE CONRAN,148.72659605,-37.78988181,VIC
OCEAN GRANGE,147.68937935,-37.99683722,VIC
WANDO VALE,141.49464516,-37.48615546,VIC
BRAYBROOK,144.85484182,-37.7866707,VIC
LONG FOREST,144.50695836,-37.65578936,VIC
PARKINS REEF,144.05424618,-37.01337677,VIC
MYALL,144.00178633,-35.58053676,VIC
HAZELDENE,145.30215181,-37.37775155,VIC
ROBINVALE IRRIGATION DISTRICT SECTION B,142.78703039,-34.61519586,VIC
ROBINVALE IRRIGATION DISTRICT SECTION C,142.72722204,-34.62290508,VIC
ROBINVALE IRRIGATION DISTRICT SECTION D,142.75775557,-34.63831388,VIC
ROBINVALE IRRIGATION DISTRICT SECTION E,142.75837754,-34.66549523,VIC
SMOKEY TOWN,143.92214551,-37.39999723,VIC
MERRIJIG,146.31280957,-37.07808261,VIC
CAMPASPE WEST,144.73521746,-36.1292197,VIC
MOONLIGHT FLAT,144.24646292,-37.06216126,VIC
ROSEBUD WEST,144.87542038,-38.37361698,VIC
REEDY CREEK,147.9477623,-37.40525259,VIC
ASCOT,144.33541514,-36.71223217,VIC
BIG HILL,144.00793445,-38.47819635,VIC
BIG HILL,144.229594,-36.8355209,VIC
SPRINGFIELD,144.82026976,-37.33133799,VIC
ECHUCA EAST,144.76529002,-36.12991244,VIC
KILLARA,141.40001512,-37.75192336,VIC
HAPPY VALLEY,143.59553417,-37.72757296,VIC
GLEN FALLOCH,146.62965181,-37.69371148,VIC
KINYPANIAL,143.79119378,-36.35487273,VIC
PAINSWICK,143.72843658,-36.79647254,VIC
NAGAMBIE,145.21537477,-36.78330631,VIC
HAMPTON,145.00926445,-37.9378673,VIC
CHEWTON,144.26792403,-37.09578311,VIC
WILLANGIE,142.81266004,-35.71592443,VIC
CHESHUNT,146.43820619,-36.84612451,VIC
JILPANGER,141.74620834,-36.90998779,VIC
BIRCHIP WEST,142.81835229,-36.0132428,VIC
WOODSIDE BEACH,146.9753032,-38.54554884,VIC
HOPETOUN,142.35200136,-35.70901633,VIC
WESTBY,143.96828306,-35.63968034,VIC
EASTVILLE,143.954775,-36.88069399,VIC
TYRRELL DOWNS,142.93339072,-35.31347916,VIC
CHEPSTOWE,143.49031104,-37.59684038,VIC
GERMANTOWN,147.07313885,-36.73819579,VIC
LANDSBOROUGH,143.14769697,-37.01593458,VIC
SHAYS FLAT,143.0871442,-37.06681587,VIC
PICOLA WEST,145.05073177,-35.96364065,VIC
CARAPOOEE WEST,143.24427788,-36.70389535,VIC
GOONGERAH,148.70123854,-37.34671787,VIC
RICH AVON,142.90773453,-36.44497496,VIC
BOIGBEAT,142.94988424,-35.56369787,VIC
BINGO MUNJIE,147.56420269,-37.00884942,VIC
WAL WAL,142.62119011,-36.80987473,VIC
WILLENABRINA,142.22540958,-36.05316232,VIC
TOSTAREE,148.19082207,-37.78082907,VIC
SWANPOOL,145.99981984,-36.72702093,VIC
TALBOT,143.69522707,-37.17869498,VIC
CRAIGIE,143.76998926,-37.10942682,VIC
BANGERANG,142.58004381,-36.20385623,VIC
BERRINGAMA,147.66409303,-36.20028737,VIC
NUG NUG,146.72767474,-36.66461874,VIC
THALIA,143.0759287,-36.09928628,VIC
SWIFTS CREEK,147.72321233,-37.25133295,VIC
WOMBELANO,141.58592382,-37.01819102,VIC
DAISY HILL,143.72339869,-37.11153413,VIC
LITCHFIELD,142.83489793,-36.29597801,VIC
BANYAN,142.79468505,-35.61826875,VIC
MONTGOMERY,147.06079626,-38.03738742,VIC
MIRAM,141.37922161,-36.37405772,VIC
BOORHAMAN EAST,146.3307706,-36.16358207,VIC
SAMARIA,146.07741878,-36.80385692,VIC
BANNERTON,142.79758573,-34.73959072,VIC
SPRINGHURST,146.46290708,-36.20752037,VIC
BAYINDEEN,143.18077051,-37.30302314,VIC
CHEROKEE,144.64437169,-37.39569343,VIC
BARWITE,146.21661923,-37.01100453,VIC
TOWAN,143.22336753,-35.14975882,VIC
DONALD,142.98530464,-36.33208823,VIC
CLEAR LAKE,141.89348834,-36.93657981,VIC
NYRRABY,143.22383256,-35.22160222,VIC
NOORINBEE,149.21528631,-37.5154639,VIC
ROCKY POINT,142.85242364,-37.33662892,VIC
ROSSBRIDGE,142.86169826,-37.51868741,VIC
PASTORIA EAST,144.63436571,-37.1776107,VIC
BEAZLEYS BRIDGE,143.15055687,-36.71062015,VIC
AUBREY,142.21812538,-36.22621703,VIC
THE HEART,147.17246843,-38.11793007,VIC
RUNNING CREEK,147.05638392,-36.55039287,VIC
FAIRLEY,143.81312732,-35.68330864,VIC
SPEEWA,143.51451761,-35.22082478,VIC
TUROAR,143.08357978,-35.1800709,VIC
GORMANDALE,146.69283542,-38.30297256,VIC
ROSLYNMEAD,144.52943965,-36.13459504,VIC
WAIREWA,148.16604336,-37.69135038,VIC
NAMBROK,146.84925473,-38.08409046,VIC
POOTILLA,143.95807248,-37.52882179,VIC
NEWLYN NORTH,144.00816017,-37.39489624,VIC
MOORILIM,145.3045034,-36.63067623,VIC
DEVON NORTH,146.61317329,-38.52311716,VIC
NORTH GEELONG,144.3491743,-38.11572659,VIC
NANGILOC,142.30102715,-34.47846727,VIC
MOUNT BECKWORTH,143.69745764,-37.30739202,VIC
YUNDOOL,145.81579633,-36.27828261,VIC
GLENDARUEL,143.73090142,-37.34681367,VIC
DIGGORA,144.5388553,-36.36159857,VIC
FLORA HILL,144.29563473,-36.78116978,VIC
STANHOPE SOUTH,145.04102457,-36.4916833,VIC
WANDIN NORTH,145.42638026,-37.78089008,VIC
RAVENSWOOD,144.19961092,-36.89190308,VIC
WARGAN,141.83276793,-34.18967992,VIC
TOOBORAC,144.79374602,-37.04500682,VIC
MARAMINGO CREEK,149.6201479,-37.39737488,VIC
BARKLY,143.21731236,-36.93826943,VIC
MOORABBIN,145.05778652,-37.94144518,VIC
QUANTONG,142.04510518,-36.74991302,VIC
LAKE POWELL,142.93616337,-34.72208738,VIC
PIANGIL,143.21736142,-35.05417138,VIC
MANSFIELD,146.0797494,-37.0581026,VIC
MERRIJIG,146.31280957,-37.0780829,VIC
GRETA SOUTH,146.25108283,-36.65449105,VIC
POOLAIJELO,141.0841003,-37.19230699,VIC
BLACKBURN SOUTH,145.14654633,-37.83934722,VIC
DINGEE,144.21257313,-36.3651731,VIC
MYALL,144.01976207,-35.60070162,VIC
JARVIS CREEK,147.19532711,-36.18165761,VIC
CARAPOOEE,143.33724681,-36.71324499,VIC
WINDSOR,144.99266734,-37.85453622,VIC
ARMADALE,145.02017781,-37.85667421,VIC
CAULFIELD EAST,145.04200486,-37.88121066,VIC
FLAMINGO BEACH,147.31368679,-38.26996241,VIC
MCKINNON,145.03865768,-37.91072919,VIC
SOUTH WHARF,144.95208912,-37.82527085,VIC
LANGI LOGAN,142.92561487,-37.39213888,VIC
BUNGEET,146.05469425,-36.28057588,VIC
RINGWOOD NORTH,145.23120183,-37.79304167,VIC
INDENTED HEAD,144.70198618,-38.13771298,VIC
NATIMUK,141.93594804,-36.73533364,VIC
MURRABIT WEST,143.88260584,-35.50998818,VIC
LANGKOOP,141.06114598,-37.09905175,VIC
WERONA,144.02337514,-37.24444186,VIC
HOWQUA HILLS,146.29754014,-37.1850103,VIC
CLYDEBANK,147.19165596,-38.04541983,VIC
MONT ALBERT,145.10778355,-37.81767029,VIC
PARKVILLE,144.95130149,-37.78683182,VIC
LAKE CHARM,143.81774133,-35.59434628,VIC
COCAMBA,142.90531608,-35.11079253,VIC
MAROONA,142.86271997,-37.42850991,VIC
JEPARIT,141.97423123,-36.10044469,VIC
BOX HILL SOUTH,145.12337998,-37.83660617,VIC
BALACLAVA,144.99499136,-37.87034859,VIC
MITIAMO,144.23970852,-36.21545104,VIC
DEVON MEADOWS,145.30903524,-38.17634193,VIC
CARNEGIE,145.05560162,-37.89336926,VIC
FRANKLINFORD,144.09310801,-37.24193812,VIC
TOTTINGTON,143.10317853,-36.76872457,VIC
MIGA LAKE,141.64086426,-36.85910814,VIC
YALMY,148.41432712,-37.41556458,VIC
W TREE,148.29341515,-37.33762108,VIC
ERRINUNDRA,148.75059302,-37.46484804,VIC
LEOPOLD,144.46709841,-38.19443079,VIC
STRATHEWEN,145.27014858,-37.53874885,VIC
DIAMOND CREEK,145.15668469,-37.66792712,VIC
HAWKHURST,147.16947619,-37.44488233,VIC
CANNONS CREEK,145.31203996,-38.20631186,VIC
NARRE WARREN SOUTH,145.30251506,-38.05530003,VIC
BALWYN,145.08333169,-37.80899066,VIC
ORMOND,145.04175981,-37.90390176,VIC
CRANBOURNE,145.27525433,-38.11282226,VIC
BOTANIC RIDGE,145.26684797,-38.14363499,VIC
FOREST HILL,145.17105747,-37.83985525,VIC
ALMONDS,146.06070282,-36.22495527,VIC
GLENHOPE EAST,144.70111875,-37.07347584,VIC
TRAFALGAR EAST,146.1925116,-38.17228297,VIC
VITE VITE NORTH,143.20336031,-37.79054868,VIC
WURDIBOLUC,144.05125467,-38.28988771,VIC
BERRYBANK,143.49038677,-37.97127122,VIC
KOORNALLA,146.52534241,-38.34807207,VIC
YEODENE,143.70698892,-38.39495007,VIC
GLENORMISTON NORTH,142.99015816,-38.13914345,VIC
HAMPTON PARK,145.26866765,-38.03861912,VIC
SANDHURST,145.2086932,-38.08208117,VIC
SUNDERLAND BAY,145.27164714,-38.50305783,VIC
CURDIES RIVER,142.94592345,-38.44295556,VIC
NIRRANDA EAST,142.85380803,-38.48343589,VIC
ONDIT,143.61763782,-38.2426351,VIC
BARRYS REEF,144.31116442,-37.45539809,VIC
NEWFIELD,143.01051168,-38.56253981,VIC
OUTTRIM,145.77127786,-38.52874829,VIC
COLAC EAST,143.61736371,-38.33292962,VIC
SCOTTS CREEK,143.08677917,-38.46144818,VIC
MADDINGLEY,144.41952146,-37.69745749,VIC
WARRONG,142.32124007,-38.19786639,VIC
STONYFORD,143.30744351,-38.33084841,VIC
WINGEEL,143.81307852,-38.08752667,VIC
LILLICO,145.96532648,-38.12361619,VIC
TOWER HILL,142.35787279,-38.32667668,VIC
ARARAT,142.97561639,-37.26244024,VIC
HAWKESDALE,142.28639454,-38.08716807,VIC
DREEITE SOUTH,143.47718465,-38.19818871,VIC
MOUNTAIN VIEW,145.86646535,-38.30274499,VIC
DRIFFIELD,146.3086718,-38.26925165,VIC
TARWIN,145.95330942,-38.60376125,VIC
WONGA,146.25700214,-38.60105531,VIC
KANUMBRA,145.68228923,-37.05335264,VIC
TANJIL BREN,146.15955548,-37.85358297,VIC
HAZELWOOD,146.37488114,-38.28856339,VIC
APOLLO BAY,143.64146129,-38.72778805,VIC
ALBANVALE,144.76866379,-37.74593686,VIC
SEAHOLME,144.84406446,-37.86421179,VIC
SEDDON,144.89167555,-37.80662685,VIC
WERRIBEE,144.64218431,-37.90680357,VIC
GRITJURK,141.79786043,-37.56675801,VIC
MELTON,144.61176602,-37.67562844,VIC
ROKEWOOD JUNCTION,143.68823214,-37.84849262,VIC
CERES,144.27280615,-38.16456785,VIC
CASTELLA,145.42281558,-37.51766656,VIC
CLARKES HILL,143.9789805,-37.49588564,VIC
YARRA JUNCTION,145.62538223,-37.79389691,VIC
WHITE HILLS,144.30198157,-36.72838603,VIC
UPWEY,145.32904479,-37.90548588,VIC
WARBURTON,145.69813867,-37.72834214,VIC
KYABRAM SOUTH,145.06792509,-36.38480931,VIC
LEMNOS,145.474957,-36.34428426,VIC
LAWRENCE,143.89820734,-37.32548152,VIC
KAMAROOKA,144.37180368,-36.49680596,VIC
HODDLES CREEK,145.593996,-37.85092637,VIC
MUNDOONA,145.35277889,-36.16407083,VIC
MUSK VALE,144.14620857,-37.38297841,VIC
POWELLTOWN,145.76581208,-37.85705861,VIC
MOOROOPNA NORTH WEST,145.2512859,-36.34722087,VIC
HORSHAM,142.19623515,-36.71884511,VIC
SEVILLE,145.47554161,-37.79262867,VIC
HUNTLY,144.32422866,-36.65642538,VIC
TUTYE,141.48021729,-35.18998253,VIC
JACK RIVER,146.55586013,-38.56817927,VIC
CROSSLEY,142.31333948,-38.31703434,VIC
LAHARUM,142.34148948,-36.91418039,VIC
LINDENOW,147.46643735,-37.79912203,VIC
BOWENVALE,143.69816764,-36.99785792,VIC
ASHBOURNE,144.45793382,-37.40395525,VIC
BEAUFORT,143.34521031,-37.44142687,VIC
STRATHBOGIE,145.76057421,-36.87963141,VIC
CORRYONG,147.90166129,-36.18315199,VIC
BRUTHEN,147.86263962,-37.70710192,VIC
BOOSEY,145.79162153,-36.05052225,VIC
GRANITE ROCK,147.67198905,-37.75693185,VIC
WATTLE BANK,145.7081015,-38.57575728,VIC
LOCH,145.69574039,-38.37598525,VIC
KAWARREN,143.61281654,-38.4967914,VIC
NORVAL,142.86253494,-37.25355523,VIC
JUMBUK,146.42264817,-38.40026003,VIC
TRAFALGAR,146.14716828,-38.16962944,VIC
THORPDALE SOUTH,146.12187015,-38.33256777,VIC
BOOROOL,146.0529553,-38.44938629,VIC
HILL END,146.1438792,-38.01240031,VIC
DREEITE,143.50494842,-38.15564525,VIC
DROUIN,145.84874996,-38.13537065,VIC
KILCUNDA,145.49568349,-38.5490062,VIC
NULLAWARRE NORTH,142.79642063,-38.43794635,VIC
WINCHELSEA,143.95019414,-38.23837493,VIC
DUNDONNELL,142.96881051,-37.88756949,VIC
WOODFORD,142.48203441,-38.31596992,VIC
YALLOURN,146.3446421,-38.1919583,VIC
WOORARRA WEST,146.21948437,-38.59268189,VIC
BENA,145.73754733,-38.43508736,VIC
MOE,146.25033483,-38.17859397,VIC
DOLLAR,146.17831468,-38.55431801,VIC
SMITHS BEACH,145.25780273,-38.50126664,VIC
KNEBSWORTH,141.87168257,-37.98881555,VIC
CARLISLE RIVER,143.41734949,-38.56550176,VIC
COLBROOK,144.22567647,-37.53126651,VIC
DOBIE,143.0299141,-37.33426809,VIC
MALDON,144.07031259,-36.99792239,VIC
RATHSCAR,143.54872248,-36.97362716,VIC
MOGLONEMBY,145.54225676,-36.65806114,VIC
TAMBO UPPER,147.87043887,-37.76509105,VIC
CULLEN,144.15739396,-35.7838405,VIC
WUNGHNU,145.42415879,-36.16746946,VIC
WEHLA,143.6277797,-36.60892153,VIC
DRUMMOND NORTH,144.31624462,-37.19590536,VIC
INKERMAN,143.67742871,-36.79196301,VIC
MACARTHUR,142.01857553,-38.04793703,VIC
ALLANSFORD,142.61177527,-38.39351955,VIC
NOORAT EAST,142.97740977,-38.20150271,VIC
KILLARNEY,142.3192714,-38.34442389,VIC
SANDY POINT,146.11931521,-38.81152166,VIC
HAZELWOOD NORTH,146.47872323,-38.27053481,VIC
HALLORA,145.83964443,-38.25809106,VIC
CAPE WOOLAMAI,145.34398324,-38.54293875,VIC
DIXIE,142.93009669,-38.30558821,VIC
SOUTHERN CROSS,142.40601926,-38.28737731,VIC
NAYOOK,145.9323642,-37.91373859,VIC
MORRISONS,144.11917198,-37.76889857,VIC
TETOORA ROAD,145.88868991,-38.27759028,VIC
TANYBRYN,143.71433191,-38.65668089,VIC
KARDELLA SOUTH,145.87384927,-38.4575287,VIC
FAIRBANK,145.92577351,-38.40696787,VIC
NULLAWARRE,142.76472464,-38.4760715,VIC
TANJIL SOUTH,146.26722393,-38.10344389,VIC
WESTBURY,146.22126365,-38.14180262,VIC
BALLAN,144.21462506,-37.60681435,VIC
ST CLAIR,145.6520256,-38.58139478,VIC
ALLAMBEE RESERVE,146.05521924,-38.30666499,VIC
KROWERA,145.6683781,-38.44607197,VIC
POREPUNKAH,146.91996202,-36.68061023,VIC
GOLDSBOROUGH,143.65403561,-36.81481842,VIC
CATUMNAL,143.61833681,-36.07631091,VIC
NEWSTEAD,144.05399609,-37.10567861,VIC
NINE MILE,143.46728653,-36.44854668,VIC
GLENISLA,142.26980696,-37.22555717,VIC
NUMURKAH,145.43430908,-36.08609743,VIC
MALMSBURY,144.3939551,-37.18199573,VIC
ST ARNAUD,143.24891208,-36.61860257,VIC
STOCKYARD HILL,143.29789721,-37.53704634,VIC
CHILTERN VALLEY,146.54804035,-36.14644384,VIC
CHUTE,143.40933141,-37.30886938,VIC
NEWHAM,144.60395128,-37.29963337,VIC
BURKES FLAT,143.56048318,-36.63963639,VIC
WOORARRA EAST,146.38225784,-38.60522577,VIC
THORPDALE,146.17191942,-38.30160622,VIC
NYORA,145.68368356,-38.30864754,VIC
MERRIMU,144.47682525,-37.65715208,VIC
WILLOWVALE,143.46472514,-37.84308873,VIC
GLEN FORBES,145.52586175,-38.45098228,VIC
STRZELECKI,145.9011449,-38.34344263,VIC
VESPER,146.06906791,-37.87161138,VIC
JUMBUNNA,145.76038451,-38.47197719,VIC
WOOLAMAI,145.51625213,-38.50982722,VIC
GOBUR,145.62008793,-37.01413879,VIC
BLAKEVILLE,144.2111686,-37.47886976,VIC
COLAC WEST,143.5432223,-38.33262973,VIC
GNOTUK,143.0792989,-38.19991173,VIC
KILMORE EAST,145.01123308,-37.27826964,VIC
TESBURY,143.16671509,-38.29059043,VIC
MARENGO,143.65514124,-38.77837324,VIC
RYANSTON,145.58905592,-38.50832519,VIC
SOUTH PURRUMBETE,143.21360788,-38.34366591,VIC
CAPE CLEAR,143.61144166,-37.78109422,VIC
SHE OAKS,144.14465707,-37.89735923,VIC
BARRABOOL,144.22632216,-38.16663691,VIC
INVERLEIGH,144.00128243,-38.10903663,VIC
COOLAROO,144.93493409,-37.65640068,VIC
BLAIRGOWRIE,144.77224943,-38.36852599,VIC
RUSSELLS BRIDGE,144.1817166,-38.00426668,VIC
MERRICKS NORTH,145.07674406,-38.34515161,VIC
WOOTONG VALE,141.74180585,-37.51748508,VIC
BURNSIDE HEIGHTS,144.75566315,-37.73217409,VIC
MCCRAE,144.93252453,-38.35593437,VIC
SPRINGVALE,145.1579738,-37.94569578,VIC
BUCKLEY,144.08737408,-38.21757284,VIC
STEIGLITZ,144.18868661,-37.86367012,VIC
OFFICER SOUTH,145.42303763,-38.10093501,VIC
WINCHELSEA SOUTH,143.98921893,-38.32456954,VIC
MORGIANA,141.83809302,-37.72876836,VIC
AIREYS INLET,144.09716142,-38.43549888,VIC
CAVENDISH,142.05601887,-37.49954431,VIC
MOUNT BURNETT,145.5085758,-37.97428058,VIC
SOMERTON,144.95073494,-37.63460029,VIC
PORTSEA,144.70016395,-38.3226661,VIC
BAHGALLAH,141.3126863,-37.69590894,VIC
CLYDE NORTH,145.35873959,-38.10189359,VIC
IONA,145.68745281,-38.15235899,VIC
DORODONG,141.04818996,-37.31190994,VIC
MODEWARRE,144.127322,-38.26887787,VIC
MERINO,141.54810649,-37.72836764,VIC
BUNYIP NORTH,145.72512138,-38.06098808,VIC
FYANSFORD,144.2894937,-38.13026634,VIC
TAHARA,141.71884142,-37.73973921,VIC
FRANKSTON SOUTH,145.12900661,-38.17598466,VIC
FRANKSTON,145.14568453,-38.1481534,VIC
MIRRANATWA,142.38814475,-37.40438811,VIC
DIGBY,141.5282985,-37.81091927,VIC
LYNDHURST,145.2307028,-38.06847933,VIC
CONNEWARRE,144.42323873,-38.25759599,VIC
WATERWAYS,145.13052287,-38.01475028,VIC
SHELFORD,143.93045118,-37.96794546,VIC
GREENVALE,144.8797437,-37.6365282,VIC
TARRENLEA,141.74274146,-37.67897499,VIC
HILLCREST,143.63482531,-37.61595192,VIC
GARFIELD,145.6697878,-38.10035144,VIC
PORTLAND,141.60412211,-38.36088187,VIC
GATUM,141.95320578,-37.38238098,VIC
MYAMYN,141.7138876,-38.00386161,VIC
RYTHDALE,145.46260577,-38.13954523,VIC
KOO WEE RUP,145.48763175,-38.18781162,VIC
DUNKELD,142.35903733,-37.67648825,VIC
CORA LYNN,145.6171352,-38.14576313,VIC
LETHBRIDGE,144.09657885,-37.95596945,VIC
MOUNT MORIAC,144.19172263,-38.21268508,VIC
ROSEBUD,144.91360031,-38.37370858,VIC
TAYLORS HILL,144.75291252,-37.71514756,VIC
CREMORNE,144.99305526,-37.82901427,VIC
VICTORIA VALLEY,142.32451021,-37.51760227,VIC
NEWTOWN,143.65935093,-37.702744,VIC
COLERAINE,141.67517412,-37.59055733,VIC
GRANGEFIELDS,144.63869504,-37.70236571,VIC
HAPPY VALLEY,143.59553461,-37.72757293,VIC
CRANBOURNE WEST,145.24951306,-38.09941751,VIC
NOBLE PARK NORTH,145.19060004,-37.95126625,VIC
TARNEIT,144.66467179,-37.83546749,VIC
PAKENHAM,145.48515783,-38.07356414,VIC
DELAHEY,144.77748158,-37.71978513,VIC
DINGLEY VILLAGE,145.12590755,-37.97619961,VIC
TEESDALE,144.05490381,-38.02364739,VIC
PLUMPTON,144.68900565,-37.66911326,VIC
BANNOCKBURN,144.15416894,-38.04497148,VIC
ENFIELD,143.77654251,-37.7496275,VIC
CRANBOURNE SOUTH,145.2521542,-38.15495153,VIC
DALLAS,144.9352871,-37.67054912,VIC
MELVILLE FOREST,141.85790229,-37.48681696,VIC
GHERINGHAP,144.22635593,-38.0772989,VIC
PEARCEDALE,145.24775351,-38.19776304,VIC
CALDER PARK,144.76105223,-37.67613148,VIC
BOLWARRA,141.61157209,-38.27998698,VIC
COBBLEBANK,144.60086027,-37.70730712,VIC
BRANXHOLME,141.80606124,-37.84636996,VIC
HMAS CERBERUS,145.198312,-38.38121874,VIC
ATTWOOD,144.88459337,-37.66703902,VIC
KURUNJANG,144.59148637,-37.66089054,VIC
GLEN IRIS,145.06499614,-37.85596271,VIC
ASPENDALE GARDENS,145.11983101,-38.02209609,VIC
BURWOOD EAST,145.15042171,-37.85357329,VIC
HENTY,141.52669568,-37.65899113,VIC
ASHWOOD,145.10232098,-37.86653017,VIC
MOUNT NAPIER,142.06176356,-37.90399366,VIC
RICHMOND,145.00246345,-37.82032239,VIC
ROKEWOOD,143.7482545,-37.92720147,VIC
DUTTON WAY,141.6240652,-38.29830184,VIC
STRATHTULLOH,144.59691512,-37.73397653,VIC
CLARINDA,145.10608841,-37.94367893,VIC
COLLINGWOOD,144.98817027,-37.80194257,VIC
AINTREE,144.6682539,-37.71980962,VIC
KOO WEE RUP NORTH,145.5390554,-38.15117206,VIC
BRIT BRIT,141.74168703,-37.41236128,VIC
ST ANDREWS BEACH,144.83127042,-38.42006793,VIC
YUROKE,144.86402997,-37.58027446,VIC
HUGHESDALE,145.08114252,-37.89946402,VIC
PIGEON PONDS,141.68237679,-37.28823319,VIC
LANGWARRIN,145.19739512,-38.15455928,VIC
DRUMBORG,141.49394274,-38.09802267,VIC
MURRUMBEENA,145.07015454,-37.89668183,VIC
SEABROOK,144.75866153,-37.88090189,VIC
CAROLINE SPRINGS,144.73721933,-37.73445832,VIC
FITZROY,144.97916306,-37.80089516,VIC
TYNONG NORTH,145.62795379,-38.02813431,VIC
BAMGANIE,143.99404621,-37.93777195,VIC
MONOMEITH,145.53377098,-38.21158509,VIC
DEREEL,143.75827044,-37.82137483,VIC
PAKENHAM SOUTH,145.50211489,-38.13752804,VIC
BERRINGA,143.6741758,-37.77290744,VIC
MOOROODUC,145.11897139,-38.24706502,VIC
TYNONG,145.62628104,-38.09528079,VIC
BUCKLEY SWAMP,142.08680134,-37.85887098,VIC
DROMANA,145.00978835,-38.33203319,VIC
CORNDALE,141.25468871,-37.54080134,VIC
BONNIE BROOK,144.66989399,-37.69607588,VIC
MERRICKS BEACH,145.1069984,-38.39391135,VIC
HOTSPUR,141.56017794,-37.94308169,VIC
TAHARA BRIDGE,141.64957503,-37.68851097,VIC
MELTON SOUTH,144.57077212,-37.70687213,VIC
GUYS HILL,145.3916766,-38.01373347,VIC
GARFIELD NORTH,145.67917825,-38.0404161,VIC
SPRINGVALE SOUTH,145.14802007,-37.97075742,VIC
STAFFORDSHIRE REEF,143.68758634,-37.73392399,VIC
KARABEAL,142.18792477,-37.60119388,VIC
KNOXFIELD,145.24938568,-37.89055081,VIC
ARMSTRONG CREEK,144.37079235,-38.23412701,VIC
MANOR LAKES,144.58123627,-37.8669287,VIC
CARRUM,145.12802361,-38.07665274,VIC
HAZEL PARK,146.38489558,-38.63465148,VIC
FUMINA,146.08939751,-37.91033454,VIC
FORREST,143.69998559,-38.51000109,VIC
LAVERTON NORTH,144.78700375,-37.83003778,VIC
YARCK,145.60474266,-37.09153093,VIC
CODRINGTON,141.96822395,-38.25179962,VIC
CROSSOVER,145.96901962,-38.0591448,VIC
MOLESWORTH,145.52449005,-37.15923788,VIC
CONDAH,141.70966652,-37.94505065,VIC
NEWHAVEN,145.33236473,-38.51568387,VIC
YANGERY,142.43599344,-38.31690288,VIC
BARWON DOWNS,143.788519,-38.50829394,VIC
NAROGHID,143.06716507,-38.25245618,VIC
ARCHIES CREEK,145.5668574,-38.54798873,VIC
CARPENDEIT,143.25010181,-38.38757044,VIC
GLENAIRE,143.49191979,-38.74231802,VIC
MURROON,143.80603782,-38.42060789,VIC
KILLINGWORTH,145.43187921,-37.18120165,VIC
BOSTOCKS CREEK,143.12628832,-38.3024359,VIC
CARINGAL,146.33806525,-37.94788701,VIC
COWLEYS CREEK,143.04051832,-38.49898868,VIC
GERANGAMETE,143.69478622,-38.45295223,VIC
COWES,145.2353965,-38.47086299,VIC
ELLERSLIE,142.65382222,-38.1281472,VIC
JANCOURT EAST,143.18856837,-38.41835106,VIC
MEREDITH,144.04167814,-37.86230202,VIC
CLOVERLEA,145.99460362,-38.24034103,VIC
MILLBROOK,144.04830314,-37.60417164,VIC
CATHKIN,145.60321582,-37.15562057,VIC
SPARGO CREEK,144.14679723,-37.48819105,VIC
GAZETTE,142.15130769,-37.91513014,VIC
OMBERSLEY,143.81412888,-38.2001165,VIC
POMBORNEIT EAST,143.39627984,-38.29134019,VIC
LANG LANG,145.58200866,-38.29539904,VIC
COROROOKE,143.5282295,-38.29638002,VIC
NIRRANDA,142.77046242,-38.50604557,VIC
ST HELENS,142.05267354,-38.24669474,VIC
KOROBEIT,144.34310965,-37.58125701,VIC
BULLAHARRE,143.14041932,-38.34964363,VIC
TURTONS CREEK,146.22734157,-38.55012563,VIC
TYAAK,145.13852951,-37.21816314,VIC
MEPUNGA EAST,142.70861374,-38.44581284,VIC
PIONEER BAY,145.54928927,-38.38064962,VIC
TANDAROOK,143.19343017,-38.31222583,VIC
PIRRON YALLOCK,143.41873233,-38.35314562,VIC
BOLWARRAH,144.10950964,-37.51205761,VIC
WALKERVILLE,145.98854737,-38.81103757,VIC
CHURCHILL ISLAND,145.33877581,-38.50010202,VIC
MEADOW HEIGHTS,144.91820964,-37.65117995,VIC
WOOD WOOD,143.33287519,-35.10149438,VIC
CHINKAPOOK,142.94840514,-35.18521754,VIC
TRAYNORS LAGOON,142.98324788,-36.58277264,VIC
YAMBUNA,144.97083971,-36.15022098,VIC
MARNOO,142.8896621,-36.68971441,VIC
BLACKWARRY,146.62795108,-38.4102415,VIC
MOLOGA,144.12951685,-36.16087273,VIC
GOROKE,141.48887797,-36.67134171,VIC
MOORA,144.94543148,-36.60387824,VIC
BOOLITE,142.67923673,-36.34197069,VIC
CORACK,143.02625166,-36.18423732,VIC
MOOLERR,143.17179886,-36.64368782,VIC
LIMA,145.94797537,-36.75123223,VIC
CASSILIS,147.60518295,-37.20479007,VIC
BELLBIRD CREEK,148.81479194,-37.63818213,VIC
LODDON VALE,143.94640084,-35.99747972,VIC
BROUGHTON,141.32258627,-36.14806593,VIC
JUNG,142.33880059,-36.57666151,VIC
NATHALIA,145.19539484,-36.05749036,VIC
GIFFARD WEST,146.99709995,-38.3823682,VIC
RIACHELLA,142.71212507,-36.83313185,VIC
KANIVA,141.26487032,-36.38286001,VIC
GLENROWAN WEST,146.16491168,-36.51357104,VIC
WILLAURA NORTH,142.74539587,-37.38724457,VIC
MONOMAK,146.82501217,-37.78388085,VIC
BALLAPUR,142.75039388,-35.97215532,VIC
BENAYEO,141.04304272,-36.84075092,VIC
FIERY FLAT,143.81058695,-36.41138551,VIC
STRADBROKE,147.03465743,-38.27945986,VIC
TARNOOK,145.86526334,-36.535584,VIC
KANCOONA,147.01045336,-36.60385445,VIC
TAMBO CROSSING,147.83247766,-37.49808494,VIC
SERVICETON,141.01823493,-36.37636135,VIC
CLUB TERRACE,148.93198845,-37.53245454,VIC
OMEO VALLEY,147.61572657,-36.94710491,VIC
LASCELLES,142.60662977,-35.55601462,VIC
PELLUEBLA,145.98192073,-36.20588177,VIC
WALLUP,142.26296551,-36.35659083,VIC
KELVIN VIEW,145.66428111,-36.82845204,VIC
THOONA,146.07723662,-36.34464505,VIC
GRAYS BRIDGE,142.89975691,-36.61839212,VIC
SHANNONVALE,147.42325547,-36.93106483,VIC
DUNNEWORTHY,143.04992213,-37.20262893,VIC
YARRABERB,144.06399597,-36.57458679,VIC
GLEN CREEK,146.95016277,-36.43320166,VIC
MORRL MORRL,142.8949527,-36.86637109,VIC
YARRAWALLA,144.02722261,-36.15570118,VIC
CHESHUNT SOUTH,146.4220141,-36.92148515,VIC
LALBERT,143.44428093,-35.65158997,VIC
WHITLANDS,146.3454084,-36.82247324,VIC
BAMAWM EXTENSION,144.60142041,-36.18094508,VIC
MEADOW CREEK,146.45349243,-36.60251178,VIC
KEILOR LODGE,144.80016366,-37.69843557,VIC
TAYLORS LAKES,144.78639377,-37.69856354,VIC
PANTON HILL,145.2464472,-37.64278672,VIC
CLIFTON SPRINGS,144.57271615,-38.15308541,VIC
KENLEY,143.30484801,-34.83397702,VIC
WANGIE,143.26081631,-35.69180995,VIC
NOORINBEE NORTH,149.22501657,-37.43914923,VIC
RHYMNEY,142.78125688,-37.2218018,VIC
KUNAT,143.53798454,-35.51399452,VIC
MOKEPILLY,142.64481346,-37.0928934,VIC
WHITTINGTON,144.39207159,-38.17709021,VIC
HEIDELBERG HEIGHTS,145.05349245,-37.74323715,VIC
CHARLEMONT,144.36880818,-38.20970068,VIC
ESSENDON NORTH,144.90083457,-37.73801952,VIC
ROSANNA,145.06968744,-37.7396277,VIC
DRYSDALE,144.59988232,-38.17548868,VIC
TRAVANCORE,144.93547185,-37.78076856,VIC
EAST GEELONG,144.38015604,-38.15531383,VIC
ELTHAM NORTH,145.14166789,-37.69786684,VIC
MARSHALL,144.35726842,-38.19751167,VIC
ABERFELDIE,144.89732116,-37.75953611,VIC
ESSENDON FIELDS,144.90110968,-37.7267329,VIC
MORDIALLOC,145.09608095,-37.99938366,VIC
NUTFIELD,145.18550838,-37.60210903,VIC
MANNERIM,144.60344468,-38.21836473,VIC
POINT LONSDALE,144.60190482,-38.26819446,VIC
ESSENDON WEST,144.88510137,-37.75406107,VIC
WATSONS CREEK,145.26191426,-37.66212372,VIC
GEELONG,144.36172462,-38.149905,VIC
WALLINGTON,144.5119041,-38.22636584,VIC
GROVEDALE,144.33184114,-38.20306981,VIC
OCEAN GROVE,144.53821157,-38.25953426,VIC
ST ALBANS PARK,144.39078133,-38.19386805,VIC
SMITHS GULLY,145.28834804,-37.62698605,VIC
HURSTBRIDGE,145.19476986,-37.63779101,VIC
HEATHERTON,145.09288076,-37.95601698,VIC
MENTONE,145.06941311,-37.98157499,VIC
KINGSBURY,145.03406236,-37.71617919,VIC
DRUMCONDRA,144.35406724,-38.13020958,VIC
MARCUS HILL,144.57173386,-38.24022248,VIC
COTTLES BRIDGE,145.22330968,-37.60700574,VIC
MOOLAP,144.4248316,-38.1798619,VIC
HIGHTON,144.3114804,-38.17044519,VIC
BELLARINE,144.62173008,-38.13621536,VIC
PARKDALE,145.08129939,-37.99180688,VIC
ROCKBANK,144.64906063,-37.7338795,VIC
CALDERMEADE,145.53890703,-38.24344816,VIC
SEAFORD,145.13849537,-38.10468016,VIC
OAKLANDS JUNCTION,144.84100345,-37.58931638,VIC
FIELDSTONE,144.64994194,-37.75044351,VIC
BELLBRAE,144.23630192,-38.33764987,VIC
YATCHAW,142.14059062,-37.84107105,VIC
SOMERS,145.1609739,-38.38138705,VIC
MUMBANNAR,141.08848115,-37.92036934,VIC
HEATHMERE,141.62522969,-38.21283493,VIC
LINTON,143.55102406,-37.6890553,VIC
NOBLE PARK,145.17690561,-37.96949556,VIC
WAURN PONDS,144.27514231,-38.20331451,VIC
LANGWARRIN SOUTH,145.19100737,-38.18906395,VIC
BURWOOD,145.11132746,-37.849592,VIC
MARYKNOLL,145.60429093,-38.03392557,VIC
TARRINGTON,142.12055741,-37.7679376,VIC
LINDSAY,141.05733792,-37.6147549,VIC
CRIB POINT,145.20298136,-38.35249668,VIC
FRESHWATER CREEK,144.24958691,-38.27028199,VIC
WYNDHAM VALE,144.60798423,-37.86010197,VIC
MAIN RIDGE,144.9689487,-38.40146059,VIC
CHADSTONE,145.10017821,-37.88212697,VIC
NARRAWONG,141.70771439,-38.23901086,VIC
BIG HILL,144.00793505,-38.47819695,VIC
WARRAYURE,142.17934671,-37.71683334,VIC
GRINGEGALGONA,141.80767765,-37.4080878,VIC
WANNON,141.83146784,-37.65195186,VIC
RED HILL,145.01608379,-38.36346634,VIC
PORTLAND NORTH,141.56966903,-38.30213201,VIC
TYABB,145.18447904,-38.26512953,VIC
EASTERN VIEW,144.04184241,-38.45025821,VIC
COOJAR,141.67072171,-37.35893628,VIC
BAYLES,145.58057953,-38.1760633,VIC
MUNTHAM,141.54433935,-37.57335504,VIC
HILLSIDE,144.74169777,-37.69043778,VIC
SMYTHESDALE,143.68206774,-37.63920914,VIC
KONONGWOOTONG,141.66954577,-37.48049803,VIC
FINGAL,144.8546357,-38.41663947,VIC
TARRAYOUKYAN,141.55692692,-37.29668486,VIC
PARAPARAP,144.18280135,-38.29720633,VIC
OAKLEIGH,145.09568102,-37.90067085,VIC
GHERANG,144.10301483,-38.31115661,VIC
NINTINGBOOL,143.72101444,-37.61048242,VIC
DUNROBIN,141.37843893,-37.5195195,VIC
WENSLEYDALE,144.05347329,-38.37380512,VIC
MILLTOWN,141.70984752,-38.05086758,VIC
MOGGS CREEK,144.06693667,-38.45606162,VIC
ALLESTREE,141.6515055,-38.27134498,VIC
MAMBOURIN,144.55315757,-37.8997421,VIC
SOUTH YARRA,144.99186548,-37.83921837,VIC
FRANKSTON NORTH,145.1638627,-38.12391087,VIC
HOPPERS CROSSING,144.69466589,-37.86648824,VIC
HUNTINGDALE,145.10847935,-37.90764362,VIC
BENTLEIGH EAST,145.06704918,-37.92209826,VIC
KINGSVILLE,144.87943798,-37.80884151,VIC
YANNATHAN,145.64396256,-38.22526297,VIC
FAIRHAVEN,144.08521561,-38.45747636,VIC
CORINDHAP,143.75401417,-37.86766264,VIC
CASTERTON,141.33179599,-37.60311364,VIC
CASHMORE,141.49493923,-38.30706162,VIC
POINT LEO,145.0698252,-38.41547818,VIC
BROADMEADOWS,144.93132998,-37.68255423,VIC
KEYSBOROUGH,145.16735492,-38.00530628,VIC
MOUNT RICHMOND,141.33239346,-38.15435864,VIC
CARLTON,144.96815465,-37.8004373,VIC
DEANSIDE,144.70534829,-37.73192784,VIC
TUERONG,145.0967952,-38.29871901,VIC
PIGGOREET,143.63532264,-37.72402449,VIC
BALNARRING,145.12188167,-38.35318141,VIC
MOUNT WAVERLEY,145.12850255,-37.87836713,VIC
VICTORIA POINT,142.22233839,-37.50918841,VIC
SANDFORD,141.45195804,-37.64715468,VIC
NANGEELA,141.33948643,-37.47892333,VIC
VERVALE,145.65981695,-38.13784159,VIC
LAKE MUNDI,141.08104092,-37.49916659,VIC
GORAE,141.55180998,-38.23678104,VIC
WEST FOOTSCRAY,144.87089837,-37.80051862,VIC
SKYE,145.21621551,-38.10505149,VIC
DANDENONG SOUTH,145.220877,-38.02793299,VIC
GISBORNE SOUTH,144.62450046,-37.54876343,VIC
BONEO,144.90355422,-38.40989592,VIC
BYADUK NORTH,141.97845244,-37.86069916,VIC
STRATHDOWNIE,141.11160155,-37.73323892,VIC
WESTMEADOWS,144.89276179,-37.67524512,VIC
STRATHKELLAR,142.11568495,-37.70154171,VIC
NAR NAR GOON,145.56895934,-38.10592591,VIC
SCARSDALE,143.66695455,-37.67949981,VIC
MOUNT DUNEED,144.31279449,-38.24981904,VIC
SNAKE VALLEY,143.58604284,-37.61469188,VIC
BREAMLEA,144.38795112,-38.2939179,VIC
RED HILL SOUTH,145.03940343,-38.38772778,VIC
RAVENHALL,144.7365886,-37.7754745,VIC
THORNHILL PARK,144.62490255,-37.73027651,VIC
TABOR,142.19223182,-37.82863552,VIC
ROXBURGH PARK,144.92540148,-37.62575497,VIC
ARTHURS SEAT,144.95981171,-38.36325859,VIC
HEYWOOD,141.64699108,-38.13433766,VIC
BORNES HILL,142.47925601,-37.53473932,VIC
NOTTING HILL,145.14175687,-37.90474215,VIC
BAMBRA,143.95502799,-38.36288262,VIC
CARAPOOK,141.55503332,-37.51649185,VIC
TOTTENHAM,144.85290105,-37.80464015,VIC
BRIMBOAL,141.40578507,-37.39329215,VIC
FITZROY NORTH,144.98429846,-37.78388186,VIC
SPRINGDALLAH,143.62914969,-37.74660543,VIC
BALNARRING BEACH,145.11986578,-38.39037257,VIC
CARDINIA,145.41817612,-38.1427533,VIC
OAKLEIGH EAST,145.11533035,-37.90389453,VIC
FRASER RISE,144.71262742,-37.70480866,VIC
KILLARA,141.40001522,-37.75192356,VIC
OFFICER,145.41254027,-38.05422611,VIC
VERMONT,145.19918393,-37.83844492,VIC
ENGLEFIELD,141.81291028,-37.32367019,VIC
BRUNSWICK EAST,144.97743275,-37.76886491,VIC
TRUGANINA,144.71201185,-37.79967763,VIC
STONEHAVEN,144.2234471,-38.12203124,VIC
BOONAH,143.97969481,-38.4287405,VIC
SYDENHAM,144.76533557,-37.69973868,VIC
GORAE WEST,141.47418149,-38.24867676,VIC
MOORALLA,142.11765255,-37.39403642,VIC
MORIAC,144.17477309,-38.24606204,VIC
CLOVER FLAT,141.56259846,-37.60778255,VIC
HERNE HILL,144.32400981,-38.13423978,VIC
BRIAR HILL,145.12108372,-37.7062203,VIC
BELMONT,144.34211589,-38.17843089,VIC
PORTARLINGTON,144.66362811,-38.1376551,VIC
EDITHVALE,145.1150113,-38.03748925,VIC
LOVELY BANKS,144.32236021,-38.04068464,VIC
AIRPORT WEST,144.88190597,-37.72371239,VIC
ALTONA NORTH,144.83431981,-37.83783036,VIC
BONBEACH,145.12761739,-38.06309304,VIC
HAMPTON EAST,145.03063324,-37.93879797,VIC
WATSONIA NORTH,145.08515304,-37.69583827,VIC
THOMSON,144.37893641,-38.16949782,VIC
ST HELENA,145.12948447,-37.68948631,VIC
BRAESIDE,145.12295476,-38.00046567,VIC
BOORHAMAN,146.31662696,-36.22523621,VIC
NORTH WARRANDYTE,145.21612991,-37.72545137,VIC
CURLEWIS,144.52391845,-38.1771166,VIC
STIRLING,147.71010976,-37.45187621,VIC
EPPING,145.01044881,-37.63791598,VIC
RIPPLESIDE,144.35574374,-38.12379173,VIC
MANIFOLD HEIGHTS,144.33370079,-38.13760079,VIC
MOORABBIN AIRPORT,145.0997744,-37.97742127,VIC
NEWCOMB,144.3953485,-38.16312214,VIC
WANDANA HEIGHTS,144.29965958,-38.17761643,VIC
NORTH SHORE,144.37337918,-38.09500434,VIC
BELL POST HILL,144.32070406,-38.09433718,VIC
SWAN ISLAND,144.67391594,-38.25020682,VIC
SOUTH KINGSVILLE,144.87140825,-37.83068135,VIC
CLEMATIS,145.41934796,-37.93246226,VIC
SPRING GULLY,144.28608998,-36.80019575,VIC
CANADIAN,143.88527799,-37.5844749,VIC
BRADFORD,144.06391014,-36.91989407,VIC
GLEN PARK,143.92194329,-37.50680086,VIC
COSTERFIELD,144.7999829,-36.87343275,VIC
OLINDA,145.37988101,-37.85255294,VIC
BEVERFORD,143.46725521,-35.22266731,VIC
COCKATOO,145.50809588,-37.92593107,VIC
LEARMONTH,143.72199964,-37.42075887,VIC
EUREKA,143.88252299,-37.56470682,VIC
EAST BENDIGO,144.32233462,-36.73980549,VIC
MOLLONGGHIP,144.04557031,-37.46810807,VIC
WAGGARANDALL,145.76691128,-36.24489519,VIC
ALFREDTON,143.80063673,-37.55590037,VIC
LEIGH CREEK,143.96062311,-37.56027828,VIC
CARDROSS,142.12536917,-34.30720024,VIC
TARRAVILLE,146.74346233,-38.62635342,VIC
MURRAWEE,143.51336036,-35.29960023,VIC
STACEYS BRIDGE,146.51074895,-38.55780816,VIC
SCOTSBURN,143.93656537,-37.68410255,VIC
TYNTYNDER,143.54523878,-35.24050532,VIC
CHUM CREEK,145.48735913,-37.60530422,VIC
CAMBRIAN HILL,143.81868319,-37.64022868,VIC
GILDEROY,145.71406624,-37.86345984,VIC
SHEPHERDS FLAT,144.10552877,-37.27489529,VIC
BEENAK,145.63707066,-37.89900162,VIC
MOUNT PROSPECT,144.04641801,-37.39405823,VIC
COSGROVE SOUTH,145.63330325,-36.41033582,VIC
BENDIGO,144.27939607,-36.75700296,VIC
WENDOUREE,143.82843482,-37.53081381,VIC
KATANDRA WEST,145.55847934,-36.24375307,VIC
MOOROOPNA,145.34511314,-36.39768233,VIC
HARKAWAY,145.36002941,-37.99418214,VIC
NAVIGATORS,143.9343017,-37.61278361,VIC
LOCKWOOD SOUTH,144.1428565,-36.87230439,VIC
BALD HILLS,143.83435076,-37.4425917,VIC
WOODSTOCK ON LODDON,144.00461366,-36.76494444,VIC
WANDIN EAST,145.45489002,-37.81232135,VIC
MURCHISON NORTH,145.26951866,-36.56585275,VIC
MOORMBOOL WEST,144.85895252,-36.80283213,VIC
MOUNT MAJOR,145.69901157,-36.36501519,VIC
SMOKEYTOWN,143.92214653,-37.39999744,VIC
ROCHESTER,144.68055203,-36.36138367,VIC
DHURRINGILE,145.2131637,-36.53185732,VIC
BUNKERS HILL,143.74597826,-37.57154878,VIC
MONTROSE,145.34714931,-37.81249489,VIC
SHEPPARTON EAST,145.48304957,-36.39709651,VIC
GIRGARRE EAST,145.06663239,-36.44921654,VIC
TOOLAMBA WEST,145.2688914,-36.4835894,VIC
BO PEEP,143.66834486,-37.5462247,VIC
TATURA,145.21714074,-36.44176166,VIC
OAKLEIGH SOUTH,145.09428787,-37.9243789,VIC
GILLIESTON,145.20740662,-36.33425749,VIC
MERINGUR,141.28384918,-34.39632348,VIC
MITTYACK,142.62227532,-35.15425978,VIC
HUON CREEK,146.82121521,-36.15609557,VIC
SPRINGMOUNT,143.93615228,-37.41291299,VIC
GOLDEN GULLY,144.26590935,-36.79187234,VIC
BAKERY HILL,143.86574812,-37.56321453,VIC
HUNTLY NORTH,144.33949138,-36.59045081,VIC
TYNTYNDER SOUTH,143.51180737,-35.27373899,VIC
ARCADIA SOUTH,145.38113037,-36.59378421,VIC
GOLDEN POINT,143.86499462,-37.57368051,VIC
GLENDONALD,143.84435972,-37.36044231,VIC
BROOMFIELD,143.90684901,-37.38444638,VIC
IRONBARK,144.26367379,-36.75478822,VIC
SASSAFRAS,145.34768234,-37.86352014,VIC
BIG PATS CREEK,145.76264951,-37.76366188,VIC
MERBEIN WEST,142.00727252,-34.16725736,VIC
TINAMBA,146.87515839,-37.9689527,VIC
MARYSVILLE,145.79517552,-37.51797166,VIC
WYUNA EAST,145.09075473,-36.24003372,VIC
DRUMMARTIN,144.40757061,-36.4358797,VIC
LENEVA,146.86614532,-36.20970283,VIC
WHROO,145.0359961,-36.68253227,VIC
GOLDEN SQUARE,144.25278585,-36.77381908,VIC
MOUNT TOOLEBEWONG,145.5603947,-37.7198801,VIC
MARUNGI,145.52559341,-36.19559525,VIC
STANHOPE,144.98194627,-36.46266576,VIC
NORTH BLACKWOOD,144.36320455,-37.41761604,VIC
MOUNT ROWAN,143.84133854,-37.50083687,VIC
WOORINEN,143.46906623,-35.26707076,VIC
AVONMORE,144.5361539,-36.53701431,VIC
LAUNCHING PLACE,145.57617467,-37.77802588,VIC
NOOJEE,145.96924796,-37.84521782,VIC
KENNINGTON,144.30295286,-36.7712261,VIC
DRY DIGGINGS,144.16011636,-37.29741904,VIC
AVONSLEIGH,145.48433164,-37.91184836,VIC
KALORAMA,145.38324442,-37.81811966,VIC
INVERMAY,143.8753277,-37.5019786,VIC
QUARRY HILL,144.2802547,-36.77642023,VIC
KAMAROOKA NORTH,144.31375823,-36.40402007,VIC
MAJOR PLAINS,145.7809037,-36.36744345,VIC
NEWBURY,144.28556511,-37.42143298,VIC
AXEDALE,144.52405323,-36.76590776,VIC
MILDURA,142.12456014,-34.20800367,VIC
ADDINGTON,143.66788137,-37.39571927,VIC
KAARIMBA,145.28770718,-36.14535678,VIC
WATTLE FLAT,143.9480286,-37.48088787,VIC
MERRINEE,141.85005189,-34.40121748,VIC
SWAN HILL WEST,143.4038433,-35.36596615,VIC
WHEATSHEAF,144.24338025,-37.33896971,VIC
SEATON,146.68400497,-37.93859415,VIC
HEATHCOTE,144.72249087,-36.91535289,VIC
PANITYA,141.02012137,-35.12069762,VIC
KULWIN,142.59362189,-34.98681481,VIC
DENVER,144.29247778,-37.28461446,VIC
KIALLA EAST,145.49893174,-36.4648776,VIC
MOUNT CAMEL,144.74685066,-36.80777715,VIC
MOUNT HELEN,143.88562657,-37.62806524,VIC
GLADYSDALE,145.64249872,-37.83893363,VIC
BLACKWOOD,144.29817375,-37.49224175,VIC
NEILBOROUGH,144.27425982,-36.56482992,VIC
WOODVALE,144.1955406,-36.65283726,VIC
KYVALLEY,145.00558255,-36.28070142,VIC
BINGINWARRI,146.44791928,-38.5890556,VIC
GIRGARRE,144.94970682,-36.39984162,VIC
TORRITA,141.93557337,-35.136769,VIC
BULLARTO,144.22114508,-37.38828753,VIC
FERNTREE GULLY,145.28043523,-37.88435027,VIC
BLOWHARD,143.78466719,-37.43574025,VIC
BELGRAVE SOUTH,145.35731473,-37.94246879,VIC
TEMPY,142.45046854,-35.29253921,VIC
DAYLESFORD,144.14955496,-37.34520086,VIC
ARGYLE,144.71698929,-36.96746941,VIC
LYONVILLE,144.26444196,-37.3955926,VIC
KATANDRA,145.60593962,-36.25073788,VIC
NANDALY,142.67958976,-35.31193769,VIC
FERNY CREEK,145.33533725,-37.87671618,VIC
PORT ALBERT,146.69000553,-38.66983697,VIC
MURRAYDALE,143.56549662,-35.28114656,VIC
LEONARDS HILL,144.13935985,-37.41136586,VIC
CARDIGAN VILLAGE,143.70972696,-37.51746528,VIC
BONN,144.71998975,-36.41205787,VIC
MOUNT DANDENONG,145.35021018,-37.83626501,VIC
SMEATON,143.95657249,-37.30372381,VIC
GOULBURN WEIR,145.17468716,-36.71497179,VIC
BALLARAT CENTRAL,143.85026178,-37.56214501,VIC
WHIPSTICK,144.26909166,-36.65046245,VIC
COGHILLS CREEK,143.75270614,-37.38400587,VIC
GRAHAMVALE,145.43660149,-36.34782938,VIC
EAGLEHAWK NORTH,144.25672448,-36.68835264,VIC
WYUNA,145.0681327,-36.20630647,VIC
THE PATCH,145.40090092,-37.89141443,VIC
OUYEN,142.29540073,-35.04872198,VIC
EAGLEHAWK,144.26569693,-36.70662223,VIC
UNDERBOOL,141.82492918,-35.15320412,VIC
WARRENHEIP,143.92447893,-37.57490642,VIC
DELACOMBE,143.81599168,-37.58068231,VIC
BADGER CREEK,145.54007174,-37.69004475,VIC
BULLAROOK,144.00646427,-37.51134144,VIC
KILSYTH SOUTH,145.31098132,-37.83146956,VIC
WOORINEN SOUTH,143.44843618,-35.29404459,VIC
COWANGIE,141.36527016,-35.18810178,VIC
WINTER VALLEY,143.79280531,-37.58011476,VIC
EPPALOCK,144.46059632,-36.85244189,VIC
EMERALD,145.43601104,-37.94607334,VIC
HUNTER,144.51394859,-36.43120178,VIC
ALBERTON,146.66267914,-38.61709187,VIC
MARIONVALE,145.52638589,-36.26368376,VIC
JACKASS FLAT,144.28437962,-36.71847848,VIC
WOODSIDE,146.89137408,-38.53051468,VIC
HUNTERSTON,146.81196451,-38.61767948,VIC
KILLARA,146.9495655,-36.14041982,VIC
KORWEINGUBOORA,144.13882921,-37.44254585,VIC
MADALYA,146.50952609,-38.50521017,VIC
CABBAGE TREE,143.90456281,-37.4639259,VIC
GRUYERE,145.46551994,-37.73011512,VIC
NEWINGTON,143.82760785,-37.56405375,VIC
BULLARTO SOUTH,144.22264458,-37.42704289,VIC
SELBY,145.3785787,-37.91855917,VIC
NEWLYN,143.98399371,-37.41671084,VIC
MAIDEN GULLY,144.20759756,-36.75510757,VIC
WERRIMULL,141.56221863,-34.40882897,VIC
BALLARAT EAST,143.88702617,-37.56480836,VIC
SAILORS HILL,144.12538321,-37.35994364,VIC
MERBEIN SOUTH,142.01805986,-34.21976115,VIC
CHIRNSIDE PARK,145.31419369,-37.7386451,VIC
ARDMONA,145.30104633,-36.38017268,VIC
STRATHFIELDSAYE,144.35578846,-36.80425459,VIC
WEST BENDIGO,144.24701903,-36.75305881,VIC
RUNNYMEDE,144.67024712,-36.54451495,VIC
LOCH VALLEY,146.00864494,-37.81160589,VIC
FERNSHAW,145.63836779,-37.61610215,VIC
TOURELLO,143.78898393,-37.35436075,VIC
MERRIGUM,145.15019883,-36.36823619,VIC
MYERS FLAT,144.18186582,-36.70433701,VIC
HEATHCOTE SOUTH,144.71391946,-37.00873145,VIC
EGANSTOWN,144.09116117,-37.35997562,VIC
CONGUPNA,145.46913102,-36.29456527,VIC
BOWSER,146.36178595,-36.3080968,VIC
TATURA EAST,145.29332176,-36.43961957,VIC
THE BASIN,145.31906854,-37.85540082,VIC
PIER MILAN,142.6920314,-35.23729829,VIC
MANDURANG,144.29476919,-36.82753433,VIC
HEDLEY,146.55127872,-38.66306573,VIC
DURHAM LEAD,143.88807013,-37.69785697,VIC
MURRAYVILLE,141.20627823,-35.19754642,VIC
TRENTHAM,144.33043537,-37.38103894,VIC
REDCASTLE,144.82943212,-36.74439854,VIC
NALINGA,145.72854124,-36.42794623,VIC
CARWARP,142.13587893,-34.53000536,VIC
YARRAM,146.71996185,-38.55918064,VIC
ARCADIA,145.37423469,-36.53726656,VIC
LERDERDERG,144.40594145,-37.50047334,VIC
CLUNES,143.78819718,-37.28825663,VIC
NARRE WARREN NORTH,145.31326334,-37.98191271,VIC
CANIAMBO,145.59812199,-36.46506119,VIC
WALPEUP,142.04585476,-35.09915584,VIC
COBAINS,147.13781373,-38.0760664,VIC
SMYTHES CREEK,143.76727622,-37.60458165,VIC
MURCHISON EAST,145.25321508,-36.61504005,VIC
KNOWSLEY,144.60097,-36.82913169,VIC
DOOKIE COLLEGE,145.69980521,-36.39398429,VIC
STRATHDALE,144.31547623,-36.76589742,VIC
PIRA,143.3635424,-35.24892158,VIC
LITTLE HAMPTON,144.29118755,-37.36124923,VIC
BROWN HILL,143.91302948,-37.5488635,VIC
DOOKIE,145.70733764,-36.32515702,VIC
LINGA,141.68361496,-35.17363165,VIC
ROSS CREEK,143.76419277,-37.6461721,VIC
WELLSFORD,144.37349247,-36.71377977,VIC
RAYWOOD,144.18506248,-36.51752815,VIC
MYRTLEBANK,147.02715151,-38.06339374,VIC
ROCKLYN,144.05363631,-37.43649792,VIC
TOOLLEEN,144.67411342,-36.72083823,VIC
REDAN,143.83845641,-37.57642726,VIC
MANANGATANG,142.90028278,-35.052811,VIC
HEPBURN SPRINGS,144.14477243,-37.31461131,VIC
MOUNT CLEAR,143.87159205,-37.60355013,VIC
MILLGROVE,145.65070948,-37.74483471,VIC
ALLENDALE,143.91514211,-37.3620502,VIC
KINGSTON,143.95680046,-37.37822693,VIC
EPSOM,144.30934717,-36.69985587,VIC
CASTLE DONNINGTON,143.5694482,-35.42530487,VIC
YERING,145.36892084,-37.68723658,VIC
CALROSSIE,146.67072805,-38.49996969,VIC
WALDARA,146.2844356,-36.31992251,VIC
ALBERTON WEST,146.57705197,-38.60368202,VIC
CALIFORNIA GULLY,144.26081126,-36.72864297,VIC
PATCHEWOLLOCK,142.18751045,-35.43527661,VIC
COSGROVE,145.6271581,-36.34726709,VIC
LUCAS,143.76909076,-37.554098,VIC
MOUNT PLEASANT,143.85484142,-37.58199144,VIC
TOL TOL,142.82578331,-34.65134557,VIC
MAGPIE,143.84703363,-37.63171096,VIC
INVERMAY PARK,143.85909866,-37.52918545,VIC
BAGSHOT,144.39329582,-36.65273756,VIC
BIRDWOODTON,142.06915772,-34.20163204,VIC
MINERS REST,143.79750976,-37.48005513,VIC
LADYS PASS,144.69243307,-36.82065353,VIC
ULLINA,143.88800728,-37.27628322,VIC
DEAN,143.98353666,-37.45541069,VIC
SHERBROOKE,145.35930603,-37.88840537,VIC
PORCUPINE RIDGE,144.19286751,-37.27639375,VIC
ASCOT,143.81307559,-37.39645878,VIC
BONSHAW,143.81370168,-37.60333433,VIC
GELLIONDALE,146.60387189,-38.62582068,VIC
BAGSHOT NORTH,144.41377607,-36.58638964,VIC
ELEVATED PLAINS,144.13334188,-37.29401413,VIC
AXE CREEK,144.38910578,-36.86057025,VIC
CABARITA,142.08550869,-34.2064925,VIC
CRESWICK NORTH,143.87613239,-37.36120186,VIC
GOWANGARDIE,145.69779164,-36.47162486,VIC
CASTLE CREEK,146.82488911,-36.18348584,VIC
YOUANMITE,145.69218972,-36.16895362,VIC
KARRAMOMUS,145.4918293,-36.53054229,VIC
HADDON,143.69591144,-37.58916501,VIC
LAKE WENDOUREE,143.83402068,-37.5501428,VIC
ASCOT,144.33457198,-36.70843437,VIC
MANDURANG SOUTH,144.27692936,-36.86162529,VIC
SAILORS FALLS,144.1128581,-37.39314457,VIC
WINNAMBOOL,142.76756294,-34.96051164,VIC
MOUNT BOLTON,143.6959453,-37.35920498,VIC
WURRUK,147.02338516,-38.1127238,VIC
BUNINYONG,143.89680282,-37.65169645,VIC
WARANGA SHORES,145.09120239,-36.54805247,VIC
SOLDIERS HILL,143.85871908,-37.54944324,VIC
YABBA NORTH,145.68225652,-36.23100041,VIC
MARONG,144.10359142,-36.75141448,VIC
BARKSTEAD,144.10267105,-37.47482237,VIC
KIALLA WEST,145.38990671,-36.47904681,VIC
SEBASTOPOL,143.83564293,-37.60018612,VIC
HARSTON,145.11830031,-36.46657675,VIC
WARANGA,145.06831982,-36.49175133,VIC
WON WRON,146.73951872,-38.46261941,VIC
BLACK HILL,143.87249504,-37.5499752,VIC
LANGDONS HILL,144.06620293,-37.41298626,VIC
BLAMPIED,144.0266963,-37.35230811,VIC
KALIMNA,147.96708329,-37.86982966,VIC
PEECHELBA,146.18725429,-36.16540306,VIC
BOORHAMAN NORTH,146.24398003,-36.09895137,VIC
MIOWERA,147.07483418,-37.47113627,VIC
LIMA SOUTH,146.02099598,-36.83981805,VIC
EAST WARBURTON,145.7767212,-37.70428831,VIC
NERRING,143.44599585,-37.49798532,VIC
BROKEN CREEK,145.88685557,-36.4396358,VIC
MYRTLEFORD,146.73952987,-36.57229547,VIC
TERRICK TERRICK,144.26336379,-36.12010915,VIC
RED CLIFFS,142.24712218,-34.3427539,VIC
LILLICUR,143.59644625,-37.16816157,VIC
WANDILIGONG,146.97637553,-36.79223276,VIC
LAKE BOLAC,142.84543275,-37.71724066,VIC
NIRRANDA SOUTH,142.80043911,-38.54350767,VIC
EARLSTON,145.68163864,-36.531158,VIC
HAZELWOOD SOUTH,146.46190952,-38.31790427,VIC
FERN HILL,144.41102959,-37.36959112,VIC
MARKWOOD,146.50799675,-36.47150823,VIC
KNOCKWOOD,146.25949516,-37.42570186,VIC
LEXTON,143.51629796,-37.2581977,VIC
HAMILTON,142.01790414,-37.74555767,VIC
NICHOLS POINT,142.21454926,-34.21195864,VIC
BOOLE POOLE,147.79024136,-37.89931242,VIC
CROXTON EAST,142.22854963,-37.77680324,VIC
PORTLAND WEST,141.53318024,-38.36608122,VIC
AVENEL,145.28241194,-36.92483048,VIC
MONBULK,145.42782287,-37.87398786,VIC
WOORI YALLOCK,145.53570066,-37.78107568,VIC
BELLS BEACH,144.25640708,-38.37527614,VIC
BOISDALE,146.94131207,-37.85203474,VIC
SOMERVILLE,145.20066154,-38.23212292,VIC
PEECHELBA EAST,146.26162015,-36.1536063,VIC
KYNETON,144.46162625,-37.2274516,VIC
BRIDGEWATER NORTH,144.00563611,-36.55191994,VIC
TOOLAMBA,145.32350255,-36.49403085,VIC
BOOKAAR,143.09262365,-38.11651099,VIC
KOONDROOK,144.1093252,-35.64347218,VIC
CORINELLA,145.46617248,-38.42373372,VIC
GENOA,149.54370572,-37.48239499,VIC
FALLS CREEK,147.23973176,-36.87278922,VIC
DAWSON,146.68870178,-37.97412726,VIC
BARINGHUP WEST,143.90290112,-36.95618434,VIC
NEW GISBORNE,144.61528075,-37.45235136,VIC
PASCHENDALE,141.60421679,-37.66028254,VIC
CLARKEFIELD,144.80359491,-37.48669107,VIC
GONN CROSSING,143.92749126,-35.51094818,VIC
BERWICK,145.34846904,-38.03991097,VIC
NARRE WARREN EAST,145.35948455,-37.96317606,VIC
BARRAKEE,143.45227175,-36.26365388,VIC
GLENLYON,144.2424326,-37.26511536,VIC
SEYMOUR,145.16199466,-37.01606668,VIC
MYOLA,144.63895892,-36.62806785,VIC
BUCHAN,148.14469778,-37.41609945,VIC
KIRKSTALL,142.27804074,-38.26799657,VIC
MOORABOOL,144.27968658,-38.04177823,VIC
NARRAPUMELAP SOUTH,142.63569301,-37.75295638,VIC
ELMHURST,143.25845589,-37.17529737,VIC
DERGHOLM,141.19074303,-37.35120422,VIC
LEONGATHA SOUTH,145.87535137,-38.53962759,VIC
LAKE TYRRELL,142.83217922,-35.34796767,VIC
SWAN BAY,144.65093595,-38.22680182,VIC
QUANDONG,144.50297087,-37.84385161,VIC
GOUGHS BAY,146.06380047,-37.14843058,VIC
NUNNIONG,147.95417209,-37.22414148,VIC
OMEO,147.58567527,-37.1104224,VIC
LONGWARRY,145.77196726,-38.12255044,VIC
MERNDA,145.08367624,-37.59164585,VIC
APPIN,143.86844115,-35.87958873,VIC
ALTONA MEADOWS,144.78426985,-37.88082423,VIC
SMOKO,147.07072735,-36.81882398,VIC
WAITCHIE,143.10810845,-35.38036406,VIC
MELWOOD,147.50524718,-37.74138263,VIC
GERMANIA,142.75850013,-36.97658476,VIC
WANGARATTA,146.31722081,-36.36826478,VIC
LUCYVALE,147.60836611,-36.30282591,VIC
BROOKLYN,144.84148975,-37.81607908,VIC
TOM GROGGIN,148.08054126,-36.59552723,VIC
PURA PURA,143.06858605,-37.83191272,VIC
JAN JUC,144.29527438,-38.34464435,VIC
DARTMOOR,141.28910489,-37.87179544,VIC
IVANHOE EAST,145.06182246,-37.77346492,VIC
BERRYS CREEK,146.07065273,-38.41573224,VIC
MERRICKS,145.08113063,-38.39108577,VIC
FRENCH ISLAND,145.36481845,-38.34988929,VIC
POOWONG,145.77342341,-38.3387728,VIC
STAWELL,142.77053982,-37.05815576,VIC
MACORNA NORTH,144.0817904,-35.84471476,VIC
DUCHEMBEGARRA,141.91400517,-36.60693297,VIC
CAPE BRIDGEWATER,141.41493753,-38.32704632,VIC
MOUNT MARTHA,145.0306542,-38.27546769,VIC
GARVOC,142.800789,-38.29043937,VIC
SKIPTON,143.33901803,-37.69427274,VIC
PERRY BRIDGE,147.27455692,-37.9912246,VIC
COBAW,144.64119376,-37.26931648,VIC
BLACK RANGE,142.76415497,-37.13486389,VIC
CROSS ROADS,143.21253162,-37.5004447,VIC
MOUNT DRYDEN,142.5318658,-37.04637398,VIC
BINDI,147.83521653,-37.12060448,VIC
WUK WUK,147.42669511,-37.74506602,VIC
MOUNT MERCER,143.86953546,-37.83758864,VIC
GOORAMBAT,145.95121092,-36.41439069,VIC
BETHANGA,147.10595644,-36.14899007,VIC
BUCKLAND,146.89285329,-36.87617174,VIC
MCKENZIE CREEK,142.16284273,-36.80739627,VIC
YEA,145.41130875,-37.27441049,VIC
PITFIELD,143.59610572,-37.8262946,VIC
WODONGA,146.88176978,-36.12408101,VIC
LYONS,141.48214882,-37.99727831,VIC
WARRENMANG,143.28316195,-37.0663268,VIC
POWERS CREEK,141.24663086,-37.22195079,VIC
MULGRAVE,145.17598025,-37.92567326,VIC
JAM JERRUP,145.5371604,-38.33041881,VIC
DURHAM OX,143.91420657,-36.12225598,VIC
GLENMAGGIE,146.66820955,-37.81395138,VIC
CORRINGLE,148.44832694,-37.78787625,VIC
KALLISTA,145.40421354,-37.900224,VIC
MERRIANG,146.68648161,-36.56461468,VIC
SAFETY BEACH,145.00014601,-38.31536753,VIC
EUMEMMERRING,145.24685788,-37.99855031,VIC
CALLIGNEE,146.57900475,-38.32284189,VIC
PIEDMONT,145.94165224,-37.89557521,VIC
FLYNNS CREEK,146.64201295,-38.25253613,VIC
MIDDLE TARWIN,145.92717305,-38.66469806,VIC
MOUNT BEST,146.29583959,-38.58846517,VIC
BARRAPORT,143.67154406,-36.00115624,VIC
THOWGLA VALLEY,147.93751297,-36.27340396,VIC
KINGOWER,143.75226793,-36.62266552,VIC
MUCKLEFORD,144.1535697,-37.05239538,VIC
WOOSANG,143.47316792,-36.3269661,VIC
KYNETON SOUTH,144.43656694,-37.28587401,VIC
NOWA NOWA,148.02012982,-37.6932839,VIC
DUNOLLY,143.71756691,-36.86082442,VIC
BENALLA,145.99675701,-36.57886218,VIC
MURTOA,142.47914626,-36.60144484,VIC
FLAGSTAFF,143.77337398,-37.04849805,VIC
BERRIMAL,143.46420632,-36.50097085,VIC
MINMINDIE,143.75032807,-36.02152748,VIC
CLIFTON CREEK,147.66504102,-37.70710201,VIC
DROUIN EAST,145.8910593,-38.1202884,VIC
WAARRE,143.04951361,-38.57585287,VIC
YARPTURK,142.43317608,-38.28601381,VIC
MINHAMITE,142.33674652,-37.9876063,VIC
COBDEN,143.08879241,-38.33841207,VIC
BROADFORD,145.06309499,-37.21103969,VIC
LAVERS HILL,143.37873004,-38.66803097,VIC
BUNDING,144.16769686,-37.53918829,VIC
MOYARRA,145.7233439,-38.48172256,VIC
LAL LAL,144.02952753,-37.67305684,VIC
NEWBOROUGH,146.29302341,-38.17599636,VIC
BALINTORE,143.56901509,-38.2829235,VIC
MEENIYAN,146.01407396,-38.5801539,VIC
BEREMBOKE,144.22827665,-37.78961626,VIC
MOUNT ECCLES SOUTH,145.99378983,-38.41353634,VIC
BRAVINGTON,145.92261846,-38.08300481,VIC
WEERITE,143.25927306,-38.22661107,VIC
DUNNSTOWN,143.9721612,-37.59405224,VIC
ILLOWA,142.39889909,-38.33620328,VIC
DARLEY,144.42603155,-37.63742355,VIC
HEYTESBURY LOWER,142.90325237,-38.56752188,VIC
IRREWILLIPE,143.41808997,-38.45318518,VIC
BALLANGEICH,142.61759548,-38.18614823,VIC
GARIBALDI,143.85851609,-37.73152607,VIC
GLENAROUA,144.95590281,-37.11629661,VIC
BOOLA,146.46056768,-38.04855565,VIC
ST ANDREWS,145.28751703,-37.58331156,VIC
WYELANGTA,143.45491598,-38.65547182,VIC
ADAMS ESTATE,145.5318693,-38.42518872,VIC
NEERIM,145.96085303,-37.95508083,VIC
MOUNT SABINE,143.74388254,-38.63408101,VIC
DENNINGTON,142.43364628,-38.35520135,VIC
MOUNT LONARCH,143.38045519,-37.26559296,VIC
MIDDLE CREEK,143.24182445,-37.39896843,VIC
CHEWTON BUSHLANDS,144.2919377,-37.07758078,VIC
LAURISTON,144.35520241,-37.25288171,VIC
COONOOER WEST,143.21946604,-36.42476278,VIC
BUANGOR,143.17137623,-37.37068211,VIC
EUROA,145.56183084,-36.76862436,VIC
INGLEWOOD,143.85441437,-36.59711736,VIC
SPRING HILL,144.34792831,-37.30301444,VIC
NAREEWILLOCK,143.4352798,-36.1567696,VIC
TRAWALLA,143.48691699,-37.44447116,VIC
FLAGGY CREEK,147.48023298,-37.7534622,VIC
GLENFALLOCH,146.62965261,-37.69371193,VIC
COBRICO,143.0170731,-38.29116673,VIC
CAPE OTWAY,143.55940929,-38.79753829,VIC
WARNCOORT,143.71526499,-38.31846545,VIC
WHANREGARWEN,145.61964986,-37.21891799,VIC
KENNEDYS CREEK,143.25092072,-38.59865715,VIC
CLARETOWN,144.03326604,-37.51934416,VIC
CATHCART,142.87659968,-37.30888048,VIC
BARONGAROOK,143.61541091,-38.42820315,VIC
MINGAY,143.32201719,-37.84271551,VIC
CLARENDON,143.97467003,-37.70211205,VIC
YINNAR,146.31893975,-38.33280956,VIC
WEERING,143.69494696,-38.09767357,VIC
SOUTH DUDLEY,145.57510297,-38.59360011,VIC
BENWERRIN,143.90018014,-38.48452682,VIC
HESSE,143.88347306,-38.08220298,VIC
THALLOO,146.3086604,-38.08560426,VIC
WHOOREL,143.83595534,-38.37034806,VIC
LONGWARRY NORTH,145.78188129,-38.08047931,VIC
LAANG,142.8150162,-38.36807585,VIC
LAKE GOLDSMITH,143.38720112,-37.53482581,VIC
BELLFIELD,142.48933705,-37.22497666,VIC
MOLIAGUL,143.66449683,-36.7473279,VIC
COBRAM,145.64076483,-35.93386349,VIC
SPRINGFIELD,144.82027029,-37.3313378,VIC
BUMBERRAH,147.83214307,-37.79087189,VIC
LAKE BUNGA,148.03619264,-37.86287735,VIC
WARTOOK,142.38703356,-37.01499163,VIC
ARNOLD,143.85957477,-36.67517687,VIC
SUTTON GRANGE,144.36141914,-36.98777214,VIC
ILLAWARRA,142.69137759,-37.06739293,VIC
WYCHEPROOF SOUTH,143.17971097,-36.13809429,VIC
PIPERS CREEK,144.54793653,-37.25010519,VIC
ELINGAMITE NORTH,142.98326387,-38.34623799,VIC
PENNYROYAL,143.87278054,-38.44184177,VIC
WILLATOOK,142.223523,-38.15109702,VIC
SKENES CREEK,143.7102498,-38.71316098,VIC
YAMBUK,142.07542702,-38.31371869,VIC
BAROMI,146.17751671,-38.40303206,VIC
NILMA NORTH,146.00391324,-38.12778504,VIC
KARIAH,143.22776583,-38.13820108,VIC
DROUIN WEST,145.86409226,-38.08201907,VIC
BUNYIP,145.71894542,-38.10003773,VIC
PRINCETOWN,143.17201441,-38.65133118,VIC
INGLISTON,144.313121,-37.6595497,VIC
WALLAN,144.96390628,-37.40812104,VIC
LORNE,143.92577532,-38.53328975,VIC
NARRACAN,146.23665802,-38.27103012,VIC
WELSHPOOL,146.43243345,-38.66640011,VIC
FUMINA SOUTH,146.1213275,-37.95958455,VIC
NERRENA,146.01742006,-38.50706027,VIC
GLENMORE,144.29820422,-37.71539507,VIC
BONNIE DOON,145.88103497,-37.01717398,VIC
CARRUM DOWNS,145.17595996,-38.09279739,VIC
WARRION,143.55720607,-38.22502602,VIC
BULN BULN EAST,146.01243809,-38.07175339,VIC
WOODHOUSE,142.42023883,-37.80010309,VIC
WALHALLA,146.47434176,-37.93400106,VIC
BOOLARONG,146.25752685,-38.5680628,VIC
CORNISHTOWN,146.57021363,-36.10290221,VIC
TARILTA,144.19122403,-37.17781703,VIC
RATHSCAR WEST,143.49271885,-37.01152616,VIC
NUGGETTY,144.05505648,-36.95277584,VIC
TERRAPPEE,143.57528009,-36.15498616,VIC
LANCEFIELD,144.71149663,-37.26124064,VIC
WINTON NORTH,146.09823765,-36.45936752,VIC
SEDGWICK,144.32294253,-36.90235019,VIC
REDBANK,143.30873881,-36.90912776,VIC
ERCILDOUNE,143.58920443,-37.41480403,VIC
BATHUMI,146.0852778,-36.02807953,VIC
RIGGS CREEK,145.59375385,-36.65279682,VIC
BARRAPORT WEST,143.53446895,-36.01758308,VIC
HIGH CAMP,144.87225884,-37.19359742,VIC
NARINGAL EAST,142.79211329,-38.40839681,VIC
KILMORE,144.94972929,-37.30164362,VIC
TYRENDARRA EAST,141.89536619,-38.24995633,VIC
SUGARLOAF,143.79736296,-38.69092726,VIC
FISH CREEK,146.07274723,-38.72839461,VIC
RUBICON,145.84690971,-37.39399085,VIC
WIMBLEDON HEIGHTS,145.23471923,-38.48027768,VIC
TRAFALGAR SOUTH,146.15957752,-38.24401316,VIC
TERANG,142.87885802,-38.23869013,VIC
YARRAGON,146.07452689,-38.18693015,VIC
LESLIE MANOR,143.36086613,-38.11484771,VIC
SUMMERLANDS,145.13841971,-38.50988179,VIC
CARGERIE,143.95292261,-37.80357168,VIC
MOONDARRA,146.35459295,-38.04877982,VIC
MORWELL,146.41460722,-38.22759164,VIC
CAMPERDOWN,143.15019553,-38.23856891,VIC
HERNES OAK,146.31248771,-38.22091161,VIC
BUFFALO,146.01554398,-38.67016525,VIC
THOMSON,146.34508654,-37.75599826,VIC
CHILDERS,146.10199468,-38.30027084,VIC
ATHLONE,145.78649666,-38.24148511,VIC
WEST CREEK,145.61277895,-38.55265111,VIC
LANG LANG EAST,145.65695087,-38.27182305,VIC
DROUIN SOUTH,145.82142382,-38.19010698,VIC
BOOLARRA,146.27289113,-38.38322655,VIC
TERIP TERIP,145.55716398,-37.00899724,VIC
TAGGERTY,145.72454096,-37.34590348,VIC
JEERALANG,146.47495027,-38.37183845,VIC
GLEN ALVIE,145.65187092,-38.50287134,VIC
STAUGHTON VALE,144.25505769,-37.84037218,VIC
WOOLSHED FLAT,143.65938374,-36.32748229,VIC
MAJORCA,143.82040794,-37.12791622,VIC
MIEPOLL,145.48069082,-36.60943593,VIC
YAWONG HILLS,143.38675411,-36.47150053,VIC
VIOLET TOWN,145.71113512,-36.60963341,VIC
FYANS CREEK,142.57661975,-37.09379883,VIC
AMPHITHEATRE,143.4148224,-37.18795596,VIC
FARADAY,144.30141879,-37.04678315,VIC
WISELEIGH,147.79237506,-37.71160683,VIC
CARLYLE,146.48578293,-36.00246397,VIC
MOUNT HOOGHLY,143.65835616,-36.9141557,VIC
KATUNGA,145.46544464,-35.99973477,VIC
JEETHO,145.72793943,-38.402405,VIC
DARNUM,146.02103723,-38.17622175,VIC
FLOWERDALE,145.30275353,-37.33204309,VIC
ICY CREEK,146.09728832,-37.8843726,VIC
MOUNT TASSIE,146.5619032,-38.38861466,VIC
LARRALEA,143.2411674,-38.05646534,VIC
CATANI,145.65007163,-38.19441049,VIC
AYRFORD,142.85236484,-38.43753051,VIC
MIRBOO,146.23773578,-38.47923145,VIC
BARUNAH PARK,143.82497934,-38.00431722,VIC
DERRINALLUM,143.18220711,-37.96193697,VIC
FRAMLINGHAM EAST,142.71213021,-38.20065011,VIC
BAW BAW,146.30686918,-37.8320424,VIC
WARRABKOOK,142.07161404,-37.98613607,VIC
UPPER PLENTY,145.05462123,-37.41973003,VIC
WALLINDUC,143.5191766,-37.87257334,VIC
WERNETH,143.60558155,-37.92909005,VIC
MOUNT DORAN,144.04106588,-37.72169371,VIC
STRATHALLAN,144.76229869,-36.25575176,VIC
CURYO,142.71034395,-35.83639582,VIC
DEVENISH,145.89862421,-36.33358147,VIC
MOYREISK,143.39053272,-36.87325169,VIC
BIRCHIP,142.9255748,-35.99335053,VIC
AVON PLAINS,142.9279676,-36.5437231,VIC
MITRE,141.77274099,-36.71829286,VIC
CHARAM,141.51742829,-36.95269704,VIC
WOMBAT CREEK,148.25530924,-37.76226054,VIC
WEE WEE RUP,144.29139408,-35.86206569,VIC
MOUNT COLE,143.21472889,-37.25549593,VIC
NEUARPURR,141.0462176,-36.70290882,VIC
WATTLE CREEK,143.08801205,-36.96280236,VIC
NANNEELLA,144.79359206,-36.33032203,VIC
TENNYSON,144.375696,-36.29115027,VIC
PINE GROVE,144.40160808,-36.20975425,VIC
GLENLOGIE,143.29480913,-37.23932827,VIC
MOUNT FRANKLIN,144.15453969,-37.25966966,VIC
BOOROLITE,146.2064103,-37.15239598,VIC
WILLUNG SOUTH,146.82521023,-38.32561228,VIC
WILKUR,142.66200238,-36.07253843,VIC
MYALL,142.75571288,-35.53649191,VIC
HINNOMUNJIE,147.65377145,-37.01250328,VIC
MOONLIGHT FLAT,143.64959473,-37.04768498,VIC
NOWIE,143.2781684,-35.3305491,VIC
BOLANGUM,142.99351379,-36.72168564,VIC
EDENHOPE,141.30512747,-37.06691366,VIC
EMU,143.44507389,-36.73590628,VIC
AMHERST,143.65302795,-37.13618973,VIC
GLENLEE,141.83252845,-36.23331095,VIC
LURG,146.12477856,-36.58293472,VIC
TAMINICK,146.16531392,-36.38631139,VIC
LAEN NORTH,142.82981097,-36.37861195,VIC
BEULAH,142.42267761,-35.91993178,VIC
BOHO SOUTH,145.81643307,-36.77230247,VIC
MANORINA,148.79949907,-37.69234997,VIC
WOOMELANG,142.6313923,-35.68071161,VIC
NURCOUNG,141.67686574,-36.62103463,VIC
MAFFRA WEST UPPER,146.82149549,-37.87542896,VIC
MINCHA,144.06326248,-35.99060762,VIC
GLENPATRICK,143.33147588,-37.14618801,VIC
WOODGLEN,147.38504511,-37.77346365,VIC
JUNGABURRA,144.28696175,-36.05640745,VIC
BOBINAWARRAH,146.48734363,-36.53616349,VIC
TELFORD,145.94835592,-36.10238176,VIC
MARRAWEENEY,145.73235914,-36.76267635,VIC
IGUANA CREEK,147.34855679,-37.69500264,VIC
ANCONA,145.80935862,-36.96191906,VIC
KOOROOL,146.9425912,-37.72616261,VIC
BELLELLEN,142.69251544,-37.13782634,VIC
RED LION,143.75934849,-37.17037621,VIC
YOUARANG,145.77201456,-36.14715072,VIC
MYWEE,145.50886474,-35.84226082,VIC
WONWONDAH,142.1901737,-36.88550822,VIC
PRAHRAN,145.000343,-37.85174788,VIC
DEEPDENE,145.06586545,-37.81140077,VIC
HALLAM,145.26892255,-38.0075537,VIC
JUNCTION VILLAGE,145.29143107,-38.13601217,VIC
ST ALBANS,144.8052834,-37.74536136,VIC
NATYA,143.20027682,-34.95434602,VIC
SOUTHBANK,144.96227816,-37.82586063,VIC
CAULFIELD SOUTH,145.02492847,-37.89465354,VIC
BRUARONG,146.86381209,-36.42029784,VIC
GLEN VALLEY,147.52417864,-36.90901204,VIC
BRIGHTON EAST,145.01667839,-37.91732963,VIC
CAMBERWELL,145.07362622,-37.8384505,VIC
CANTERBURY,145.0756952,-37.82359236,VIC
TIMMERING,144.87808839,-36.34785844,VIC
WHARPARILLA,144.63338827,-36.09279736,VIC
WATTLE GLEN,145.18839422,-37.66732826,VIC
HAMLYN HEIGHTS,144.32399087,-38.12098853,VIC
NARRUNG,143.22223347,-34.78123259,VIC
GYMBOWEN,141.62094204,-36.75091997,VIC
ST KILDA EAST,145.00212681,-37.86678876,VIC
ELWOOD,144.98548584,-37.88077935,VIC
BLACKBURN,145.15226237,-37.82168169,VIC
KEILOR DOWNS,144.80413027,-37.72058934,VIC
MURRABIT,143.93904397,-35.54322932,VIC
NAVARRE,143.09796425,-36.90552383,VIC
GLEN HUNTLY,145.04135797,-37.89235693,VIC
LYNBROOK,145.25612516,-38.05581331,VIC
NORTH MELBOURNE,144.94482109,-37.79843875,VIC
HOWQUA,146.19329883,-37.24253268,VIC
FISH POINT,143.73059443,-35.45157111,VIC
BERRIWILLOCK,142.96107437,-35.64704479,VIC
TULKARA,143.04844243,-36.94386097,VIC
ST KILDA,144.98179855,-37.86368633,VIC
MEAD,144.11501733,-35.81077457,VIC
TONGALA,144.95778968,-36.24556598,VIC
NUNAWADING,145.1765331,-37.81734766,VIC
ELSTERNWICK,145.00701303,-37.88583832,VIC
BENTLEIGH,145.03858436,-37.92264066,VIC
COBUNGRA,147.3771519,-37.08630707,VIC
CRANBOURNE NORTH,145.29878122,-38.07751044,VIC
BOWEYA,146.12063999,-36.27478368,VIC
TALLANGATTA EAST,147.28443756,-36.21372839,VIC
CULGOA,143.12098713,-35.70849043,VIC
EVANSFORD,143.64988535,-37.26600778,VIC
UPPER LURG,146.19122747,-36.58420465,VIC
CROYDON HILLS,145.26691635,-37.77561598,VIC
KANGAROO GROUND,145.23197349,-37.68936141,VIC
RIPPONLEA,144.99528196,-37.87775794,VIC
MALVERN,145.03502037,-37.85680884,VIC
GARDENVALE,145.00913401,-37.89811245,VIC
CAULFIELD NORTH,145.02158433,-37.87203311,VIC
KENSINGTON,144.92707323,-37.79433352,VIC
BUNDALAGUAH,147.0175203,-38.02805521,VIC
CAPELS CROSSING,143.91636628,-35.60897387,VIC
KOOYONG,145.03584225,-37.84136127,VIC
LONGWOOD EAST,145.45596159,-36.83821924,VIC
PARADISE,143.07388291,-36.83206295,VIC
TALLANDOON,147.22071225,-36.40131207,VIC
LLOWALONG,147.03767352,-37.9061832,VIC
PRAIRIE,144.21100894,-36.29958783,VIC
CAULFIELD,145.02633919,-37.88405122,VIC
SURREY HILLS,145.09822561,-37.82673031,VIC
HAWTHORN EAST,145.05007851,-37.83118944,VIC
TARRANYURK,142.10041553,-36.22363638,VIC
BOX HILL,145.12610078,-37.8215089,VIC
WOOLENOOK,147.04462884,-37.69782232,VIC
CROYDON SOUTH,145.27783229,-37.81516714,VIC
SPRINGFIELD,143.11431682,-35.57473549,VIC
TAHARA WEST,141.63086039,-37.73593548,VIC
ALMA,143.67810141,-37.02205675,VIC
CAPE SCHANCK,144.90318505,-38.46023358,VIC
ELTHAM,145.15909924,-37.71743485,VIC
AGNES,146.38768689,-38.68148603,VIC
HEALESVILLE,145.55093485,-37.66023833,VIC
HOTHAM HEIGHTS,147.15838034,-37.01193954,VIC
GOOMALIBEE,145.87520808,-36.48860557,VIC
ARMSTRONG,142.88213707,-37.21248516,VIC
GOON NURE,147.5467848,-37.98467042,VIC
TEAL POINT,144.05091155,-35.68003666,VIC
POMBORNEIT NORTH,143.33662958,-38.21668188,VIC
TARRENGOWER,144.0147741,-37.00487926,VIC
CAMPBELLS FOREST,144.1167593,-36.61314013,VIC
CHARLEROI,147.15314903,-36.30793914,VIC
YALLA-Y-POORA,143.13151706,-37.52619804,VIC
COCHRANES CREEK,143.58039034,-36.6944811,VIC
FRYERSTOWN,144.26517502,-37.13933366,VIC
KURRACA WEST,143.56330185,-36.51054627,VIC
BALLYROGAN,143.08266263,-37.42525869,VIC
BANKSIA PENINSULA,147.67543913,-37.95034393,VIC
TOORADIN,145.38379573,-38.2007793,VIC
ROCKLANDS,142.05072138,-37.27490838,VIC
CARLSRUHE,144.51458631,-37.28970005,VIC
CAMPBELLS BRIDGE,142.7959953,-36.92540991,VIC
MACS COVE,146.14596931,-37.20514376,VIC
EAST MELBOURNE,144.98259039,-37.81442411,VIC
BRIDGEWATER,143.95984455,-36.63867395,VIC
ECKLIN SOUTH,142.89987448,-38.38754184,VIC
LICOLA,146.59288198,-37.60277056,VIC
SEAVIEW,145.9577024,-38.28159098,VIC
REEDY FLAT,147.91656802,-37.40605493,VIC
POWLETT PLAINS,143.86782984,-36.47134874,VIC
TARCOMBE,145.37125534,-36.97833175,VIC
MELBOURNE,144.97151194,-37.82503942,VIC
TOLMIE,146.28316269,-36.93319174,VIC
DALYENONG,143.41801216,-36.80616604,VIC
CANNIE,143.49840284,-35.75102156,VIC
HARROW,141.60153301,-37.14439066,VIC
BOORCAN,143.01571017,-38.2274944,VIC
BAYSWATER,145.26473007,-37.84517001,VIC
MOORNAPA,147.17042019,-37.699146,VIC
LINDSAY POINT,141.01411912,-34.11910155,VIC
MARYBOROUGH,143.7445995,-37.04731986,VIC
REDESDALE,144.48425717,-37.00907368,VIC
COBURG NORTH,144.96806245,-37.72701556,VIC
SAN REMO,145.41080091,-38.52801391,VIC
BRIGHTON,144.99569211,-37.90840678,VIC
POINT WILSON,144.52684248,-38.0257624,VIC
WULGULMERANG,148.29923562,-37.02732017,VIC
BROADLANDS,147.68737764,-37.85974001,VIC
WINGAN RIVER,149.48884762,-37.63660349,VIC
EAGLE POINT,147.68111451,-37.90080852,VIC
GRASSDALE,141.64528414,-37.82493,VIC
WINJALLOK,143.1916332,-36.84583169,VIC
KOLORA,142.91676449,-38.12395763,VIC
TYLDEN,144.41097324,-37.32838364,VIC
BYLANDS,144.93866249,-37.35423948,VIC
LONGERENONG,142.344566,-36.68411979,VIC
WY YUNG,147.60725419,-37.79093207,VIC
LAKE LONSDALE,142.62504266,-37.0334924,VIC
RAGLAN,143.30709482,-37.34066761,VIC
DUNLUCE,143.58891279,-36.87940185,VIC
MAINDAMPLE,145.9588462,-37.02513376,VIC
METCALFE,144.43553688,-37.09004662,VIC
KOONWARRA,145.95176595,-38.55900766,VIC
SILVAN,145.43346077,-37.83651341,VIC
QUAMBATOOK,143.52955124,-35.84674813,VIC
DEER PARK,144.77170305,-37.76935363,VIC
WESBURN,145.65352982,-37.77405954,VIC
BEND OF ISLANDS,145.28447093,-37.69767482,VIC
TAWONGA,147.20062863,-36.68576009,VIC
FAWKNER,144.96928458,-37.70463213,VIC
DOCKER,146.36661792,-36.50957942,VIC
JAMIESON,146.11368326,-37.27886898,VIC
RINGWOOD,145.23341414,-37.81150624,VIC
VALENCIA CREEK,146.98973252,-37.7832629,VIC
CORNELLA,144.7721939,-36.68610773,VIC
TOONGABBIE,146.59203559,-38.03587421,VIC
MINCHA WEST,144.12917804,-35.91442534,VIC
WARROCK,141.29409109,-37.43043506,VIC
BUNDALONG SOUTH,146.17491663,-36.10700854,VIC
BENDOC,148.89403439,-37.20847896,VIC
KELLALAC,142.40298951,-36.36678686,VIC
METCALFE EAST,144.45571686,-37.14587849,VIC
SUTHERLANDS CREEK,144.22183086,-38.0067212,VIC
COWA,147.18041702,-37.38887448,VIC
GELANTIPY,148.23901505,-37.19270051,VIC
HOWQUA INLET,146.1339588,-37.23160958,VIC
GLENTHOMPSON,142.52467417,-37.69412364,VIC
GIPSY POINT,149.69064451,-37.48655985,VIC
HIGHETT,145.0404501,-37.95036349,VIC
WROXHAM,149.48608231,-37.34171352,VIC
LIPAROO,142.57303217,-34.81828889,VIC
MARNOO WEST,142.7794518,-36.71150976,VIC
WARNEET,145.31956687,-38.22581496,VIC
CORIO,144.37400004,-38.06717979,VIC
SILVERLEAVES,145.27389851,-38.45309055,VIC
NARINGAL,142.71917704,-38.39702934,VIC
STUART MILL,143.28042461,-36.79432962,VIC
HILGAY,141.63249747,-37.62351243,VIC
VASEY,141.89138382,-37.33691207,VIC
MUNRO,147.22016541,-37.90510841,VIC
MOONAMBEL,143.30314423,-36.9866413,VIC
SUGGAN BUGGAN,148.3280732,-36.92430355,VIC
BAYNTON,144.64106875,-37.13581027,VIC
RINGWOOD EAST,145.2535641,-37.81331501,VIC
MURGHEBOLUC,144.13886373,-38.10038449,VIC
ELAINE,144.01250472,-37.76435619,VIC
INDIGO VALLEY,146.73977947,-36.18619317,VIC
BARNADOWN,144.52622877,-36.64783105,VIC
BRODRIBB RIVER,148.59142377,-37.69522203,VIC
MOOLORT,143.92373098,-37.06503239,VIC
COBBERAS,148.09183936,-36.85153095,VIC
COLIGNAN,142.33945047,-34.53902795,VIC
LAKE MERAN,143.79368319,-35.89475488,VIC
MCINTYRE,143.67764716,-36.6894575,VIC
WELSHMANS REEF,144.0356571,-37.0617483,VIC
WANDO BRIDGE,141.42388077,-37.43927201,VIC
TONGIO,147.69602876,-37.16875732,VIC
WIRRATE,144.98204696,-36.77042153,VIC
KEALBA,144.82814241,-37.73731045,VIC
KERGUNYAH,146.99337996,-36.35241951,VIC
BURKES BRIDGE,144.33831578,-35.83000933,VIC
OXLEY FLATS,146.39159975,-36.39850372,VIC
ENSAY,147.82141973,-37.37648445,VIC
LAMPLOUGH,143.51827697,-37.14990573,VIC
MOUNTAIN BAY,146.09878281,-37.1969072,VIC
MOONLIGHT FLAT,144.24646196,-37.06216617,VIC
STRATFORD,147.11202876,-37.95605403,VIC
BRIAGOLONG,147.08709868,-37.80465469,VIC
BOWMANS FOREST,146.62419808,-36.46830975,VIC
TAROON,142.87014938,-38.33071268,VIC
BALLIANG EAST,144.43688487,-37.80868971,VIC
NAPOLEONS,143.80765058,-37.69009077,VIC
DEANS MARSH,143.90233166,-38.40254704,VIC
BREWSTER,143.53344158,-37.49799501,VIC
SHEPPARTON NORTH,145.39041162,-36.31944831,VIC
HARCOURT,144.25833375,-36.9934591,VIC
BEACONSFIELD UPPER,145.42379499,-37.99819294,VIC
DINGWALL,143.8420176,-35.81115869,VIC
MONGANS BRIDGE,147.12186662,-36.5891196,VIC
NORTH WANGARATTA,146.3438431,-36.32574925,VIC
BURROWYE,147.53466026,-36.03631507,VIC
BEMM RIVER,148.9275154,-37.71384071,VIC
TELANGATUK EAST,142.01563077,-37.1293648,VIC
WARRANDYTE,145.20959079,-37.74777541,VIC
CARRAJUNG SOUTH,146.79999697,-38.38121788,VIC
SWAN HILL,143.51180912,-35.36216462,VIC
FREEBURGH,147.05888947,-36.77074868,VIC
YEUNGROON,143.35437227,-36.39781627,VIC
WARRAGUL,145.92978813,-38.15373863,VIC
BUFFALO RIVER,146.657364,-36.6716041,VIC
BRANDY CREEK,145.91276692,-38.10202178,VIC
MORNINGTON,145.06007995,-38.23027911,VIC
BET BET,143.75271275,-36.92487917,VIC
CANARY ISLAND,143.87334201,-36.01045749,VIC
BARNAWARTHA,146.67329484,-36.07897026,VIC
NERRIN NERRIN,143.01904531,-37.75888123,VIC
TALGARNO,147.1628951,-36.07449006,VIC
KIMBOLTON,144.5036397,-36.91949782,VIC
YAN YEAN,145.12929988,-37.55060493,VIC
YELLINGBO,145.5302972,-37.84635189,VIC
WANDELLA,143.82364381,-35.73724368,VIC
WINTON,146.09804267,-36.52132954,VIC
GLENLOTH EAST,143.46783818,-36.0541097,VIC
WOODEND NORTH,144.52819488,-37.32330384,VIC
PURNIM WEST,142.55453787,-38.29667559,VIC
MOOROOLBARK,145.32551079,-37.78125534,VIC
DIGGERS REST,144.69621509,-37.62012238,VIC
WOOL WOOL,143.40905499,-38.22766098,VIC
MCMILLANS,144.16320155,-35.84888535,VIC
ANGLESEA,144.15435771,-38.38081588,VIC
WONYIP,146.38277589,-38.54587048,VIC
HAPPY VALLEY,142.7162543,-34.69803352,VIC
DUVERNEY,143.55889375,-38.02832162,VIC
CHELSEA,145.12140374,-38.04971663,VIC
HARMERS HAVEN,145.57817679,-38.65395842,VIC
TELOPEA DOWNS,141.10784706,-36.01982143,VIC
KOONDA,145.75097705,-36.48876493,VIC
BOHO,145.78359544,-36.67931071,VIC
WOOREEN,146.02046989,-38.40505166,VIC
PAYNESVILLE,147.71233874,-37.91124465,VIC
PIRIES,146.12696022,-37.17873289,VIC
WOLLERT,145.00557191,-37.59201147,VIC
STONY CREEK,146.09114306,-38.59271022,VIC
CARRANBALLAC,143.18022638,-37.68992655,VIC
GRAND RIDGE,146.39866018,-38.4793642,VIC
CROYDON,145.2840491,-37.79493972,VIC
HILLDENE,145.04579497,-37.03703034,VIC
BAXTER,145.15666446,-38.20093209,VIC
ROSEDALE,146.82919383,-38.18325554,VIC
KERGUNYAH SOUTH,147.02840795,-36.42878582,VIC
SIDONIA,144.56022981,-37.16358457,VIC
GOBARUP,144.8712697,-36.67767901,VIC
BENGWORDEN,147.44460246,-37.96377923,VIC
FLYNN,146.67590613,-38.19651006,VIC
GRE GRE SOUTH,143.01718344,-36.67858805,VIC
PANMURE,142.72227847,-38.33160883,VIC
HARCOURT NORTH,144.27617273,-36.95107372,VIC
NYAH,143.36374153,-35.14870462,VIC
TONGHI CREEK,149.07158687,-37.60736443,VIC
MOSSIFACE,147.81811591,-37.74230018,VIC
MUCKLEFORD SOUTH,144.12374444,-37.10545761,VIC
CHILTERN,146.61611122,-36.19929556,VIC
HALLS GAP,142.52766542,-37.12367006,VIC
UNDERA,145.21395224,-36.24537859,VIC
FERNDALE,145.94095761,-38.30700169,VIC
WALPA,147.39417295,-37.79434229,VIC
PARADISE BEACH,147.41585096,-38.19365667,VIC
BAEL BAEL,143.73821746,-35.68707261,VIC
KINGS PARK,144.77197453,-37.73370384,VIC
WALKERVILLE NORTH,145.99934971,-38.84260135,VIC
SALISBURY WEST,143.93664692,-36.5154884,VIC
ARTHURS CREEK,145.21011126,-37.56499335,VIC
GOLDEN BEACH,147.36280761,-38.2292137,VIC
GLENALBYN,143.72373785,-36.48747676,VIC
GREENS CREEK,142.94450734,-36.9324375,VIC
WHOROULY,146.57829358,-36.51691216,VIC
BUNBARTHA,145.33131657,-36.23545765,VIC
CARRAJUNG,146.68237055,-38.37691298,VIC
KING VALLEY,146.40477929,-36.6946023,VIC
TOWONG UPPER,148.00817947,-36.2110412,VIC
GOORAM,145.60464001,-36.90019936,VIC
TERRICK TERRICK EAST,144.38008644,-36.11637318,VIC
KOOREH,143.40283089,-36.64956932,VIC
LOCH SPORT,147.5627742,-38.05956859,VIC
COLAC COLAC,147.84814989,-36.22346714,VIC
FRAMLINGHAM,142.6939951,-38.26041293,VIC
WYE RIVER,143.84939689,-38.62495918,VIC
CREIGHTONS CREEK,145.51973795,-36.85268747,VIC
GORDON,144.11241814,-37.56755732,VIC
NEERIM NORTH,146.02681937,-37.92439908,VIC
WALLALOO EAST,142.90897638,-36.80558059,VIC
AUCHMORE,144.09608346,-36.46867291,VIC
WAUBRA,143.61883992,-37.33362879,VIC
GOLDEN POINT,144.27435149,-37.06369276,VIC
BUNGULUKE,143.36357646,-36.05610137,VIC
EVERTON UPPER,146.56809254,-36.38397146,VIC
LONGWOOD,145.39462736,-36.8015617,VIC
MERRIANG SOUTH,146.66551961,-36.60117538,VIC
BLACKBURN NORTH,145.15435592,-37.80536979,VIC
EDI,146.40841245,-36.64992247,VIC
HARRIETVILLE,147.04642432,-36.90078155,VIC
BARWIDGEE,146.7720892,-36.51544236,VIC
STRATHMERTON,145.44997962,-35.91153793,VIC
GISBORNE,144.56957927,-37.51046544,VIC
NORLANE,144.35370136,-38.09185497,VIC
GLENGARRY,146.63532486,-38.12768423,VIC
LARA,144.40189273,-38.00477687,VIC
ULLSWATER,141.39973196,-36.92054396,VIC
LAKE TYERS,148.1256722,-37.83995877,VIC
EAST BAIRNSDALE,147.66281125,-37.8440433,VIC
BARMAH,144.99109243,-35.95627303,VIC
WINDERMERE,143.71706343,-37.48304797,VIC
OXLEY,146.37717351,-36.4487845,VIC
BELGRAVE HEIGHTS,145.34370835,-37.92622434,VIC
MURCHISON,145.17970429,-36.62517167,VIC
NULLA VALE,144.76465524,-37.17198908,VIC
NINYEUNOOK,143.42134134,-35.95737565,VIC
SOUTH MELBOURNE,144.95747163,-37.83392841,VIC
CAMBARVILLE,146.01298514,-37.61051413,VIC
BENJEROOP,143.82657067,-35.49294181,VIC
STEWARTON,145.81417433,-36.41458251,VIC
WILLIAMS LANDING,144.74301565,-37.86198427,VIC
TINTALDRA,147.91272772,-36.05957246,VIC
BLIND BIGHT,145.33991746,-38.21385035,VIC
WILLIAMSTOWN,144.89009225,-37.86128768,VIC
LAKE EILDON,145.96795752,-37.18270335,VIC
FORGE CREEK,147.62935595,-37.93208629,VIC
PETERBOROUGH,142.88219018,-38.58799127,VIC
LAANECOORIE,143.91654593,-36.82760498,VIC
TORRUMBARRY,144.52768035,-36.04631358,VIC
FERNIHURST,143.86683584,-36.22689012,VIC
RESEARCH,145.18778661,-37.70680234,VIC
BENNISON,146.27001596,-38.66697957,VIC
DOUBLE BRIDGES,147.88564239,-37.59522678,VIC
BYAWATHA,146.4667566,-36.28878641,VIC
BROWNS PLAINS,146.62494779,-36.04598147,VIC
DINNER PLAIN,147.27776573,-37.03029354,VIC
GEMBROOK,145.63905772,-37.94502864,VIC
BULART,141.91938962,-37.57604402,VIC
CARRAJUNG LOWER,146.73912369,-38.39233014,VIC
NIDDRIE,144.88465772,-37.73946394,VIC
TALLANGATTA SOUTH,147.28153627,-36.32410602,VIC
SANDRINGHAM,145.01463238,-37.95361065,VIC
TOOLANGI,145.50057504,-37.52156212,VIC
WANTIRNA SOUTH,145.22194081,-37.8738775,VIC
WEST WODONGA,146.82188723,-36.11103752,VIC
PRANJIP,145.38257115,-36.73206213,VIC
KILSYTH,145.31849534,-37.81437399,VIC
BANDIANA,146.93076263,-36.13589679,VIC
GLENORCHY,142.64526019,-36.9078368,VIC
MOUNT MACEDON,144.59438251,-37.39353239,VIC
KERANG EAST,144.01403553,-35.77981578,VIC
STAGHORN FLAT,146.94302332,-36.24110498,VIC
TRAGOWEL,143.97242994,-35.84483406,VIC
MUDGEGONGA,146.86737567,-36.49413613,VIC
BROADWATER,142.07787468,-38.12046906,VIC
TARADALE,144.34971544,-37.14147218,VIC
JARRAHMOND,148.4019421,-37.66150486,VIC
KERANG,143.94550487,-35.72458805,VIC
TIMOR,143.73445001,-36.97765435,VIC
BARNAWARTHA NORTH,146.7480352,-36.08707343,VIC
MEERLIEU,147.39443283,-38.01623925,VIC
MURMUNGEE,146.68080994,-36.44327693,VIC
DEVILS RIVER,145.83586926,-37.17347354,VIC
BEAUMARIS,145.0389373,-37.9823912,VIC
VECTIS,142.07561522,-36.7008126,VIC
FULHAM,146.96996664,-38.08135217,VIC
DON VALLEY,145.59135603,-37.73856907,VIC
SOUTH MORANG,145.08470014,-37.63229697,VIC
KEVINGTON,146.16985858,-37.36027251,VIC
PASTORIA,144.58621486,-37.21524386,VIC
WANDONG,145.03145849,-37.35216851,VIC
MOUNT COTTRELL,144.62052377,-37.78979709,VIC
TARRONE,142.20330441,-38.22415724,VIC
BALLIANG,144.34496851,-37.81836966,VIC
OSBORNES FLAT,146.90913911,-36.32061547,VIC
BOOLARRA SOUTH,146.28495988,-38.44684907,VIC
WANGANDARY,146.22674823,-36.32530226,VIC
WEDDERBURN JUNCTION,143.70813296,-36.42941066,VIC
HEPBURN,144.12765935,-37.31188511,VIC
RIDDELLS CREEK,144.68321415,-37.44376746,VIC
TARRAWINGEE,146.47542726,-36.38274581,VIC
CUDGEE,142.65485711,-38.34015363,VIC
AVOCA,143.47011558,-37.08197945,VIC
DONCASTER EAST,145.16391985,-37.7789624,VIC
WANTIRNA,145.22588593,-37.85234166,VIC
KONGWAK,145.71274902,-38.51202503,VIC
FOSTERVILLE,144.47929756,-36.69685914,VIC
BOORT,143.74192277,-36.13364791,VIC
OLD TALLANGATTA,147.24996268,-36.20192006,VIC
BESSIEBELLE,141.93262637,-38.15935177,VIC
MILL PARK,145.06425715,-37.66418583,VIC
COMBIENBAR,149.01504467,-37.3711457,VIC
VENUS BAY,145.79110169,-38.67655866,VIC
WINNAP,141.38706036,-37.90081168,VIC
FOSTER NORTH,146.16399122,-38.6062231,VIC
NATTE YALLOCK,143.45637166,-36.94539783,VIC
EYNESBURY,144.54289699,-37.78831801,VIC
HOLLANDS LANDING,147.46409974,-38.0499221,VIC
MURRINDINDI,145.57687715,-37.38648707,VIC
KEILOR NORTH,144.79328428,-37.68164223,VIC
KADNOOK,141.38669522,-37.16829887,VIC
BETLEY,143.79451752,-36.9178486,VIC
GLENHOPE,144.61227593,-37.07435299,VIC
BRIMIN,146.25980711,-36.05322878,VIC
CRANBOURNE EAST,145.30541545,-38.10999904,VIC
STRANGWAYS,144.09549764,-37.14417576,VIC
BAIRNSDALE,147.58894919,-37.85955363,VIC
MENZIES CREEK,145.40118584,-37.92316734,VIC
RUPANYUP,142.6752922,-36.63392078,VIC
SEPARATION CREEK,143.87322585,-38.59195549,VIC
JOYCES CREEK,143.98806804,-37.08853915,VIC
AVALON,144.45170235,-38.05195125,VIC
LUCKNOW,147.66743335,-37.80701386,VIC
CULLULLERAINE,141.64876676,-34.20087877,VIC
BOCHARA,141.9090236,-37.68737613,VIC
THOLOGOLONG,147.42792081,-35.99098151,VIC
NEWBRIDGE,143.91883424,-36.74485537,VIC
SEASPRAY,147.16994868,-38.32553331,VIC
SORRENTO,144.74196733,-38.34461348,VIC
NEERIM EAST,146.05361797,-37.99616209,VIC
GOSCHEN,143.44341962,-35.49073494,VIC
MYSTIC PARK,143.73208992,-35.56484219,VIC
MELTON WEST,144.5411304,-37.67913578,VIC
LAKE FYANS,142.62872669,-37.13387777,VIC
WARRACKNABEAL,142.43030354,-36.22518263,VIC
FRENCHMANS,143.20505375,-37.00564319,VIC
ARCHDALE,143.51025148,-36.83734343,VIC
CUDGEWA,147.79878148,-36.14713199,VIC
TALLANGATTA VALLEY,147.45964265,-36.33457057,VIC
TRARALGON,146.51979289,-38.20338568,VIC
GUNDOWRING,147.07193895,-36.37616858,VIC
TRARALGON EAST,146.5893585,-38.18715216,VIC
TANGAMBALANGA,147.03842483,-36.23954899,VIC
UPOTIPOTPON,145.78257524,-36.50815804,VIC
GEELONG WEST,144.34488917,-38.13936488,VIC
LAKE EPPALOCK,144.57133566,-36.87347581,VIC
BAYSWATER NORTH,145.28366402,-37.82688124,VIC
FLEMINGTON,144.91929735,-37.7867387,VIC
ULTIMA EAST,143.37414492,-35.43229198,VIC
METUNG,147.84353467,-37.8686162,VIC
COCOROC,144.62147921,-37.96865696,VIC
LONDRIGAN,146.4440086,-36.34324161,VIC
THE HONEYSUCKLES,147.23355757,-38.33424682,VIC
ILLABAROOK,143.6515641,-37.82059473,VIC
MARLO,148.68766924,-37.77159772,VIC
MOUNT EVELYN,145.38803017,-37.78744675,VIC
KOTUPNA,145.1118088,-36.13516508,VIC
MEPUNGA WEST,142.65166314,-38.43588921,VIC
BULLIOH,147.36916025,-36.17367767,VIC
ELMORE,144.58074856,-36.46628047,VIC
SEVILLE EAST,145.50319997,-37.7785701,VIC
NEEREMAN,143.95346129,-36.91918145,VIC
MYSIA,143.75326082,-36.22489345,VIC
MERRIJIG,147.44200017,-37.65551289,VIC
PUCKAPUNYAL,144.94867746,-36.93563179,VIC
PIMPINIO,142.08593507,-36.6138553,VIC
HOMEBUSH,143.53277131,-37.03750377,VIC
MUCKATAH,145.65117214,-36.00316166,VIC
BRIDGEWATER ON LODDON,143.94076642,-36.60359563,VIC
GREDGWIN,143.61656682,-35.96012996,VIC
QUEENSCLIFF,144.64583905,-38.26910371,VIC
MITCHELLSTOWN,145.04605693,-36.83499686,VIC
CHATSWORTH,142.65856654,-37.84798659,VIC
BELLFIELD,145.03844923,-37.75305272,VIC
COONGULLA,146.77007548,-37.87118849,VIC
EDDINGTON,143.8612363,-36.90672392,VIC
CLYDESDALE,144.09725207,-37.17164159,VIC
SKINNERS FLAT,143.58459441,-36.353233,VIC
KURTING,143.80560287,-36.53786512,VIC
CHESNEY VALE,146.05138934,-36.41248005,VIC
DEWHURST,145.46690252,-37.98007453,VIC
MACCLESFIELD,145.48914759,-37.87828383,VIC
BORUNG,143.78017845,-36.29421049,VIC
WENTWORTH,147.48844351,-37.30860437,VIC
MATLOCK,146.18388975,-37.57225525,VIC
WALWA,147.73150293,-35.99242698,VIC
TARRAWARRA,145.44422361,-37.6559091,VIC
WHITEHEADS CREEK,145.26487379,-37.05754593,VIC
ALBERT PARK,144.95883088,-37.84443821,VIC
AIRLY,147.09745765,-38.03075629,VIC
DADSWELLS BRIDGE,142.49481587,-36.8981267,VIC
RUFFY,145.48541782,-36.9543362,VIC
ROBERTSONS BEACH,146.72921553,-38.65626697,VIC
DUMBALK NORTH,146.17796359,-38.51225765,VIC
SHELLEY,147.55415786,-36.20314102,VIC
TREMONT,145.31625997,-37.87909368,VIC
DERRIMUT,144.77606152,-37.79969729,VIC
THORNBURY,145.00580105,-37.75817285,VIC
ECHUCA,144.76083237,-36.17260371,VIC
CHERRYPOOL,142.16733961,-37.13325261,VIC
DELEGATE RIVER,148.81273239,-37.10935127,VIC
SCORESBY,145.21885283,-37.90172912,VIC
NAR NAR GOON NORTH,145.56517268,-38.03543739,VIC
FOSTER,146.19930768,-38.67252766,VIC
TECOMA,145.34388947,-37.90460155,VIC
WONGUNGARRA,147.04508377,-37.25561988,VIC
HOMEWOOD,145.31124354,-37.20146946,VIC
IRYMPLE,142.16878233,-34.25256109,VIC
BIGGARA,147.99443426,-36.35670477,VIC
BITTERN,145.16923416,-38.33677473,VIC
TAMLEUGH NORTH,145.57840193,-36.52628584,VIC
DIXONS CREEK,145.42748338,-37.59357539,VIC
WARRENBAYNE,145.88938989,-36.70458408,VIC
PAKENHAM UPPER,145.50775453,-38.00779505,VIC
MACEDON,144.55567932,-37.42814598,VIC
POMPAPIEL,144.08208363,-36.36884217,VIC
KURRACA,143.61424056,-36.5199282,VIC
MCKENZIE HILL,144.18279236,-37.06894947,VIC
GREEN GULLY,144.09809584,-37.11699747,VIC
EAST WANGARATTA,146.38096952,-36.3633043,VIC
CANN RIVER,149.15882335,-37.58903186,VIC
KOROOP,144.07009581,-35.73541444,VIC
NEWRY,146.89559508,-37.89635134,VIC
WYCHITELLA NORTH,143.62979648,-36.2050168,VIC
DALMORE,145.42611096,-38.18412906,VIC
CROOKED RIVER,146.99233537,-37.38787784,VIC
TAMLEUGH,145.58328174,-36.59030996,VIC
LICOLA NORTH,146.53449929,-37.52365361,VIC
CARDIGAN,143.73485252,-37.53659971,VIC
NEDS CORNER,141.38926908,-34.21289464,VIC
BELL PARK,144.3383545,-38.10517703,VIC
MUSKERRY,144.58326051,-36.68907904,VIC
HENSLEY PARK,142.05695365,-37.62447182,VIC
BURRAMINE,145.88274431,-36.00971467,VIC
PINE MOUNTAIN,147.83275911,-36.01187741,VIC
MOUNT BULLER,146.43615646,-37.26159972,VIC
PARK ORCHARDS,145.21477019,-37.77699125,VIC
COBBANNAH,147.27229192,-37.64850057,VIC
TUBBUT,148.59494678,-37.05776846,VIC
WICKLIFFE,142.71730014,-37.69808314,VIC
ASCOT VALE,144.91369882,-37.77696479,VIC
VITE VITE,143.14493019,-37.86011144,VIC
MEPUNGA,142.67585414,-38.45794815,VIC
LEAGHUR,143.79893534,-35.98156774,VIC
MONTMORENCY,145.12513045,-37.71890472,VIC
TATONG,146.15291809,-36.76192851,VIC
TRENTHAM EAST,144.40178728,-37.41095228,VIC
SUNDAY CREEK,145.04489471,-37.24784154,VIC
LEONGATHA,145.9436721,-38.47401972,VIC
KORIELLA,145.65207988,-37.16331491,VIC
COBRAM EAST,145.73649099,-35.97462738,VIC
DALTONS BRIDGE,144.28414367,-35.82330362,VIC
GLENBRAE,143.55699869,-37.34812912,VIC
GOWAR EAST,143.3934587,-36.54810891,VIC
ROCHFORD,144.66645158,-37.31296233,VIC
NARING,145.58296133,-36.06293125,VIC
OAKVALE,143.54326982,-35.93005382,VIC
GLENLOTH,143.3403003,-36.13248813,VIC
WEDDERBURN,143.59646973,-36.41936375,VIC
ARNOLD WEST,143.78529578,-36.66915486,VIC
BADDAGINNIE,145.86307421,-36.60413151,VIC
KENNETT RIVER,143.80490328,-38.63845821,VIC
BONA VISTA,145.9638979,-38.20506698,VIC
DOCKLANDS,144.9407338,-37.81837791,VIC
ALLAMBEE SOUTH,146.10067548,-38.35108021,VIC
DURDIDWARRAH,144.18681496,-37.82080158,VIC
WARRAK,143.11444635,-37.28431485,VIC
BYADUK,141.96782565,-37.94615304,VIC
BRUCKNELL,142.89878316,-38.45947226,VIC
MOUNT ECCLES,145.9690142,-38.38032944,VIC
TYERS,146.47117005,-38.13917497,VIC
WOODLEIGH,145.61206467,-38.3937262,VIC
NAREEB,142.54812084,-37.83117513,VIC
SURF BEACH,145.2951954,-38.50808435,VIC
PENSHURST,142.3168789,-37.86892883,VIC
MARYVALE,146.42711455,-38.18590143,VIC
ERICA,146.38002217,-37.97730271,VIC
CUNDARE NORTH,143.56118113,-38.10307457,VIC
WARRAGUL SOUTH,145.91082472,-38.21467912,VIC
PYALONG,144.85891492,-37.11356647,VIC
MIRBOO NORTH,146.14984686,-38.39504745,VIC
THORNTON,145.81089616,-37.26549363,VIC
BUNGADOR,143.3288728,-38.42541119,VIC
LISMORE,143.35066868,-37.96817452,VIC
BENLOCH,144.67764873,-37.19987003,VIC
MAIN LEAD,143.37702224,-37.38586536,VIC
MOUNT TAYLOR,147.57687083,-37.72557145,VIC
BRIGHT,147.02667926,-36.70380098,VIC
TARNAGULLA,143.83161596,-36.77732607,VIC
BRIMPAEN,142.20381839,-37.04932232,VIC
STANLEY,146.77459929,-36.39023748,VIC
RHEOLA,143.70247356,-36.65312989,VIC
LAKE TYERS BEACH,148.06158088,-37.85863265,VIC
LANGI KAL KAL,143.49728767,-37.37974366,VIC
CADELLO,144.53063995,-37.3031227,VIC
SARSFIELD,147.73619036,-37.75672475,VIC
KITHBROOK,145.72174218,-36.80694733,VIC
BEARS LAGOON,143.95145259,-36.33167126,VIC
CHARLTON,143.33568036,-36.28783002,VIC
ELLIMINYT,143.58005845,-38.37113782,VIC
DENICULL CREEK,142.93943348,-37.34079263,VIC
CORONET BAY,145.44378741,-38.43495349,VIC
AMOR,146.40368928,-37.94025144,VIC
DALES CREEK,144.30179616,-37.5232205,VIC
PETTICOAT CREEK,143.73118517,-38.7134821,VIC
CRESSY,143.66540103,-38.0331943,VIC
CAPE PATERSON,145.6161892,-38.66068253,VIC
MAILORS FLAT,142.46478693,-38.28800586,VIC
DARLIMURLA,146.21486542,-38.39106693,VIC
ORFORD,142.1048631,-38.19505139,VIC
BUNGAL,144.13261782,-37.70323361,VIC
COALVILLE,146.26480129,-38.24027848,VIC
ALVIE,143.4941701,-38.2365567,VIC
MARDAN,146.12693842,-38.47123808,VIC
ELLINBANK,145.93368173,-38.25225201,VIC
TIMBOON,142.97616272,-38.48924795,VIC
YINNAR SOUTH,146.35518482,-38.36713433,VIC
ROKEBY,145.93533989,-38.06947245,VIC
MINYIP,142.63815732,-36.45746394,VIC
BURRUMBEET,143.62527663,-37.49353208,VIC
FAIRY DELL,147.7573677,-37.68872955,VIC
TANWOOD,143.38516981,-37.00524911,VIC
WATERLOO,143.43943581,-37.36249881,VIC
CARISBROOK,143.8405743,-37.02735964,VIC
DUMOSA,143.18327794,-35.94232998,VIC
LINDENOW SOUTH,147.42259805,-37.86835056,VIC
YEUNGROON EAST,143.43140435,-36.3590024,VIC
GLENLUCE,144.24526668,-37.18322516,VIC
FENTONS CREEK,143.53107659,-36.55615231,VIC
THE GURDIES,145.56613385,-38.38680344,VIC
COORIEMUNGLE,143.1362608,-38.55967052,VIC
SKENES CREEK NORTH,143.71760044,-38.69169725,VIC
KORUMBURRA SOUTH,145.83791167,-38.48420562,VIC
TORWOOD,145.87429244,-38.25782098,VIC
MOE SOUTH,146.24659442,-38.21487185,VIC
WATERFORD PARK,145.06684485,-37.30021951,VIC
BUSHFIELD,142.51691269,-38.32504477,VIC
THE SISTERS,142.78516369,-38.18303265,VIC
TANJIL,146.2293922,-37.944751,VIC
TENBY POINT,145.4748778,-38.41415744,VIC
WARATAH BAY,146.05841981,-38.80232726,VIC
GERRIGERRUP,142.19809495,-37.99191459,VIC
EURACK,143.72981725,-38.15319162,VIC
DALYSTON,145.54562881,-38.56891425,VIC
DELBURN,146.24187629,-38.33413174,VIC
PENTLAND HILLS,144.37785261,-37.65653736,VIC
WINSLOW,142.45857741,-38.24115785,VIC
CORUNNUN,143.48843374,-38.28264456,VIC
BUXTON,145.71072476,-37.43810906,VIC
YUULONG,143.30835375,-38.72594423,VIC
BULN BULN,145.95315103,-38.09482732,VIC
BALOOK,146.56175969,-38.42984723,VIC
NOORAT,142.91948697,-38.19281867,VIC
DRUMMOND,144.30581974,-37.24012127,VIC
TABILK,145.1692921,-36.84495736,VIC
ELLASWOOD,147.56520707,-37.78020438,VIC
RICHMOND PLAINS,143.4785679,-36.39916074,VIC
MEERING WEST,143.70754069,-35.88554458,VIC
KATAMATITE EAST,145.7528152,-36.03728663,VIC
DEEP LEAD,142.71106728,-36.99997977,VIC
GUILDFORD,144.16555236,-37.1880703,VIC
YAPEEN,144.17063044,-37.11826055,VIC
LAKE MARMAL,143.52422009,-36.11324461,VIC
KOOROOMAN,146.02536083,-38.46517891,VIC
GLENFYNE,143.00748474,-38.4087274,VIC
PHEASANT CREEK,145.29255349,-37.47117597,VIC
WALKERVILLE SOUTH,145.99613927,-38.86044119,VIC
CONDAH SWAMP,141.83612382,-37.97108654,VIC
LARPENT,143.50659764,-38.35620783,VIC
BREAKAWAY CREEK,141.81900034,-38.03202037,VIC
MERTON,145.70966548,-36.9780131,VIC
CAVEAT,145.49972052,-37.05912786,VIC
COOPERS CREEK,146.42805229,-37.98730259,VIC
WONTHAGGI,145.591621,-38.61651317,VIC
MOUNT EGERTON,144.11171223,-37.64758246,VIC
EDEN PARK,145.06681301,-37.49545891,VIC
BEEAC,143.66442345,-38.18126783,VIC
JINDIVICK,145.89106942,-38.0295906,VIC
NEERIM SOUTH,145.98379239,-38.01310317,VIC
SUGARLOAF CREEK,145.02770704,-37.12837874,VIC
GREENDALE,144.32225055,-37.54034297,VIC
TYRENDARRA,141.79602823,-38.21025905,VIC
SWAN MARSH,143.35102714,-38.37483487,VIC
WATTLE HILL,143.25340515,-38.75548444,VIC
RANCEBY,145.86087018,-38.37155475,VIC
BARONGAROOK WEST,143.54558596,-38.43211143,VIC
MORANDING,144.95240788,-37.23362587,VIC
MAINTONGOON,145.77811421,-37.13111737,VIC
BRENANAH,143.7059508,-36.55937284,VIC
YARROWEYAH,145.56817396,-35.94724887,VIC
INVERGORDON,145.5849665,-36.14607522,VIC
TEDDYWADDY,143.32402865,-36.1950711,VIC
NUNGURNER,147.8955251,-37.85461957,VIC
WOODEND,144.52442995,-37.36130745,VIC
LLANELLY,143.83084402,-36.72545375,VIC
WYCHEPROOF,143.2323163,-36.05654422,VIC
BELLBRIDGE,147.06020405,-36.09707402,VIC
KOONOOMOO,145.56030622,-35.86287025,VIC
LEDCOURT,142.55406996,-36.98482066,VIC
DARRAWEIT GUIM,144.8699274,-37.4217275,VIC
CHOCOLYN,143.19988115,-38.20253544,VIC
TRIDA,145.97158973,-38.32357811,VIC
GELLIBRAND LOWER,143.2271557,-38.71282538,VIC
BARRAMUNGA,143.71509338,-38.58421625,VIC
FISKVILLE,144.23190679,-37.68034097,VIC
MYRNIONG,144.35987265,-37.60474143,VIC
BAW BAW VILLAGE,146.25800727,-37.84144841,VIC
CHAPPLE VALE,143.29606381,-38.63371507,VIC
YEO,143.64672897,-38.3677458,VIC
THE COVE,142.69707538,-38.49032448,VIC
LIMESTONE,145.55788893,-37.277284,VIC
YENDON,143.97928859,-37.64096779,VIC
KERNOT,145.61243459,-38.43892444,VIC
GLENBURN,145.4294423,-37.40474705,VIC
CUNDARE,143.59233862,-38.14623668,VIC
HORDERN VALE,143.49328345,-38.79361503,VIC
TAYLOR BAY,145.88022833,-37.20793573,VIC
MANNIBADAR,143.51068661,-37.77320965,VIC
JANCOURT,143.09127958,-38.36709802,VIC
JEERALANG JUNCTION,146.41302817,-38.34788233,VIC
GREY RIVER,143.83454575,-38.6801637,VIC
PAARATTE,142.96789887,-38.55373507,VIC
SHADY CREEK,146.07010984,-38.10008299,VIC
HOMERTON,141.80955642,-38.13468515,VIC
COLAC,143.59203318,-38.31322912,VIC
WILLOW GROVE,146.1642921,-38.07317936,VIC
IRREWARRA,143.67608636,-38.27049278,VIC
NORTH WONTHAGGI,145.59417094,-38.57950418,VIC
ALLAMBEE,146.02351827,-38.29635664,VIC
ABERFELDY,146.3784359,-37.69978748,VIC
SIMPSON,143.25187531,-38.50352759,VIC
BUCKRABANYULE,143.52466867,-36.26359377,VIC
RUTHERGLEN,146.49342094,-36.05889462,VIC
JOHNSONVILLE,147.81058468,-37.82042648,VIC
KATAMATITE,145.69203189,-36.0753298,VIC
BALMATTUM,145.65950379,-36.7073035,VIC
ZUMSTEINS,142.3842417,-37.11877382,VIC
EDGECOMBE,144.46335349,-37.18509247,VIC
EASTWOOD,147.63451596,-37.81287839,VIC
TALLYGAROOPNA,145.44006554,-36.2313116,VIC
WALLACEDALE,141.82086062,-37.92954808,VIC
HALLSTON,146.03668564,-38.35730483,VIC
ANDERSON,145.44930095,-38.52172443,VIC
POMBORNEIT,143.28831547,-38.29217966,VIC
ELINGAMITE,143.01272369,-38.37333636,VIC
IRREWILLIPE EAST,143.48514911,-38.43080218,VIC
GELLIBRAND,143.56472942,-38.53477182,VIC
ARAWATA,145.87784288,-38.39271508,VIC
TRARALGON SOUTH,146.5462391,-38.28995471,VIC
VENTNOR,145.19532459,-38.49242679,VIC
WILD DOG VALLEY,145.94273319,-38.36825201,VIC
ACHERON,145.6993267,-37.26893154,VIC
LARDNER,145.8733946,-38.21757786,VIC
SKIBO,143.12851051,-38.20430545,VIC
BUNGAREE,144.00320014,-37.55880314,VIC
WANGOOM,142.58186916,-38.33123599,VIC
NILMA,145.97319923,-38.16949317,VIC
SUNSET STRIP,145.26650627,-38.49526339,VIC
POOWONG EAST,145.83291357,-38.33004042,VIC
MOUNT BUTE,143.40924555,-37.8771502,VIC
MURPHYS CREEK,143.74805705,-36.73552544,VIC
NICHOLSON,147.74776991,-37.81308258,VIC
SWAN REACH,147.8686309,-37.81317751,VIC
TOWANINNY SOUTH,143.33404636,-35.94193083,VIC
SIMSON,143.77484327,-36.99820861,VIC
GOWER,144.09890418,-37.02849465,VIC
STRATHLEA,143.97295324,-37.1526412,VIC
WYCHITELLA,143.61744987,-36.26689383,VIC
CREEK JUNCTION,145.89467656,-36.84846678,VIC
TEDDYWADDY WEST,143.2226736,-36.19665986,VIC
PURDEET,142.39639287,-37.93471523,VIC
PATTERSON LAKES,145.14328131,-38.06949122,VIC
BARUNAH PLAINS,143.77269582,-38.04452452,VIC
NEERIM JUNCTION,145.96547026,-37.92371553,VIC
WHITELAW,145.77581025,-38.43590216,VIC
MODELLA,145.72236747,-38.17784989,VIC
GLENGARRY NORTH,146.55552674,-38.08484385,VIC
KOROIT,142.37271602,-38.27360953,VIC
GLENGARRY WEST,146.51182113,-38.11883392,VIC
YALLOURN NORTH,146.37225706,-38.13277026,VIC
TOOMBON,146.43932209,-37.72117932,VIC
ROSEBROOK,142.27020863,-38.34490709,VIC
LAKE CONDAH,141.81671203,-38.09109509,VIC
WONGARRA,143.78491297,-38.67691328,VIC
BAYNTON EAST,144.71150904,-37.12356673,VIC
WOOLSTHORPE,142.46326362,-38.14810874,VIC
QUEENSFERRY,145.50111711,-38.41875329,VIC
KOALLAH,143.23890517,-38.29216497,VIC
ALEXANDRA,145.73673063,-37.19809568,VIC
YARRAGON SOUTH,146.07298285,-38.24982622,VIC
JACOB CREEK,146.40183829,-38.00370006,VIC
YANAKIE,146.19890378,-38.80444424,VIC
RAWSON,146.40729384,-37.9613855,VIC
TIMBOON WEST,142.92399154,-38.53628794,VIC
NALANGIL,143.45922595,-38.32247699,VIC
ST ARNAUD EAST,143.32484507,-36.62711608,VIC
COONOOER BRIDGE,143.31283021,-36.46409712,VIC
ROSES GAP,142.45619005,-36.97418296,VIC
TIMOR WEST,143.67883313,-36.95651653,VIC
IRISHTOWN,144.22939753,-37.14920439,VIC
KEELY,144.24617857,-35.85581892,VIC
CLYDE,145.35381551,-38.14821021,VIC
HILLSIDE,147.51557091,-37.84077686,VIC
CAMPBELLS CREEK,144.21135424,-37.10462922,VIC
WALMER,144.16036198,-36.97806922,VIC
STONELEIGH,143.22308489,-37.58899454,VIC
TOOLONG,142.23779399,-38.31532932,VIC
WALLACE,144.05497645,-37.56179767,VIC
CURDIEVALE,142.86441155,-38.51853666,VIC
FERGUSON,143.51624931,-38.62563114,VIC
CORAGULAC,143.53663707,-38.26234317,VIC
KORUMBURRA,145.81509122,-38.43782365,VIC
GAINSBOROUGH,145.97597295,-38.22729237,VIC
BANGHOLME,145.17208364,-38.0483933,VIC
ALMURTA,145.58387032,-38.45901146,VIC
JOHANNA,143.39428797,-38.73431435,VIC
WEEAPROINAH,143.49495189,-38.63386507,VIC
PORT CAMPBELL,143.02497508,-38.6095976,VIC
HEATH HILL,145.70860171,-38.24373141,VIC
HEATHCOTE JUNCTION,145.04377308,-37.38235564,VIC
WARRAGUL WEST,145.88202144,-38.16898114,VIC
ROWSLEY,144.36769317,-37.72506061,VIC
BUDGEREE,146.36260432,-38.42120466,VIC
NORADJUHA,141.91950957,-36.84798649,VIC
LAKE BOGA,143.64691497,-35.44442588,VIC
WOOROONOOK,143.20901901,-36.26201044,VIC
MOUNT BRUNO,146.15641417,-36.320672,VIC
NARRAPORT,143.06654831,-36.01958634,VIC
DOUGLAS,141.71075812,-37.03894673,VIC
SIMPSONS CREEK,148.36340733,-37.76593562,VIC
MURRA WARRA,142.22412487,-36.43896967,VIC
COKUM,143.25690831,-35.75471773,VIC
NURRABIEL,142.04677153,-36.95030761,VIC
BURRAMINE SOUTH,145.85669081,-36.0731716,VIC
MASSEY,142.86352152,-36.21982698,VIC
LOCKINGTON,144.50515003,-36.26810589,VIC
BUSHY PARK,147.01778393,-37.8591934,VIC
BETE BOLONG NORTH,148.29615038,-37.59952505,VIC
WATCHEM WEST,142.73718448,-36.18373142,VIC
LANDSBOROUGH WEST,143.0700827,-37.01002557,VIC
GRETA,146.28873963,-36.53988772,VIC
MOLKA,145.40914114,-36.67547198,VIC
ARAPILES,141.84478561,-36.74285106,VIC
BETE BOLONG,148.30073857,-37.68596995,VIC
GLEN WILLS,147.47677762,-36.83389488,VIC
BRINGALBERT,141.16909388,-36.83586696,VIC
BORALMA,146.3975628,-36.23686433,VIC
BALLENDELLA,144.66920236,-36.29343983,VIC
CHILLINGOLLAH,143.04372379,-35.27627937,VIC
MOCKINYA,142.17796637,-36.96017193,VIC
SWANWATER,143.10319648,-36.54105395,VIC
DERBY,144.02390665,-36.65217509,VIC
KIATA,141.7828376,-36.35746451,VIC
KEWELL,142.42470715,-36.46719088,VIC
GOWANFORD,143.19068708,-35.41324203,VIC
RAINBOW,141.96318776,-35.90562654,VIC
ROSTRON,143.18076332,-36.76077188,VIC
BOUNDARY BEND,143.09473636,-34.7383303,VIC
HANSONVILLE,146.29206411,-36.61079305,VIC
TITTYBONG,143.36344153,-35.75268196,VIC
ADELAIDE LEAD,143.66842984,-37.08179275,VIC
CROWLANDS,143.10652276,-37.12458255,VIC
LILLIMUR,141.11852991,-36.46841393,VIC
BULGA,143.34508937,-35.30480334,VIC
BANYENA,142.82652171,-36.58539825,VIC
LAKE WONGAN,143.15316718,-37.60885195,VIC
ECHUCA WEST,144.67135999,-36.17563419,VIC
GLENLOFTY,143.20314419,-37.1250503,VIC
SYLVATERRE,144.23054642,-36.07703125,VIC
BUNG BONG,143.58471633,-37.09491845,VIC
ANTWERP,141.97095193,-36.26746949,VIC
DIMBOOLA,142.06378867,-36.38619396,VIC
WHIRILY,142.99284274,-35.91998218,VIC
WOORAGEE,146.74282648,-36.28940526,VIC
SHEANS CREEK,145.65198967,-36.77276295,VIC
UPPER RYANS CREEK,146.2083453,-36.67469732,VIC
MINIMAY,141.20392821,-36.69913165,VIC
TYRRELL,142.99117296,-35.4333336,VIC
WAYGARA,148.32026333,-37.76764426,VIC
ROSEWHITE,146.88915566,-36.57427609,VIC
NETHERBY,141.64776609,-36.07394133,VIC
LAKE ROWAN,145.98489867,-36.26097479,VIC
GRETA WEST,146.23125414,-36.53483665,VIC
DARRIMAN,146.92854566,-38.41497146,VIC
TAWONGA SOUTH,147.13768276,-36.76619595,VIC
FAIRY DELL,144.73243034,-36.32400603,VIC
NORONG,146.34964325,-36.09971774,VIC
CANNUM,142.26997581,-36.26421965,VIC
SUTHERLAND,143.19458161,-36.53277847,VIC
BRIM,142.44494689,-36.06540926,VIC
MOYHU,146.36441546,-36.59470713,VIC
TURRIFF,142.45227036,-35.47090056,VIC
MOORNGAG,146.05627696,-36.73414388,VIC
TOOAN,141.78102902,-36.80950461,VIC
KANYA,142.98607763,-36.77317534,VIC
ELIZABETH ISLAND,145.36875018,-38.41569727,VIC
CARRON,142.75005374,-36.27982461,VIC
WANDOWN,142.94276823,-34.82230823,VIC
APSLEY,141.08411824,-36.96670712,VIC
YANAC,141.40833,-36.08580317,VIC
DEDERANG,147.00127471,-36.48257435,VIC
MOLYULLAH,146.1544482,-36.6751733,VIC
WILBY,146.04844098,-36.15521961,VIC
BOWEYA NORTH,146.10722828,-36.23037397,VIC
GLENALADALE,147.31419165,-37.75293839,VIC
JEFFCOTT,143.13836998,-36.3190095,VIC
WATCHEM,142.87518424,-36.15161325,VIC
MIRIMBAH,146.39858911,-37.11470144,VIC
TUNGAMAH,145.87558474,-36.16165542,VIC
JOEL SOUTH,142.99948405,-37.06313568,VIC
WANGARABELL,149.48584916,-37.39168886,VIC
TYLDEN SOUTH,144.37428298,-37.35375551,VIC
TRESCO,143.6898595,-35.50429723,VIC
EUROBIN,146.84352659,-36.63932509,VIC
SANDON,144.03298915,-37.16935394,VIC
WOODSTOCK WEST,143.98972306,-36.82188383,VIC
MACORNA,143.99504516,-35.92553981,VIC
BLACKHEATH,142.28992447,-36.47114966,VIC
LAEN,142.7918308,-36.43235419,VIC
GLENROWAN,146.2150094,-36.45934942,VIC
OZENKADNOOK,141.35655636,-36.83016095,VIC
UPTON HILL,145.40347117,-36.89546574,VIC
KOYUGA,144.88104148,-36.23177876,VIC
CREEK VIEW,144.65139134,-36.60097676,VIC
COROP,144.78381375,-36.45909072,VIC
HIAMDALE,146.74877327,-38.26491705,VIC
GUYS FOREST,147.68141425,-36.09190349,VIC
CARAG CARAG,144.89381426,-36.46004961,VIC
JOEL JOEL,142.99087781,-37.01479315,VIC
TURRIFF EAST,142.58407601,-35.44757573,VIC
BURRAMBOOT,144.83173164,-36.53002286,VIC
FRAMLINGHAM,142.6420063,-38.30738669,VIC
LAKE TYERS COMMUNITY,148.09900539,-37.84008707,VIC
WHITFIELD,146.41306399,-36.75223789,VIC
ST GERMAINS,145.15153773,-36.20826074,VIC
PICOLA,145.09048215,-35.95736003,VIC
WANALTA,144.90634924,-36.59959902,VIC
HEXHAM,142.67963569,-37.98293667,VIC
EAST SALE,147.14144212,-38.10360469,VIC
WONGA PARK,145.2696944,-37.73554203,VIC
KOETONG,147.48532788,-36.15059641,VIC
CULLA,141.57644827,-37.23781017,VIC
FERNBANK,147.32171686,-37.86165429,VIC
HUON,147.08227782,-36.22905409,VIC
BARKERS CREEK,144.23439757,-37.02059021,VIC
VAUGHAN,144.21462747,-37.16037123,VIC
STOCKDALE,147.18277974,-37.82975452,VIC
MAFEKING,142.55188755,-37.38736813,VIC
LOGAN,143.48392603,-36.62779039,VIC
MONEGEETTA,144.77648467,-37.40104407,VIC
SEACOMBE,147.42637926,-38.13718457,VIC
NEWTOWN,144.33505607,-38.15398409,VIC
BURNBANK,143.58765554,-37.22955618,VIC
RICH AVON WEST,142.81498448,-36.5052491,VIC
BURNEWANG,144.66686877,-36.47796814,VIC
GIFFARD,147.09976089,-38.38409809,VIC
BREAKWATER,144.37352454,-38.18237268,VIC
BIRREGURRA,143.8200933,-38.33550411,VIC
WILLIAMSTOWN NORTH,144.86891928,-37.85263147,VIC
JERICHO,146.22889565,-37.66620035,VIC
GRE GRE,143.08754657,-36.67424746,VIC
RUBY,145.91774761,-38.43736836,VIC
STAVELY,142.62743494,-37.60680329,VIC
CONCONGELLA,142.87400533,-37.04622728,VIC
RICH AVON EAST,142.8927612,-36.51747489,VIC
SALE,147.07303207,-38.10258716,VIC
KANYAPELLA,144.89122466,-36.13145043,VIC
POINT COOK,144.7516097,-37.90559622,VIC
GAFFNEYS CREEK,146.27965372,-37.49135035,VIC
BASS,145.46641088,-38.47739852,VIC
ELPHINSTONE,144.35759223,-37.07212558,VIC
COWWARR,146.6714859,-38.01409136,VIC
BEECHWORTH,146.65741493,-36.3381596,VIC
DARTMOUTH,147.62526734,-36.59765555,VIC
SANDHILL LAKE,143.68944863,-35.73858308,VIC
CHANDLERS CREEK,149.29805938,-37.32645112,VIC
YANDO,143.81204596,-36.07381643,VIC
MILNES BRIDGE,144.08238667,-35.78601097,VIC
RIVERSLEA,146.94506009,-38.00373623,VIC
LANGLEY,144.50108558,-37.15005248,VIC
DEPTFORD,147.68839087,-37.56619461,VIC
HEATHMONT,145.24408735,-37.83078125,VIC
WAREEK,143.61219704,-36.99676222,VIC
HESKET,144.62996164,-37.35258281,VIC
DUTSON,147.23722824,-38.17706544,VIC
GANNAWARRA,144.14026745,-35.71748803,VIC
FORBES,144.89040533,-37.31351657,VIC
WILLAURA,142.70970987,-37.51990351,VIC
NARIEL VALLEY,147.83982823,-36.50678937,VIC
TEMPLESTOWE,145.14875308,-37.75398577,VIC
ULUPNA,145.45169369,-35.83586259,VIC
BROMLEY,143.78728497,-36.88729419,VIC
KOOROOCHEANG,144.04444227,-37.30058885,VIC
MURNUNGIN,143.24112682,-35.61435003,VIC
TAMBOON,149.20583753,-37.69509685,VIC
BIG DESERT,141.48519709,-35.62091918,VIC
MOUNT CAMERON,143.81401371,-37.20413488,VIC
BUNGIL,147.4041189,-36.06917114,VIC
WILDWOOD,144.80021867,-37.55888629,VIC
GREENWALD,141.39859115,-37.99849068,VIC
CARNGHAM,143.58407624,-37.56165365,VIC
LEONGATHA NORTH,145.97477819,-38.42372221,VIC
SERPENTINE,143.98281973,-36.42487811,VIC
GENTLE ANNIE,145.83662092,-37.93838488,VIC
LAWLOIT,141.45041835,-36.45349073,VIC
SPRINGBANK,144.06229977,-37.52113182,VIC
MYRTLE CREEK,144.40592823,-36.93635684,VIC
LAKES ENTRANCE,148.00093242,-37.85388268,VIC
TOORLOO ARM,148.06191023,-37.79270441,VIC
GLOMAR BEACH,147.27877531,-38.2985372,VIC
PRESTON,145.00803234,-37.74167026,VIC
CALLIGNEE NORTH,146.62009389,-38.32791931,VIC
ST LEONARDS,144.68545247,-38.17820978,VIC
GRENVILLE,143.89512336,-37.75779568,VIC
KORONG VALE,143.70289515,-36.357483,VIC
SLATY CREEK,143.29752249,-36.53803912,VIC
KERRIE,144.67436664,-37.38230283,VIC
MENA PARK,143.47488881,-37.53905356,VIC
WOODS POINT,146.35269422,-37.56229003,VIC
BORONIA,145.2860238,-37.856191,VIC
WESTMERE,142.96721547,-37.67654772,VIC
DUMBALK,146.10686782,-38.52810886,VIC
MIDDLE PARK,144.96233955,-37.85121437,VIC
PURNIM,142.62046438,-38.27078258,VIC
BRIDGE CREEK,146.10361263,-36.90857031,VIC
LOWER MOIRA,144.95562497,-36.0863963,VIC
GLEN WAVERLEY,145.16818189,-37.88158988,VIC
SUNBURY,144.71508514,-37.54702151,VIC
POOWONG NORTH,145.78162579,-38.28623517,VIC
TOWANINNY,143.35467888,-35.84636272,VIC
GRASSMERE,142.54666324,-38.24789874,VIC
KILMANY,146.92038085,-38.12172299,VIC
HIGHLANDS,145.41923712,-37.08657947,VIC
BRUMBY,148.06970364,-37.01611039,VIC
DROPMORE,145.43909231,-37.04116952,VIC
WHOROULY EAST,146.63678923,-36.54511414,VIC
NHILL,141.59119769,-36.3007444,VIC
TIDAL RIVER,146.3213108,-39.03171022,VIC
CHELSEA HEIGHTS,145.13410102,-38.04081911,VIC
PORT FAIRY,142.17988054,-38.33522203,VIC
GOORAMADDA,146.57058683,-35.99684251,VIC
NYERIMILANG,147.91914793,-37.88957201,VIC
BEACONSFIELD,145.38298849,-38.04092396,VIC
NARBETHONG,145.63292617,-37.53040996,VIC
PITTONG,143.47647048,-37.67495777,VIC
NINDA,142.72472403,-35.44220798,VIC
WAANYARRA,143.81788334,-36.81989019,VIC
SCOTCHMANS LEAD,143.84774285,-37.66494591,VIC
LABERTOUCHE,145.79328536,-38.02994299,VIC
NURRAN,148.58119955,-37.49579771,VIC
GLENORMISTON SOUTH,142.9646268,-38.16453972,VIC
UPPER GUNDOWRING,147.09526778,-36.52034176,VIC
WANGARATTA SOUTH,146.24874796,-36.39191833,VIC
RHYLL,145.28072148,-38.47691363,VIC
ARTHUR RIVER,117.01583763,-33.35149218,WA
TONEBRIDGE,116.67713875,-34.200751,WA
MAHOGANY CREEK,116.13202732,-31.91644087,WA
DONGOLOCKING,117.74441142,-33.13381697,WA
HULONGINE,116.82219713,-31.36295779,WA
LITTLE ITALY,119.12841634,-32.6665279,WA
KADATHINNI,115.59948935,-29.64259729,WA
FRANKLAND RIVER,116.9668889,-34.33889301,WA
TURKEY HILL,119.37645711,-30.95374126,WA
PINJAR,115.83076033,-31.61832996,WA
NORTHBRIDGE,115.85557647,-31.94611376,WA
LESMURDIE,116.04527072,-32.00754252,WA
EAST PERTH,115.87717286,-31.95824255,WA
MOUNT HORNER,115.15546316,-29.15269392,WA
BECKENHAM,115.96061785,-32.02433298,WA
BOALLIA,115.26692352,-33.78929996,WA
MOUNT BUDD,115.65488761,-29.19436688,WA
ELABBIN,118.13340407,-31.2514054,WA
CAPRICORN,119.71001562,-23.93789635,WA
MANJIMUP,116.14428866,-34.24552381,WA
MORGANTOWN,113.658045,-24.87148084,WA
MOORE RIVER NATIONAL PARK,115.67275225,-31.11413454,WA
MOONIES HILL,117.53217233,-34.10116572,WA
FOREST GROVE,115.13118609,-34.08726757,WA
CAPE LE GRAND,122.30571278,-33.93005197,WA
GLENTROMIE,116.25439641,-30.90494715,WA
GREENOUGH,114.71954524,-28.92342287,WA
WATERBANK,122.63654818,-17.45521189,WA
COSSACK,117.19399381,-20.68955948,WA
MEERUP,116.02071091,-34.65666144,WA
SOUTH BURRACOPPIN,118.61287268,-31.58021268,WA
WHITE PEAK,114.65351575,-28.62839424,WA
LAVERTON,122.56528726,-28.70879126,WA
EAST MUNGLINUP,120.94264668,-33.68950477,WA
JERDACUTTUP,120.4334075,-33.77563419,WA
BIRCHMONT,115.72444888,-32.71518438,WA
KUKERIN,118.08812311,-33.18538067,WA
KARLKURLA,121.42635258,-30.7305696,WA
COWALELLUP,118.57495709,-34.07243274,WA
CADOUX,117.11009668,-30.72027691,WA
PAYNEDALE,115.75879646,-33.60542026,WA
WEMBLEY DOWNS,115.77723258,-31.91854197,WA
HALLS HEAD,115.69692014,-32.543044,WA
MORLEY,115.91016693,-31.88759091,WA
FREMANTLE,115.75862505,-32.05339676,WA
DARRADUP,115.54879705,-34.12184069,WA
KERALUP,115.83226456,-32.44630068,WA
COOLADAR HILL,118.16877153,-28.54076095,WA
DANDARAGAN,115.75017257,-30.61643304,WA
PERTH AIRPORT,115.97218807,-31.9442114,WA
GIBSON DESERT NORTH,126.57899315,-22.50695263,WA
ALBANY,117.88396966,-35.02751637,WA
SCOTT RIVER,115.27007615,-34.26342353,WA
SANDSTONE,119.17639272,-28.33351845,WA
BURSWOOD,115.89314075,-31.95582389,WA
DARTMOOR,115.17992806,-28.0045118,WA
IKEWA,115.53800637,-29.18319914,WA
KING LEOPOLD RANGES,125.39806167,-17.0141311,WA
AUSTRALIND,115.72299869,-33.2829403,WA
SOUTH PERTH,115.8627035,-31.97878099,WA
PIPPINGARRA,118.76066664,-20.45018795,WA
NANNUP,115.85353011,-33.94474573,WA
MAYANUP,116.48472385,-33.95492982,WA
KOJARENA,114.87444192,-28.71920024,WA
MAYLANDS,115.90017328,-31.93691498,WA
BEAUFORT RIVER,117.04940823,-33.56518626,WA
YALYALUP,115.41448091,-33.6749503,WA
YARLOOP,115.86730041,-32.95824369,WA
STRELLEY,119.00277092,-20.49236018,WA
IRISHTOWN,116.64941771,-31.59801551,WA
MULGA DOWNS,118.83619738,-22.21034946,WA
NULLAKI,117.40463789,-35.02463014,WA
MUNGLINUP,120.52517952,-33.4615979,WA
KEYSBROOK,116.03071209,-32.43704343,WA
CHARLEY CREEK,115.9063712,-33.58152144,WA
PALMDALE,118.12239435,-34.71869567,WA
OAKFORD,115.92923298,-32.21054897,WA
APPLECROSS,115.83666901,-32.0136979,WA
SHELLEY,115.88662182,-32.02969898,WA
CHITTERING,116.05637461,-31.48026152,WA
MOUNT HELENA,116.20950172,-31.85814275,WA
DONNYBROOK,115.81590003,-33.55829404,WA
PEGS CREEK,116.83436428,-20.73104764,WA
COWARAMUP,115.09080326,-33.85875287,WA
MILING,116.37802458,-30.41976489,WA
COWALLA,115.5653173,-31.09848882,WA
YETNA,114.69656921,-28.60802292,WA
MANDURAH,115.73280966,-32.52647714,WA
NARRALOGGAN,117.08289014,-31.86496522,WA
KATANNING,117.57688816,-33.6907204,WA
KATRINE,116.5537153,-31.62699638,WA
GREENHILLS,116.96304491,-31.90084167,WA
YARAWINDAH,116.23951661,-31.106415,WA
WHITE GUM VALLEY,115.77057742,-32.06029449,WA
CARBUNUP RIVER,115.17068924,-33.70442484,WA
UCARTY WEST,116.91920695,-31.33014335,WA
INKPEN,116.57241275,-31.84324219,WA
KALGUP,115.37096741,-33.72145558,WA
WOODLANDS,115.79218485,-31.9081371,WA
CATABY,115.49309906,-30.72676615,WA
BENJABERRING,117.29343644,-31.12914513,WA
KEALY,115.2297216,-33.66639159,WA
BOYUP BROOK,116.40622683,-33.8456229,WA
CAPEL,115.56962878,-33.55705722,WA
WALLISTON,116.07512929,-32.00047836,WA
TALISKER,115.1160213,-26.44107708,WA
SHADFORTH,117.26939033,-34.96384848,WA
CASUARINA,115.86961113,-32.24133494,WA
BRINGO,114.83174256,-28.7419207,WA
COLLINGWOOD HEIGHTS,117.91951948,-34.99339061,WA
ABBEY,115.25640455,-33.66395581,WA
BULYEE,117.51760897,-32.30624188,WA
TRIGG,115.75815579,-31.87621016,WA
SPRINGFIELD,114.95384551,-29.28741693,WA
PORT DENISON,114.93416915,-29.28626688,WA
GILLINGARRA,116.03924239,-30.90069062,WA
BROOKHAMPTON,115.89596059,-33.63307629,WA
BAUDIN,115.45048707,-33.86460822,WA
DUMBERNING,117.10102583,-33.00422454,WA
MOUNT LINDESAY,117.37396278,-34.8184239,WA
DRYSDALE RIVER,126.70552183,-14.87682548,WA
AJANA,114.69079133,-27.87720398,WA
NANARUP,118.11110942,-34.98388143,WA
PARKERVILLE,116.13360016,-31.8665409,WA
SHERLOCK,117.70887131,-21.03633853,WA
BURRUP,116.80675299,-20.58049136,WA
HERRON,115.68174668,-32.75414896,WA
SIR SAMUEL,120.48094816,-27.49284803,WA
TAMPU,117.80461036,-30.19418702,WA
GLENLYNN,116.15601212,-34.00843401,WA
NOKANING,118.20713202,-31.38227632,WA
FERNDALE,115.92471898,-32.02942272,WA
LOL GRAY,117.02825409,-32.74009432,WA
YOONGARILLUP,115.43146036,-33.71622704,WA
KARRAMINDIE,121.40362028,-31.01524217,WA
WALMSLEY,117.90298918,-34.97386833,WA
JENNAPULLIN,116.72182274,-31.5362888,WA
CAPEL RIVER,115.64916787,-33.63225158,WA
TUTUNUP,115.55626262,-33.65657778,WA
BEDFORDALE,116.06744595,-32.17823407,WA
ACTON PARK,115.37485904,-33.76267907,WA
THE PLAINS,115.69019324,-33.56346511,WA
DRYANDRA,116.97346533,-32.77733689,WA
VIVEASH,115.99763298,-31.87744913,WA
QUALEUP,116.82591129,-33.8685155,WA
SCOTTS BROOK,116.6421029,-33.97360589,WA
BROOKTON,117.00559982,-32.35067475,WA
ROBINSON,117.82867483,-35.02897044,WA
GILGERING,116.8362726,-32.00538017,WA
LYNWOOD,115.92884763,-32.04012439,WA
EAST VICTORIA PARK,115.90382618,-31.98931627,WA
CUNJARDINE,116.87789771,-31.44836605,WA
BURAMINYA,122.9006668,-32.93704381,WA
WESTWOOD,117.33229571,-33.6056214,WA
MUNSTER,115.80501519,-32.14695556,WA
KWELKAN,118.02515306,-31.13883883,WA
MILLBRIDGE,115.73509603,-33.30623,WA
MCKAIL,117.83010993,-34.98530079,WA
USHER,115.62884866,-33.37984218,WA
BABAKIN,118.04153867,-32.14289288,WA
ANNIEBROOK,115.16924743,-33.66937468,WA
SKELETON ROCK,119.50901565,-31.89145321,WA
TAMMIN,117.48789083,-31.64140102,WA
QUINDALUP,115.12391047,-33.65768981,WA
EMBLETON,115.91122794,-31.902126,WA
MILLSTREAM,117.38782807,-21.39507837,WA
BOULDER,121.4846488,-30.77722245,WA
DUNDAS,121.68225283,-32.47364357,WA
DOOBARDA,115.94735248,-32.17382391,WA
MINIGIN,117.05296338,-32.9243365,WA
KENTDALE,117.06343948,-34.93659967,WA
BERKSHIRE VALLEY,116.14805412,-30.55823994,WA
REEDY,118.32284558,-27.23095531,WA
DANDANNING,118.20215298,-30.9866545,WA
MIDDLETON BEACH,117.91129934,-35.02364906,WA
LOCKRIDGE,115.95033824,-31.88190149,WA
NORSEMAN,120.88199807,-32.24105334,WA
EAST CHAPMAN,114.80315378,-28.67884668,WA
MEDA,124.05428231,-17.31901894,WA
VICTORY HEIGHTS,121.47275181,-30.77887868,WA
MANNING,115.86987924,-32.01336256,WA
WYENING,116.51444255,-31.15365739,WA
NANUTARRA,116.20670361,-22.68864647,WA
HASTINGS,116.79478311,-32.54689233,WA
BLYTHEWOOD,115.8526373,-32.68528288,WA
MOUNT WALKER,118.74526325,-32.0397453,WA
NORTH TRAYNING,117.78800506,-31.03842552,WA
BARRAGUP,115.79427771,-32.53898228,WA
PORT ALBANY,117.90659735,-35.03356958,WA
EXMOUTH,114.11747856,-21.94579073,WA
WILGOYNE,118.3936501,-30.76419027,WA
ORD RIVER,128.15516824,-17.76171862,WA
WEST BEACH,121.84144122,-33.87738261,WA
GNARABUP,114.99769729,-33.99479812,WA
NORTH BEACH,115.75915342,-31.86053614,WA
LAKE ARGYLE,128.65595899,-16.36613425,WA
BULLSBROOK,116.02860372,-31.66324147,WA
REDMOND WEST,117.54940473,-34.888585,WA
WEST BALLIDU,116.63015429,-30.57901175,WA
PERILLUP,117.22318508,-34.61843867,WA
PEMBERTON,116.05067301,-34.44170754,WA
WEST BINNU,114.42312632,-27.97783955,WA
LOCKYER,117.85581181,-35.0060469,WA
CARABOODA,115.72048969,-31.59753422,WA
LAKE HINDS,116.54116939,-30.7742196,WA
NULLAGINE,120.21512287,-21.97273292,WA
MEEKATHARRA,118.71199218,-26.445915,WA
WALEBING,116.21908685,-30.68549274,WA
RAVENSTHORPE,120.02653747,-33.52019686,WA
NEWMAN,119.9302178,-22.96032798,WA
MOORA,116.00844422,-30.61524933,WA
KARRIDALE,115.13410479,-34.18502982,WA
YEBBLE,114.99769374,-33.92201807,WA
WALGOOLAN,118.58458551,-31.33755162,WA
CUE,117.88765368,-27.44846582,WA
LIME LAKE,117.37892538,-33.40182278,WA
BRAZIER,115.82313409,-33.75785498,WA
KUNUNOPPIN,117.91703547,-31.11290757,WA
DUNCRAIG,115.77642111,-31.83278136,WA
KARLGARIN,118.68303663,-32.41960053,WA
GINGERAH,122.79234531,-19.07580922,WA
WILSON,115.911841,-32.02036619,WA
HESTER,116.16067906,-33.90265555,WA
CALLCUP,115.94130026,-34.59082122,WA
NORTH CASCADE,120.87122622,-32.93397685,WA
FITZGERALD RIVER NATIONAL PARK,119.56031807,-34.01449325,WA
DAMPIER PENINSULA,122.86353051,-16.93293694,WA
LAKE MARGARETTE,117.53434515,-30.68489956,WA
FRANCOIS PERON NATIONAL PARK,113.59899281,-25.86091726,WA
MANDOGALUP,115.84345219,-32.19294933,WA
NORTHAM,116.66549386,-31.65251688,WA
MURESK,116.70456058,-31.72749684,WA
FEYSVILLE,121.64638975,-31.00187606,WA
ORANA,117.85924575,-34.99597917,WA
MOUNT HAWTHORN,115.83508107,-31.9200672,WA
INNALOO,115.79544935,-31.89265059,WA
MIRRABOOKA,115.8659464,-31.85960409,WA
NOLLAMARA,115.84544807,-31.88016017,WA
BEELIAR,115.82176665,-32.14119217,WA
WALLAROO,120.40722505,-30.61711972,WA
DARLINGTON,116.08060617,-31.92479233,WA
STAKE HILL,115.80208364,-32.49092979,WA
BEERMULLAH,115.74906867,-31.21666309,WA
COOKERNUP,115.86027449,-33.00101552,WA
QUEENWOOD,115.90726594,-33.53685359,WA
MARBELUP,117.74822675,-34.97537884,WA
KOKEBY,116.98139608,-32.20577451,WA
MALABAINE,116.73952909,-31.6063086,WA
CORINTHIA,119.14052054,-31.12510397,WA
KALLAROO,115.74424468,-31.79074848,WA
BOYERINE,117.36394448,-33.49227762,WA
INNAWANGA,116.63084289,-23.39184873,WA
WEST FITZGERALD,119.3859164,-33.7193428,WA
CATTERICK,116.14323435,-33.83499003,WA
BOONANARRING,115.87667494,-31.19982241,WA
MARNE,116.66477216,-30.47639199,WA
KENDENUP,117.58335053,-34.47635178,WA
KOONGAMIA,116.04227599,-31.90655551,WA
DULBELLING,117.25800071,-31.9988178,WA
TOODYAY,116.43314181,-31.57823133,WA
DE GREY,119.22536115,-20.23763536,WA
PERON,115.70053678,-32.27657854,WA
KARDINYA,115.81485363,-32.06557233,WA
EAST PINGELLY,117.32440351,-32.5119494,WA
BARBERTON,116.01220746,-30.73276327,WA
UDUC,115.8100947,-33.04928513,WA
MOGUMBER,116.04736999,-31.01560563,WA
CITY BEACH,115.76527961,-31.93533366,WA
BUTLER,115.70484453,-31.64295256,WA
TRIGWELL,116.57516857,-33.62887223,WA
MUNDABULLANGANA,118.17763357,-20.6015316,WA
MADURA,127.02347709,-31.91342107,WA
COMO,115.86766542,-31.9996865,WA
DURACK,127.57516923,-16.34496554,WA
PELICAN POINT,115.69084641,-33.32048807,WA
FITZGERALD,119.45485672,-33.74773083,WA
JACKITUP,118.13304588,-33.88485232,WA
RED GULLY,115.80708073,-31.05173857,WA
KARNUP,115.79455441,-32.4174444,WA
BOORAGOON,115.83368635,-32.0395247,WA
PIARA WATERS,115.91642235,-32.13347813,WA
ANKETELL,115.86553368,-32.21858595,WA
BENNETT SPRINGS,115.94599076,-31.85638526,WA
INGGARDA,114.23581028,-24.97141957,WA
YOURDAMUNG LAKE,116.3066412,-33.13825135,WA
MINDARRA,115.95330467,-31.08620711,WA
SOUTH MURCHISON,116.50726443,-27.26203676,WA
NATURALISTE,115.04455336,-33.58499959,WA
COONDLE,116.4279482,-31.49006496,WA
HOPETOUN,120.08940132,-33.85931439,WA
KUNUNURRA,128.84621664,-15.57842627,WA
MURCHISON,116.02630951,-26.50077663,WA
WOORAMEL,114.44868554,-25.62385357,WA
WANNEROO,115.81616479,-31.75742315,WA
PIESSE BROOK,116.07617488,-31.95979191,WA
SOUTH KUKERIN,118.14685207,-33.233689,WA
WORSLEY,115.99104223,-33.3017017,WA
DAGGAR HILLS,117.59043008,-28.11177149,WA
BOWELLING,116.48363609,-33.48341794,WA
MILLENDON,116.03675495,-31.80772482,WA
DROME,117.77023539,-34.93779557,WA
DOUBLEVIEW,115.78163511,-31.89632939,WA
GLEN IRIS,115.6829693,-33.34265147,WA
LESCHENAULT,115.70629126,-33.24354667,WA
BADJALING,117.50084083,-32.00098066,WA
WESTMINSTER,115.83934005,-31.86735553,WA
FOREST HILL,117.41865986,-34.60072942,WA
SWAN VIEW,116.05282396,-31.88245976,WA
HILL RIVER,115.29254621,-30.25836372,WA
BOORABBIN,120.14849844,-30.91564551,WA
DOWERIN,117.0676597,-31.21284375,WA
KALGAN,118.03162329,-34.89823034,WA
MOLLOY ISLAND,115.21046788,-34.2687678,WA
PITHARA,116.69795464,-30.39563072,WA
BRIDGETOWN,116.13122518,-33.95443456,WA
PEEDAMULLA,115.48782256,-21.72938367,WA
PALMER,116.24774465,-33.29113548,WA
SCARBOROUGH,115.76539927,-31.89648756,WA
TENINDEWA,115.31730105,-28.58980418,WA
BREMER BAY,119.21217532,-34.38209129,WA
PICTON,115.70155504,-33.34717202,WA
KENWICK,115.98113667,-32.02715191,WA
ALKIMOS,115.68355454,-31.61469041,WA
GABBIN,117.68362493,-30.73283171,WA
JANDAKOT,115.8723406,-32.10238453,WA
TRENT,116.90816322,-34.84552953,WA
LAKE CAMM,119.66525054,-32.93859539,WA
KALGOORLIE,121.4697252,-30.75285942,WA
YOKINE,115.85320875,-31.90112465,WA
COOLOONGUP,115.77679249,-32.29551982,WA
WAIKIKI,115.76535639,-32.31611576,WA
PINDAR,115.9840337,-28.5324224,WA
BEVERLEY,116.89228547,-32.09925438,WA
CULLALLA,116.00197584,-31.21951332,WA
SOUTHERN RIVER,115.96045333,-32.10660571,WA
WILBERFORCE,116.70614552,-31.78639016,WA
BANJUP,115.88293058,-32.15758843,WA
DIANELLA,115.87198241,-31.88823912,WA
KALBARRI NATIONAL PARK,114.42142869,-27.70501464,WA
MUMBERKINE,116.66682151,-31.3909409,WA
KURRENKUTTEN,118.09709533,-32.29858826,WA
MILLBROOK,117.87258212,-34.90678821,WA
MINILYA,114.62802637,-23.85917298,WA
WATERMANS BAY,115.75923889,-31.85099098,WA
QUINNINUP,116.29658172,-34.45036406,WA
WATTLEUP,115.8130531,-32.167682,WA
OGILVIE,114.7290273,-28.14734403,WA
NERREN NERREN,114.4105297,-27.06530347,WA
MADORA BAY,115.75240119,-32.46943037,WA
LESLEY,116.24294836,-32.1361944,WA
YALGOO,116.75464731,-28.18474895,WA
NEDLANDS,115.80567485,-31.97984456,WA
WANDI,115.87628771,-32.19428663,WA
EGLINTON,115.66761992,-31.58424627,WA
GUILDFORD,115.97493929,-31.8974059,WA
CHURCHLANDS,115.79295737,-31.92159524,WA
WOOGENELLUP,117.89516585,-34.53609846,WA
WATERFORD,115.88658847,-32.01570678,WA
EAST POPANYINNING,117.25096945,-32.63153922,WA
DENMARK,117.35609036,-34.97490545,WA
GLENFIELD,114.62123021,-28.69243627,WA
WATTONING,118.21235613,-30.75500324,WA
KARRAGULLEN,116.1385101,-32.10256728,WA
BANKSIADALE,116.13399092,-32.63037987,WA
NORTH PERTH,115.85304037,-31.92709713,WA
SHARK BAY,113.88701048,-25.8479867,WA
SINGLETON,115.75690566,-32.44402266,WA
MINGENEW,115.43756084,-29.1986557,WA
KARIJINI,118.27529048,-22.72898574,WA
SOUTH KALGOORLIE,121.47919317,-30.76354259,WA
NEW NORCIA,116.21116759,-30.97157801,WA
DEEPDENE,115.08172588,-34.26694978,WA
BRABHAM,115.97338672,-31.82792759,WA
BEJOORDING,116.53293652,-31.39369901,WA
PARABURDOO,117.69382543,-23.19278778,WA
WILLARE,123.44886759,-17.50759564,WA
YOUNGS SIDING,117.52412228,-34.98737803,WA
GEEGULLY CREEK,123.73055618,-18.30339419,WA
HAY,117.42421346,-34.94412392,WA
HAMELIN POOL,114.38692067,-26.48468476,WA
NANGA,113.94940677,-26.57869641,WA
CAMBALLIN,124.26956497,-18.00300582,WA
WEMBLEY,115.81776343,-31.93308337,WA
BUNBURY,115.63965973,-33.3256229,WA
WIDGIEMOOLTHA,121.95414529,-31.49206268,WA
LEEDERVILLE,115.84104007,-31.93195418,WA
KIMBOLTON,124.1803792,-16.61747812,WA
HIGGINSVILLE,121.64354465,-31.77379947,WA
WEST LEEDERVILLE,115.83327406,-31.93783817,WA
WALYURIN,118.24610464,-32.86844329,WA
CASCADE,121.05378743,-33.4117923,WA
YALARDY,115.25866715,-26.09409061,WA
WARRADARGE,115.32181769,-30.04119018,WA
MOUNT SHERIDAN,119.2152172,-32.8837504,WA
ONSLOW,115.14895517,-21.67914567,WA
EAST DAMBORING,116.80487893,-30.47882049,WA
CONDINGUP,122.50080785,-33.73382705,WA
MOODIARRUP,116.73967499,-33.60777976,WA
CUTHBERT,117.78287367,-35.02103869,WA
GILROYD,115.18302667,-25.9063241,WA
POSTANS,115.81222471,-32.21896346,WA
WELBUNGIN,118.02618781,-30.7668878,WA
BANDY CREEK,121.97356422,-33.81532049,WA
BULLFINCH,119.13347836,-30.89029445,WA
BALLY BALLY,117.14096763,-32.2078048,WA
MONKEY MIA,113.7056058,-25.80037156,WA
BEEDELUP,115.90788034,-34.36310758,WA
KARRATHA INDUSTRIAL ESTATE,116.87934657,-20.76130635,WA
HICKETY,114.71864957,-28.45652526,WA
GREEN VALLEY,117.81761016,-34.87386255,WA
BOOTENAL,114.73017029,-28.84999692,WA
ETMILYN,116.14196103,-32.76755147,WA
MEELON,115.93585762,-32.72631136,WA
MILLS LAKE,118.58527841,-33.85698257,WA
MAGITUP,118.15212192,-34.14310612,WA
BUNTINE,116.56872857,-29.96936305,WA
QUINDANNING,116.50032263,-33.02608503,WA
SOUTH DATATINE,117.86358775,-33.50452899,WA
PERUP,116.42617912,-34.27378729,WA
GASCOYNE JUNCTION,115.20178334,-25.05066062,WA
MORBINNING,117.17225619,-32.11251838,WA
BROADWATER,115.28432803,-33.66323767,WA
LAKEWOOD,121.52277519,-30.82629514,WA
MOUNT MADDEN,119.85403342,-33.23296703,WA
MOOJEBING,117.5474315,-33.60559309,WA
PARKER RANGE,119.78328232,-31.84323191,WA
JILAKIN,118.43374357,-32.69368641,WA
TOOLONGA,115.03343705,-26.95079132,WA
DALE,116.73268172,-32.23072802,WA
BEECHINA,116.31630882,-31.85557181,WA
TOM PRICE,117.78765266,-22.6873494,WA
BADGERIN ROCK,117.31314203,-30.77598273,WA
MORAWA,116.00115195,-29.20659009,WA
WEST BUSSELTON,115.32370909,-33.66086933,WA
BROWN HILL,121.53038085,-30.75537527,WA
AMELUP,118.27284695,-34.25722435,WA
MULLALOO,115.74263233,-31.77836843,WA
MIRA MAR,117.90099743,-35.01519261,WA
SOUTH QUAIRADING,117.35350574,-32.15197008,WA
BIG GROVE,117.88850173,-35.08458402,WA
LITTLE GROVE,117.86753222,-35.06953663,WA
EWLYAMARTUP,117.71197601,-33.7096069,WA
NAMBAN,116.04294584,-30.37615123,WA
CHANDLER,118.4229088,-31.06359879,WA
FRASER RANGE,122.94105258,-31.98307124,WA
SHOTTS,116.26194178,-33.38568757,WA
COOMBERDALE,116.04521811,-30.46211043,WA
INDEE,118.47354154,-20.89086187,WA
DIXVALE,116.05835358,-34.20204001,WA
TOOLIBIN,117.63903934,-32.95592161,WA
YAKAMIA,117.88428274,-35.0006245,WA
EAST NABAWA,114.92705551,-28.49018794,WA
GREENFIELDS,115.76311752,-32.52405913,WA
NIPPERING,117.68648342,-33.26323412,WA
KOOLANOOKA,116.23587217,-29.20548726,WA
YANDANOOKA,115.63827765,-29.29665879,WA
WALLAREENYA,118.79497391,-20.75656584,WA
EAST BUNBURY,115.65900432,-33.33715993,WA
CURRAMBINE,115.74570375,-31.73376465,WA
LAKE JASPER,115.66330865,-34.39313108,WA
COCKLEBIDDY,126.12809115,-31.76643583,WA
WUBIN,116.57738387,-30.09273782,WA
ALDERSYDE,117.26903074,-32.31507049,WA
GNOWELLEN,118.54104167,-34.37932765,WA
NORTH BURNGUP,118.77037323,-32.84640682,WA
SOUTH BUNBURY,115.63304085,-33.34858523,WA
MULLINGAR,121.49140094,-30.68012159,WA
GREGORY,114.26126799,-28.19404782,WA
FORREST,127.56611752,-30.77757239,WA
CUNDEELEE,123.07234267,-30.66899138,WA
CHERRY TREE POOL,117.25815821,-33.72749941,WA
ALEXANDRA BRIDGE,115.20036953,-34.16499415,WA
MEADOW,114.63215944,-26.82714846,WA
LANGE,117.89425037,-34.99006397,WA
MERILUP,118.20243887,-33.31407732,WA
ROSSMORE,116.76384761,-31.40623012,WA
MORNINGTON,116.04173324,-33.16890236,WA
WEST HOLLETON,119.00897831,-32.0219563,WA
NORTHAMPTON,114.62248711,-28.3497498,WA
NANSON,114.7706712,-28.56458123,WA
NORTH WALPOLE,116.66073983,-34.75519765,WA
DURANILLIN,116.74443976,-33.52227945,WA
MOONDAH,115.98947168,-31.32104869,WA
NORTH WIALKI,118.22684657,-30.33144543,WA
CANCANNING,117.58850296,-33.12000157,WA
CARNAMAH,115.88388605,-29.72436388,WA
KOORDA,117.48274512,-30.81506146,WA
SOUTH GLENCOE,117.66259728,-33.52583031,WA
CLIFTON,115.64028954,-32.75605631,WA
ISRAELITE BAY,123.84574176,-33.42155885,WA
CLEAVERVILLE,117.02381656,-20.65484616,WA
PRINCE REGENT RIVER,125.34071886,-15.61399998,WA
CAMBRIDGE GULF,128.5370349,-15.23088586,WA
MITCHELL PLATEAU,125.89013437,-14.7052546,WA
IRRUNYTJU,128.92551792,-26.06215373,WA
KANPA,125.61653124,-26.53082032,WA
WANARN,127.57269945,-25.20272651,WA
PATJARR,126.30624417,-24.62364887,WA
PAPULANKUTJA,128.28059668,-25.99749511,WA
TJUKURLA,128.72848808,-24.36173396,WA
MANTAMARU,127.68629921,-25.84471539,WA
PURNULULU,128.54672114,-17.44843976,WA
MALMALLING,116.35877517,-31.96869153,WA
KUPARTIYA,126.24586055,-18.88047851,WA
GORRIE,116.3112201,-31.91046541,WA
NERRAMYNE,115.48848952,-27.72177742,WA
BOORARA,121.64121128,-30.80397165,WA
HOUTMAN ABROLHOS,113.78461073,-28.71348672,WA
DORRE ISLAND,113.10024542,-25.11895526,WA
WEST CAPE HOWE,117.61348607,-35.10058716,WA
NINGALOO,113.76011408,-22.67739414,WA
WARAKURNA,128.2837253,-25.00897044,WA
MOUNT BURGES,120.90887635,-30.58503351,WA
PALGARUP,116.17508199,-34.17509854,WA
COOLBELLUP,115.80608993,-32.08123104,WA
MALLEE HILL,118.69584014,-33.22247939,WA
MAYA,116.56390925,-29.85622074,WA
CALINGIRI,116.48917274,-31.07692561,WA
FIMISTON,121.50486366,-30.77853017,WA
TIBRADDEN,114.92674711,-28.74561045,WA
STRATHALBYN,114.64575842,-28.75173016,WA
STRATHERNE,117.34304962,-32.65170048,WA
ROCKWELL,114.92449996,-28.35142978,WA
GREEN HEAD,115.02868482,-30.06610134,WA
KONDININ,118.3191333,-32.43094677,WA
HILLMAN,115.76865951,-32.28135487,WA
WEST POPANYINNING,116.98961415,-32.68069611,WA
ENNUIN,118.91302828,-30.65391461,WA
WIJILAWARRIM,128.46925696,-15.8173068,WA
BINDOON TRAINING AREA,116.29706159,-31.29974531,WA
SPENCER PARK,117.90005288,-35.0051975,WA
MOULYINNING,117.95697735,-33.25357236,WA
PINGELLY,117.08567612,-32.53122691,WA
SCOTT RIVER EAST,115.4840517,-34.26324819,WA
MINDING,117.17206533,-33.28654652,WA
KOOLYANOBBING,119.56284968,-30.82194314,WA
BORDEN,118.26016483,-34.0729461,WA
KORDABUP,117.14383787,-34.92419698,WA
COURTENAY,115.27218098,-34.18495166,WA
YELBENI,117.66255864,-31.16760341,WA
SAMSON,115.79768699,-32.06993832,WA
PINWERNYING,117.53974694,-33.6643968,WA
WOOLOCUTTY,118.97346619,-32.16335666,WA
DUKIN,117.53284285,-30.88979772,WA
DENBARKER,117.42303523,-34.71601225,WA
KARLOO,114.64246665,-28.79952237,WA
DARTNALL,117.76265529,-34.03033863,WA
GOOMARIN,118.42392107,-31.21994684,WA
DANGIN,117.35346381,-32.05357414,WA
SIESTA PARK,115.22948793,-33.65592493,WA
WITHERS,115.6303398,-33.36807592,WA
ALLANOOKA,115.09973788,-29.05797016,WA
JITARNING,118.0158879,-32.77255427,WA
LAKE KING,119.66149418,-33.09902237,WA
NORTH JINDONG,115.18974274,-33.7322652,WA
SAWYERS VALLEY,116.2521371,-31.96045263,WA
WHITBY,116.0153099,-32.28295408,WA
BROOMEHILL EAST,117.76761938,-33.87778702,WA
KINGSTON,116.35403523,-34.11866016,WA
MOUNT JACKSON,118.93834634,-30.08882595,WA
DULYALBIN,119.13769241,-31.55895465,WA
GORGE ROCK,117.99783286,-32.46029416,WA
TARIN ROCK,118.21568125,-33.07727842,WA
CARTMETICUP,117.51887755,-33.46326488,WA
COCKBURN CENTRAL,115.84779085,-32.12127074,WA
DUDININ,118.01529232,-32.9378661,WA
BABBAGE ISLAND,113.63621275,-24.8824628,WA
NARALING,114.84150028,-28.39457133,WA
WARBURTON,126.7112614,-26.12920518,WA
ZANTHUS,124.02504004,-30.8388372,WA
PARKESTON,121.53992975,-30.70724029,WA
WILLAGEE,115.80527672,-32.05201254,WA
NILLUP,115.26182814,-34.1236333,WA
KELLERBERRIN,117.704005,-31.63577349,WA
SOLUS,116.17871521,-32.52312816,WA
GABALONG,116.3874079,-30.71292645,WA
WINDY HARBOUR,116.07375566,-34.7799259,WA
LINFARNE,116.11326435,-34.16164093,WA
NORTH LAKE GRACE,118.46617252,-33.0193716,WA
MADELEY,115.82779818,-31.81091811,WA
BOORALAMING,117.37785497,-30.90690862,WA
BADGEBUP,117.88394063,-33.60879013,WA
DUMBLEYUNG,117.7767817,-33.30112385,WA
COBLININE,117.71279451,-33.58330858,WA
GRIMWADE,116.04608129,-33.69549729,WA
EUCLA,128.46695969,-31.60603928,WA
ROTHSAY,116.77441395,-29.22492297,WA
DINDILOA,114.790092,-28.43287004,WA
POINT SAMSON,117.18821281,-20.61521848,WA
SANDSPRINGS,114.94407517,-28.81022835,WA
BOILUP,117.01741764,-33.76134757,WA
GLEDHOW,117.82843618,-35.00713922,WA
PICCADILLY,121.46410116,-30.74280699,WA
NEEDILUP,118.75753254,-33.99514252,WA
BEELA,115.90212348,-33.24452551,WA
JARDEE,116.07994855,-34.30277654,WA
BOKAL,116.87837225,-33.44921172,WA
JALORAN,117.42575142,-33.17313027,WA
TAMBELLUP,117.63349257,-34.04328212,WA
KEBARINGUP,118.1645347,-34.0326199,WA
BATEMAN,115.84725925,-32.05552655,WA
FRENCHMAN BAY,117.94863253,-35.09379882,WA
CARDIFF,116.23233204,-33.47646916,WA
CUNDINUP,115.78122128,-33.85053781,WA
ARROWSMITH EAST,115.35162816,-29.53266636,WA
NORTH GREENBUSHES,116.05465604,-33.81649937,WA
TRAFALGAR,121.57152687,-30.81017682,WA
JARRAHWOOD,115.66281411,-33.79383336,WA
METTLER,118.59048678,-34.60233008,WA
BULLABULLING,120.90705403,-30.99521648,WA
RYANSBROOK,117.13031903,-34.10270882,WA
WICHERINA SOUTH,115.01483749,-28.79041811,WA
NABAWA,114.77364708,-28.49703375,WA
KULIN,118.23571763,-32.68830923,WA
POINT GREY,115.68521378,-32.65050162,WA
WILLIAM BAY,117.20453666,-35.00105692,WA
PINGARING,118.77021689,-32.66987542,WA
LEARMONTH,114.0273161,-22.1968093,WA
DOODLAKINE,117.83927448,-31.52640616,WA
MUKINBUDIN,118.26078984,-30.87465881,WA
MECKERING,116.98984366,-31.60564631,WA
KING RIVER,117.90762697,-34.93371489,WA
LOWLANDS,117.50481738,-35.05673117,WA
GUTHA,116.02442645,-28.99041463,WA
HINDMARSH,117.20567854,-31.27438339,WA
JARLMADANGAH BURRU,124.0064286,-18.00876763,WA
WARMUN,128.223636,-17.02651377,WA
HOLMWOOD,115.60301764,-29.03117386,WA
BROOMEHILL VILLAGE,117.63996383,-33.84965083,WA
SOUTH BODALLIN,118.88491823,-31.55020873,WA
MOUNT CAROLINE,117.64175541,-31.76367243,WA
CERVANTES,115.07691001,-30.50214153,WA
CLOVERDALE,115.94434219,-31.96276284,WA
HARRISMITH,117.8642468,-32.98192295,WA
DEVILS CREEK,115.53473044,-28.67066621,WA
NORTH MOULYINNING,117.91239013,-33.12347954,WA
LOCKIER,115.33531674,-29.18263879,WA
ANGELO RIVER,118.40800316,-23.83930834,WA
VARLEY,119.56127355,-32.84781409,WA
MARVEL LOCH,119.41842473,-31.53440563,WA
NEWDEGATE,119.05472402,-33.08220128,WA
WILGA WEST,116.14887949,-33.72129404,WA
MAGENTA,119.28083393,-33.4128972,WA
TANDEGIN,118.52741691,-31.67471441,WA
YERECOIN,116.44169761,-30.92372574,WA
ORELIA,115.82350003,-32.23319672,WA
SAN REMO,115.74456025,-32.48987604,WA
LYALLS MILL,116.10790311,-33.46271001,WA
LATHAM,116.50218803,-29.75253148,WA
ALFRED COVE,115.81704281,-32.0328366,WA
FLYNN,116.4776136,-32.05245839,WA
YANMAH,116.02367007,-34.1758384,WA
WALSALL,115.37949514,-33.79710654,WA
MINDARABIN,118.35511554,-33.88859241,WA
BALLADONIA,124.18895131,-32.25056125,WA
PEERABEELUP,115.78442766,-34.32279174,WA
NOLBA,114.86288065,-28.27714875,WA
JACUP,119.17883864,-33.81883748,WA
WILLIAMSTOWN,121.48637242,-30.73767636,WA
CRAMPHORNE,118.61225813,-31.84805776,WA
BILBARIN,117.9289922,-32.20464272,WA
CUBBINE,117.33365013,-31.8806938,WA
HENTY,115.83107642,-33.37809226,WA
WEBBERTON,114.63229949,-28.7523119,WA
MANMANNING,117.15803701,-30.88593989,WA
YUNA,115.05725536,-28.2530694,WA
BERESFORD,114.61978834,-28.7567016,WA
ARGYLE,115.77067706,-33.54577162,WA
SINCLAIR,121.8738041,-33.86339962,WA
DUNN ROCK,119.48901376,-33.32348559,WA
NORTH KUNUNOPPIN,117.95596177,-31.02897928,WA
ST GEORGE RANGES,124.88845212,-18.96397009,WA
BOUNDAIN,117.35415368,-32.95120979,WA
LONDONDERRY,121.27592686,-31.2227427,WA
MOUNT ERIN,114.85641645,-28.57042623,WA
BINNINGUP,115.72361325,-33.13515824,WA
BOWGADA,116.26318756,-29.35685044,WA
ROCKLEA,117.65620326,-22.98665837,WA
EAST WICKEPIN,117.71191369,-32.77229743,WA
BROOMEHILL WEST,117.48636152,-33.87929699,WA
KIRK ROCK,117.76511161,-32.65305673,WA
SILVER SANDS,115.7358955,-32.5082908,WA
WYALKATCHEM,117.3671133,-31.2731697,WA
BORDERDALE,117.39998538,-34.05341405,WA
CANNING MILLS,116.09578724,-32.05743701,WA
KOOMBERKINE,117.02670822,-31.03204519,WA
ESPERANCE,121.88959452,-33.8607974,WA
INGLEHOPE,116.18676389,-32.73150607,WA
MOUROUBRA,117.76359551,-29.78361481,WA
LAKE BIDDY,118.95629777,-32.90344717,WA
NOMANS LAKE,117.50370795,-33.0107701,WA
WITTENOOM,118.30529315,-22.25016093,WA
BINDULI,121.38528538,-30.79862956,WA
MEDINA,115.79900943,-32.23403505,WA
GWINDINUP,115.74323643,-33.52184801,WA
YANDOO CREEK,114.28874562,-24.27400838,WA
COYRECUP,117.84003818,-33.71101794,WA
BUREKUP,115.83528017,-33.3314644,WA
MUNDIJONG,115.97875654,-32.28768084,WA
NORTH BANNISTER,116.47324291,-32.54431247,WA
COOROW,116.03121037,-29.88560199,WA
MOUNT PALMER,119.84857291,-31.50073254,WA
KUENDER,118.52259075,-32.87056539,WA
QUAIRADING,117.40926711,-31.98819823,WA
COLLANILLING,117.53362183,-33.23775324,WA
GOODE BEACH,117.93193183,-35.08671449,WA
LANCELIN,115.35597952,-31.02369967,WA
COLLIE BURN,116.20545402,-33.3912477,WA
USELESS LOOP,113.40865794,-26.13003367,WA
BARBALIN,118.11573462,-30.89932873,WA
PINTHARUKA,116.16123805,-29.08266356,WA
NYABING,118.17204058,-33.55955091,WA
GARDEN ISLAND,115.67673264,-32.20224474,WA
BUNDANOON,115.49537982,-29.29731513,WA
MOUNT HAMPTON,118.99331958,-31.74297931,WA
COWCOWING,117.44546339,-31.00573895,WA
SOUTH LAKE,115.8408836,-32.1073152,WA
BEENONG,118.62351082,-33.03795379,WA
KARLONING,118.17160204,-30.63295705,WA
WADDY FOREST,116.20235291,-29.85712741,WA
LAKE GRACE,118.43003717,-33.09587107,WA
WEDGECARRUP,117.1904254,-33.41847413,WA
NANGEENAN,118.18258101,-31.51977863,WA
JIGALONG,120.79482056,-23.3536545,WA
BIDDELIA,115.73634515,-34.23797513,WA
NORTHCLIFFE,116.14118344,-34.63060109,WA
RANFORD,116.49215246,-32.79399653,WA
NANGETTY,115.41404274,-29.00906564,WA
CHICHESTER,118.02108456,-21.82483658,WA
CONNOLLY,115.75072381,-31.74852796,WA
BAMBUN,115.88985371,-31.42549531,WA
WARDERING,117.30777277,-32.83481228,WA
MALYALLING,117.59239633,-32.71902193,WA
SOUTH TRAYNING,117.79017103,-31.23479971,WA
WINDABOUT,121.90661777,-33.8199042,WA
CENTENNIAL PARK,117.87950426,-35.01184763,WA
PALLINUP,117.96767896,-33.91832724,WA
TAPPING,115.79562065,-31.7194565,WA
BOUVARD,115.64409782,-32.68860614,WA
RANGEWAY,114.63063662,-28.78651921,WA
EAST NEWDEGATE,119.27678424,-33.10732562,WA
NALKAIN,117.43163304,-31.07017823,WA
ONGERUP,118.48734088,-33.96455108,WA
GILLIMANNING,117.44891643,-32.66931717,WA
WINTHROP,115.82965665,-32.05220073,WA
ASHBY,115.79768309,-31.73254996,WA
ORANGE SPRINGS,115.62306104,-31.00456096,WA
COOLGARDIE,121.15347582,-30.94820003,WA
NORTH STIRLINGS,118.03852841,-34.19543399,WA
SOUTH STIRLING,118.25238889,-34.63456184,WA
ORANGE GROVE,116.02899455,-32.03866362,WA
TALBOT WEST,116.68897755,-32.1270338,WA
HINES HILL,118.06920299,-31.51813307,WA
SOUTH YELBENI,117.66936385,-31.26691645,WA
CARANI,116.46907311,-30.99757201,WA
MURDOCH,115.83757113,-32.06985732,WA
POPANYINNING,117.12610608,-32.65428323,WA
DUDAWA,115.75513059,-29.38975742,WA
MEEKING,116.63878486,-33.24857692,WA
YANGEBUP,115.81625106,-32.12070458,WA
COMMODINE,117.3061033,-32.76427787,WA
YEAL,115.76450061,-31.42424656,WA
MIAMOON,116.45424562,-30.15892316,WA
ARDROSS,115.83553265,-32.02711746,WA
MOUNT NASURA,116.02479964,-32.13761937,WA
ORA BANDA,121.02594902,-30.314234,WA
BOSCABEL,117.06661593,-33.68241743,WA
HOPELAND,115.88765771,-32.38156889,WA
COODANUP,115.75091456,-32.55923184,WA
TAKALARUP,118.12288329,-34.57241314,WA
THE SPECTACLES,115.83905537,-32.22036632,WA
WHITEMAN,115.93932509,-31.82561264,WA
NORTH FREMANTLE,115.74682783,-32.0374948,WA
PARDOO,119.80600422,-20.15665708,WA
WANSBROUGH,117.71554263,-34.16770667,WA
PIAWANING,116.39628878,-30.81181762,WA
BURLONG,116.60270439,-31.67078208,WA
KALBARRI,114.20244102,-27.683953,WA
NORTH KUKERIN,118.06038231,-33.10704067,WA
EASTBROOK,116.07841614,-34.39330293,WA
SALMON GUMS,121.62898707,-32.866759,WA
ALMA,114.6223726,-28.25242981,WA
PETRUDOR,116.97934222,-30.41576473,WA
MARBLE BAR,119.67966707,-21.15640847,WA
ENEABBA,115.25969368,-29.82414479,WA
WICKHAM,117.14428204,-20.6735668,WA
OSMINGTON,115.21838205,-33.91034664,WA
WHITTAKER,116.04467426,-32.55010642,WA
RESERVOIR,116.18231134,-31.99693144,WA
WEST TOODYAY,116.38713348,-31.53893032,WA
MORANGUP,116.32811968,-31.64044371,WA
KANGAROO GULLY,116.19997459,-33.95962291,WA
DWARDA,116.68715454,-32.76599728,WA
WUNDOWIE,116.37280294,-31.75486234,WA
LAKE DARLOT,121.45812568,-27.82937698,WA
SPRINGS,116.58578971,-32.53923819,WA
KENMARE,117.19139335,-33.57233567,WA
MONJEBUP,118.56743167,-34.26558817,WA
SUNNYSIDE,116.24914501,-34.0238932,WA
YOUNDEGIN,117.26507718,-31.79266787,WA
BELMONT,115.93127351,-31.94979793,WA
KONDUT,116.8175601,-30.70622704,WA
MOOLIABEENEE,116.06993226,-31.29814234,WA
SERPENTINE,116.0081807,-32.38550618,WA
LAKE CLIFTON,115.71796686,-32.84938446,WA
MOUNT STIRLING,117.51899041,-31.87316799,WA
MILO,115.18348887,-29.27449606,WA
MENZIES,121.13244751,-29.7103688,WA
MOUNT CLARENCE,117.90211302,-35.02514855,WA
GLENDALOUGH,115.81951624,-31.91987658,WA
BANKSIA GROVE,115.8054267,-31.69624597,WA
WILYABRUP,115.03647354,-33.77088404,WA
NORTH TAMMIN,117.49785719,-31.51544934,WA
ARDATH,118.11325497,-32.03818146,WA
TRAYNING,117.79214306,-31.11171096,WA
SOUTH TAMMIN,117.49121861,-31.72675025,WA
CUBALLING,117.16417954,-32.82422425,WA
PRESTON SETTLEMENT,116.14298001,-33.41772159,WA
FAIRBRIDGE,115.95047287,-32.5889386,WA
SPENCERS BROOK,116.63075083,-31.73373809,WA
BRUNSWICK,115.85330743,-33.22946647,WA
MARRINUP,116.01014519,-32.67259034,WA
IRWIN,115.06864432,-29.22343387,WA
BOYANUP,115.71491041,-33.48250416,WA
BEAUMONT,122.78971315,-33.38961936,WA
SOUTH DOODLAKINE,117.90726857,-31.67841444,WA
COOLUP,115.8696632,-32.75665426,WA
BALGA,115.83984617,-31.85481308,WA
LOWER KING,117.93955692,-34.94708717,WA
WYNDHAM,128.21373651,-15.60823955,WA
MCALINDEN,116.31575358,-33.61610715,WA
BOLGART,116.51690698,-31.24139299,WA
BRUCE ROCK,118.16868777,-31.84150098,WA
NOGGERUP,116.11751383,-33.60577793,WA
GIBSON,121.82545155,-33.62372988,WA
GREENMOUNT,116.05573331,-31.90274668,WA
JELCOBINE,116.71865425,-32.41259822,WA
LOWER HOTHAM,116.37809202,-32.93313829,WA
OAKLEY,115.93344873,-32.64982489,WA
ROTTNEST ISLAND,115.5123506,-32.00619073,WA
MARDELLA,115.93318571,-32.32279868,WA
YABBERUP,116.03009792,-33.51954364,WA
ELGIN,115.63342552,-33.5382543,WA
COLLIE,116.14844219,-33.36012568,WA
BROADWOOD,121.45893567,-30.79201877,WA
BURMA ROAD,115.04270407,-28.96963646,WA
LAKE MUIR,116.56612429,-34.50113811,WA
BULL CREEK,115.86247071,-32.05623038,WA
LORT RIVER,121.3847113,-33.33491208,WA
CANNA,115.88440496,-28.88784281,WA
WATERLOO,115.76254954,-33.32803972,WA
FORTESCUE,116.54624678,-21.62359072,WA
SOUTH YILGARN,119.29112986,-31.77949116,WA
KALOORUP,115.20821477,-33.78280346,WA
KOOKYNIE,122.10189482,-29.63771352,WA
DALYUP,121.58137214,-33.69335506,WA
OLD PLAINS,116.34846482,-31.12283286,WA
TARDUN,115.78342536,-28.75156986,WA
MULLALYUP,115.94287448,-33.75377112,WA
BURRAN ROCK,118.01232057,-31.26607359,WA
MARRACOONDA,117.45939229,-33.66677808,WA
MOUNT COOKE,116.35192986,-32.37709369,WA
GRASS PATCH,121.78808398,-33.23038121,WA
DARDADINE,116.77090649,-33.2326905,WA
MULATAGA,116.8774762,-20.73937534,WA
WANNAMAL,116.14334668,-31.1622536,WA
MONJINGUP,121.76837677,-33.78884179,WA
BORNHOLM,117.57518485,-35.05506219,WA
NORTHERN GULLY,114.92284149,-28.66672918,WA
BINDI BINDI,116.41560574,-30.61728555,WA
NUNIERRA,115.60507235,-28.16236558,WA
MOUNT NEY,122.33057545,-33.33867465,WA
WATHEROO,116.11547924,-30.26794705,WA
SABINA RIVER,115.42717131,-33.74658719,WA
PUMPHREYS BRIDGE,116.89483037,-32.69621038,WA
YALLINGUP SIDING,115.10155078,-33.69779862,WA
WAROONA,115.879952,-32.83300039,WA
CARLISLE,115.91811421,-31.97942641,WA
HOWICK,122.8591601,-33.68954036,WA
DARDANUP,115.77458187,-33.40481927,WA
NORTH BAANDEE,117.91608776,-31.39647604,WA
ELLEKER,117.72397973,-35.02239784,WA
KULIKUP,116.69464632,-33.77879962,WA
WIALKI,118.08755803,-30.42174511,WA
CAMILLO,116.00204952,-32.11294699,WA
KRONKUP,117.61502606,-35.03758227,WA
CONTINE,117.02227707,-32.82652415,WA
KARRAKUP,116.06843666,-32.25379469,WA
JENNACUBBINE,116.71966848,-31.4640253,WA
HILLSIDE,117.20728379,-32.9000725,WA
GREENWOOD,115.80277945,-31.82721968,WA
ELLENDALE,114.99718431,-28.8822185,WA
NUKARNI,118.21837218,-31.30651811,WA
WANDINA,114.63494794,-28.8191509,WA
BOVELL,115.36097752,-33.68011871,WA
SOUTH PLANTATIONS,113.74451298,-24.84687928,WA
ASHFIELD,115.9380856,-31.91734432,WA
LAKE NINAN,116.6344819,-30.93670015,WA
MOUNT HARDEY,116.86112725,-31.91835542,WA
MEADOW SPRINGS,115.75386833,-32.49671836,WA
EURARDY,114.7166015,-27.43780058,WA
KARRANADGIN,116.71833887,-31.22549686,WA
JANE BROOK,116.06251444,-31.85877671,WA
HEATHRIDGE,115.7603339,-31.76320767,WA
GWELUP,115.79484571,-31.87144798,WA
HERNE HILL,116.03137696,-31.83012918,WA
KONNONGORRING,116.77120671,-31.04765058,WA
BAYNTON,116.80150829,-20.75177619,WA
CALISTA,115.80294804,-32.24644699,WA
BRIGADOON,116.07249551,-31.77253946,WA
PARKLANDS,115.77326754,-32.49525924,WA
MUNGALUP,116.06577505,-33.39625783,WA
SOUTH GUILDFORD,115.97561076,-31.91165747,WA
SPEARWOOD,115.78380224,-32.10428029,WA
ORCHID VALLEY,116.8349992,-34.00239692,WA
DAYTON,115.97403828,-31.85453359,WA
MALAGA,115.89434562,-31.85854608,WA
COONABIDGEE,115.84861308,-31.36543884,WA
NARRA TARRA,114.75717119,-28.65256557,WA
GOSNELLS,115.99277146,-32.08314629,WA
KWINANA TOWN CENTRE,115.81459169,-32.24797936,WA
PORT KENNEDY,115.75381357,-32.3722153,WA
GREY,115.13880295,-30.66168718,WA
ELLENBROOK,115.97770234,-31.76786526,WA
EAST CANNINGTON,115.95885364,-32.00901385,WA
REDCLIFFE,115.9465004,-31.93845761,WA
FORRESTANIA,119.71148691,-32.43469353,WA
BEECHBORO,115.93824634,-31.86824964,WA
OSBORNE PARK,115.81686196,-31.90476226,WA
ALEXANDER HEIGHTS,115.86507944,-31.82757515,WA
REGANS FORD,115.75118589,-30.95282461,WA
SEVILLE GROVE,115.98938824,-32.13627085,WA
GUILDERTON,115.51256379,-31.34034153,WA
PARMELIA,115.82747383,-32.24670203,WA
BALBARRUP,116.23584358,-34.20411587,WA
DALIAK,116.71711873,-31.87039989,WA
WONTHELLA,114.63334597,-28.7668639,WA
STRATTON,116.04183003,-31.86792556,WA
RIVERVALE,115.91596181,-31.96051661,WA
WALYORMOURING,116.87920583,-31.16820159,WA
MIDDLE SWAN,116.0199634,-31.85894178,WA
HYDEN,119.12087451,-32.41972007,WA
NARNGULU,114.68212788,-28.8217066,WA
MERU,114.68618798,-28.80247455,WA
GOOSEBERRY HILL,116.04898475,-31.94720078,WA
THE LAKES,116.34249392,-31.89175475,WA
METRICUP,115.12962113,-33.78767101,WA
MIDLAND,116.01053195,-31.88952772,WA
CARNARVON,113.67110092,-24.88228437,WA
SMITH BROOK,116.19848004,-34.36923098,WA
REDGATE,115.02448879,-34.01980094,WA
KENSINGTON,115.88424457,-31.98576545,WA
GELORUP,115.64270172,-33.42762148,WA
HAMELIN BAY,115.04812887,-34.23096597,WA
PARKWOOD,115.91499544,-32.04776988,WA
COTTESLOE,115.75808763,-31.99438787,WA
BALLAJURA,115.8960196,-31.83999196,WA
NAMBUNG,115.21247119,-30.5187649,WA
LEINSTER,120.63924923,-28.0837753,WA
BORANUP,115.04610478,-34.12425905,WA
REDBANK,118.61160508,-20.33754509,WA
WONGAN HILLS,116.69427429,-30.83346185,WA
CORAL BAY,113.77368636,-23.14374728,WA
CAPE BURNEY,114.64859331,-28.86750302,WA
RAVENSWOOD,115.85803868,-32.57281014,WA
UPPER CAPEL,115.80424957,-33.66557748,WA
INGLEWOOD,115.87988797,-31.91661176,WA
KIARA,115.93897598,-31.88158462,WA
WANDILLUP,116.05512675,-34.04479498,WA
ALLANSON,116.08780697,-33.32573716,WA
KALANNIE,117.1829321,-30.29659882,WA
LYNDON,114.51115928,-23.32692865,WA
PERTH,115.85824625,-31.95393279,WA
MELALEUCA,115.91980849,-31.71532041,WA
ROEBOURNE,117.17821895,-20.75398866,WA
MARANGAROO,115.83757235,-31.82761989,WA
LATHLAIN,115.90636618,-31.96752646,WA
LANDSDALE,115.86241567,-31.80760754,WA
WELD RANGE,117.58314396,-27.06396008,WA
MORESBY,114.67240495,-28.73525424,WA
WELLESLEY,115.76244131,-33.19070324,WA
BALLADONG,116.74436706,-31.92971623,WA
STRATHAM,115.5972058,-33.46939158,WA
EAST AUGUSTA,115.17511636,-34.31186155,WA
MOUNT MAGNET,117.86958288,-28.06707696,WA
GREYS PLAIN,113.69339922,-24.88712021,WA
BEACHLANDS,114.60183955,-28.78612916,WA
KEWDALE,115.95177951,-31.97884272,WA
LEDA,115.79931868,-32.26758783,WA
ARMADALE,116.00691089,-32.15111583,WA
BROOKDALE,116.00197388,-32.16697447,WA
GWAMBYGINE,116.77948676,-31.9704473,WA
OLDBURY,115.91835183,-32.26570271,WA
HUNTINGDALE,115.96616069,-32.08311514,WA
KALAMUNDA,116.05474343,-31.97597041,WA
MOKUP,116.87900073,-33.61501761,WA
TARCOOLA BEACH,114.62163108,-28.80942304,WA
SUNSET BEACH,114.62287832,-28.71918604,WA
WELLINGTON MILL,115.91101166,-33.4628102,WA
BUSSELTON,115.34983868,-33.65523544,WA
BEDFORD,115.89169208,-31.90947274,WA
EDEN HILL,115.94725961,-31.89095816,WA
DALYELLUP,115.6147589,-33.40842333,WA
COLD HARBOUR,116.83530622,-31.87371899,WA
MOCARDY,116.88702779,-30.87403064,WA
STOVE HILL,116.82776131,-20.7755675,WA
HOCKING,115.81832968,-31.77010762,WA
JINGALUP,117.04353516,-33.98091941,WA
COOGEE,115.76534746,-32.12233742,WA
MIDVALE,116.02953006,-31.88520283,WA
YATHROO,115.77519476,-30.83205384,WA
NORTH YUNDERUP,115.79232036,-32.57410893,WA
TJIRRKARLI,125.36121565,-25.96612911,WA
FURNISSDALE,115.77335286,-32.5601603,WA
GNOOREA,116.3983265,-20.83930465,WA
PANNAWONICA,116.33568075,-21.63483855,WA
DENHAM,113.54380811,-25.92624921,WA
JANDABUP,115.85695841,-31.73905804,WA
HALLS CREEK,127.67319922,-18.22447723,WA
DAWESVILLE,115.63859139,-32.6324537,WA
MOUNT RICHON,116.02106816,-32.16381839,WA
NAREMBEEN,118.39488172,-32.06249535,WA
MCBEATH,127.68674071,-18.24287875,WA
PRESTON BEACH,115.66919986,-32.86765282,WA
HILTON,115.78575364,-32.06803534,WA
EAST FREMANTLE,115.76774237,-32.03668195,WA
NAPIER,117.97604559,-34.78392174,WA
KOOJAN,116.07316016,-30.80770039,WA
BULLARING,117.73924195,-32.51001698,WA
WEST PERTH,115.84548381,-31.94627453,WA
WADDERIN,118.45285829,-32.01085556,WA
GIBB,126.55162117,-16.26364015,WA
MUCKENBURRA,115.76764714,-31.33043563,WA
MOUNT ANKETELL,117.00178286,-20.71595159,WA
MYARA,116.05615811,-32.48536788,WA
WELLSTEAD,118.69937895,-34.50930039,WA
REDMOND,117.69131538,-34.88388555,WA
NARRIKUP,117.71221965,-34.77388865,WA
WEST LYONS RIVER,116.0524349,-24.27355262,WA
UPPER SWAN,116.0407328,-31.76384931,WA
CROOKED BROOK,115.79656268,-33.47002996,WA
MADDINGTON,115.99581605,-32.0476278,WA
DARDANUP WEST,115.72555553,-33.39323933,WA
NARROGIN,117.17198285,-32.93650978,WA
ROEBUCK,122.61536588,-18.02820153,WA
WONNERUP,115.43724403,-33.61300219,WA
SALTER POINT,115.86581762,-32.02366167,WA
PARRYVILLE,117.10569582,-35.00669548,WA
ATTADALE,115.80235601,-32.02533247,WA
COLLINS,116.10848575,-34.45466296,WA
EAST YUNA,115.19001333,-28.39745958,WA
WINNEJUP,116.29123444,-33.95453955,WA
SOMERVILLE,121.45487845,-30.7693955,WA
HESTER BROOK,116.08936924,-33.92658093,WA
FALCON,115.66521378,-32.58434362,WA
HILBERT,115.97861135,-32.17450018,WA
THE VINES,116.00502325,-31.75892925,WA
KIRUP,115.92688163,-33.70612064,WA
MILPARA,117.86544622,-34.98735016,WA
WEST SWAN,115.99076998,-31.84566357,WA
MOUNT ADAMS,115.10444409,-29.37288506,WA
EAST NANNUP,115.85471769,-34.02991766,WA
CARRAMAR,115.78300259,-31.69966218,WA
HAMMOND PARK,115.84664957,-32.17132207,WA
MARANUP,116.01081665,-33.95623322,WA
DUNSBOROUGH,115.09395808,-33.60821855,WA
WURAMING,116.25348085,-32.83525184,WA
PICTON EAST,115.71802692,-33.34725589,WA
JOONDANNA,115.83729022,-31.9100742,WA
MOUNT LAWLEY,115.87461765,-31.93008814,WA
SHOALWATER,115.70942419,-32.2950722,WA
MULUCKINE,116.71029395,-31.67654309,WA
HAZELVALE,116.82198409,-34.92015125,WA
BULLER,114.62063774,-28.65135221,WA
BOOKARA,114.90449321,-29.09417552,WA
JARRAHDALE,116.14338619,-32.35665703,WA
PICKERING BROOK,116.19472223,-32.04949316,WA
STIRLING ESTATE,115.53704508,-33.51712076,WA
BEACON,117.86616295,-30.4300832,WA
PARADISE,115.76399612,-33.37434299,WA
SOUTH KUNUNOPPIN,117.91795169,-31.22102223,WA
TAMALA,113.82564254,-26.86926893,WA
BUCKINGHAM,116.34129508,-33.35100875,WA
SAFETY BAY,115.73040471,-32.30452916,WA
THROSSELL,116.82291479,-31.70928601,WA
LOWER CHITTERING,116.09323727,-31.55552783,WA
WOODBRIDGE,115.99337296,-31.89089638,WA
FLINT,116.45169437,-32.2081456,WA
DAVENPORT,115.68519795,-33.37392177,WA
WILLYUNG,117.84818156,-34.94200157,WA
FORRESTDALE,115.934208,-32.15517802,WA
MOUNT PLEASANT,115.8489568,-32.02819878,WA
HITHERGREEN,115.49168067,-33.72153765,WA
ARROWSMITH,115.10974463,-29.55909763,WA
WATTENING,116.48427154,-31.32059894,WA
YORK,116.77743871,-31.87379681,WA
YEALERING,117.6105371,-32.62266097,WA
BUCKLAND,116.62590672,-31.53823834,WA
CARRARANG,113.40199374,-26.32984063,WA
MUCHEA,115.92820163,-31.5571528,WA
HILLARYS,115.74357937,-31.80892547,WA
BALLIDU,116.76727215,-30.60310511,WA
EAST BALLIDU,116.90409571,-30.56050372,WA
MARRADONG,116.47772165,-32.89934303,WA
BODALLIN,118.88779755,-31.35174892,WA
PEPPERMINT GROVE,115.7671617,-31.99929923,WA
ASHENDON,116.18777728,-32.21183811,WA
BELHUS,116.0095544,-31.78153618,WA
WILLIAMS,116.73100812,-33.05793132,WA
ROCKINGHAM,115.73901148,-32.28223679,WA
SANDPATCH,117.7863177,-35.0484144,WA
WESTDALE,116.59727352,-32.30471804,WA
MAITLAND,116.69282812,-21.04173499,WA
MYALUP,115.72269117,-33.02192201,WA
TINGLEDALE,116.8800337,-34.96278453,WA
MOLLERIN,117.50257254,-30.39798307,WA
CLEARY,117.68349371,-30.38967862,WA
AMBANIA,115.14292135,-28.68639979,WA
BEELERUP,115.85900413,-33.54565093,WA
LAKE AUSTIN,117.99382308,-27.56444312,WA
ISSEKA,114.64854674,-28.44029608,WA
MARDIE,116.14256834,-21.18033663,WA
HELENA VALLEY,116.03957444,-31.91920499,WA
AVELEY,115.98925859,-31.78155482,WA
JIBBERDING,116.93927451,-29.93613331,WA
BOWES,114.59431159,-28.45326924,WA
CARBLA,114.40003809,-26.18875081,WA
SOUTH KUMMININ,118.46312213,-32.19529961,WA
STURT CREEK,127.88333427,-19.21337653,WA
JINDONG,115.24611162,-33.73530424,WA
COOMALBIDGUP,121.25633593,-33.71214271,WA
CLAREMONT,115.78212514,-31.98108605,WA
HERDSMAN,115.8055287,-31.92007795,WA
SINAGRA,115.80644787,-31.74228119,WA
EAST ROCKINGHAM,115.76978611,-32.26239075,WA
COOLBINIA,115.85386344,-31.91384836,WA
ROSSMOYNE,115.86792825,-32.03959155,WA
LEEMING,115.86728387,-32.07576403,WA
THOMSON BROOK,115.97274638,-33.620618,WA
BONNIEFIELD,114.93742417,-29.20277863,WA
NIRIMBA,115.74953976,-32.65588994,WA
YALLINGUP,115.03673803,-33.68699895,WA
MUELLER RANGES,126.7426339,-18.4065462,WA
EATON,115.71675135,-33.31228147,WA
BOORARA BROOK,116.20840208,-34.67148313,WA
PORT HEDLAND,118.64239576,-20.34189423,WA
VITTORIA,115.67531789,-33.3197612,WA
WANNANUP,115.64953297,-32.60148564,WA
HARRISDALE,115.93239669,-32.11751775,WA
BROCKMAN,113.65139632,-24.87904986,WA
BRAMLEY,115.10987618,-33.9155341,WA
GLEN MERVYN,116.07130653,-33.52611324,WA
YEAGARUP,115.84886804,-34.50687461,WA
WESTONIA,118.70594852,-31.23913029,WA
WARRENUP,117.86514884,-34.97175311,WA
COOYA POOYA,117.07193317,-20.96594008,WA
CARINE,115.78247226,-31.85209839,WA
KARRINYUP,115.77689929,-31.87220193,WA
CANNING VALE,115.91689257,-32.08136378,WA
SCOTSDALE,117.28378024,-34.90565994,WA
YOGANUP,115.61812719,-33.74691043,WA
CRANBROOK,117.48365053,-34.24894613,WA
FLOREAT,115.79174265,-31.93917615,WA
CAPE RANGE NATIONAL PARK,113.92997285,-22.13799061,WA
CROWEA,116.17299816,-34.5360319,WA
GIBSON DESERT SOUTH,125.99243044,-24.93339247,WA
TUART HILL,115.83504427,-31.8979809,WA
OAKAJEE,114.60890245,-28.59788973,WA
BARROW ISLAND,115.39772596,-20.79277669,WA
WALPOLE,116.76022268,-34.97718899,WA
WONGAMINE,116.61776642,-31.4709373,WA
MENORA,115.86221132,-31.91881275,WA
NORTH BOYANUP,115.68707334,-33.4276423,WA
CAVERSHAM,115.97545573,-31.87558576,WA
BUSHMEAD,116.02996377,-31.9282013,WA
WITCHCLIFFE,115.112214,-34.01396144,WA
TORBAY,117.64836768,-34.9823896,WA
NAVAL BASE,115.78155712,-32.19520071,WA
TENTERDEN,117.43602042,-34.39589743,WA
WANDANA,115.29954785,-28.17961746,WA
MUNDRABILLA,127.72695311,-31.62890277,WA
QUELAGETTING,117.08620704,-31.4601963,WA
LEEUWIN,115.13135638,-34.33942706,WA
COOLCALALAYA,115.07620507,-27.65421849,WA
GAIRDNER,119.0125307,-34.21041194,WA
SOUTHAMPTON,115.94746226,-33.86785304,WA
DUMBARTON,116.5355219,-31.56115244,WA
WARWICK,115.80870011,-31.83964892,WA
BODDINGTON,116.4607571,-32.81373485,WA
TREEBY,115.8925087,-32.12080256,WA
PARKFIELD,115.71530708,-33.18411826,WA
NORTH PLANTATIONS,113.72448083,-24.83530295,WA
GNOWANGERUP,118.00369851,-33.93809569,WA
COBURN,114.33348683,-26.74744548,WA
HAYNES,115.97507201,-32.15509759,WA
ULARRING,119.89711056,-29.38685049,WA
LAKELANDS,115.77236283,-32.46873328,WA
ROELANDS,115.86636108,-33.29432518,WA
QUELLINGTON,116.82797951,-31.78723297,WA
SUBIACO,115.82446326,-31.94869119,WA
O'CONNOR,115.7923819,-32.05957171,WA
DINGUP,116.24690125,-34.2770837,WA
YOTING,117.56840398,-31.98904621,WA
MOUNT ELPHINSTONE,117.85356899,-35.01974883,WA
CANE,115.87642774,-22.14420922,WA
HAMERSLEY,115.81252561,-31.85096144,WA
BASKERVILLE,116.04909238,-31.79765364,WA
YARRAGADEE,115.40644294,-29.11955212,WA
DARKAN,116.74602132,-33.34632776,WA
BEADELL,127.52692729,-27.94346723,WA
BAYONET HEAD,117.9344788,-34.97345456,WA
WEST RIVER,119.62970923,-33.57516641,WA
LEONORA,121.45710347,-28.8434552,WA
GREENBUSHES,116.03885106,-33.85907151,WA
PANTAPIN,117.64924694,-31.97423788,WA
EAST BEVERLEY,117.07329083,-32.0352475,WA
DUDLEY PARK,115.72724329,-32.55833758,WA
BROOME,122.23586131,-17.96141996,WA
RINGBARK,116.11505135,-34.21077682,WA
JALBARRAGUP,115.61728639,-34.00850267,WA
SCHROEDER,115.36551852,-34.02776747,WA
CARLOTTA,115.79963102,-34.12631829,WA
BELLEVUE,116.0271293,-31.90132361,WA
PEPPERMINT GROVE BEACH,115.50978201,-33.52429941,WA
MOORINE ROCK,119.15185631,-31.35650363,WA
MOKINE,116.57438489,-31.748908,WA
WALYUNGA NATIONAL PARK,116.07644333,-31.72187617,WA
PORONGURUP,117.87949504,-34.6633198,WA
BENJINUP,116.29116681,-33.79832737,WA
CAREY PARK,115.65306916,-33.35476253,WA
OCEAN BEACH,117.30278613,-35.00478719,WA
BICKLEY,116.10216426,-32.0011781,WA
PEAK HILL,118.28811052,-25.28747845,WA
HODDYS WELL,116.45846086,-31.64572258,WA
WEST END,114.58861803,-28.77929622,WA
BROKE,116.44133209,-34.92241831,WA
HARRIS RIVER,116.13880006,-33.24873452,WA
KARAKIN,115.46577446,-31.05768107,WA
KULJA,117.32411104,-30.386828,WA
COSMO NEWBERY,123.50953058,-28.10283335,WA
DAMPIER ARCHIPELAGO,116.63720985,-20.57738651,WA
GIDGEGANNUP,116.18784245,-31.75423322,WA
SOUTH YUNDERUP,115.77989377,-32.59825261,WA
DINNINUP,116.51374592,-33.74192425,WA
TANAMI,127.66753374,-20.44217867,WA
DAMPIER,116.7138194,-20.67128296,WA
BICTON,115.78589583,-32.02650905,WA
GOODLANDS,117.28794027,-29.99285853,WA
DONNELLY RIVER,115.95282053,-34.08946831,WA
KINGS PARK,115.83146477,-31.9625312,WA
PINK LAKE,121.81406342,-33.84621474,WA
MINNENOOKA,114.87034055,-28.84995676,WA
CORRIGIN,117.88983569,-32.33562821,WA
REINSCOURT,115.39047451,-33.65002584,WA
CHAPMAN HILL,115.32346144,-33.78653974,WA
WEST PINJARRA,115.80333207,-32.66661575,WA
KARRATHA,116.84581425,-20.73533652,WA
YELLOWDINE,119.81165856,-31.06556851,WA
HOVEA,116.0975594,-31.87499716,WA
AUGUSTA,115.14257394,-34.30360879,WA
BADGINGARRA,115.59552035,-30.42487412,WA
EXMOUTH GULF,114.25136066,-22.60302294,WA
SANDY GULLY,114.49214234,-28.34057979,WA
RUABON,115.48352528,-33.65047677,WA
LAKE WELLS,123.37962087,-27.17671916,WA
KUNJIN,117.70328805,-32.36281266,WA
BADGIN,116.99882747,-31.80648621,WA
DJUGUN,122.23519381,-17.93930606,WA
MEENAAR,116.90284857,-31.65429535,WA
BAILUP,116.30988084,-31.7391145,WA
ASCOT,115.9293997,-31.93411221,WA
TORNDIRRUP,117.89483456,-35.08986254,WA
BANDYA,122.15831988,-27.87673486,WA
DEANMILL,116.08557167,-34.25319124,WA
MURDONG,117.55973829,-33.75652032,WA
CHANNYBEARUP,115.97480803,-34.40637749,WA
BINDOON,116.13052084,-31.34088977,WA
DARLING DOWNS,115.99011856,-32.19485252,WA
WATTLE GROVE,115.99998471,-32.00777578,WA
MAIDA VALE,116.02295298,-31.95634923,WA
GRACETOWN,115.00957882,-33.86069549,WA
ROCKY GULLY,116.98410548,-34.59204665,WA
NAMBEELUP,115.86747863,-32.50595335,WA
YARDARINO,115.02605886,-29.23077504,WA
FORRESTFIELD,116.00739693,-31.9838151,WA
SHANNON,116.39343212,-34.73209078,WA
NEERABUP,115.76904556,-31.68418917,WA
NORTH WEST CAPE,114.07672401,-21.91645353,WA
HENDERSON,115.77893676,-32.15854752,WA
JERRAMUNGUP,119.02472819,-33.97135997,WA
WILUNA,120.59012167,-26.46044346,WA
MACLEOD,113.7155367,-24.2087401,WA
LOWDEN,115.9649004,-33.53423877,WA
MINNIVALE,117.17792492,-31.05617429,WA
WARDING EAST,117.06829757,-31.73072821,WA
ERSKINE,115.69934878,-32.56184562,WA
COPLEY,116.47416028,-31.79527204,WA
UCARTY,117.02819163,-31.32339635,WA
NORANDA,115.89898437,-31.87331146,WA
KUMARINA,119.57809007,-25.07222731,WA
PINJARRA,115.8771229,-32.617216,WA
ROLEYSTONE,116.0848685,-32.12266176,WA
KAMBALDA WEST,121.57956776,-31.19514422,WA
KUDARDUP,115.15944441,-34.24720364,WA
MUMBALLUP,116.12624269,-33.5243879,WA
WELLINGTON FOREST,115.94739171,-33.43388157,WA
BURNSIDE,115.03607133,-33.92200099,WA
BOODARIE,118.52040362,-20.4948894,WA
BULGARRA,116.85677847,-20.7257891,WA
TREETON,115.22670873,-33.85402122,WA
DERBY,123.71776415,-17.37854301,WA
NEWCARLBEON,117.36679249,-30.64835317,WA
EIGHTY MILE BEACH,121.30861261,-19.55764645,WA
MOUNT ROMANCE,117.12837064,-34.81491874,WA
GAP RIDGE,116.79620729,-20.73064105,WA
WILBINGA,115.61556537,-31.40497342,WA
HOWATHARRA,114.64437496,-28.5367949,WA
YALLABATHARRA,114.32041131,-28.08450515,WA
NORNALUP,116.83036114,-35.01193115,WA
WEDGE ISLAND,115.25455575,-30.80296155,WA
JURIEN BAY,115.10090248,-30.2817654,WA
DOODENANNING,117.18855437,-31.86281246,WA
MARYBROOK,115.20043951,-33.67117254,WA
CLACKLINE,116.52446038,-31.70931996,WA
ABBA RIVER,115.48828966,-33.6833463,WA
ST RONANS,116.64560382,-31.89971894,WA
BERTRAM,115.84513718,-32.24463952,WA
EAST LYONS RIVER,117.27161311,-24.30703782,WA
SOUTHERN CROSS,119.34822014,-31.25308555,WA
GASCOYNE RIVER,116.20368906,-25.24002783,WA
JUNA DOWNS,118.764381,-22.67708567,WA
NUNILE,116.53739773,-31.48361721,WA
NORPA,118.39326529,-31.58132237,WA
MANYPEAKS,118.18125981,-34.83448381,WA
KWINANA BEACH,115.77609624,-32.22911581,WA
GRANVILLE,115.85248557,-31.30833369,WA
WATERCARRIN,117.24578311,-31.44125421,WA
TALANDJI,114.99123442,-22.07235555,WA
HOLYOAKE,116.10142953,-32.70280899,WA
TWO ROCKS,115.61630683,-31.4855578,WA
TELFER,123.26511055,-21.20957495,WA
WEST COOLUP,115.77788485,-32.75987872,WA
GREEN RANGE,118.40892794,-34.68749221,WA
WARRALAKIN,118.58844671,-30.96216889,WA
TALGOMINE,118.26572489,-31.18585102,WA
HANNANS,121.45479008,-30.71922804,WA
MERKANOOKA,115.8260111,-29.18385628,WA
NULSEN,121.87503442,-33.85162466,WA
WARRACHUPPIN,118.72797147,-30.99414351,WA
NUNGARIN,118.15635885,-31.10948945,WA
HAZELMERE,116.00538696,-31.91267716,WA
MARIGINIUP,115.84323193,-31.71104888,WA
AMBERGATE,115.31801819,-33.71195017,WA
VASSE,115.26780669,-33.69337873,WA
HOFFMAN,116.07630678,-33.02474232,WA
GLENORAN,115.94325656,-34.25597465,WA
GINGINUP,115.91755134,-31.29322929,WA
COOLJARLOO,115.37339194,-30.66839577,WA
ERADU,115.05890054,-28.67435889,WA
HORROCKS,114.42965295,-28.37782708,WA
HIGHBURY,117.21318263,-33.08641405,WA
KWOLYIN,117.73327947,-31.98860124,WA
HAMILTON HILL,115.7794941,-32.08450867,WA
DEWARS POOL,116.36701773,-31.39705947,WA
NERIDUP,122.20376489,-33.61908347,WA
DIAMOND TREE,116.1127933,-34.34685691,WA
WOODRIDGE,115.59627903,-31.33373618,WA
MERIVALE,122.17286395,-33.82491166,WA
CODJATOTINE,116.81967904,-32.69247615,WA
WOMARDEN,115.86891967,-29.48231087,WA
QUEENS PARK,115.94621477,-32.00296432,WA
LUDLOW,115.50412107,-33.60866209,WA
WAEEL,117.13675501,-31.6083844,WA
BALLAYING,117.5943094,-33.32075471,WA
CASTLETOWN,121.90827413,-33.83300124,WA
CHAMPION LAKES,115.98633311,-32.11896102,WA
PIESSEVILLE,117.22925846,-33.19248892,WA
UPPER MURRAY,116.28711154,-32.98913238,WA
FITZROY CROSSING,125.56882166,-18.18319841,WA
EAST BOWES,114.72859401,-28.35049998,WA
BONNIE ROCK,118.38798639,-30.44120796,WA
CROSSMAN,116.59903192,-32.82180449,WA
WOOROLOO,116.3206908,-31.80420807,WA
GRASS VALLEY,116.81608907,-31.63924411,WA
WAGGRAKINE,114.65982785,-28.69111143,WA
ELACHBUTTING,118.61641294,-30.60370728,WA
BENCUBBIN,117.85808936,-30.77854842,WA
WARAWARRUP,115.91123672,-33.04654624,WA
WAGERUP,115.90993224,-32.90743898,WA
PINGRUP,118.78706418,-33.5461218,WA
DONGARA,114.93005185,-29.24172389,WA
BEACONSFIELD,115.76859577,-32.0693732,WA
DAADENNING CREEK,117.82046317,-31.77340632,WA
GABBADAH,115.50585047,-31.29208478,WA
JOLIMONT,115.80928176,-31.94585001,WA
BANNISTER,116.44602706,-32.67947238,WA
HARVEY,115.91527291,-33.07865059,WA
LAMINGTON,121.46158031,-30.73448094,WA
MYRUP,121.96202749,-33.76423588,WA
LEDGE POINT,115.39182659,-31.10109525,WA
NORTH ERADU,115.10806378,-28.56520559,WA
SOUTH YUNA,115.01707461,-28.36548364,WA
HOPE VALLEY,115.81173546,-32.19696392,WA
GEOGRAPHE,115.38413076,-33.63938465,WA
STONEVILLE,116.16526117,-31.85860615,WA
WOKALUP,115.84050267,-33.1261439,WA
BENGER,115.846918,-33.18063966,WA
MARRAH,114.96659195,-28.43412251,WA
NICKOL,116.80269567,-20.73952788,WA
YANCHEP,115.73814637,-31.52557845,WA
WEST LAMINGTON,121.45035922,-30.75075447,WA
BULLOCK HILLS,117.69648245,-33.4053297,WA
BLUFF POINT,114.62230243,-28.73702216,WA
PAULLS VALLEY,116.12403885,-31.95795659,WA
MARCHAGEE,116.15863361,-30.01920206,WA
BAYSWATER,115.91788349,-31.91737376,WA
CHADWICK,121.88337151,-33.83761876,WA
QUINNS ROCKS,115.69735794,-31.6651546,WA
ST JAMES,115.91043017,-32.00001176,WA
WARNBRO,115.76807993,-32.33777196,WA
WANERIE,115.59452819,-31.20991465,WA
KAURING,117.02530157,-31.94405779,WA
MARGARET RIVER,115.05541246,-33.96883663,WA
PAYNES FIND,117.50614075,-29.14732406,WA
WALKAWAY,114.8532145,-28.94645171,WA
MILLARS WELL,116.81757809,-20.73468856,WA
BROWN RANGE,113.71817609,-24.89317686,WA
WUNGONG,116.01294884,-32.18309833,WA
HACKETTS GULLY,116.11744049,-31.98291323,WA
FERGUSON,115.85097571,-33.43940263,WA
COLLEGE GROVE,115.65897976,-33.37588648,WA
LUMEAH,117.25877325,-34.00559772,WA
KOJONUP,117.17884343,-33.83818797,WA
KINGSFORD,113.69558354,-24.86313337,WA
BRETON BAY,115.47857087,-31.19174911,WA
WOOLGORONG,115.76556044,-27.71384122,WA
WELLARD,115.84634188,-32.2662695,WA
MIDDLESEX,116.1789773,-34.306599,WA
BENTLEY,115.90723969,-32.00607878,WA
GOLDEN BAY,115.76070498,-32.42505934,WA
HAMEL,115.88732875,-32.86796641,WA
BUNJIL,116.64290653,-29.63326186,WA
BOW BRIDGE,116.97410299,-34.97976615,WA
VALENTINE,115.04238568,-28.56467322,WA
WANDERING,116.67795589,-32.65498044,WA
GEORGINA,114.77867988,-28.87844488,WA
EAST CARNARVON,113.67674203,-24.86405548,WA
SOUTH NEWDEGATE,119.01648897,-33.21841619,WA
NOWERGUP,115.75720069,-31.63860288,WA
MOUNT CLAREMONT,115.78033976,-31.9602919,WA
GLENCOE,117.62265541,-33.47182793,WA
MOUNT HARDMAN,124.87537455,-17.95621611,WA
SECRET HARBOUR,115.75822172,-32.40592804,WA
DURAWAH,114.9475363,-28.57535077,WA
GUNYIDI,116.18186123,-30.13528609,WA
SHACKLETON,117.86211562,-31.96556218,WA
SOUTHERN BROOK,116.83174626,-31.55774555,WA
CULHAM,116.44172817,-31.41066164,WA
NORTH DANDALUP,115.95942572,-32.5101268,WA
PERENJORI,116.31450254,-29.4697177,WA
NGAANYATJARRA-GILES,128.11936068,-25.26505943,WA
CABLE BEACH,122.21001661,-17.9505238,WA
MULLEWA,115.5500809,-28.49495944,WA
EMU FLAT,122.37360398,-31.02908157,WA
JINDALEE,115.68485448,-31.6415929,WA
WICHERINA,114.98768626,-28.69832732,WA
WELSHPOOL,115.94899791,-31.99259624,WA
BURAKIN,117.14612362,-30.55785066,WA
LEEMAN,115.02449585,-29.97919874,WA
EGANU,115.74330133,-30.04278078,WA
DATATINE,117.85105405,-33.42015854,WA
MUNDARING,116.16366597,-31.92324121,WA
WAGIN,117.34536936,-33.3016833,WA
NORTH YELBENI,117.66211178,-31.06666751,WA
WEST KALGOORLIE,121.43429408,-30.77994714,WA
GERALDTON,114.61498221,-28.77735825,WA
SOUTH FREMANTLE,115.75446045,-32.07175284,WA
MOUNT HILL,114.90500561,-28.996723,WA
KARALUNDI,118.67363045,-26.12515394,WA
BURRACOPPIN,118.43874095,-31.39989328,WA
WOGOLIN,117.8241643,-32.79666449,WA
CRAWLEY,115.82715603,-31.98343456,WA
BYFORD,116.00218835,-32.2247602,WA
AUBIN GROVE,115.86269429,-32.16698499,WA
CLARKSON,115.72621612,-31.68669834,WA
DARCH,115.84574914,-31.81253009,WA
NUGADONG,116.72963943,-30.20119442,WA
MOUNT MELVILLE,117.86793519,-35.01768197,WA
MELVILLE,115.80130698,-32.04046338,WA
MOUNT HOLLAND,119.57183978,-32.12058173,WA
LAGRANGE,121.97815928,-18.71176369,WA
KARAWARA,115.88127746,-32.0086064,WA
YILKARI,121.4396573,-30.82509852,WA
ERADU SOUTH,115.067641,-28.77589043,WA
AVON VALLEY NATIONAL PARK,116.18874237,-31.63604511,WA
SORRENTO,115.75362677,-31.82783068,WA
XANTIPPE,117.01177779,-30.23256128,WA
BIMBIJY,118.12372979,-29.71726822,WA
ATWELL,115.86518876,-32.14344112,WA
MYAREE,115.81560445,-32.04153101,WA
GUNDARING,117.49625781,-33.33296558,WA
MOUNT SHEILA,117.66817211,-22.41341206,WA
WEST PINGELLY,116.96398026,-32.54015329,WA
WADDINGTON,116.27357144,-30.80078022,WA
CARMEL,116.08309676,-32.02160492,WA
NEMBUDDING,117.57349498,-31.12778135,WA
BRENTWOOD,115.85245823,-32.04350773,WA
MARTIN,116.04562445,-32.07541154,WA
BAKERS HILL,116.4472992,-31.7321769,WA
RUDDS GULLY,114.66691028,-28.84834058,WA
LANGFORD,115.9414794,-32.04110752,WA
CRAIGIE,115.76955129,-31.78731162,WA
SUCCESS,115.84958158,-32.14250913,WA
DAGLISH,115.80996094,-31.95151417,WA
KINROSS,115.73830446,-31.71797489,WA
DEEPDALE,114.68071478,-28.78010475,WA
MOSMAN PARK,115.7655619,-32.01483438,WA
YANNARIE,115.04438471,-22.93327419,WA
BELDON,115.76295805,-31.77466733,WA
KENNEDY RANGE,114.81022629,-24.55723872,WA
SHENTON PARK,115.80533448,-31.95717048,WA
TAMALA PARK,115.73347367,-31.70653875,WA
CARABAN,115.54566023,-31.3512469,WA
WEST CASUARINAS,115.2617326,-28.86021673,WA
GINGIN,115.91117748,-31.34643191,WA
MOONYOONOOKA,114.76766617,-28.78012652,WA
RIDGEWOOD,115.72262353,-31.66133836,WA
PREVELLY,114.9942729,-33.97825121,WA
PAYNESVILLE,118.30802338,-27.99534612,WA
GOOMALLING,116.84278836,-31.29659308,WA
REMLAP,117.67003676,-30.04634685,WA
DWELLINGUP,116.07634087,-32.73682935,WA
EDGEWATER,115.78518912,-31.76381412,WA
WONGOONDY,115.50984903,-28.83592104,WA
CHANGERUP,116.86834632,-33.73590862,WA
BALDIVIS,115.83066724,-32.32898548,WA
WOORREE,114.65807466,-28.76675759,WA
BALKULING,117.16018558,-31.94971328,WA
LEXIA,115.91937668,-31.77896326,WA
WILGARRUP,116.20914022,-34.14927804,WA
MIMEGARRA,115.5097517,-30.85855975,WA
GNANGARA,115.8649965,-31.77531796,WA
CULLACABARDEE,115.89883981,-31.81287226,WA
MALEBELLING,116.90169811,-31.83774023,WA
PADBURY,115.76933937,-31.80646166,WA
SPALDING,114.63637295,-28.73506233,WA
BURGES,116.7649908,-31.83143528,WA
UTAKARRA,114.64864412,-28.78132052,WA
MOBRUP,116.92987561,-34.12497467,WA
NANGA BROOK,116.09585849,-32.85066753,WA
PEARSALL,115.81877227,-31.78142513,WA
MERRIWA,115.71273877,-31.66492479,WA
BALCATTA,115.81947578,-31.87156677,WA
SEABIRD,115.45572793,-31.26450723,WA
RED HILL,116.074533,-31.8275023,WA
OCEAN REEF,115.73594894,-31.75869934,WA
SOUTH GREENOUGH,114.81002803,-29.00802193,WA
WEDGEFIELD,118.59387155,-20.35918182,WA
HENLEY BROOK,115.98857323,-31.80926434,WA
BILINGURR,122.22819527,-17.91293097,WA
NEERGABBY,115.64978087,-31.30717104,WA
HIGHGATE,115.87049283,-31.94004738,WA
GIRRAWHEEN,115.83970344,-31.84093243,WA
WILLETTON,115.88783885,-32.05244481,WA
NORTH COOGEE,115.75939917,-32.09298623,WA
BINNU,114.87445904,-28.02581858,WA
BARRABUP,115.66601063,-33.90134479,WA
MAHOMETS FLATS,114.61287948,-28.79211263,WA
CARDUP,115.9832762,-32.25351975,WA
NILGEN,115.40570832,-30.9504906,WA
BALINGUP,116.00698633,-33.77773319,WA
BASSENDEAN,115.94529378,-31.90629264,WA
TALBOT,116.66734415,-32.02306934,WA
VICTORIA PARK,115.89344844,-31.97549839,WA
NARROGIN VALLEY,117.25057656,-32.96345501,WA
SOUTH HEDLAND,118.60022017,-20.40664733,WA
WANGARA,115.83141533,-31.79397035,WA
LAKE COOGEE,115.78235492,-32.12943594,WA
YORNUP,116.1390042,-34.09484578,WA
PALMYRA,115.78589698,-32.04495346,WA
RIVERTON,115.898981,-32.03460306,WA
ILUKA,115.72911522,-31.73573593,WA
LENNARD BROOK,115.94436219,-31.38151917,WA
HIGH WYCOMBE,116.00112737,-31.94526033,WA
CALJIE,116.92499167,-31.75111262,WA
THORNLIE,115.95508425,-32.06004555,WA
STIRLING,115.81103437,-31.88510761,WA
WOODVALE,115.79639661,-31.78933075,WA
GLEN FORREST,116.10726247,-31.91930929,WA
BOYA,116.0572513,-31.91764737,WA
HOLLETON,119.0893248,-31.94001348,WA
WHIM CREEK,117.8325166,-20.85934296,WA
LAKE BROWN,118.38763023,-30.96087172,WA
TEESDALE,116.00929709,-32.73421722,WA
WICKEPIN,117.52843286,-32.80563598,WA
CUNDERDIN,117.26528224,-31.65558926,WA
WOODLEIGH,114.80807382,-26.17206609,WA
SCADDAN,121.7710831,-33.42938324,WA
KALUMBURU,126.64128714,-14.29450574,WA
BALLA BALLA,117.73243877,-20.68618045,WA
TOOMPUP,118.40457927,-34.04225554,WA
WARNER GLEN,115.2157833,-34.12572704,WA
WAMENUSKING,117.56560436,-32.13482425,WA
ADAMSVALE,117.7178218,-32.21736869,WA
RAWLINNA,125.38363685,-30.76412635,WA
KORBEL,118.13329462,-31.65558469,WA
MORDALUP,116.61608803,-34.33022372,WA
CAIGUNA,125.13278306,-32.05128099,WA
CHIDLOW,116.27154894,-31.85109865,WA
VICTORIA ROCK,120.6913555,-31.53743493,WA
MURADUP,116.96576831,-33.84921738,WA
HOLT ROCK,119.43730385,-32.67132386,WA
WILGA,116.26354055,-33.68698792,WA
KINGSLEY,115.8010131,-31.81046807,WA
PEACEFUL BAY,116.90585187,-35.03666114,WA
KUNDAT DJARU,128.60140978,-18.8082465,WA
NALYERLUP,118.40117404,-34.16501466,WA
BREERA,115.96025062,-31.43771577,WA
MUNTADGIN,118.57336372,-31.74694652,WA
BOYATUP,123.10339021,-33.68815032,WA
BUNICHE,118.77241436,-33.00388672,WA
YILLIMINNING,117.45669312,-32.88922938,WA
EAGLE BAY,115.06209992,-33.56267329,WA
CHOWERUP,116.67565085,-34.11450443,WA
MOORIARY,115.3480439,-29.27859909,WA
MARMION,115.75696502,-31.84150664,WA
ARRINO,115.56025134,-29.46715317,WA
UPPER WARREN,116.30026604,-34.36902997,WA
BOBALONG,117.55447699,-34.00868498,WA
FORREST BEACH,115.48899487,-33.5669244,WA
CARROLUP,117.3985378,-33.72232394,WA
TINCURRIN,117.75639533,-32.95762521,WA
GHOOLI,119.54320936,-31.21839065,WA
NORTH BODALLIN,118.92339416,-31.12349419,WA
NEENDALING,118.31642825,-33.10377368,WA
MOUNT TARCOOLA,114.62552239,-28.79870201,WA
WYOLA WEST,117.32108274,-31.55249726,WA
NAIRIBIN,117.93067808,-33.33328927,WA
WOODANILLING,117.45405939,-33.56922534,WA
PLUMRIDGE LAKES,125.9871971,-29.62679717,WA
SOUTH LAKE GRACE,118.44563532,-33.21282979,WA
GREENWOODS VALLEY,116.93926803,-31.50313734,WA
MUJA,116.34796656,-33.42764236,WA
BOODAROCKIN,118.847217,-30.9536222,WA
CAPE ARID,123.39578115,-33.63462422,WA
MOUNT WELLS,116.30786756,-32.60863015,WA
BULONG,121.97754689,-30.74775988,WA
CANNINGTON,115.93676474,-32.01599532,WA
KAMBALDA EAST,121.70502856,-31.21098699,WA
MINYIRR,122.20490577,-17.98402246,WA
KWEDA,117.3960657,-32.34821435,WA
VANCOUVER PENINSULA,117.92969423,-35.06394973,WA
WITTENOOM HILLS,122.17836704,-33.46104549,WA
MERREDIN,118.30443786,-31.48057406,WA
STIRLING RANGE NATIONAL PARK,118.04492184,-34.3977733,WA
KULIN WEST,118.0342246,-32.61460747,WA
LAKE TOOLBRUNUP,117.89963019,-34.13367515,WA
BAANDEE,117.97426403,-31.52645268,WA
TOWNSENDALE,117.31451942,-32.70421035,WA
YELVERTON,115.11346193,-33.74082757,WA
YORNANING,117.15814105,-32.74470826,WA
KORRELOCKING,117.51819066,-31.24337938,WA
NEWLANDS,115.86337128,-33.67382896,WA
MASSEY BAY,113.67225539,-24.90536072,WA
JULIMAR,116.26041841,-31.45546555,WA
KOJANEERUP SOUTH,118.39778054,-34.51146898,WA
SEPPINGS,117.91350249,-35.01287906,WA
BOXWOOD HILL,118.86179751,-34.36259635,WA
SOUTH BOULDER,121.50079919,-30.80167053,WA
ROSA GLEN,115.20522431,-33.99386125,WA
DRUMMOND COVE,114.61603044,-28.67324982,WA
MOUNT OBSERVATION,116.52706885,-31.9424502,WA
ZUYTDORP,114.22390559,-27.36508681,WA
KARROUN HILL,118.24356397,-29.97586758,WA
HATTER HILL,120.13244015,-32.88530981,WA
OOMBULGURRI,127.65830164,-14.87231445,WA
BERNIER ISLAND,113.14205506,-24.85926645,WA
DIRK HARTOG ISLAND,113.05324613,-25.79273005,WA
LITTLE SANDY DESERT,122.73695775,-24.77187917,WA
CARRABIN,118.69869292,-31.44153356,WA
HAMERSLEY RANGE,116.84408886,-22.09191158,WA
NEALE,125.05333408,-28.00864474,WA
LAKE CARNEGIE,122.28855002,-26.17610038,WA
EAST MURCHISON,117.12046961,-26.38436665,WA
LAKE DEBORAH,119.60534342,-30.46106723,WA
QUEDJINUP,115.08387282,-33.63358505,WA
ANTONYMYRE,117.09150982,-20.63568648,WA
FINUCANE,118.56837668,-20.29709641,WA
KANOWNA,121.41756012,-30.44053241,WA
WOOTTATING,116.44351618,-31.86801556,WA
BOOTHENDARRA,115.65976841,-30.24576453,WA
KURNALPI,121.99879956,-30.36982332,WA
BIBRA LAKE,115.81852038,-32.09927214,WA
JOONDALUP,115.77030604,-31.737663,WA
MINDARIE,115.70915337,-31.6933062,WA
NORTH LAKE,115.83182018,-32.08059342,WA
MOUNT BARKER,117.63476064,-34.61737179,WA
SOUTH CARNARVON,113.65551392,-24.89755681,WA
BURNS BEACH,115.72030232,-31.72060497,WA
CHEYNES,118.31347004,-34.85815836,WA
EMU POINT,117.93731263,-34.99534475,WA
DALKEITH,115.79930222,-31.99653692,WA
MOONDYNE,116.20454378,-31.5594027,WA
THREE SPRINGS,115.76311251,-29.53370113,WA
NORTH KELLERBERRIN,117.69991534,-31.46730532,WA
KOONDOOLA,115.86659078,-31.84137547,WA
COLLINGWOOD PARK,117.92390483,-35.00383145,WA
SWANBOURNE,115.76370891,-31.97068518,WA
KARRAKATTA,115.79800872,-31.96771771,WA
KELMSCOTT,116.02548264,-32.11511913,WA
DALWALLINU,116.63823757,-30.26157129,WA
ROSA BROOK,115.1919551,-33.94931437,WA
BARANGYA,127.84540489,-18.42124516,WA
BALGO,127.98303889,-20.14249617,WA
BALGINJIRR,123.78704918,-17.90447622,WA
BARREL WELL,114.60336057,-27.96423666,WA
BAULA WAH,128.01290887,-17.21998615,WA
BEAGLE BAY,122.66459523,-16.98257924,WA
BEDUNBURRA,123.16900922,-17.64298623,WA
BELL SPRINGS,128.79170881,-15.88498614,WA
BELLS POINT,122.69400922,-16.77898624,WA
BETHAL,128.74600882,-15.76598614,WA
BIDYADANGA,121.78100935,-18.68498628,WA
BILLARD,122.67318023,-16.97195324,WA
BILGUNGURR,122.22095929,-17.94265426,WA
BILLINUE,115.46780066,-30.67350662,WA
BINDI BINDI,115.12002205,-21.6430866,WA
BIRIDU,125.62270905,-17.88780618,WA
BLACKSTONE,128.28339689,-25.99746621,WA
BOBIEDING,122.63468923,-16.97472624,WA
BONDINI RESERVE,120.26624981,-26.60103338,WA
BURRINUNGA,123.64137517,-17.30542321,WA
BUNINGBARR,123.01372819,-16.38970423,WA
BURRINGURRAH,116.93377007,-24.65092651,WA
BURAWA,125.57049905,-18.17010618,WA
BYGNUNN,122.9969092,-16.52498623,WA
CARRANYA,127.7691719,-19.23104017,WA
CATTLE CREEK,128.81100882,-17.65408615,WA
CATTLE CAMP,117.35505497,-23.58757049,WA
CHEEDITHA,117.12030982,-20.75220648,WA
CHILE CREEK,122.8740092,-16.53198623,WA
COCKATOO,122.70144923,-16.89727624,WA
CONE BAY,123.66186915,-16.48524621,WA
COSMO NEWBERY,122.89618156,-27.9953623,WA
COTTON CREEK,122.59755512,-22.81753816,WA
CROCODILE HOLE,128.14085656,-16.64208277,WA
CULLACABARDEE,115.91111069,-31.8215366,WA
ABYDOSS VILLAGE,118.9161657,-21.4043634,WA
ALLIGATOR HOLE,128.87841701,-16.02968063,WA
JALYIRR,127.16796096,-20.65637118,WA
JANTERRIJI,127.6040486,-17.34169503,WA
JIGALONG,120.78149732,-23.3597841,WA
JILARIYA,127.33003233,-18.53026773,WA
JINPARINYA,118.82785466,-20.3728044,WA
JIMBILUM,128.70109692,-15.87297024,WA
JOY SPRINGS,125.69203905,-18.33237618,WA
JULGNUNN,122.9836169,-16.61265098,WA
JUNDARU,115.62687602,-21.84418657,WA
JUNJUWA,125.56625906,-18.17591618,WA
JUPITER WELL,126.59884304,-22.8773882,WA
KALUMBURU,126.64200893,-14.29498614,WA
KALYADAYAN,121.89500935,-18.75398627,WA
KAMBALDA COMMUNITY,121.66800984,-31.20198635,WA
KANGAN,118.51610972,-21.10142642,WA
KANPA,125.6156092,-26.52665624,WA
KARALUNDI,118.68560997,-26.12804644,WA
KARMULINUNGA,123.63895917,-17.30501622,WA
KARNPARRMI,125.61737955,-18.31405843,WA
KARTANG RIJA,128.36204645,-17.90520503,WA
KEARNEY RANGE,128.07477888,-20.17183617,WA
KING GEORGE RIVER,127.35100889,-14.20488614,WA
KIWIRRKURRA,127.76472402,-22.81541593,WA
KILLI KILLI,128.59855884,-20.27253117,WA
KOORDA CLUB,115.21101028,-25.06398661,WA
KOONGIE PARK,127.53616461,-18.33906503,WA
KARRKU,127.93456292,-24.7045012,WA
KURRAWANG,121.33047677,-30.83043162,WA
KUMBRARUMBA,128.9824494,-15.68690439,WA
BRUNBRUNGANJAL,121.64028037,-18.86604528,WA
BUDGARJOOK,122.52100924,-17.01698624,WA
BUDULAH,123.64900817,-17.30709121,WA
BULGIN,122.99948559,-16.3974596,WA
BUNNENGARRA,119.24285864,-20.63867638,WA
BUNGARDI,125.59977905,-18.17557618,WA
EMBULGUN,122.62782923,-16.80059724,WA
EMU FARM,120.3540098,-26.57698637,WA
EMU CREEK,128.79065051,-15.814125,WA
FIVE MILE,120.19091461,-21.90755985,WA
FLETCHER FAMILY,127.80234999,-18.10659002,WA
FOUR MILE,128.9390088,-15.89798614,WA
FRAZIER DOWNS,121.71200936,-18.79798628,WA
GALERU,126.07493052,-18.60775593,WA
KUNMUNYA,124.71000906,-15.44398618,WA
KURINYJARN,126.78065317,-18.71372147,WA
KURLKU,125.45676909,-19.47990619,WA
KURNANGKI,125.56653906,-18.19971618,WA
KUTKABUBBA,120.23404981,-26.32982638,WA
LADJADARR,123.1496013,-16.88261022,WA
LAMBOO STATION,127.35035203,-18.46290954,WA
LINGA,127.89499459,-18.40571878,WA
LOMBADINA,122.8928992,-16.51611623,WA
LOOMA,124.14860316,-18.03918021,WA
LOONGABID,122.54489644,-16.97341398,WA
LOUMARD,122.83720921,-16.57400623,WA
GANINYI,126.71481738,-18.71100753,WA
GEBOOWAMA,128.76796442,-15.92620563,WA
NGALLAGUNDA,126.43400897,-16.42598616,WA
BUTTAH WINDEE,118.44770802,-26.60684445,WA
GILLAROONG,125.60027565,-18.29463043,WA
GILROYD,115.18843434,-25.82185862,WA
GILLY SHARPE,125.96709903,-18.74611618,WA
GALAMANDA,125.40032906,-17.75816618,WA
GLEN HILL,128.35777674,-16.5437679,WA
GNANGARA,115.86014069,-31.78905661,WA
GNYLMARUNG,122.55087534,-16.86037836,WA
GOODA BINYA,119.73000962,-21.14942637,WA
GOODALARGIN,122.56246013,-16.81734848,WA
GOOLARABOOLOO,122.21767199,-17.8370775,WA
GOOMBADING,123.02290919,-16.42069023,WA
GOOBINY,122.54388684,-16.8582786,WA
GOOMBARAGIN,122.66332723,-16.79624523,WA
GOONJARLAN,123.0320092,-16.67098623,WA
GOOLARRGON,122.9529912,-16.40905623,WA
GOOSE HILL,128.32825804,-15.57170438,WA
GUDA GUDA,128.19230505,-15.53363363,WA
GUDUMUL,123.13431079,-16.70635747,WA
GULBERANG,128.93169221,-15.89290001,WA
GULLAWEED,123.02269489,-16.3978836,WA
GULUMONON,122.9040092,-16.46098623,WA
GUMBARNUN,123.03216519,-16.42278372,WA
GURIMA,124.96600906,-16.30798618,WA
GURRBALGUN,122.78738222,-16.73182124,WA
HOLLOW SPRINGS,128.85333341,-15.86417775,WA
IRAGUL,121.69533987,-32.11808636,WA
ILKULKA,127.51739799,-28.35019023,WA
IMINTJI,125.46120904,-17.15059618,WA
BELLARY SPRINGS,117.88943148,-23.04564133,WA
IRRUNGADJI,120.10533162,-21.89384135,WA
KUNAWARRITJI,124.72572891,-22.32842073,WA
KUNDAT DJARU,128.61585603,-18.7940334,WA
DARLU DARLU,128.85926871,-16.99876339,WA
DARLNGUNAYA,125.58276105,-18.18699118,WA
DILLON SPRINGS,128.35082274,-15.92506951,WA
DINGO SPRINGS,128.93052141,-16.00999189,WA
DJARINDJIN,122.8951952,-16.51433423,WA
DJARADJUNG,122.9670092,-16.56098623,WA
DJIBBINJ,122.31695026,-17.05681125,WA
DJIMUNG NGUDA,123.64582617,-17.30671721,WA
DJOODOOD,122.74769922,-16.68387624,WA
DJULBURR,122.81033971,-16.56104523,WA
DJUGARAGYN,122.86900921,-16.79798623,WA
DODNUN,126.21100898,-16.43898616,WA
PIPPINGARRA,118.68740967,-20.46085641,WA
PIPUNYA,119.74239962,-21.16991637,WA
PINJIN,122.72948965,-30.07890632,WA
PULLOUT SPRINGS,126.76768397,-18.72111117,WA
PUNTAWARI,121.60503254,-23.59521331,WA
MARTA MARTA,118.98336264,-20.35138239,WA
MOUNT WITTENOOM,116.69025028,-27.41955654,WA
MUDJARRL,122.29195896,-17.07459024,WA
MUDNUN,122.9832213,-16.5276421,WA
MULAN,127.59509702,-20.10116854,WA
MULGA QUEEN,122.04144765,-27.55672932,WA
MULLIBIDEE,122.07728935,-19.34030127,WA
MULGUL STATION,118.47515992,-24.83282644,WA
MULUDJA,125.76163904,-18.15969618,WA
MUNGULLAH,113.69376743,-24.8748187,WA
MUNTHANMAR,128.77384421,-15.88356988,WA
MUNDUD,122.28483326,-17.08138825,WA
MURPHY CREEK,122.57000924,-16.92198624,WA
NEEM,122.58054673,-16.79014634,WA
NGADALARGIN,122.41746325,-16.99456325,WA
NGALINGKADJI,125.70815905,-18.65790619,WA
NGAMAKOON,122.9170082,-16.44702997,WA
NGARLAN,122.66391983,-16.98761548,WA
PUNJU NJAMAL,118.83074366,-20.3647344,WA
PURLUWALA,125.56783908,-19.58627619,WA
RARRDJALI,122.63146446,-17.82594095,WA
LUMUKU,128.25700885,-17.23598615,WA
MADDARR,123.15728019,-16.81916423,WA
MAJADDIN,125.66700901,-16.04798617,WA
MALABURRA,123.2380092,-17.08498623,WA
MANTAMARU,127.66514686,-25.86250047,WA
MARDIWAH LOOP,127.6584759,-18.21097516,WA
MARNJARL,127.17633594,-18.39468917,WA
MARMION VILLAGE,121.02750986,-29.69637637,WA
MARUNBABIDI,126.14600897,-15.40098616,WA
MCGOWAN,126.64921413,-14.14571388,WA
MERCEDES COVE,122.59215173,-16.76564711,WA
MUNGET,122.62228463,-16.79911644,WA
MIA MAYA,122.85313291,-16.72852072,WA
MIDDLE LAGOON,122.57627463,-16.77370073,WA
MILBA,127.75570399,-18.1780809,WA
MILLI MILLI NYILIL,122.9890792,-16.60955623,WA
MILLARGOON,122.58316123,-16.77825698,WA
MIMBI,126.05813773,-18.72637631,WA
MINIATA,128.92471501,-15.85728651,WA
MINDIBUNGU,127.66177361,-19.55538255,WA
MINDI RARDI,125.56307906,-18.19755618,WA
MINGULLATHARNDO,117.21306302,-20.80437073,WA
MALUMBO,123.02822919,-16.42767623,WA
MUNMARUL,125.75066903,-17.45574618,WA
MOGUMBER COMMUNITY,115.93976062,-31.0042266,WA
MOLLY SPRINGS,128.46833103,-15.82145282,WA
MONBON,122.33026526,-17.05835525,WA
MOONGARDIE,126.4480679,-18.78047742,WA
MORRELL PARK,122.25382199,-17.90150197,WA
MORAPOI,121.3781098,-29.40339635,WA
MOUNT MARGARET,122.18480967,-28.79310632,WA
MOWANJUM,123.70100917,-17.35598622,WA
MOWLA BLUFF,123.61441621,-18.58902723,WA
WILUNA COMMUNITY,120.22817982,-26.59328338,WA
WINDJINGAYRE,124.6194691,-17.17179619,WA
WINGELLINA,128.93084071,-26.06778271,WA
WALGUN,120.71895952,-23.20189484,WA
WONGATHA WONGANARRA,122.39124064,-28.62306132,WA
WOOLAH,128.24650845,-16.30641126,WA
WOODSTOCK HOMESTEAD,118.95439971,-21.6192064,WA
WHITE ROCK OUTSTATION,127.41226892,-18.49052617,WA
WUGGABUN,128.37900884,-15.95598614,WA
WULUNUNJUR,123.27600919,-17.08598622,WA
WUNGU,127.99835418,-18.32539403,WA
WUNKUL,127.6926859,-18.25080316,WA
WURRERANGINY,128.05100887,-17.27518615,WA
YARDOOGARRA,121.91978133,-18.46183927,WA
YAGGA YAGGA,127.9260089,-20.82398618,WA
YANDARINYA,121.60475538,-19.04213528,WA
YANDEYARRA,118.40568974,-21.28459642,WA
YARDGEE,127.6659176,-18.2221484,WA
YARRAMURRAL,127.60919493,-21.13880118,WA
YIRRALALLEM,128.69134842,-15.888157,WA
NGARLAN BURR,122.56969924,-16.90782624,WA
NGARANTJADU,126.22272202,-19.38529018,WA
NGUMPAN,126.03583903,-18.76914618,WA
NGULUP,128.89850881,-20.52638617,WA
NGULWIRRIWIRRI,128.93206931,-15.90171138,WA
NGYALAWILLI,127.7293659,-18.42941416,WA
NICHOLSON CAMP,127.6763671,-18.23685278,WA
NILLIR IRBANJIN,122.23640929,-17.94147626,WA
NILLARGOON,123.17900918,-16.42898622,WA
NILLYGAN,122.55249524,-16.88057724,WA
NIMBING,128.67900882,-15.24098614,WA
NINGA MIA,121.49170984,-30.73026636,WA
NUNJU YALLET,122.55731924,-16.88922624,WA
NEW LOOMA,124.13808826,-18.05379271,WA
NORTON BORE,128.06100887,-17.20198615,WA
NUDUGUN,122.33397126,-17.16243125,WA
NULLYWAH,128.73673902,-15.76436889,WA
NULLA NULLA,127.78890887,-15.55526614,WA
NGURTUWARTA,125.51967906,-18.27824619,WA
NYUMWAH,122.9826292,-16.55729623,WA
OOMBULGURRI,127.84400887,-15.17998614,WA
PANDANUS PARK,123.65990918,-17.73886622,WA
PANTIJAN,125.05469905,-15.96161618,WA
PARUKUPAN,125.57574906,-18.21007618,WA
PATJARR,126.31452609,-24.61658622,WA
PELLING PELLING,121.82500934,-18.49526627,WA
PETERMARER CREEK,118.75044266,-20.3136704,WA
TAPPER'S INLET,122.55706143,-16.81099311,WA
TARKU,127.73393492,-21.97954319,WA
THREE MILE,120.13348562,-21.89133535,WA
TIRRALINTJI,126.43500899,-17.95998617,WA
TJALKA WARA,118.69700967,-20.40468641,WA
TJUNTJUNTJARA,127.09771665,-29.3406905,WA
TKALKA BOORDA,118.62387767,-20.3131464,WA
COGLA DOWNS,118.92643001,-27.43293043,WA
BADJALING,117.50376847,-31.99825452,WA
BAYULU,125.59745106,-18.30042818,WA
BELELE SPRINGS,118.02868206,-26.36137947,WA
FLYWELL,127.60549441,-18.29936128,WA
LULUIGUI,124.03140917,-18.14656621,WA
GOOGARR GOONYOOL,122.61080673,-16.77549751,WA
DINNER CAMP,127.6654379,-18.22396516,WA
PUNMU,123.12066405,-22.04399088,WA
RED SHELLS,122.62608323,-16.80045723,WA
MARRA WORRA WORRA,125.59207305,-18.18540018,WA
MARRIBANK,117.24660062,-33.65329654,WA
MUD SPRINGS,128.77130322,-15.87980839,WA
ULLAWARRA,116.11046008,-23.48014655,WA
ULLULA STATION,119.77765189,-26.9142644,WA
WAKATHUNI,117.83390988,-22.86692646,WA
WAMALI,125.36706906,-17.74637618,WA
WANARN,127.54177886,-25.28280834,WA
WANGKATJUNGKA,125.92686904,-18.88520618,WA
WANAMULYUNDONG,121.88726435,-18.74515727,WA
WANDANOOKA,115.60801047,-28.3849866,WA
WARRAYU,128.12004505,-15.47974226,WA
WARBURTON,126.57786298,-26.13509222,WA
WARINGARRI,128.73607782,-15.76113614,WA
WARRALONG,119.59177061,-20.64994037,WA
WARMUN,128.21214256,-17.02988721,WA
WEYMUL,116.80494886,-21.0128475,WA
WHULICH,122.55515683,-16.80592686,WA
WINDIDDA,122.21200958,-26.38798631,WA
YARRI YARRI,124.47960915,-18.87914621,WA
YATHARLA,116.21204416,-21.692486,WA
YUNGGUL,127.6786349,-18.22572516,WA
YULGA JINNA,118.55530996,-25.61673644,WA
YULUMBU,126.90300895,-17.27798616,WA
YUNGNORA,124.82700912,-18.5029862,WA
YOUNGALEENA,118.52700978,-22.29698642,WA
CARNOT SPRINGS,122.31700926,-17.17198625,WA
BAWOORROOGA,126.11791162,-18.75650515,WA
RED CREEK,128.91218301,-15.86486326,WA
RED HILL,127.6690731,-18.21084404,WA
ROBE RIVER,128.89440351,-17.04463802,WA
ROCKY SPRINGS,126.69913338,-18.77013604,WA
ROLLAH,121.70242536,-18.73243028,WA
FLYING FOX,128.60570883,-15.83368614,WA
KUPARTIYA,126.24301372,-18.89301706,WA
GOOGARDAH,126.75017287,-18.72198341,WA
HONEYMOON BEACH,126.68100893,-14.10398614,WA
JARLMADANGAH,124.01100917,-18.01398621,WA
JARLMADANKA,123.92872917,-18.03487111,WA
KOORABYE,124.75418912,-18.5842362,WA
DJUGERARI,125.51039907,-18.98868619,WA
MIRIMA,128.73900882,-15.75698614,WA
MOUNT DIVIDE,120.86125257,-22.40776533,WA
NAMBI VILLAGE,121.32972779,-28.91209935,WA
ONE ARM POINT,123.06016919,-16.44550623,WA
TJIRRKARLI,125.4724479,-26.00028449,WA
WIRRILIMIRA,118.52600978,-22.28198642,WA
YAKANARRA,125.29882908,-18.67162619,WA
CAPE LAVEQUE,122.9291512,-16.40121523,WA
SPEEWAH VALLEY,127.98585687,-16.39620915,WA
STRELLEY,119.05546964,-20.46714639,WA
KUPUNGARRI,125.92700901,-16.72098617,WA
JABIR JABIR,122.37173326,-17.19222925,WA
JIMBALAKUDUNJ,124.64470912,-17.8923962,WA
KADJINA,124.94177911,-18.8252362,WA
KANDIWAL,125.84188898,-14.82072616,WA
KENNEDY HILL,122.24342929,-17.95724626,WA
DJILIMBARDI,124.86038913,-19.0554462,WA
PIA WADJARI,116.39391029,-27.12470656,WA
MINGALALKA,126.16154902,-18.69444618,WA
MORARD,122.37800925,-17.05998625,WA
NGURRAWAANA,116.98431587,-21.41182549,WA
NYGAH NYGAH,121.92089533,-18.50626827,WA
PAGO,126.72200892,-14.12598614,WA
PARNPAJINYA,119.74345772,-23.34174638,WA
TJUKURLA,128.71940894,-24.3472062,WA
WARAKURNA,128.28778118,-25.00117462,WA
YAWURU,122.30002929,-17.93280626,WA
YIYILI,126.75500897,-18.71998617,WA
CHINAMAN GARDEN,127.89539018,-17.86768006,WA
COONANA,123.22010811,-31.06026431,WA
BURRGUK,122.57596524,-16.98737324,WA
BIDIJUL,125.1263452,-18.60991206,WA
BOW RIVER,128.18540886,-16.87022615,WA
CARDABIA,113.80411028,-23.10314669,WA
BUNDY BUNNA,115.64941051,-28.9289866,WA
COCKATOO SPRINGS,128.9520088,-15.94698614,WA
