Locality,Longitude,Latitude
CUMBALUM,153.53444131,-28.82169805
BURRAGORANG VALLEY,150.38698597,-34.05866865
TAHMOOR,150.59076787,-34.22937188
JENNINGS,151.96942198,-28.94049742
GRIFFITH,146.04551339,-34.28009722
LAMBS VALLEY,151.79562869,-29.81403054
MOUNT FAIRY,149.60706347,-35.18854523
BINGIE,150.14382338,-36.01220473
ALUMY CREEK,152.95636446,-29.64411293
BRIGHTWATERS,151.54557414,-33.11140137
KANIMBLA,150.20995033,-33.63249587
BALLENGARRA,152.70524286,-31.31774816
YARRAGAL,149.10505889,-32.59640514
TURRAMURRA,151.12910105,-33.73296069
MAIN ARM,153.43714068,-28.51399516
MAIN CREEK,151.79658995,-32.30810003
RUTHERFORD,151.51193149,-32.71247373
SEFTON,151.01061002,-33.88762355
URIARRA,148.82078068,-35.2526383
LA PEROUSE,151.24133036,-33.99210255
WATERVIEW,152.90290879,-29.68667009
REEDY SWAMP,149.90305486,-36.70089749
LOWER ACACIA CREEK,152.2234027,-28.44558321
COMBO,151.18432315,-32.55223339
ROCKLEY,149.54344381,-33.69970988
ERIGOLIA,146.38747488,-33.93149787
COBAR PARK,150.15729301,-33.4652737
SHERWOOD,152.7816041,-28.42679356
GUMBALIE,145.20804464,-30.11502504
COILA,150.09489162,-36.00969367
PUNCHBOWL,151.05166735,-33.92873769
TOMAKIN,150.18918951,-35.82226592
DALTON,149.19509118,-34.72339311
CAMPVALE,151.85072522,-32.77455968
BLAIR ATHOL,150.80145936,-34.06213223
GRETA MAIN,151.28261296,-32.88881626
CARRS PENINSULA,152.90429382,-29.65294539
DURREN DURREN,151.39507963,-33.18183233
HAMBLEDON HILL,151.1247307,-32.59925498
BOTANY,151.20003877,-33.94806612
SOUTH LITTLETON,150.1373305,-33.50063705
NEWSTEAD,151.38581552,-29.82365745
ISLINGTON,151.74723281,-32.91391808
TOMKI,153.13272646,-28.8631823
ROCKY RIVER,151.45902879,-30.59708546
RIVERSIDE,152.86899338,-31.39626903
TOOLOON,148.1587564,-30.99933064
JACKY BULBIN FLAT,153.18712005,-29.28077367
MARYS MOUNT,150.0152655,-30.97833662
BELOKA,148.71054845,-36.54848952
BULLA,144.47309845,-32.0085011
BARRAGGA BAY,150.05226391,-36.50417206
BRUNGLE,148.22845649,-35.1539815
GUERILLA BAY,150.21972647,-35.82972795
DENHAMS BEACH,150.21144413,-35.75104458
PINDIMAR,152.09102481,-32.65782574
MAXWELL,147.29563428,-35.28493446
SILVERTON,141.14710294,-31.77357347
IRVINGTON,153.10317213,-28.86414395
MITCHELL,149.55672343,-33.42734646
CARRABOLLA,151.3850853,-32.190446
GUNDERBOOKA,145.72012884,-30.60807993
GLENGARRIE,153.40375621,-28.22712597
CREEWAH,149.37879521,-36.75391877
RODD POINT,151.14243365,-33.86573482
ALPINE,150.53729295,-34.40852923
BOWAN PARK,148.8404515,-33.31885048
MCMAHONS POINT,151.20304094,-33.84489128
BIMBIMBIE,150.11866566,-35.8420649
LISMORE,153.28829767,-28.80930116
BIDDON,148.7843888,-31.55940456
KYEEMAGH,151.16031877,-33.94907226
BUTTAI,151.56004528,-32.83250862
LAWSON,150.43431647,-33.71981255
FORBESDALE,151.95964421,-32.0761627
ARDING,151.52155371,-30.57010846
TREGEAR,150.79294943,-33.74569021
GRANTS BEACH,152.82096119,-31.61725959
STANFORD MERTHYR,151.49355255,-32.82475999
DEPOT BEACH,150.32147871,-35.6262794
BLACK RANGE,149.84483159,-36.73526901
MOUNT THORLEY,151.1147607,-32.64369829
PRIMROSE VALLEY,149.38848088,-35.48980878
TOTNES VALLEY,149.90733902,-32.4999882
RUNNYFORD,150.10871546,-35.72634008
GARRA,148.75515614,-33.12026117
GEORGICA,153.16061978,-28.644039
NEW BRIGHTON,153.55045765,-28.5196222
BREEZA,150.44676254,-31.26340773
CRAWFORD RIVER,152.10781424,-32.39127413
KEEPIT,150.50965701,-30.85194536
BANKSIA,151.14551914,-33.9465413
YANDERRA,150.57143318,-34.31734062
CENTRAL TILBA,150.07750673,-36.30493253
SHEEDYS GULLY,150.15254498,-33.49618836
CONGO,150.13503687,-35.95690705
LITTLE TOPAR,142.39857215,-31.73841308
WINDERA,149.01912054,-33.20830364
HAYTERS HILL,153.58225862,-28.6756079
NOONA,144.79438047,-31.59197556
BOORGA,146.00878629,-34.01991812
CARSS PARK,151.11830994,-33.98787287
AVOCA BEACH,151.42722848,-33.47113091
BONNET BAY,151.05358144,-34.01013718
WOODCROFT,150.88071724,-33.75642699
KNIGHTS HILL,150.69399439,-34.62000609
HAWKESBURY HEIGHTS,150.64338331,-33.66714772
CLARE,143.96804444,-33.50502709
HAMILTON NORTH,151.73769527,-32.91426606
FAIRLIGHT,151.27393884,-33.79402697
THE ANGLE,149.10303383,-35.61004109
BERGALIA,150.09481767,-35.97850563
YARROWFORD,151.74787764,-29.65178111
KNORRIT FOREST,152.13158225,-31.78898964
BRIERFIELD,152.91725071,-30.51564993
PALMDALE,151.36823334,-33.32946682
CHARLTON,149.63710537,-33.67094203
STANWELL TOPS,150.97415281,-34.22015816
STANWELL PARK,150.98151117,-34.22860678
GRAHAMSTOWN,148.02607849,-35.2538338
WIMBORNE,150.65394978,-30.68941952
KEYBARBIN,152.61388666,-29.11150753
HOPEFIELD,146.46278561,-35.91675154
BOONAL,150.55152286,-28.76068962
KYEAMBA,147.57347724,-35.45962694
TALBINGO,148.32103424,-35.59907843
DANDALOO,147.67149615,-32.21790833
BEN LOMOND,151.65058384,-30.00943122
NEW PARK,152.99437601,-28.60038579
WEE WAA,149.3872475,-30.30982557
SURF BEACH,150.20358491,-35.76227249
GOSTWYCK,151.60614901,-30.69988059
ROCKTON,149.31188072,-37.16319312
BOOKHAM,148.62522741,-34.843637
HORSFIELD BAY,151.30142598,-33.4922573
POMEROY,149.5261842,-34.68778374
KIMBRIKI,152.21248764,-31.92600776
NEW MEXICO,150.61422963,-30.73124494
BOAT HARBOUR,152.11042648,-32.78447019
KEERRONG,153.26984593,-28.7170388
NORAH HEAD,151.56259553,-33.28439694
COBARGO,149.87830144,-36.389662
THE MARRA,147.26563792,-30.81183509
MULLAWAY,153.19627267,-30.08115616
WOODVIEW,152.93937837,-28.84694171
CROSS ROADS,149.70524065,-32.50614681
BUDDABADAH,147.16269333,-31.95103061
LINDFIELD,151.16191152,-33.78012859
SINGLETON MILITARY AREA,151.18317076,-32.69657418
MELLOOL,143.77293796,-35.3238946
PALMVALE,153.48766192,-28.37305339
BLIGH PARK,150.79974175,-33.6386178
KIRKHAM,150.71123636,-34.03700058
KIACATOO,146.77244913,-33.0507624
STONY CROSSING,143.5453077,-35.0840223
BOX HEAD,151.34254946,-33.53760733
BRINGENBRONG,148.04927861,-36.1341024
ILFORD,149.82588372,-32.95987798
KU-RING-GAI CHASE,151.23392213,-33.6375492
ANDO,149.29425098,-36.73338293
BLAXLAND,150.6166812,-33.74396759
KILABEN BAY,151.59214072,-33.02394638
METZ,151.84277112,-30.57182188
KALANG,152.73104096,-30.49968094
WALLAGA LAKE,150.06091039,-36.37089998
TURRELLA,151.1422279,-33.93023314
MOORE PARK,151.22153556,-33.89533143
DENILIQUIN,144.85063305,-35.55444746
INDI,148.05565205,-36.26827443
BEXLEY NORTH,151.11461408,-33.94196484
NORMANHURST,151.09599577,-33.72379425
GOOLHI,149.7323676,-31.00620402
NAROOMA,150.05067477,-36.23754294
SPRINGSIDE,149.03880152,-33.38632806
NARRAWEENA,151.27318302,-33.74938988
ORCHARD HILLS,150.73037832,-33.80835293
COOLATAI,150.73530076,-29.24667025
SMIGGIN HOLES,148.42984122,-36.38293101
WILLOW TREE,150.73064846,-31.63835331
FULLERTON,149.55200567,-34.16133462
OAKHURST,150.83832395,-33.73879388
BRINERVILLE,152.49541813,-30.46792594
CLARENZA,153.00064076,-29.70353832
QUIRINDI,150.64612514,-31.48817992
SHANNON VALE,151.8704905,-29.69498402
UPPER FINE FLOWER,152.71787462,-29.27558881
TENTERDEN,151.41533441,-30.11330459
YAOUK,148.80497496,-35.79863745
FAULCONBRIDGE,150.55016271,-33.68596257
CORDEAUX,150.77508077,-34.38377932
WYNEDEN,152.92539529,-28.53286558
SHERWOOD,152.71407389,-31.06422111
ABERFOYLE,151.97839964,-30.23616171
STANHOPE GARDENS,150.92680258,-33.71589658
JILLIBY,151.36008293,-33.21690287
ISABELLA,149.65874417,-33.94934297
MURRAY DOWNS,143.64450485,-35.30879913
WILCANNIA,143.59937794,-31.28581562
GILEAD,150.77838347,-34.13960026
WALLAROO,148.99360713,-35.15334833
HERMITAGE FLAT,150.14566793,-33.47766571
BURRANGONG,148.24815623,-34.29154147
LISAROW,151.3831413,-33.38553126
MARSFIELD,151.10484907,-33.77575661
GLEN INNES,151.68874185,-29.72277965
WHIAN WHIAN,153.34968298,-28.60608975
BOAMBOLO,148.8909967,-34.97703629
BROADWATER,149.89350481,-36.9732162
OYSTER COVE,151.95346218,-32.74377528
YETHOLME,149.81300979,-33.4320349
MUSWELLBROOK,150.90825584,-32.31405923
ST GEORGES BASIN,150.60613057,-35.11311675
MERRICUMBENE,149.87275197,-35.73120428
YADBORO,150.17676643,-35.39059133
BOMBAH POINT,152.2726012,-32.50430863
EWINGAR,152.5080365,-29.0901836
ARCADIA,151.06696834,-33.61076476
PURFLEET,152.46731877,-31.9427864
MARLEE,152.31736198,-31.76947702
BUCCARUMBI,152.59489327,-29.82379461
MOTO,152.56371336,-31.82773343
MULWALA,146.04807962,-35.92377064
JOHNS RIVER,152.69915688,-31.72848544
LIDSTER,148.92366485,-33.32134049
BALLIMORE,148.90108017,-32.17728183
LOWER MACDONALD,150.96722938,-33.35933007
KOSCIUSZKO,148.20327901,-36.49030672
WADALBA,151.46492088,-33.27240905
BRUSHGROVE,153.08815989,-29.56154635
ULLADULLA,150.46133208,-35.35722026
PELAW MAIN,151.48150961,-32.83780064
DINGO FOREST,152.14228943,-31.69826303
SPRING CREEK,149.10054286,-33.34308322
DEEP CREEK,152.68321585,-28.96932641
URANA,146.23186055,-35.32207357
RUFUS,141.33985501,-33.99436405
MENDOORAN,149.06426029,-31.79475151
BARGO,150.58705514,-34.28403567
YORKLEA,153.07758979,-28.94252992
CUNNINYEUK,143.90618437,-35.24610492
WOOLNERS ARM,152.83708319,-28.6840372
DAYSDALE,146.33872536,-35.62120301
WANGANELLA,144.76024746,-35.10235364
INGLESIDE,151.2574712,-33.69248651
BUANGLA,150.39636824,-34.86714065
BUDAWANG,150.04931071,-35.40055796
THUDDUNGRA,148.12854847,-34.17278117
WARRAGOON,145.13731084,-35.60489478
BRINDABELLA,148.66466575,-35.36003778
MORISSET PARK,151.53324341,-33.12138945
BOAMBEE EAST,153.07758792,-30.3452558
PARA,142.09242366,-33.65295499
GLENDALE,151.64839846,-32.92810151
ADJUNGBILLY,148.4404648,-35.04147263
CROOKED CORNER,149.2480411,-34.20828439
KOOLKHAN,152.93205497,-29.61786334
TULLAMORE,147.60823595,-32.56324677
MENANGLE PARK,150.75669748,-34.10120934
JERRONG,149.84503262,-34.16022473
DORRIGO,152.6940003,-30.32670832
BOOLAMBAYTE,152.27297963,-32.39462109
GOWRIE,150.82479752,-31.34489728
PYRMONT,151.19348379,-33.86914954
PRIMBEE,150.88257466,-34.50667094
WEETHALLE,146.5852557,-33.8586401
MARENGO,152.41643041,-30.1401306
COLDSTREAM,153.10984781,-29.60122943
WISEMANS FERRY,150.9804731,-33.39549621
WOODHILL,150.6777559,-34.72925727
COOLANGUBRA,149.46034256,-36.99970493
LITTLE PELICAN,151.64222756,-33.0808664
URALBA,153.47629369,-28.87153239
GRAMAN,150.91553754,-29.43719864
PHEGANS BAY,151.30884741,-33.4878937
COUNTEGANY,149.48738677,-36.18164254
ELANORA HEIGHTS,151.27393677,-33.69947188
ROSE BAY,151.26898881,-33.87388441
SHANNONS FLAT,148.98081637,-35.95919518
CECIL PARK,150.82431234,-33.88395568
WATTAMOLLA,150.63419182,-34.72505138
COWPER,153.08775563,-29.57736671
EASTERN CREEK,150.8451738,-33.80568964
LYNDHURST,152.04438535,-30.35640919
LOWER SOUTHGATE,153.05297518,-29.53514339
KOOLEWONG,151.31923047,-33.46670732
KNOCKROW,153.54005139,-28.76065081
BOONOO BOONOO,152.10240014,-28.9155188
BRIARBROOK,151.36678049,-30.17767891
DUCKENFIELD,151.68370138,-32.73981956
CANTERBURY,151.11607079,-33.91234634
PULGANBAR,152.68029462,-29.45207357
NERINGLA,149.7746292,-35.72655107
MARTHAGUY,147.86082097,-31.24820313
SUNSHINE,151.5620123,-33.11201632
GLENUGIE,153.038986,-29.80132123
KENTHURST,150.97278958,-33.64351964
GUM SCRUB,152.72785019,-31.25809092
SEXTONVILLE,152.78438016,-28.67417786
TABULAM,152.51432401,-28.86018958
JAGUNGAL WILDERNESS,148.34178769,-36.14923701
PEACOCK CREEK,152.69954351,-28.67387879
MOPARRABAH,152.45171766,-31.04483838
KERRS CREEK,149.11582943,-33.05493502
BARRATTA,144.52977295,-35.18920437
TACOMA,151.45823891,-33.28573911
CRAIGIE,149.05941471,-37.092502
DALGETY,148.8267461,-36.51702958
POINT PIPER,151.25162925,-33.86737775
HAYMARKET,151.20501324,-33.88095069
CHIPPENDALE,151.19965263,-33.88637141
SOUTH GUYRA,151.67341549,-30.23891117
POINTER MOUNTAIN,150.36329401,-35.22989712
KURRAJONG HILLS,150.65549236,-33.52259599
GREYSTANES,150.94421814,-33.82451027
MURRAWOMBIE,147.22415135,-31.18093549
TEMAGOG,152.61826656,-31.00380973
BACK CREEK,150.27560056,-30.11224343
BELOWRA,149.68435207,-36.10375566
COCKWHY,150.31941979,-35.55358508
LIDDELL,151.00311863,-32.42778016
WELLINGROVE,151.51170964,-29.5619236
TOMBONG,148.93078339,-36.90259762
ONE MILE,152.11614653,-32.76410863
LOWER BAGO,147.95499385,-35.56138195
BELLANGRY,152.58184912,-31.32797407
TURONDALE,149.5930708,-33.11532908
WOKO,151.84445636,-31.81032396
YENDA,146.22544505,-34.22650231
GEEHI,148.24816299,-36.34567435
CRUDINE,149.67284991,-32.98316197
BRUINBUN,149.48768773,-33.11051844
MOLLYMOOK BEACH,150.47002996,-35.32706373
ALDAVILLA,152.76204046,-31.07415636
WOODHOUSELEE,149.6391146,-34.57052326
BEARBONG,148.89267742,-31.6686226
BOCO,149.15585549,-36.60718728
COPE,149.65680405,-32.2720597
MYRTLE CREEK,153.02043759,-29.14938731
RUGBY,149.01230914,-34.38490743
MERRIANGAAH,149.01940553,-36.83924972
GLEN ALLEN,149.38795997,-36.68768753
MELINGA,152.49917816,-31.81295668
SOUTH MAITLAND,151.56370137,-32.74669256
BAKERS CREEK,150.99559314,-30.32478361
BAKERS CREEK,152.71456333,-30.82660392
FERNHILL,150.88937361,-34.38408986
BUDGEWOI PENINSULA,151.58541015,-33.21776539
ROYALLA,149.16898835,-35.49251401
TUGRABAKH,152.02178628,-31.98570519
DRY PLAIN,148.93246756,-36.09097533
WIRRAGULLA,151.73530186,-32.45415067
CAMMERAY,151.21425256,-33.8221745
GREENLANDS,151.16418415,-32.36160361
JACKADGERY,152.55459311,-29.60580792
WILSONS VALLEY,148.50301782,-36.35939564
BARDWELL PARK,151.12542474,-33.93469798
LITTLE WOBBY,151.25278647,-33.54615532
BUNGABA,149.67947141,-32.1591737
IVANHOE,144.14020971,-32.69929038
KIAMA DOWNS,150.84656021,-34.64024722
PINBEYAN,148.39723321,-35.70553305
JEOGLA,152.13681847,-30.66887187
SOUTH KEMPSEY,152.84522454,-31.12216252
TASCOTT,151.31707747,-33.45178632
MYLESTOM,153.0387479,-30.47378677
CARWOOLA,149.32210549,-35.37793233
WAYO,149.61543734,-34.62266422
WALLANBAH,152.08933117,-32.07937372
SPRINGFIELD,149.12401308,-36.53248097
CORRONG,144.45953366,-34.03038757
BUDGEE BUDGEE,149.66446019,-32.5176689
URILA,149.28883562,-35.55995775
BELIMBLA PARK,150.53989807,-34.08425457
CUTTAGEE,150.0390522,-36.48144024
EBOR,152.31479266,-30.41268836
MORISSET,151.49111618,-33.11764449
CLERGATE,149.11658851,-33.1830961
ENMORE,151.83435962,-30.7311042
HINTON,151.66647035,-32.72191005
PALARANG,149.11737246,-36.82851186
KINVARA,153.54700572,-28.79172179
TANTANGARA,148.66537335,-35.7142725
NORTH PARRAMATTA,151.01218015,-33.79528206
GOORIANAWA,148.99005465,-31.13296883
YARROWYCK,151.35612334,-30.45172402
TOMS CREEK,152.38626821,-31.54387118
WEST HOXTON,150.8322675,-33.9330326
GRONG GRONG,146.78489277,-34.68821804
BOOMI,149.6309407,-28.70088665
BANNABY,149.99491232,-34.40979341
TORRYBURN,151.20369138,-30.44575791
YARRAWARRAH,151.03104567,-34.05471298
TOORMINA,153.08795176,-30.35503999
BOOMI CREEK,152.59894586,-28.48456211
CANONBA,147.43633037,-31.32504057
GUMMA,152.9656676,-30.71894809
MOLLYAN,149.18291255,-31.5786182
RALEIGH,152.99541363,-30.45491668
GREENRIDGE,153.11467589,-28.90515698
KIKOIRA,146.66036685,-33.65747098
WERRIKIMBE,152.21145456,-31.2501283
LAKE HAVEN,151.50297602,-33.24448733
CESSNOCK,151.36245748,-32.83455039
SOUTH DURRAS,150.28617701,-35.65490723
NIANGALA,151.45344904,-31.44328209
DUVAL,151.63733311,-30.41511619
COLO VALE,150.45402721,-34.38252063
BOWEN MOUNTAIN,150.61993691,-33.57624886
QUIPOLLY,150.69488287,-31.41596724
MOUNTAIN VIEW,152.93435337,-29.58657285
PULLETOP,147.38276624,-35.48133372
ELIZABETH BEACH,152.53815555,-32.33212475
HIGH RANGE,150.2965626,-34.32359981
NUNGATTA,149.41819525,-37.20293526
AUBURN,151.0262145,-33.85466387
EDROM,149.95570088,-37.13745709
KINCHELA,153.00541405,-30.99947416
CARRS CREEK,152.92282474,-29.65702282
SOUTH BATHURST,149.5739885,-33.44361969
MANNING POINT,152.67076704,-31.88945678
YARRAMAN,150.14916388,-31.66541632
STONY CREEK,149.80100266,-36.61801746
CATARACT,150.82481716,-34.29377941
YARRAGRIN,149.16725636,-31.69239501
BOLWARRA HEIGHTS,151.58681548,-32.69243657
BOGEE,150.10081848,-32.99433879
JUNCTION HILL,152.93000178,-29.63710834
STRATHFIELD,151.08176732,-33.8784908
KOREELAH,152.44695952,-28.3699682
GHINNI GHI,152.7736221,-28.62031265
APPIN,150.80899266,-34.20868
PHEASANTS NEST,150.63267129,-34.26970777
KIA ORA,151.97155304,-31.95837485
ARNCLIFFE,151.14764231,-33.93938772
STEWARTS RIVER,152.63430205,-31.71403523
TINGHA,151.22889465,-29.97016516
GOLSPIE,149.67298642,-34.25570037
STROUD ROAD,151.93704734,-32.3167353
WARRAH RIDGE,150.55880958,-31.61413275
WOLGAN VALLEY,150.16429727,-33.2513354
BROOKLANA,152.89136685,-30.29278976
WINDERMERE PARK,151.53130057,-33.11551073
NORTH NARRABEEN,151.29041523,-33.7034811
PORTERS RETREAT,149.77461443,-34.00369142
GARIE,151.07435466,-34.16048829
MILBRODALE,150.94998416,-32.71602857
MURRINGO,148.54819839,-34.28980555
BLUEYS BEACH,152.53006343,-32.35029951
ARMIDALE,151.66620545,-30.50154938
CASTLE DOYLE,151.77849997,-30.63110998
ERARING,151.52224846,-33.07267633
HAY,144.8428492,-34.38430598
FIFIELD,147.45766716,-32.84099211
WYONG CREEK,151.33355457,-33.25617683
KINGS POINT,150.44463851,-35.37129536
CANDELO,149.66660955,-36.78806892
GREENHILL,152.80528082,-31.04844985
NYMBOIDA,152.68029641,-29.95198038
SNOWBALL,149.58713718,-35.94437498
CAFFREYS FLAT,152.05953926,-31.78668679
KIORA,150.01722626,-35.90355223
PORT MACQUARIE,152.89309175,-31.45488903
EUBERTA,147.21082534,-35.04888767
GREG GREG,148.07083716,-36.06327965
SPRING FARM,150.72617771,-34.07054139
JORDAN SPRINGS,150.74257457,-33.72748992
PEBBLY BEACH,150.33287304,-35.59941588
COLINTON,149.1903288,-35.86028278
GOGELDRIE,146.28202752,-34.58501701
MERNOT,151.57208539,-31.68849357
MORANGARELL,147.7142292,-34.17663131
RAVENSWORTH,151.05711466,-32.42971066
WERRINGTON COUNTY,150.7475112,-33.74706113
MOULAMEIN,144.14086986,-34.9962575
JEWS LAGOON,149.46659475,-29.86777367
MULLION CREEK,149.18345142,-33.08792746
DALMENY,150.11485791,-36.16594717
YAMBULLA,149.58808442,-37.23034145
MILLIE,149.49385523,-29.74829659
GARDEN SUBURB,151.67895374,-32.94560973
CORNDALE,153.36331552,-28.70590994
KAMARAH,146.76328737,-34.35888708
DEUA,149.79604948,-35.91601979
KILLCARE,151.36145128,-33.52049784
COOPLACURRIPA,151.91444006,-31.58466792
WELAREGANG,147.96468391,-36.01135614
THUMB CREEK,152.57534953,-30.65572481
DENMAN,150.69892428,-32.37267856
YENGO,150.91341383,-33.02388784
NORTH MACKSVILLE,152.9436324,-30.68952484
BAW BAW,149.63851223,-34.71903062
URBENVILLE,152.50711217,-28.45936645
LARGS,151.60613189,-32.70458468
BULLIO,150.15320306,-34.33428137
BOTANY BAY,151.18792824,-33.98352366
BALDERSLEIGH,151.41387165,-30.24884698
OWENS GAP,150.70389247,-32.05485694
MONA VALE,151.30363311,-33.67595163
WINDANG,150.87305028,-34.52692307
LIDCOMBE,151.04797393,-33.86222764
WANGI WANGI,151.58772237,-33.06987024
BACKWATER,151.91725208,-30.04714357
MURRUMBUCCA,149.0534507,-36.10074644
MOUNT LINDSEY,150.57021462,-34.45196501
DORRIGO MOUNTAIN,152.7309786,-30.37552316
LOUISA CREEK,152.61899024,-29.01581762
UPPER EDEN CREEK,152.85599446,-28.51653767
CUBBA,145.2592503,-31.43870518
KILLONGBUTTA,149.42550142,-33.18715224
TENTERFIELD,152.03547219,-29.08435995
CHATSBURY,149.8075282,-34.53935191
ROSEHILL,151.03107814,-33.82574577
SCONE,150.8604687,-32.05418861
ANAMBAH,151.49505033,-32.67918769
ABERGLASSLYN,151.53396183,-32.69488411
GREENWICH PARK,149.9117913,-34.60013854
EMU SWAMP,149.19588962,-33.30204815
SHELL COVE,150.86690968,-34.59903038
DURAL,150.86218033,-32.57981531
COOLEMAN,148.70045113,-35.6531307
BANDA BANDA,152.45288834,-31.19474424
CROWDY BAY,152.73126418,-31.78798897
KIPPARA,152.52165614,-31.23431226
TOLBAR,148.60457913,-36.06763671
TWELVE MILE PEG,150.39742109,-35.15355612
BRERETON,150.50675193,-33.91412232
BIMLOW,150.33824949,-33.99827306
NUNGAR,148.68165708,-35.86268765
BYADBO WILDERNESS,148.58234587,-36.83033985
ULOOLA,151.02434474,-34.12310744
JACOBS RIVER,148.35647097,-36.55504409
PALONA,151.0556866,-34.12504042
INGEEGOODBEE,148.35034643,-36.74400149
WILD CATTLE CREEK,152.74687776,-30.14635698
BORDER RANGES,153.07013486,-28.39523458
BIMBERI,148.70898669,-35.57312944
WOG WOG,149.44139849,-37.07616536
GLOUCESTER TOPS,151.6196255,-32.06616381
BONNELLS BAY,151.52425472,-33.10959068
SWAN BAY,151.93459331,-32.69256553
SANCTUARY POINT,150.62614861,-35.10323642
MATHESON,151.571776,-29.75626608
MORVEN,152.16376947,-29.41040841
MOGAREEKA,149.97909905,-36.69377355
TACOMA SOUTH,151.45526115,-33.29379967
DALMORTON,152.45915663,-29.80142396
BENDICK MURRELL,148.44959431,-34.18084571
MUNGO BRUSH,152.33880572,-32.50357257
MOOLPA,143.76152395,-34.92351564
BURRINJUCK,148.61346406,-34.95654486
CALLAGHANS CREEK,152.005774,-31.85784215
OAKHAMPTON,151.55738403,-32.70270158
EAST LYNNE,150.27877269,-35.58833909
COW FLAT,149.51451518,-33.58017435
BALGOWNIE,150.87126101,-34.38646805
LAKE CATHIE,152.83557087,-31.54652166
THE GULF,152.25665603,-30.05482167
LEMINGTON,150.9564001,-32.48233451
COAL POINT,151.61122977,-33.03948191
ABBOTSFORD,151.12928793,-33.85060167
WALCHA,151.73315223,-31.05136953
PEELWOOD,149.43085019,-34.11220809
WALLIS LAKE,152.49007892,-32.25257085
GOBBAGOMBALIN,147.31234412,-35.06651439
CARRINGTON FALLS,150.64411337,-34.64759951
MULLUMBIMBY,153.49700351,-28.54690254
WAHROONGA,151.11446674,-33.72180921
TARLO,149.81521562,-34.63203043
COOMEALLA,142.09445289,-34.08795291
DARETON,142.03545119,-34.0975459
KING CREEK,152.75654994,-31.49238449
BOGAN GATE,147.77095919,-33.09507048
COOKS MYALLS,147.97810067,-33.01949975
WARBURN,145.92205825,-34.17061077
BULEE,150.13095168,-35.00945693
BROKEN DAM,148.54907326,-35.95604746
MUNYANG,148.36359106,-36.36164587
MUMBULLA MOUNTAIN,149.89064164,-36.5355376
NARROW NECK,150.26772825,-33.77828808
MOUNT PORTAL,150.59233398,-33.81532282
THE DEVILS WILDERNESS,150.54280434,-33.54497206
BURRAMOKO,150.29451928,-33.590104
BURRUNGUBUGGE,148.52014682,-36.25941505
WOLLANGAMBE,150.44144186,-33.34280529
ESK,153.33487624,-29.24527023
CARMARTHEN,150.45298121,-33.60692325
BIRRABANG,150.3372477,-33.5667597
KARIWOGA,150.54551889,-33.65304653
TESSELATE HILL,150.50480262,-33.39757
GOVETTS,150.35381362,-33.63137398
BERRINGER LAKE,150.50404867,-35.25089833
CECIL HILLS,150.84185023,-33.88651335
TIMBILLICA,149.72095109,-37.30354276
KEW,152.7376847,-31.64442307
VOYAGER POINT,150.97424497,-33.95884105
UPPER NILE,150.25581997,-32.96151261
GLEN ALICE,150.15576233,-33.06284714
TOLWONG,150.10171508,-34.83563737
SUSSEX INLET,150.56184586,-35.14249929
BOXERS CREEK,149.83438259,-34.76961191
ARALUEN,149.81600848,-35.63986321
ANGLEDALE,149.87427895,-36.63487807
GOOANDRA,148.56902417,-35.82637045
NUMINBAH,153.26494181,-28.26329627
JOORILAND,150.1979186,-34.22732097
BARELLAN,146.5947662,-34.18235901
BUNGALORA,153.4753986,-28.2488169
RILEYS HILL,153.39041693,-29.02475448
BROOKLYN,151.21422045,-33.58214811
BOURBAH,148.16597081,-31.23112391
SOUTH PAMBULA,149.84774431,-36.94698731
MOGRIGUY,148.66606664,-32.07088318
TWELVE MILE CREEK,151.87383335,-32.63997392
NAPOLEON REEF,149.75022205,-33.38868766
COURADDA,149.98030694,-30.0394578
GREEN PIGEON,153.07141921,-28.48695371
BELLAWONGARAH,150.6189601,-34.75893256
FOREST GROVE,149.66246582,-33.38861484
UPPER CORINDI,153.11838576,-30.05201008
NORTH ALBURY,146.93657658,-36.06019838
SHOOTERS HILL,149.83903482,-33.92677005
ELCOMBE,150.33296859,-29.8655628
WIRLINGA,147.05288311,-36.04536562
GOOD HOPE,148.82669151,-34.90018669
HILLSTON,145.43655332,-33.43889695
TOUKLEY,151.54757566,-33.25945972
GOOLOOGONG,148.42820495,-33.66351601
GLEN MARTIN,151.84708272,-32.53270843
BANGO,148.96550205,-34.75831644
SPENCER,151.12492245,-33.44415247
SNAKES PLAIN,147.75565187,-31.77686247
OLNEY,151.31313389,-33.03364992
COONAMBLE,148.32394011,-30.91019706
BOORAGUL,151.60993259,-32.97494628
LEURA,150.337896,-33.70697159
CANIABA,153.21101666,-28.83267479
PIALLAWAY,150.52913709,-31.13575587
BUCCA,153.09578063,-30.15735259
WINSTON HILLS,150.98100501,-33.77671567
FOUNTAINDALE,151.40146397,-33.34711939
KENTLYN,150.86603241,-34.06097151
PENNANT HILLS,151.07412883,-33.73844939
CONDELL PARK,151.01100089,-33.92450543
BULLARAH,149.13567532,-29.41475939
BENTLEY,153.09701469,-28.74189654
GLENREAGH,152.95530726,-30.08246316
STOCKINBINGAL,147.86469387,-34.46597248
SPRINGRANGE,149.08419296,-35.09022427
COOTAMUNDRA,148.02275615,-34.65197373
DANGELONG,149.26775821,-36.32714557
WENDOREE PARK,151.16173671,-33.45549695
PILLIGA,148.80032727,-30.38393276
COBAKI,153.45633925,-28.20459465
BURRABOI,144.32799948,-35.34169822
FIREFLY,152.22767231,-32.08748277
TULLAKOOL,144.16109389,-35.3844393
MOUNT KEIRA,150.85214995,-34.40314295
SPRING HILL,149.15029858,-33.40345794
BILAMBIL,153.46707297,-28.22635691
PIAMBONG,149.42182789,-32.50108844
MARINNA,147.62442824,-34.81078942
BALD HILLS,149.84279065,-36.91171971
MAYFIELD,151.73816846,-32.89780389
REIDS FLAT,148.98014881,-34.13523481
GILGUNNIA,146.07254273,-32.44165222
BATHAMPTON,149.4136426,-33.49370667
GWYNNEVILLE,150.88314457,-34.41509926
MAROOTA,150.98238983,-33.46175674
ROCKY PLAIN,148.67113541,-36.24432508
WALLANTHERY,145.89149575,-33.23872851
FISHING POINT,151.59504138,-33.05292764
UPPER DARTBROOK,150.7062806,-31.91965784
SANDBAR,152.52376285,-32.37854864
GUNGAL,150.47535987,-32.2641719
GULGONG,149.52316994,-32.36801698
KOORAINGHAT,152.50544445,-31.98631993
YATTALUNGA,151.3658609,-33.46793184
WESTLEIGH,151.07140363,-33.71177972
CROOBLE,150.27964126,-29.29966464
GOOLGOWI,145.73695413,-33.94733995
RAGLAN,149.65314595,-33.42205055
KOONYUM RANGE,153.41017956,-28.54156126
THE PILLIGA,149.46217119,-30.68125478
WEST RYDE,151.08385572,-33.80734794
TUMBI UMBI,151.43320758,-33.37573064
CRONULLA,151.15174486,-34.05849152
WALGETT,148.05570494,-29.98308922
SUTTON FOREST,150.27695818,-34.56959459
MIRANDA,151.10303163,-34.03301091
WINDALE,151.68115747,-32.99208698
COWAN,151.16869083,-33.56503526
BILLEROY,148.45441151,-30.6301144
WIANGAREE,152.97834845,-28.5114465
WEST WIANGAREE,152.95557774,-28.53734657
HALEKULANI,151.55186295,-33.21945523
CASSILIS,150.0347202,-31.96745675
YOWIE BAY,151.10283144,-34.05074893
GENEVA,152.97752815,-28.6194625
MOUNT KNOWLES,149.71417304,-32.62382875
BROADWAY,149.08188161,-34.70915104
FREEMANTLE,149.36171878,-33.27591494
WINBURNDALE,149.8009027,-33.31396765
LEWIS PONDS,149.2816581,-33.28145005
TARRIARO,149.99676369,-30.43484039
SOMERSBY,151.2779185,-33.37895925
LOWER MANGROVE,151.13607511,-33.39940199
GLENORIE,150.99227108,-33.57185595
BLAKEHURST,151.10942456,-33.99286373
GLOSSODIA,150.78458613,-33.53207559
JASPERS BRUSH,150.65437488,-34.80011696
CHITTAWAY BAY,151.43954312,-33.32650443
MILROY,149.62104937,-32.59264963
CANTON BEACH,151.54689365,-33.27575954
WILLALA,149.86071286,-30.83673559
SPRING HILL,150.86966575,-34.45269902
COOMBADJHA,152.48512312,-29.38890599
VITTORIA,149.35005186,-33.41745098
NARRAN LAKE,147.32083757,-29.83700965
GREIGS FLAT,149.8521027,-36.97181591
SEAL ROCKS,152.50609929,-32.42270353
BUTTABA,151.57529122,-33.05055563
PINNY BEACH,151.63565908,-33.11800458
RATHMINES,151.57925266,-33.03854054
SALTWATER,152.54274945,-32.00681076
SILENT GROVE,151.66971632,-29.15784479
BOOTAWA,152.3590085,-31.9243933
KALKITE,148.64350992,-36.33292604
DOONBAH,153.38678336,-29.08637346
MOLEVILLE CREEK,152.90556364,-29.5710601
NORTHMEAD,150.99415988,-33.78727806
CUDGEN,153.55169976,-28.27324219
QUANDARY,147.32387574,-34.37217676
HALLIDAYS POINT,152.50487516,-32.06977113
DOUBLE BAY,151.24382505,-33.87777668
ROUGHIT,151.247619,-32.57247738
ESCHOL PARK,150.80197173,-34.03264351
EDITH,149.93469721,-33.77947951
FROGMORE,148.8668647,-34.24600234
STRATHEDEN,152.94682269,-28.7504702
KILGIN,153.37428444,-29.03041141
KILLINGWORTH,151.54158315,-32.93133478
NORTH WOLLONGONG,150.89556468,-34.40680236
SANDY FLAT,152.01411387,-29.24013296
CASTLE COVE,151.21488714,-33.78609194
GLENELG,148.09525386,-33.7395288
GONN,143.99752288,-35.47501285
GLEN DAVIS,150.24721328,-33.14935745
LOWANNA,152.89695857,-30.17769748
WATTON,149.41788713,-33.31153006
CASTLE HILL,150.99988657,-33.72791908
BOORABEE PARK,153.05677598,-28.68474325
COFFS HARBOUR,153.10939793,-30.29859958
TINONEE,152.40417292,-31.94580194
KARS SPRINGS,150.53964556,-31.91898967
WONDABYNE,151.23888308,-33.50157218
RED HEAD,152.53563575,-32.05707769
WIRRABA,150.50847935,-33.11343815
TAREE,152.44445729,-31.88944806
WANTIOOL,147.67659661,-34.88472604
NOWLEY,149.13835539,-29.98728458
CALGA,151.22198384,-33.41470127
BROWNS CREEK,149.14970721,-33.53858603
COLLINS CREEK,153.03517924,-28.47818596
WEAN,150.2727337,-30.70727229
MAYFIELD,149.77484595,-33.66659368
CANADIAN LEAD,149.58376011,-32.40526133
CUTTABRI,149.15897419,-30.41274598
SHADFORTH,149.19703375,-33.39000444
KEARNS,150.80080639,-34.021598
MARMONG POINT,151.61411795,-32.98270819
SAN REMO,151.52112395,-33.21471761
MOUNTAIN CREEK,147.14393147,-35.77936085
DARBYS FALLS,148.85853476,-33.90625294
GILGOOMA,148.57904425,-30.70356998
MURRUMBO,150.24110654,-32.39026401
HARPARARY,150.0545027,-30.54964423
THE SLOPES,150.7059975,-33.53202262
WERAI,150.36539345,-34.61101267
KURRAJONG,150.70215243,-33.50368985
BERKELEY,150.84320291,-34.4786434
THE ROCKS,149.42521608,-33.43028654
HAZELGROVE,149.89798731,-33.65568896
GATESHEAD,151.69134965,-32.98337932
DENISTONE WEST,151.076987,-33.80080692
YARRAS,149.67252515,-33.36457587
INVERELL,151.11028761,-29.76273925
MOUNT RANKIN,149.48366535,-33.29547531
OLD TOONGABBIE,150.97000305,-33.78798221
EDGEWORTH,151.62079037,-32.9220119
TORONTO,151.57769756,-33.01539099
HOLSWORTHY,150.91368355,-34.06835507
LANE COVE NORTH,151.16186032,-33.80600821
CLAYMORE,150.81093199,-34.04639023
GALAMBINE,149.51932681,-32.44880674
TUNCESTER,153.22430334,-28.80198707
PANUARA,148.93734628,-33.5154967
KILGRA,152.9809675,-28.55739846
PINEY RANGE,147.94174825,-33.86100699
EENAWEENA,147.60729256,-31.60171203
WANG WAUK,152.28149856,-32.14262006
NANA GLEN,153.01040728,-30.13042444
ERROWANBANG,149.03865324,-33.53290992
WALLINGAT,152.43314302,-32.30518604
MOUNT OUSLEY,150.88038388,-34.40065303
COMBARA,148.31106234,-31.14916218
FARLEY,151.50137461,-32.73386229
GEROGERY,147.00039786,-35.84243823
GANBENANG,150.13243819,-33.71067027
BUCKENDOON,153.3456602,-29.03338071
MOUNT COLLINS,148.78738142,-34.03321954
DURANBAH,153.52840904,-28.30492659
EUMUNGERIE,148.67136342,-31.96778507
PELTON,151.31386179,-32.8794973
SOMERTON,150.62709486,-30.93908104
BOWRAL,150.42446053,-34.4830853
TIPPERARY,152.15832944,-32.05749088
KAPUTAR,150.13377059,-30.30475999
COPETON,150.92154902,-29.8753699
ARCADIA VALE,151.57691318,-33.05981776
ST HELENS PARK,150.81368307,-34.10474796
ROCK VALLEY,153.16247602,-28.727925
BALMORAL,151.57866536,-33.04578637
COWRA,148.64696929,-33.83000123
STOCKTON,151.78966648,-32.89804236
GIANTS CREEK,150.54202547,-32.22282133
ALFREDTOWN,147.54120542,-35.15323235
BROADWATER,153.42616704,-29.03464232
LEMON TREE,151.37144304,-33.133913
CATHERINE HILL BAY,151.62487663,-33.14740627
MURRAYS BEACH,151.62307008,-33.11863738
DURI,150.8186477,-31.2314061
FERN BAY,151.81318065,-32.86425728
BRUNKERVILLE,151.48669924,-32.95353062
FLAT TOPS,151.81412203,-32.44836304
HEDDON GRETA,151.50763812,-32.80755914
HAZELBROOK,150.45572238,-33.72854136
LAKE HEIGHTS,150.86716739,-34.48436734
MEGALONG VALLEY,150.22285229,-33.71925212
CAMERON PARK,151.61099737,-32.90370136
MOGO,150.02195563,-32.25901493
PORT KEMBLA,150.89533647,-34.47052762
WEST WOLLONGONG,150.86730741,-34.42396844
JINDABYNE,148.63319515,-36.44329966
BLUE VALE,150.22194053,-30.82537727
LONGUEVILLE,151.16888769,-33.82930064
BLAIRMOUNT,150.79261761,-34.05168015
WOLLONGONG,150.89307932,-34.42778525
DELUNGRA,150.77925058,-29.63524532
WARRUMBUNGLE,148.9312428,-31.26753317
ARKELL,149.38584127,-33.73582901
WILSONS CREEK,153.43205913,-28.56875876
GREGORY HILLS,150.77697496,-34.03033191
SPRING FLAT,149.60606271,-32.67171908
DULGUIGAN,153.41830397,-28.27917174
STANNUM,151.79078202,-29.33300084
ILLABO,147.75098228,-34.82792436
KARANGI,153.05487669,-30.24047405
MILSONS PASSAGE,151.17618348,-33.51648331
GREEN POINT,151.3653364,-33.45393445
MULLA,147.33966457,-31.82076846
MAYERS FLAT,152.34798658,-32.39238242
NORAVILLE,151.55571863,-33.26990372
STOCKRINGTON,151.58045379,-32.86336075
MAYFIELD EAST,151.74992839,-32.90023094
ENNGONIA,145.94197376,-29.25375937
LYNCHS CREEK,152.99217104,-28.45781457
MYALL LAKE,152.38677209,-32.42500247
GULARGAMBONE,148.49854192,-31.28946209
MIDDLE COVE,151.21203033,-33.79259221
LANITZA,152.97908538,-29.88102291
CADIA,149.00891222,-33.44294268
TABBIMOBLE,153.23753719,-29.20558695
MOONEY MOONEY,151.21213347,-33.52950131
HAMPTON,150.02637436,-33.66618119
PARRAWEENA,150.43458703,-31.72975663
COLLARENEBRI,148.55124492,-29.38394066
FROGS HOLLOW,149.81438237,-36.76728039
BUDGONG,150.46313557,-34.80606949
MILPERRA,150.98166821,-33.93890499
BILAMBIL HEIGHTS,153.48664754,-28.21015957
HORNINGSEA PARK,150.84149207,-33.94652856
NEWCASTLE,151.77877748,-32.92637536
PENSHURST,151.08613002,-33.9639171
RUSE,150.842138,-34.07022087
DURAL,151.04069222,-33.68405249
BLAYNEY,149.25718792,-33.54311272
ARDLETHAN,146.85454694,-34.34330663
GUNBAR,145.2968275,-33.93606985
THULE,144.40607387,-35.68491713
NORTH WILLOUGHBY,151.20047034,-33.79525987
ANGLEDOOL,147.9288849,-29.12144347
AVONSIDE,148.72039167,-36.3980357
RAVENSDALE,151.30663014,-33.11361194
RUSSELL LEA,151.14116752,-33.85885245
WHEENY CREEK,150.71728271,-33.45286757
DUNDAS VALLEY,151.05561852,-33.79297554
MOREE,149.72521507,-29.34969759
KANANGRA,150.08836934,-33.98852903
EAST JINDABYNE,148.66415033,-36.40845754
GLEDSWOOD HILLS,150.78114848,-34.0120802
WEST BALLINA,153.52347834,-28.85914457
NORWAY,149.79528104,-33.77135988
NEW ITALY,153.29782148,-29.14365309
DARLING POINT,151.2368235,-33.87239837
DRUMMOYNE,151.15283051,-33.8525367
BELLATA,149.75904467,-29.93546967
POINT FREDERICK,151.34273847,-33.44115333
MOORBEL,148.69814733,-33.56113363
CHINDERAH,153.53900255,-28.25243785
BERKELEY VALE,151.4334809,-33.33900425
HUNTLEY,149.12613612,-33.36946178
BITHRAMERE,150.7810994,-31.13567662
BULLAWA CREEK,150.03269023,-30.25910701
MOUNT DEE,151.53960177,-32.74205391
MINMI,151.62023126,-32.87715166
BYLONG,150.1213312,-32.40443642
BELFORD,151.28805929,-32.66934645
NARARA,151.33533971,-33.39579698
SMEATON GRANGE,150.75754175,-34.0370203
LITTLE PLAIN,150.93189943,-29.73581081
BEROWRA,151.15119056,-33.62867462
DUNDAS,151.04346075,-33.80233563
LOWER BELFORD,151.29967735,-32.62054933
COLO HEIGHTS,150.69319279,-33.29676232
CALDWELL,144.51330069,-35.58322042
BONNIE VALE,151.12401075,-34.08821819
SOUTH WOLUMLA,149.76254694,-36.86494017
GREGADOO,147.43102213,-35.23871123
LEPPINGTON,150.79651388,-33.96993221
BILPIN,150.54935757,-33.44862163
KEDUMBA,150.40292499,-33.86503466
BELL,150.29399607,-33.49732728
BLUE HAVEN,151.50344621,-33.21108318
MERRIWA,150.2960724,-32.10625398
BEROWRA WATERS,151.13809679,-33.54816862
BOWNING,148.80101855,-34.74568874
EUABALONG,146.36428439,-33.01712235
WASHPOOL,152.381285,-29.29581211
LITTLE JACKS CREEK,150.54156095,-31.79170687
KINGSWOOD,149.82212281,-36.74213458
REVESBY,151.01322282,-33.9463871
FITZROY FALLS,150.4499112,-34.65295522
COLO,150.80710974,-33.41637063
CARLINGFORD,151.04532444,-33.77563073
BERRIMA,150.33279876,-34.47207756
TAPITALLEE,150.51471694,-34.82802133
WOLLAR,149.97931981,-32.36461389
EDEN,149.89328201,-37.02282849
ERINA,151.39344879,-33.43717251
TONDERBURINE,148.79675386,-31.33977969
WEST PENNANT HILLS,151.03364192,-33.74829877
DENISTONE,151.08901891,-33.79951921
ASHLEY,149.79762087,-29.25011395
HILL TOP,148.69255571,-36.3329762
MOONEE BEACH,153.14983198,-30.19210781
TABLE TOP,147.03614175,-35.94634388
MOUNT RUSSELL,150.93860884,-29.65909565
CHERRYBROOK,151.04625004,-33.72183395
BREWARRINA,146.88931681,-29.9966069
KANGAROO VALLEY,150.47826501,-34.73446395
MULYANDRY,148.16419989,-33.56264551
DOBIES BIGHT,152.93923462,-28.8035923
EAST KURRAJONG,150.79472649,-33.50546672
WYEE,151.46654475,-33.17283608
CLARENCE TOWN,151.78342024,-32.58761668
HOLMESVILLE,151.57072684,-32.91631686
FOREST REEFS,149.0766901,-33.4641668
GOODOOGA,147.41594874,-29.24840512
SMITHS CREEK,152.72886843,-29.50511596
COXS CREEK,150.12239682,-32.73242003
TIRI,152.08593075,-31.84998099
UPPER PAPPINBARRA,152.441452,-31.27871576
HANLEYS CREEK,151.6835249,-32.41766156
BOWMANS CREEK,151.12780539,-32.25850565
FORDWICH,151.05579072,-32.70917434
BERRICO,151.79948548,-32.0871846
GREENDALE,149.86149353,-36.58452494
CAMBRIDGE PLATEAU,152.73173278,-28.80394119
DAVIS CREEK,151.19858132,-32.17534984
BUNYAN,149.1669542,-36.15159331
UPPER GROWEE,150.00988039,-32.64367656
MUNDONGO,148.28049651,-35.29072178
SUNTOP,148.82893668,-32.56677568
BUDDEN,150.06372494,-32.51321944
LUE,149.84139883,-32.64219228
REDLANDS,146.33500479,-35.92555459
HALLS CREEK,150.92724913,-30.76736657
CHARBON,149.96974736,-32.88586061
BORAH CREEK,150.52063436,-30.60225272
REPENTANCE CREEK,153.40442345,-28.63363135
LANGLEY VALE,152.56867664,-31.7769151
TIMOR,151.08335221,-31.71143704
DIGGERS CAMP,153.27481897,-29.81498553
WANDERA,151.14750209,-29.66962616
WEE JASPER,148.66268073,-35.13600885
STONEQUARRY,149.76203452,-34.37456416
WESTWOOD,147.9836286,-35.39679893
KOORINGAL,147.3768392,-35.14045753
MARLOWE,149.88007071,-35.27062102
MANOBALAI,150.63510509,-32.1806883
BOCOBRA,148.53860858,-33.09508213
BOORGANNA,152.37519532,-31.62075905
BURRAGA,149.53632027,-33.91120656
TURNERS FLAT,152.67611122,-31.03592272
BOCOBLE,149.73084043,-32.80090941
BANDON GROVE,151.70120464,-32.27032321
PUNCHBOWL,152.77216264,-29.4629106
CEDAR PARTY,152.39193571,-31.81214606
ST GEORGE,150.22238708,-35.03260631
BASSENDEAN,151.18618158,-30.06156307
KELGOOLA,150.26683795,-32.86166086
ALLYNBROOK,151.54849948,-32.35152776
DACEYVILLE,151.22572591,-33.92875714
JUGIONG,148.33760931,-34.81352921
WHOOTA,152.48082885,-32.31507845
FARRINGDON,149.59888489,-35.52340725
WAMBOOL,149.76001449,-33.50461189
COFFEE CAMP,153.22431966,-28.64750044
HILLSDALE,151.22683635,-33.95260814
ST ANDREWS,150.8295217,-34.02264339
EATONSVILLE,152.82955312,-29.64289086
OYSTER BAY,151.08166468,-34.00261085
FINLEY,145.58704173,-35.60517982
WALMER,148.742888,-32.65174248
TWENTY FORESTS,149.73859496,-33.67893459
SWANBROOK,151.23672245,-29.71804483
ALICE,152.58928489,-29.05364989
SANS SOUCI,151.13126165,-33.9959808
BOWMAN FARM,151.93327813,-31.91141978
MAYVALE,150.41081848,-30.40958252
COLLINGULLIE,147.1042439,-35.09172545
THE PINNACLES,152.92356642,-29.54465592
CURBAN,148.53170774,-31.52085071
GRAWIN OPAL FIELDS,147.63418852,-29.66640878
TWO MILE FLAT,149.37954125,-32.41350418
CANLEY HEIGHTS,150.9239959,-33.88261886
GUNNINGRAH,149.14730299,-36.73837264
CURRAWONG BEACH,151.29796527,-33.59513851
QUIALIGO,149.76760702,-34.9363761
CANBELEGO,146.26579279,-31.51023297
KANOONA,149.7744743,-36.74649451
LALOR PARK,150.93097445,-33.76107353
WAUKIVORY,152.04385283,-32.10715025
SUFFOLK PARK,153.60739466,-28.68775447
FAULKLAND,151.89081536,-32.07036569
GLOUCESTER,151.96116492,-32.01838039
PENDLE HILL,150.95591492,-33.80407403
TIONA,152.52090029,-32.29914187
TULLERA,153.29101724,-28.75237004
DILKOON,152.97938593,-29.49859711
GOSFORTH,151.48974552,-32.65232099
MEROO,149.62292348,-32.75834505
WANDSWORTH,151.47061023,-30.01526605
SUGARLOAF,151.69126815,-32.38122851
BENDEMEER,151.17670943,-30.80331557
ASHBURY,151.11882167,-33.90027339
SANDY POINT,150.99352737,-33.97617111
HUNTERVIEW,151.18000282,-32.54073329
NEVER NEVER,152.81940563,-30.3558157
ROSEBERRY,152.90444591,-28.49209674
JEMBAICUMBENE,149.76664545,-35.52159935
RAVENSWOOD,147.84459517,-31.69865546
BYROCK,146.41308482,-30.56994782
ARRAWARRA,153.19112522,-30.05295534
FOUR MILE CREEK,148.94038484,-33.42816944
GLENWOOD,150.93480081,-33.73518585
CEDAR CREEK,153.26233365,-28.41835442
CHULLORA,151.0477116,-33.8919321
RAMSGATE BEACH,151.14605709,-33.98218008
YARRIE LAKE,149.51339124,-30.41028863
WILLIAMSDALE,149.15715693,-35.58814864
HONEYBUGLE,146.8800966,-31.83530086
DARKES FOREST,150.90884723,-34.21555882
MANGROVE CREEK,151.12559384,-33.35074603
NORTH AVOCA,151.43690645,-33.45653934
ASHMONT,147.33172047,-35.12469792
WATANOBBI,151.42588828,-33.26741007
GAREMA,147.93097616,-33.60477852
NARELLAN VALE,150.7447233,-34.052834
SMITHTOWN,152.9453071,-31.01414797
FINDON CREEK,152.87280369,-28.35661641
URUNGA,152.9923573,-30.5146819
DONALD CREEK,151.76137064,-30.42631365
COOMBA PARK,152.45476276,-32.23746288
SILVERWATER,151.04628513,-33.83421438
WINIFRED,149.36636345,-36.48856094
NIMMITABEL,149.28366069,-36.50136641
CARRINGTON,151.7661188,-32.91268463
BALLINA,153.56004191,-28.84168338
BINIGUY,150.14491934,-29.57759523
COBAKI LAKES,153.47835724,-28.17368101
NANIMA,149.12990881,-35.01580032
MURWILLUMBAH,153.38276056,-28.33224371
GUM FLAT,150.92581413,-29.79304529
AIRDS,150.8331411,-34.08597397
KAHIBAH,151.71182025,-32.96264097
MOUNT WHITE,151.1884917,-33.44961248
WAKOOL,144.35427624,-35.46526905
KREMNOS,152.94398712,-29.98203851
COLLERINA,146.69169729,-29.51150949
CAMBEWARRA,150.56131204,-34.81504215
COORABELL,153.48994747,-28.63190215
EAGLE VALE,150.81245216,-34.03758574
GINEROI,150.50258115,-29.73911855
HILLVILLE,152.34022597,-31.98074235
ARTARMON,151.18605813,-33.81095903
BLACK HEAD,152.53506306,-32.07173798
MOZART,149.8298486,-33.82295185
SARATOGA,151.34932857,-33.47456764
LOXFORD,151.48757172,-32.79398781
JUNEE REEFS,147.66641583,-34.71568035
FAIRY HILL,152.98911467,-28.76392494
WILLOUGHBY,151.20000823,-33.80621206
TARBUCK BAY,152.47784264,-32.36454299
EAST WAGGA WAGGA,147.40250039,-35.12955851
HEIFER STATION,152.58541815,-29.45638107
ETTRICK,152.91176367,-28.65002053
BIMBI,147.94382916,-33.99417977
WARIALDA,150.52668619,-29.38533698
WARIALDA RAIL,150.52609166,-29.638818
GWABEGAR,148.97604635,-30.56533115
THE BIGHT,152.38530705,-31.88300511
TORRINGTON,151.68171858,-29.27669382
DRILDOOL,149.01424342,-30.20788596
ROSEBERG,149.04984014,-33.855451
DUCKMALOI,149.95656233,-33.6843698
MERAH NORTH,149.20607574,-30.18314378
GUNTAWANG,149.44690865,-32.40034001
TELARAH,151.53609944,-32.73018023
URAWILKIE,148.73056909,-30.69446548
NYMAGEE,146.07469318,-32.13705743
RAINBOW FLAT,152.48871688,-32.03220824
SMITHS LAKE,152.49229914,-32.38149657
NORTH WOODBURN,153.34680892,-29.06030134
SAWYERS GULLY,151.44669126,-32.77707595
MIRANNIE,151.37231012,-32.37825062
BUSHELLS RIDGE,151.47246046,-33.20315444
MALLOWA,149.3744862,-29.64011087
GARAH,149.61920453,-29.0025631
NOORONG,144.0221838,-35.34985859
EAST ALBURY,146.94068034,-36.0890606
MARTINSVILLE,151.39178316,-33.05114259
PICNIC POINT,151.00605396,-33.97387779
UPPER HORTON,150.35874031,-30.1814668
LOUTH PARK,151.54826124,-32.7708131
BUNNAN,150.57911316,-32.0609268
BUNGWAHL,152.4174864,-32.36940711
LEYCESTER,153.17614688,-28.77225768
GLENWORTH VALLEY,151.18414026,-33.40736481
BELOON,150.38594802,-34.17034984
BINDOOK,150.10141385,-34.19920513
TULLIMBAR,150.7465418,-34.58178363
WENTWORTHVILLE,150.9700897,-33.80730149
KURRABA POINT,151.22316001,-33.84186552
JOADJA,150.22384128,-34.43167083
KIAMA,150.84438594,-34.67386577
MIANDETTA,146.92159025,-31.58652231
MISSABOTTI,152.77719545,-30.56601031
MILTON,150.43906756,-35.31935686
NEWPORT,151.31523856,-33.65658315
FERNLEIGH,153.49114307,-28.76785931
STEWARTS BROOK,151.32229229,-32.03031868
NORTH BALGOWLAH,151.25130048,-33.78686981
GLENFIELD,150.89337556,-33.97149627
ALECTOWN,148.26802069,-32.9142668
SEDGEFIELD,151.23530489,-32.54419915
THE OAKS,150.56340959,-34.0886956
SPLITTERS CREEK,146.84979494,-36.05280885
BELLTREES,151.12254388,-31.96971899
BELANGLO,150.22167359,-34.51309767
EMERALD BEACH,153.15756152,-30.16378856
KINGSWOOD,150.72448241,-33.76428842
DRAKE,152.40940116,-28.91529985
CAMBRIDGE GARDENS,150.72074433,-33.73797412
WINDSOR,150.8211359,-33.60909029
ELANDS,152.28280559,-31.59164264
YARRAMUNDI,150.64518414,-33.63917809
WERRINGTON DOWNS,150.73215133,-33.7416845
NARRAWALLEE,150.46369554,-35.31235268
SUTTON,149.2182756,-35.15146249
DRAKE VILLAGE,152.3783038,-28.92838507
KOWMUNG,150.24734607,-33.94778669
MUNDAMIA,150.56149708,-34.88840059
WEST NOWRA,150.58341128,-34.88217339
BUTTERWICK,151.64553482,-32.64965054
RAWSONVILLE,148.46611726,-32.15661826
LAKE INNES,152.82812118,-31.50332871
BROCKLESBY,146.6643596,-35.81258187
SPRINGVALE,147.33177651,-35.17397018
WOMBARRA,150.95003456,-34.27722064
ELVINA BAY,151.27737099,-33.63760673
BUKALONG,149.21112025,-36.80141884
KAYUGA,150.83155804,-32.20697815
SEVEN HILLS,150.93868527,-33.77667812
LITTLE BAY,151.24588835,-33.98273569
CAVAN,148.8332598,-35.02795101
COLEDALE,150.94145604,-34.2878984
CASTLE ROCK,150.75753852,-32.23916435
ELIZABETH BAY,151.22760492,-33.87145311
MINORE,148.44588892,-32.27212619
BLACKTOWN,150.90349382,-33.77377464
NORTH KELLYVILLE,150.94841592,-33.68275139
TRIANGLE FLAT,149.45304062,-33.79162836
MALABAR,151.25269219,-33.96286076
MULLION,148.87505502,-35.14358764
TOOLIJOOA,150.78064697,-34.76094422
BRISBANE GROVE,149.71879167,-34.79507361
TAYLORS ARM,152.72393942,-30.76084233
SANDY BEACH,153.1789687,-30.14432994
STREAM HILL,150.78516897,-34.47305206
HEREFORD HALL,149.54547421,-35.77553989
WONGAWILLI,150.7519834,-34.47355953
SOUTH WINDSOR,150.80492126,-33.63009654
YABBRA,152.50441966,-28.62857899
MOUNT MITCHELL,151.84210657,-29.94340092
FITZGERALDS VALLEY,149.39365794,-33.52523071
MURRULEBALE,147.41223975,-34.70590296
PEJAR,149.53658996,-34.53356881
MORANS CROSSING,149.65230515,-36.66660604
HOMELEIGH,153.06124422,-28.56898826
CARCALGONG,149.71120367,-32.85591331
LINDESAY,150.29263123,-30.34214273
UPPER DUCK CREEK,152.69844798,-28.52175326
SANGER,146.13934133,-35.66886602
PIGEONBAH,148.08156071,-31.54073101
LIMBRI,151.2064643,-31.04717173
ELLERSTON,151.32836834,-31.77939881
WALLANGRA,150.91150395,-29.26081025
BINDERA,151.81819123,-32.02607634
YELLOW DAM,151.39422119,-29.38259424
MOUNT SAINT THOMAS,150.87204203,-34.44096297
ARTHURVILLE,148.73791614,-32.55593274
BACK CREEK,151.72887922,-28.96164976
KHANCOBAN,148.14530986,-36.25107991
BOREE CREEK,146.53743677,-35.07805923
GILMANDYKE,149.54586407,-33.78363594
BAERAMI CREEK,150.49333979,-32.57414178
LITTLE JILLIBY,151.36026149,-33.23570052
PIMLICO ISLAND,153.49439137,-28.91740673
PALMWOODS,153.40598553,-28.51410335
BASIN VIEW,150.55558159,-35.09108645
THERESA CREEK,152.79254708,-28.78416031
CHURCH POINT,151.28075987,-33.65191924
KAINS FLAT,149.85066829,-32.4728822
COONGBAR,152.69301673,-29.10257208
PIALLAMORE,151.06627758,-31.14602503
ROSSGLEN,152.73135636,-31.66707698
CAMBALONG,149.11477395,-36.89441875
RUNNING STREAM,149.8696727,-33.05748213
ROCKLEY MOUNT,149.55651949,-33.55256824
ROSE VALLEY,149.2581744,-36.12428493
BARCOONGERE,153.20236013,-29.90034146
ROSSI,149.49636391,-35.48796866
DEEP CREEK,152.66830565,-29.16160862
PIKAPENE,152.65492258,-29.04885693
WIRRIMAH,148.42041462,-34.11293713
HANNAM VALE,152.58353307,-31.71541572
BROCKLEY,151.85720318,-30.26183393
TERANIA CREEK,153.29444803,-28.61467412
RAND,146.52796525,-35.57590662
FORBES CREEK,149.50489935,-35.4235639
EIGHTEEN MILE,152.58856067,-29.27811414
BRUMBY PLAINS,152.65539028,-28.46320237
RYLSTONE,149.99921454,-32.75286359
WINGEN,150.91871253,-31.9014897
WONGO CREEK,150.51824935,-30.72847898
NEBEA,148.56242326,-30.89156019
BINGARA,150.57704813,-29.83823204
BATAR CREEK,152.6745502,-31.67025577
WOOLOMIN,151.14240654,-31.31293294
BARYULGIL,152.62585972,-29.22043515
MOUNTAIN LAGOON,150.62628868,-33.43757602
LEE CREEK,150.13537799,-32.53932718
PERICOE,149.57825205,-37.06140099
PYRAMUL,149.60982835,-32.92883034
ROSEBERY,151.20479914,-33.9188867
MULI MULI,152.58339064,-28.41822597
BALLALABA,149.63987349,-35.61882052
BUMBERRY,148.51553719,-33.15813014
RAWORTH,151.60728103,-32.72630213
MONIVAE,149.90442483,-32.69576239
TABBIL CREEK,151.73235204,-32.42248236
SANDILANDS,152.66039988,-28.89660949
GOORANGOOLA,151.19775979,-32.28728127
TAMBAROORA,149.41137865,-32.96376411
CARLAMINDA,149.30927197,-36.2853087
KELVIN,150.38782196,-30.82792609
UPPER TAYLORS ARM,152.67484205,-30.77718941
BURRAGATE,149.6447543,-37.0034529
FREEMANS,151.59313556,-33.19888956
MONTEREY,151.1476574,-33.97228207
RAMSGATE,151.1399794,-33.98258943
BRIBBAREE,147.89609838,-34.11403939
MOONBRIA,145.44534449,-35.12334384
EUROBODALLA,149.95907722,-36.16810763
KENNAICLE CREEK,152.81368099,-30.52656349
PONTO,148.78471028,-32.47989523
LAKE BREWSTER,145.99401102,-33.45850913
BUMBALONG,149.11010278,-35.83191814
TULLIBIGEAL,146.71045052,-33.39362286
ETTREMA,150.29509406,-34.89008682
STROUD HILL,151.81230573,-32.3793075
HYNDMANS CREEK,152.59970186,-31.4751151
PINDAROI,151.27596148,-29.46866324
RAMORNIE,152.70651895,-29.66231911
CRAWNEY,151.06839392,-31.5838444
HILLDALE,151.63641145,-32.49818225
EUCUMBENE,148.62437117,-36.13458448
KIPPAXS,152.32256996,-31.65165451
BRAEMAR BAY,148.67485752,-36.09820486
CABBAGE TREE ISLAND,153.45672376,-28.98075145
BARNEYS REEF,149.50421029,-32.17729707
LECONFIELD,151.39555725,-32.64877454
UPPER BINGARA,150.66477052,-30.06983028
DENISTONE EAST,151.09741786,-33.79598544
BILLYS CREEK,152.57730847,-30.16149876
TOLLAND,147.35146404,-35.14507337
WOOLI,153.23915896,-29.81656543
OLD GREVILLIA,152.88021182,-28.44615136
DURRAN DURRA,149.87155405,-35.33953737
YALBRAITH,149.74295084,-34.28715678
UPPER MONGOGARIE,152.80440762,-28.96943238
BEEMUNNEL,147.85476432,-31.67656136
THE GLEN,152.66043794,-28.40553724
CUNDLE FLAT,151.98907805,-31.81038407
WATSONS CREEK,151.00279901,-30.69740071
CARDIFF HEIGHTS,151.67228656,-32.93236351
BROKE,151.09251518,-32.77584268
YANNERGEE,150.06586758,-31.46343513
CARRINGTON,152.01797208,-32.66046197
BOHNOCK,152.56528034,-31.94609696
DUNBOGAN,152.81207588,-31.65986362
MARKWELL,152.17454754,-32.30627956
SEVEN OAKS,152.93220395,-30.99677
ENFIELD,151.09601178,-33.89022917
MANNUS,147.94631035,-35.83696528
NELLIGEN,150.10021963,-35.66678121
JUDDS CREEK,149.53683966,-33.84862982
PADDYS FLAT,152.42906221,-28.69519889
SHALLOW BAY,152.4166353,-32.21976248
WOODY HEAD,153.36699123,-29.36703317
EAST LISMORE,153.28826999,-28.82476277
COPACABANA,151.43608628,-33.48692294
MURRURUNDI,150.82515743,-31.77611658
MINIMBAH,152.37221269,-32.16163677
KUNDIBAKH,152.26087286,-31.98756301
BIRGANBIGIL,145.18462374,-35.5183392
LETHBRIDGE PARK,150.80039769,-33.73712201
ROCKY CREEK,150.21162038,-30.03282542
LONG POINT,149.23105446,-33.05606919
COWABBIE,146.95380142,-34.58477187
JONES ISLAND,152.59239926,-31.8609188
BIG YENGO,150.91202098,-32.97807065
MORUBEN,150.88206251,-33.05120673
MURRUMBIDGERIE,148.72860563,-32.38988327
FOUR MILE CREEK,148.94038479,-33.42816956
WESTDALE,147.88370276,-35.56985669
ARGYLE,151.8427715,-30.57181208
MARYLAND,152.04607029,-28.53922312
BILGOLA,151.31715515,-33.643966
CALARIE,148.0058896,-33.29933475
HILL TOP,148.6925468,-36.33299154
COLLINGWOOD,149.44953134,-32.60185794
OGUNBIL,151.2947916,-31.35328055
PAGES CREEK,151.21406717,-31.71125015
WEBBERS CREEK,151.51273706,-32.58239538
MIDDLE BROTHER,152.71018953,-31.69013439
WOMERAH,150.80017646,-33.23592893
ROPES CROSSING,150.77987205,-33.72913212
CLANDULLA,149.95639344,-32.92943043
FARGUNYAH,146.74477399,-35.12354341
MURRIN BRIDGE,146.3708944,-33.2066702
URANGELINE,146.5920966,-35.43255649
RIVERSTONE,150.86752365,-33.67761309
ALEXANDRIA,151.19282262,-33.90985169
KIAH,149.84609064,-37.16119825
PAXTON,151.2846845,-32.90392434
ROSEMEADOW,150.79266845,-34.10409531
HAROLDS CROSS,149.55911186,-35.57952194
MOUNT ELLIOT,151.38577108,-33.40501215
BAR BEACH,151.76857102,-32.93921522
WATTLE SPRINGS,149.26488845,-31.44069258
SUMMER HILL,151.50056774,-32.47853195
WESTDALE,147.88370275,-35.56985669
DARGAN,150.25029175,-33.48962417
RUN-O-WATERS,149.67019128,-34.76642348
NEILREX,149.38762025,-31.74140838
LAUREL HILL,148.09783515,-35.60315649
WARABROOK,151.71505858,-32.88564062
HUNTINGWOOD,150.88263457,-33.79789713
SUNNY CORNER,149.87721935,-33.37739405
LOGIE BRAE,145.50641869,-35.46407544
WAVERLY,151.08577365,-31.87243745
UPPER KARUAH RIVER,151.74450988,-32.16523802
YARRAGUNDRY,147.221657,-35.12145417
GOAT ISLAND,153.45785372,-28.98915647
WATERLOO,151.20731236,-33.89986722
MANILDRA,148.64851488,-33.21250464
EMU HEIGHTS,150.64976752,-33.73302621
MARYVILLE,151.75554622,-32.91137007
DALEYS POINT,151.35447081,-33.50580589
BERRARA,150.54927115,-35.20549394
PRETTY BEACH,150.35231224,-35.57775241
KOONAWARRA,150.8080386,-34.50741934
PRETTY PINE,144.84322796,-35.38850197
BRAYTON,150.0045157,-34.6274885
GREEN CREEK,151.03464838,-31.78785426
TUMORRAMA,148.48872699,-35.1936776
BURRANDANA,147.3530771,-35.40953228
RED HILL,148.37233156,-35.15847471
WOODPARK,150.96049174,-33.84134324
MIRADOR,149.92076747,-36.8773433
BRUIE PLAINS,147.87737959,-32.8211954
DIEHARD,152.08636784,-29.70625062
DUNVILLE LOOP,150.13849011,-32.90805373
COOGEE,151.25464179,-33.91975845
CORANGULA,152.67780102,-31.00083355
BELFRAYDEN,147.0553145,-35.11649815
HILLGROVE,147.35558055,-35.04357046
HOME RULE,149.62856467,-32.42484927
BONALBO,152.6250274,-28.71915859
FOSTERTON,151.76207576,-32.34816773
BERRIGAL,150.11466136,-29.9655144
GREENLANDS,149.44379059,-36.5179631
MAITLAND BAR,149.43112134,-32.73935539
PAGES RIVER,150.75453397,-31.8063766
KIPPENDUFF,152.79887193,-29.16051328
BIRDWOOD,152.32493737,-31.35058473
OLD ADAMINABY,148.69372405,-36.0401616
WELBY,150.4306065,-34.43923918
WADEVILLE,153.13439571,-28.56238614
BLUE COW,148.39654563,-36.38261619
BUNDABAH,152.06376103,-32.67031451
NORTH ST MARYS,150.78435409,-33.75491109
BRUNGLE CREEK,148.29186554,-35.15662863
DHARRUK,150.81562202,-33.7481397
CRAVEN PLATEAU,151.76999224,-31.87252557
MOORWATHA,146.7286628,-35.91896002
BAXTERS RIDGE,151.90427274,-31.70735155
BORAMBIL,150.63720821,-31.50596485
WYBUNG,151.60472405,-33.19248279
QUIDONG,149.04514101,-36.93604764
ATHOLWOOD,151.04708869,-29.06776367
WANDELLA,149.86202371,-36.31668115
LORNE,152.60537861,-31.66214042
COLEBEE,150.8566992,-33.72428323
DOLLYS FLAT,152.29855534,-31.86661628
KINGHORNE,150.77000489,-34.97973086
MOUNT COLAH,151.12812485,-33.66677834
SCOTIA,141.48936134,-33.15043448
WILLIGOBUNG,148.03795373,-35.65558992
PINNACLE SWAMP,149.91363705,-32.77384077
GRAWLIN,148.04504232,-33.50624164
TANNABAR,149.16916125,-31.35338786
WEELONG,147.74218977,-33.56644255
ELLERSLIE,147.90894601,-35.30886693
CUMBIJOWA,148.14762464,-33.45060102
BARWON,148.9296255,-31.00581608
BOX RIDGE,149.4619377,-31.41470991
BUNGLEGUMBIE,148.57941829,-32.19243315
ROPERS ROAD,149.52532,-31.53691008
JONES CREEK,148.04195136,-35.00458506
BOAT HARBOUR,152.11042646,-32.78447019
BROADWATER,153.42657424,-29.03498224
CEDAR CREEK,151.1766267,-32.83541753
COLO,149.26560453,-33.77868494
DEEP CREEK,152.68326648,-28.96925833
ENMORE,151.83351,-30.7308014
HILLSBOROUGH,151.47646987,-32.63274605
LAMBS VALLEY,151.4640285,-32.57043808
LONG PLAIN,148.58054111,-35.6618641
MOGO,150.10160385,-35.79415762
MURONBUNG,148.98125164,-32.1224794
TRUSTUMS HILL,153.3406045,-29.10805545
BANDON,148.28285298,-33.5439556
BEDGEREBONG,147.6997833,-33.33352758
BENI,148.7523621,-32.22198166
BEROWRA CREEK,151.14445948,-33.54328531
BIRAGANBIL,149.41133877,-32.40540454
NAPIER LANE,149.53389141,-31.23629004
CARRAWABBITY,147.8495267,-33.36780578
PENROSE,150.77061163,-34.51972843
RAZORBACK,150.65308552,-34.1523155
PADDYS FLAT,152.42906226,-28.6951989
ROCKY CREEK,150.21162041,-30.03282541
TORRYBURN,151.58073865,-32.47304471
WESTELLA,148.8479201,-32.29235348
MAYFIELD,149.78141956,-35.23628762
RIVERVIEW,150.74592596,-29.88250484
BLACK CREEK,148.03351028,-35.32866413
KIAMA HEIGHTS,150.84249534,-34.70134979
YANTABULLA,145.04155815,-29.28980667
ZETLAND,151.20860004,-33.9074445
TOWAMBA,149.70154131,-37.1138975
WYLIE CREEK,152.17915538,-28.56080049
LANKEYS CREEK,147.63185939,-35.83216651
TALLOWAL,150.22767006,-34.84194854
PLEASANT HILLS,146.7857091,-35.47158268
BOURNEWOOD,148.76290523,-32.74976038
BERLANG,149.68553159,-35.67980085
KIAR,151.44354289,-33.20710973
SOUTH GOLDEN BEACH,153.5471105,-28.49810213
BONDI BEACH,151.27244284,-33.88965573
BANKSMEADOW,151.21531833,-33.95553914
WILEY PARK,151.06744209,-33.92433937
CORNEY TOWN,150.17757928,-33.47548622
WHALAN,150.80507185,-33.75601684
WARATAH WEST,151.71324186,-32.89889327
WARRANULLA,152.12824424,-32.19028541
ROCKY HALL,149.50981639,-36.92262271
ASHTONFIELD,151.59913592,-32.77996934
WILLMOT,150.79284975,-33.72407029
BREAKFAST CREEK,149.97459349,-32.6626567
CANADA BAY,151.11535961,-33.86514129
KYBEYAN,149.42658968,-36.3823998
NORTH BROTHER,152.77319839,-31.65735688
MACKSVILLE,152.91729901,-30.72149312
MOUNT VERNON,150.81009246,-33.86028902
OMADALE,151.31062024,-31.88117387
WALLENDBEEN,148.11889479,-34.51410394
WATTLE PONDS,151.19142572,-32.52098384
CHARLOTTE PASS,148.33338004,-36.43952479
CAWDOR,150.66977955,-34.09892725
BAYVIEW,151.29009912,-33.66188065
TURLINJAH,150.07360505,-36.02949411
ELIZABETH HILLS,150.84829007,-33.90051936
RENNIE,146.13074363,-35.81694198
BELLA VISTA,150.95290604,-33.73826067
WARRAH CREEK,150.68180376,-31.77181457
CHARLEYS FOREST,150.00281735,-35.3601177
BINGLEBURRA,151.61815743,-32.37692646
WATTLE FLAT,149.68467875,-33.14062748
DUNCANS CREEK,151.20287955,-31.38693153
BERRAMBOOL,149.90984069,-36.8803818
COLLAROY,151.30092763,-33.73808361
MONDAYONG,150.50733081,-35.17917062
COLLAROY PLATEAU,151.29071292,-33.73030782
SEAHAMPTON,151.58246498,-32.8835872
OXFORD FALLS,151.24539365,-33.73209097
BOOTI BOOTI,152.52230903,-32.31681502
WALLEROOBIE,147.03034128,-34.48391523
JERRABATTGULLA,149.5828234,-35.6841071
COASTERS RETREAT,151.29854661,-33.60499308
POLA CREEK,152.8740598,-31.05443345
SOUTH WENTWORTHVILLE,150.97016685,-33.82107985
CORDEAUX HEIGHTS,150.82698259,-34.44417415
BURWOOD HEIGHTS,151.104154,-33.88974875
WAVERTON,151.19779267,-33.83980777
TULLYMORGAN,153.11038138,-29.38604746
GREVILLIA,152.8197902,-28.44662519
BOTTLE CREEK,152.65225882,-28.78832909
KARAAK FLAT,152.28995959,-31.91652447
DABEE,150.05426101,-32.84597292
LEVENSTRATH,152.93486667,-29.82499987
FALBROOK,151.13255901,-32.41906733
WRIGHTS BEACH,150.66664427,-35.11599828
BOBADAH,146.6852221,-32.27329094
MOUNT DARRAGH,149.57726239,-36.84772534
DUMARESQ VALLEY,151.48485493,-29.17225911
BOAMBEE,153.05600225,-30.33393996
STOTTS CREEK,153.50550434,-28.2811652
TALLWOOD,149.12083924,-33.50366251
EDGEROI,149.77476415,-30.0866551
BLAXLANDS RIDGE,150.79698741,-33.47376274
TALAWANTA,147.06009615,-29.60139692
COLONGRA,151.54358204,-33.20668201
MOUNT IRVINE,150.45948339,-33.48552981
WARRADERRY,148.24989566,-33.71839208
CATTAI,150.9144207,-33.54570361
TINGIRA HEIGHTS,151.66677769,-32.99710458
TERRAMUNGAMINE,148.4983131,-32.07756293
GROWEE,150.08222276,-32.64287083
CADGEE,149.90541876,-36.15835817
BROGANS CREEK,149.97829717,-32.99097115
TUBBAMURRA,151.78377017,-30.10240012
MOUNT DAVID,149.60999484,-33.84292241
KENDALL,152.69300088,-31.63676319
PAPPINBARRA,152.47751503,-31.35695561
BARRY,151.28379835,-31.59993685
KINDEE,152.4337828,-31.39216597
WEST HAVEN,152.78392731,-31.63501909
BLACKWALL,151.33516396,-33.50488322
HOLROYD,150.99783602,-33.8297397
WELLINGTON,148.96110033,-32.56563166
MORAGO,144.71918361,-35.34618801
REDFERN,151.20678301,-33.89311051
SOUTH GUNDAGAI,148.13076517,-35.12338485
TOONGABBIE,150.94858146,-33.79033148
MUNNI,151.67102633,-32.31796044
BULLABURRA,150.41767605,-33.72921518
BEVERLEY PARK,151.13183376,-33.97800542
WIRRIMBI,152.92591235,-30.67092427
HIGHFIELDS,151.71740094,-32.95577638
CARTWRIGHT,150.88944816,-33.92500837
TANTONAN,144.62785623,-35.70693765
BUCKAROO,149.66097044,-32.56415602
ARUMPO,143.10020839,-33.54183464
BENANDARAH,150.21875801,-35.626506
FIVE WAYS,146.98184193,-32.1657524
MAYRUNG,145.32609771,-35.47353298
LONGARM,150.55020697,-30.49231463
BOURKELANDS,147.34720767,-35.15580161
COURABYRA,147.98835428,-35.70241229
BOMADERRY,150.60473328,-34.84655333
ABERNETHY,151.40219007,-32.88754149
MYRTLE PARK,145.44390077,-35.54735326
WARWICK FARM,150.93702514,-33.91276098
THYRA,144.74399662,-35.8448582
RENO,148.04195136,-35.00458506
WINMALEE,150.61218863,-33.67692982
YASS RIVER,149.12184805,-34.92461318
FALLS CREEK,150.59338455,-34.9977921
BARRABA,150.54961537,-30.3604627
LIVERPOOL,150.91586846,-33.92362346
NANGUS,147.92927813,-35.02163393
WEROMBI,150.57974657,-33.98617254
COTTAGE POINT,151.20368389,-33.61966966
KOGARAH BAY,151.12445628,-33.98352829
BOOKER BAY,151.34727389,-33.51422835
MOUNT MURRAY,150.63510238,-34.54975776
BINYA,146.33935753,-34.14310338
THERESA PARK,150.63571079,-33.99084131
IRON POT CREEK,152.86123505,-28.63702673
COPPABELLA,147.75047998,-35.74689276
TALOFA,153.55515859,-28.67355771
LADE VALE,149.15764064,-34.85001413
LONDONDERRY,150.73637742,-33.65367689
LURNEA,150.89717373,-33.93596111
ASHCROFT,150.89988455,-33.91601515
EAST KANGALOON,150.60266147,-34.5273244
ETTALONG BEACH,151.3332968,-33.51528057
MOSSGIEL,144.57687535,-33.31054398
MEDOWIE,151.88005915,-32.73934448
DHULURA,147.29801157,-35.01624875
RANKINS SPRINGS,146.16411902,-33.83660249
DYRAABA,152.84853949,-28.77285221
MACQUARIE PASS,150.66135179,-34.56239459
GLENDENNING,150.85422386,-33.7481141
GARLAND VALLEY,150.7419063,-32.92449379
BUSBY,150.88068759,-33.9112268
SMITHFIELD,150.93812984,-33.84850489
BOOROOMA,147.36699366,-35.07110933
BARRINGTON,151.89593668,-31.9946895
BALLADORAN,148.54409595,-31.87726628
KICKABIL,148.3992157,-31.91072835
CULMARAN CREEK,152.67358241,-28.86617119
BURWOOD,151.10382326,-33.87803783
ROOTY HILL,150.84286179,-33.77199627
CONARGO,145.17206194,-35.2427163
PYMBLE,151.14036529,-33.74458668
POTTS HILL,151.03244142,-33.89274756
CHARLES STURT UNIVERSITY,147.35831485,-35.06050139
LEICHHARDT,151.15476762,-33.88240458
LONG POINT,151.12084837,-32.56519648
WILLIAMTOWN,151.83881587,-32.80500102
TRUNDLE,147.71084787,-32.87140869
PITNACREE,151.59018798,-32.73271509
ESTELLA,147.35083863,-35.07547167
QUAAMA,149.88621407,-36.46579705
TEVEN,153.4919997,-28.81530933
FORBES,147.98117374,-33.39570681
MABINS WELL,145.52566015,-34.90684897
KURNELL,151.18886541,-34.02254732
COMBOYNE,152.46742488,-31.59832522
NORTH BOAMBEE VALLEY,153.07101447,-30.30945312
CAMPSIE,151.10286346,-33.91229862
GOULDSVILLE,151.08879276,-32.57951486
WONDALGA,148.09811701,-35.39457882
LOCKHART,146.76771325,-35.17946781
MIRROOL,147.0644405,-34.23767515
HERONS CREEK,152.7185572,-31.55980101
WESTMEAD,150.98625217,-33.80866087
OURA,147.59871283,-35.08232641
COLLIE,148.30178881,-31.68144052
CADDENS,150.73347239,-33.77297002
NORTH WAGGA WAGGA,147.38812482,-35.09558219
BELLAMBI,150.91729305,-34.36842024
WARNERVALE,151.43019092,-33.2490869
SILVERWATER,151.55816573,-33.10310591
TINDAREY,145.96759129,-31.05090447
GULMARRAD,153.2247243,-29.50053932
CRANGAN BAY,151.59515875,-33.16841565
CARNES HILL,150.84872667,-33.93770249
BINNA BURRA,153.49076098,-28.70926568
TREWILGA,148.23074748,-32.78722867
BELLMOUNT FOREST,149.25497707,-34.91197285
RUBY CREEK,152.01835132,-28.62589607
COPELAND,151.82566445,-31.97844304
HUNTLEYS POINT,151.14414614,-33.83957257
NUNDLE,151.11266595,-31.45858146
WATERVIEW HEIGHTS,152.8514693,-29.69251136
SOUTHAMPTON,152.89871817,-29.71468894
ARGOON,145.65719667,-34.91814068
OBAN,151.86492567,-30.10222599
RYAN,146.88318619,-35.53601988
LYNWOOD,153.44248677,-28.87194714
CULLIVEL,146.4661425,-35.25186683
COOLEYS CREEK,148.08968056,-35.33971864
ULTIMO,151.19795386,-33.88027468
HOLGATE,151.4048829,-33.40477202
GRAYS POINT,151.08116744,-34.05878651
BOWLING ALLEY POINT,151.14027301,-31.37771547
ALLWORTH,151.94510241,-32.54160484
KELLYVILLE,150.95854618,-33.70997635
HOMEBUSH,151.08060052,-33.86279017
WOLLSTONECRAFT,151.19516798,-33.83256663
KULNURA,151.17088364,-33.20020226
ST LEONARDS,151.19282882,-33.82280361
BANGOR,151.03319927,-34.01603335
JERRAWANGALA,150.44078389,-35.0746961
CONGARINNI,152.87345961,-30.7538646
COBAR,145.79188539,-31.4823196
GUNDARY,149.79422833,-34.83841057
BECKOM,146.99513138,-34.30252313
TOOTOOL,146.98596459,-35.24237292
ROWAN,147.33032974,-35.20566248
LOWER PAPPINBARRA,152.58923134,-31.41703406
LONG FLAT,152.48972006,-31.43883097
MAISON DIEU,151.09026026,-32.53778466
COOLRINGDON,148.9780122,-36.25920497
MILLINGANDI,149.85688771,-36.88699363
SCOTLAND ISLAND,151.29121262,-33.63990589
BYABARRA,152.54793012,-31.5293994
HORSESHOE BEND,151.56851317,-32.73528418
ALSTONVILLE,153.44948607,-28.84086147
UPPER COPMANHURST,152.74925271,-29.56626182
WORONORA,151.04279676,-34.02430794
ANGOURIE,153.35614854,-29.47300289
TOOTHDALE,149.7534945,-36.78212536
UNGARIE,146.91626445,-33.57333154
BLIGHTY,145.31105352,-35.59935434
MILBRULONG,146.87044081,-35.25208793
ANNANDALE,151.17140108,-33.88072208
YENNORA,150.96823642,-33.86182939
ALLAMBIE HEIGHTS,151.24883903,-33.76957418
HALLORAN,151.43727204,-33.23021549
BIRRONG,151.02076523,-33.89234836
BURNT BRIDGE,152.80312956,-31.10933116
COBBITTY,150.68095009,-33.99111143
CABRAMATTA,150.9332664,-33.89781984
TRANGIE,147.91361909,-32.06032982
BALCOLYN,151.55199284,-33.0957953
YAMBA,153.34062881,-29.43320872
AYLMERTON,150.49839213,-34.42185141
HARTLEY VALE,150.23326675,-33.53311023
LORN,151.57244816,-32.72698477
HORNSBY,151.09590751,-33.69798226
WICKHAM,151.75712092,-32.91951349
PARINGI,142.39042272,-34.29183819
BAGNOO,152.53442739,-31.47104199
LOOMBERAH,151.0188283,-31.28290894
ALBION PARK RAIL,150.79487583,-34.56183156
BROGERS CREEK,150.68975092,-34.70012534
BOMBOWLEE,148.24465651,-35.26236528
ROYAL NATIONAL PARK,151.06911345,-34.11063762
BOMEN,147.43316349,-35.06138251
AVON,150.66857372,-34.42539839
EDMONDSON PARK,150.85720903,-33.96246201
URANQUINTY,147.22014922,-35.20230443
CONJOLA PARK,150.44093773,-35.2640491
PRAIRIEWOOD,150.90519088,-33.86324543
PIPECLAY,152.55812714,-31.43904167
TUPPAL,145.30739585,-35.68221719
MONAK,142.290686,-34.2978282
LOFTUS,151.04494039,-34.04582828
CHATSWOOD WEST,151.16053117,-33.7955824
BERRY MOUNTAIN,150.64959984,-34.76567879
STANBRIDGE,146.26601632,-34.50579732
WARRIEWOOD,151.29558634,-33.68883951
MIDDLETON GRANGE,150.84276448,-33.91463846
CANLEY VALE,150.94769144,-33.88628562
HINCHINBROOK,150.86346007,-33.91817649
ERSKINEVILLE,151.18572651,-33.90256362
MINNAMURRA,150.85080079,-34.62304017
WALANG,149.76891148,-33.45398463
BRUNSWICK HEADS,153.54366713,-28.55585472
BARMEDMAN,147.42093834,-34.10803719
GIRRAL,147.14582203,-33.66478294
PLUMPTON,150.837052,-33.75189633
CAMBRIDGE PARK,150.72672865,-33.74968707
CLEMTON PARK,151.10391871,-33.92605198
PORT HACKING,151.12529066,-34.06933992
BROOKONG,146.58486579,-35.30232929
FIVE DOCK,151.1289485,-33.86736825
MILLER,150.87849371,-33.9212648
GLENTHORNE,152.4785687,-31.92784163
MATCHAM,151.42692151,-33.40672667
MUMMEL,149.5663474,-34.66298819
MERIMBULA,149.89804197,-36.89269688
BELBORA,152.16918951,-31.98412426
BLACKBUTT,150.84009626,-34.57107998
CARDIFF SOUTH,151.66365172,-32.95461404
ORANGE,149.07236304,-33.25298702
MULLA CREEK,151.17780997,-31.14321088
UPPER KANGAROO VALLEY,150.62319003,-34.64800558
CAERLEON,149.55014456,-32.57792107
CANOBOLAS,149.00408267,-33.35529709
ELSMORE,151.29442821,-29.82606557
BELFIELD,151.08590335,-33.90451607
LANSDOWNE FOREST,152.57594115,-31.74716319
GOODWOOD ISLAND,153.30779076,-29.3807676
BUCKRA BENDINNI,152.68955801,-30.64625029
MONTECOLLUM,153.46192878,-28.59159663
ILARWILL,153.17547824,-29.48422183
BRUNDEE,150.65760219,-34.89228916
PALMERS ISLAND,153.29434864,-29.42258136
BLUE MOUNTAINS NATIONAL PARK,150.35350248,-33.90859442
HAYWARDS BAY,150.79412087,-34.54456453
HARTLEY,150.16376859,-33.54071862
GYMEA,151.08565852,-34.03442414
CLOTHIERS CREEK,153.49632264,-28.33172516
ASHFIELD,151.12617753,-33.88871498
UPPER KANGAROO RIVER,150.59312711,-34.69316001
DALWOOD,153.41260955,-28.89416933
WAKEFIELD,151.55667727,-32.96885073
ELLAND,152.89727965,-29.77420641
FAIRFIELD HEIGHTS,150.94022056,-33.86665621
CHELTENHAM,151.07841892,-33.75710801
RANDWICK,151.24106562,-33.91542427
BENNETTS GREEN,151.69820309,-32.99959508
MEBBIN,153.16241377,-28.44988031
YARRABIN,149.28911513,-32.62764137
BARNSLEY,151.58539863,-32.92813296
ARABLE,148.98212702,-36.38236477
FISHERMANS REACH,152.99843161,-30.8687994
BEAUMONT HILLS,150.94024651,-33.6977586
BADGERYS CREEK,150.74521568,-33.8820035
BARRINGELLA,150.46262603,-34.91173331
DOWNSIDE,147.3517623,-34.98762065
UPPER DUROBY,153.43541504,-28.25150833
BOAT HARBOUR,153.36763901,-28.77855148
WALLARAH,151.46057762,-33.22506414
KINGSGROVE,151.09931305,-33.93933588
UPPER TOOLOOM,152.37321483,-28.56240876
HORSLEY,150.77327241,-34.48999736
WOODLANDS,150.18393825,-35.80016583
KIRRIBILLI,151.21592191,-33.84770374
LILYFIELD,151.16117169,-33.87107724
BACK CREEK,152.05316487,-31.96167384
MORNING BAY,151.28241562,-33.62485456
BACK CREEK,153.17017101,-28.4093306
CARINGBAH,151.12684649,-34.03506032
MEERSCHAUM VALE,153.41379451,-28.92648633
GOWANG,149.07430979,-31.42597643
WERRI BEACH,150.83423405,-34.73333058
GLENMORE PARK,150.68001103,-33.7915911
KENSINGTON,151.2206375,-33.91335534
SALAMANDER BAY,152.09001537,-32.7330342
LIMPINWOOD,153.19738123,-28.3001549
MIDDLE ARM,149.73336844,-34.59759543
HOLBROOK,147.31363972,-35.69696905
VINEYARD,150.84469403,-33.64847163
EPPING,151.07628856,-33.77281342
WARRAL,150.85801383,-31.15767673
THIRROUL,150.91351248,-34.31441333
BROUGHTON,150.72676616,-34.75701485
GREEN FOREST,153.3624289,-28.97011553
THE PONDS,150.90550327,-33.70544797
ASHBY,153.18377164,-29.44213421
THORNTON,151.63681647,-32.78225118
BURRINGBAR,153.46312074,-28.4210702
LIMEBURNERS CREEK,152.89298649,-31.33259961
TELEGRAPH POINT,152.78371517,-31.32899893
COLO,149.26533752,-33.77856504
DUNBIBLE,153.39162499,-28.37781568
BATEAU BAY,151.47215544,-33.3861547
KATOOMBA,150.30020654,-33.70612263
DUNEDOO,149.38278516,-32.01982677
SEAFORTH,151.24189797,-33.79203469
LUDDENHAM,150.71008851,-33.86326765
COMMISSIONERS CREEK,153.33211624,-28.49881762
HARRIS PARK,151.01118758,-33.82253736
BOGGABILLA,150.18519638,-28.7045076
TOWNSEND,153.22069212,-29.46622369
WARREGAH ISLAND,153.22619384,-29.38548299
JERRARA,150.81729691,-34.67757055
LAGGAN,149.56284428,-34.34917165
MELONBA,150.79854509,-33.69344326
BALMAIN,151.1798746,-33.85817941
ERUDGERE,149.49979715,-32.57360638
MAIANBAR,151.12895241,-34.07807031
SWEETMANS CREEK,151.1829865,-32.88892442
YENABILLI,151.08522251,-34.10162049
WILPINJONG,149.8778798,-32.3268499
CRESCENT HEAD,152.92490553,-31.2148017
FOXGROUND,150.76106999,-34.71324614
WENTWORTH POINT,151.07717308,-33.82763289
MAYFIELD,150.66848812,-34.91989344
COMBERTON,150.6485065,-34.96838909
WOODBINE,150.82062868,-34.04699027
WORONORA HEIGHTS,151.02698369,-34.03449253
ROUS,153.40672903,-28.86359891
WARDROP VALLEY,153.454557,-28.36624044
MURULLA,150.86884487,-31.8361817
CHERRY TREE HILL,151.00757449,-29.56115328
THE ENTRANCE,151.49576294,-33.34503208
BOWRAVILLE,152.8641166,-30.63356691
CARRATHOOL,145.41908086,-34.42960456
HASTINGS POINT,153.57213951,-28.36270662
GUNNEDAH,150.20865352,-30.99583619
DENHAM COURT,150.83267288,-33.98141409
MANAR,149.67827689,-35.26975086
COOYAL,149.77430083,-32.4441883
GLENELLEN,146.9037371,-35.88466295
TARANA,149.88447293,-33.54807671
PADSTOW,151.03224922,-33.95066864
ESSINGTON,149.71389839,-33.74059858
QUANDA,148.74036262,-31.10235981
FORTIS CREEK,152.87303702,-29.47410343
BLACK HOLLOW,148.86615543,-31.1089405
WYOMING,151.3635216,-33.40465653
MACDONALDS CREEK,150.44250886,-31.8068135
KINCUMBER,151.39933146,-33.47260732
MOUNT TENANDRA,148.76499097,-31.20028331
PALM GROVE,151.30370105,-33.31837669
CATTLE CREEK,150.2660754,-31.77013443
KULWIN,144.9149744,-32.33150927
REEFTON,147.39568917,-34.22816221
PEATS RIDGE,151.2315017,-33.34452477
BOGAN,147.49144776,-32.02591623
MULLENGUDGERY,147.48027475,-31.71170743
LANSDOWNE,150.97539011,-33.89612774
REEDY CREEK,151.33539235,-32.46564864
GLEN OAK,151.70805509,-32.60566329
DEEPWATER,151.93350736,-29.43776683
BUNGAWALBIN,153.20138963,-29.11230857
TELOPEA,151.04040855,-33.79371245
WOODSTOCK,148.87758431,-33.769323
BEECROFT,151.0612737,-33.75306305
WALDEGRAVE,149.04826266,-33.43794565
MENAH,149.54449283,-32.53419992
POSSUM CREEK,153.49360107,-28.67125288
NADGEE,149.86009829,-37.36614395
GOONELLABAH,153.33124881,-28.82173669
WHITE ROCK,149.61729168,-33.46530212
BYWONG,149.32851931,-35.17116133
UPPER MAIN ARM,153.39451272,-28.4907946
WOODFORD,150.4784845,-33.73604524
KEMPS CREEK,150.78736267,-33.86592441
BROMBIN,152.63286666,-31.45708351
CASUARINA,153.57093337,-28.30085841
FERNBANK CREEK,152.84227139,-31.42096606
ARGENTON,151.63068693,-32.93521839
OBERNE CREEK,147.84941202,-35.43505974
BRADFIELD,150.7340462,-33.91637275
WARKWORTH,151.02025079,-32.55863334
WAY WAY,152.93976501,-30.7806273
TAMWORTH,150.93203931,-31.09273535
TOORANIE,143.66029238,-35.01949484
GRETA,151.38667825,-32.68899661
WINDEYER,149.57146229,-32.79976508
DRIPSTONE,149.02184914,-32.63880308
WORLDS END,149.38017285,-32.66721868
WILTON,150.68562135,-34.26596143
GUNDY,150.9836501,-31.99620871
OAK FLATS,150.82192288,-34.56233136
ASHBY HEIGHTS,153.17464543,-29.39581781
WILLOW VALE,150.79201081,-34.73978126
EUSTON,142.87920061,-34.35407003
TERRAGON,153.28988774,-28.43925351
HILLVUE,150.91202735,-31.12922261
CORNWALLIS,150.80032128,-33.5865552
WOOLGOOLGA,153.16344255,-30.0996169
BLUE NOBBY,150.6141971,-29.06197835
YARRA,149.60342493,-34.8137484
HYDES CREEK,152.92513999,-30.41729226
DAPTO,150.79408601,-34.50538183
ADAMSTOWN,151.72531179,-32.93827538
COBBADAH,150.56886616,-30.20493606
WILLI WILLI,152.38881636,-30.96636394
KOORAWATHA,148.58225901,-34.02122175
WOODLAWN,153.31819131,-28.76724799
NEWCASTLE WEST,151.76076461,-32.92826591
GROSE VALE,150.6561842,-33.58537712
LANSDOWNE,152.51474103,-31.76133941
AUDLEY,151.06011918,-34.06204039
GULF CREEK,150.73648742,-30.17645471
CUMBO,149.88827404,-32.4008506
CARDIFF,151.65837442,-32.94166907
BURRUMBUTTOCK,146.79470812,-35.83007875
GRANVILLE,151.00882249,-33.83510794
TOTTENHAM,147.24747197,-32.26849914
MARDI,151.40132579,-33.29361651
LAVERSTOCK,148.87482352,-34.65096214
LAKELANDS,151.6497311,-32.96184161
SEGENHOE,150.92564875,-32.07219944
HILLSBOROUGH,151.67410569,-32.96168882
WAVERLEY,151.25577011,-33.90131672
ST PETERS,151.17617721,-33.91579424
UPPER WILSONS CREEK,153.38259472,-28.52377843
BLACKMANS FLAT,150.06493851,-33.33798282
CLOVELLY,151.26310292,-33.911805
SOUTH GRANVILLE,151.01068318,-33.85779344
LITTLE HARTLEY,150.18723828,-33.58974873
MARRICKVILLE,151.15546451,-33.91114736
BERRY PARK,151.65761208,-32.74370106
BYANGUM,153.36167288,-28.35835988
BROUGHTON VALE,150.70884524,-34.73785969
FREEMANS REACH,150.79933897,-33.5625313
MOUNT HUNTER,150.61203845,-34.09920998
WARRAWONG,150.88253377,-34.48676087
CRYSTAL CREEK,153.31478981,-28.31613396
MACMASTERS BEACH,151.41179869,-33.49507415
BARRAGANYATTI,152.92538311,-30.87626857
YARRAHAPINNI,152.94862764,-30.82099318
UPPER HORSESHOE CREEK,153.10799949,-28.49803842
TRENAYR,152.9581605,-29.61499898
WANGANUI,153.38156773,-28.56652462
JAMES CREEK,153.24172831,-29.45381491
SINGLETON,151.17882114,-32.56946143
TICHBORNE,148.0730733,-33.23123248
AGNES BANKS,150.70272454,-33.62307889
CAREY BAY,151.60570978,-33.02661521
MACLEAN,153.21475051,-29.4485915
BARRENGARRY,150.52999304,-34.68853984
NORTH MANLY,151.2725529,-33.77433412
GOOLMANGAR,153.24842218,-28.72660237
BRIGHTON-LE-SANDS,151.15348881,-33.95846281
MOSMAN,151.2445521,-33.82898433
RIVERTREE,152.26595346,-28.65721191
PEAK HILL,148.0501951,-32.71162805
LONG PLAIN,151.23586128,-29.76531488
NEWBRIDGE,149.37419235,-33.580879
SAFETY BEACH,153.19417212,-30.09295082
KOONORIGAN,153.22696098,-28.69696145
BRODIES PLAINS,151.19921359,-29.80982518
MORPETH,151.63116069,-32.72980366
BOOROWA,148.7349643,-34.39569724
YALLAROI,150.51991178,-29.1185262
MORUNDAH,146.22741411,-35.00840126
CHINNOCK,149.93292526,-36.69793273
ROCKDALE,151.14065939,-33.95321294
SUMMER HILL,151.5005769,-32.47853113
BRAEMAR,150.48217995,-34.42886711
MONKERAI,151.85319146,-32.24983839
MOORILDA,149.32659051,-33.62739781
LINDENDALE,153.37481502,-28.82839654
BLANDFORD,150.89786389,-31.75407847
MAROM CREEK,153.36344864,-28.91705387
THORNLEIGH,151.08201354,-33.72369728
RYDAL,150.04590492,-33.52372243
LOWER BORO,149.78622176,-35.13886538
TRALEE,149.16242941,-35.42668696
WONBOYN,149.93365669,-37.25241949
WINDERMERE,151.45485499,-32.67672298
GRASMERE,150.67059656,-34.0577841
MUNGINDI,149.08241563,-29.01929278
ENGADINE,151.01366119,-34.05526581
TERARA,150.62940964,-34.86829068
URLIUP,153.40497911,-28.25782824
MEREWETHER HEIGHTS,151.73275895,-32.94687004
APSLEY,148.95854725,-32.61327107
TALLAWONG,150.8895425,-33.6912853
DUNDEE,151.90884285,-29.5764703
THIRLMERE,150.55364855,-34.20522123
MERRYLANDS,150.98669021,-33.83600924
BRANDY HILL,151.69253045,-32.691131
BUKKULLA,151.11230002,-29.51252697
PILLAR VALLEY,153.16201986,-29.70155755
TUCABIA,153.12940097,-29.65491135
CROWTHER,148.55698775,-34.11868157
WONGARBON,148.80482338,-32.29815888
DINOGA,150.57988936,-30.0267952
PINKETT,151.96181673,-29.89214
WARATAH,151.72389509,-32.90491576
WALBUNDRIE,146.70338974,-35.65251846
PRESTONS,150.87209308,-33.94171845
GLENCOE,151.71389248,-29.92867037
NEUREA,148.92685765,-32.68472652
KLORI,150.75563467,-30.8161619
MILLERS FOREST,151.70142717,-32.76209923
BEXLEY,151.12023681,-33.95333151
BOX HILL,150.89721886,-33.65311157
BONSHAW,151.22371257,-29.05082981
BOURNDA,149.88315801,-36.814403
LONGREACH,150.52805222,-34.87070205
ELERMORE VALE,151.66005568,-32.91721128
MOUNT BURRELL,153.19409496,-28.50048308
CARROLL,150.46123549,-31.0125474
ELLERSLIE,142.02801526,-33.82417728
GILMORE,148.18134578,-35.40745256
JAMBEROO,150.76435796,-34.6558821
REDHEAD,151.7108742,-33.00884078
RENWICK,150.47356642,-34.4499058
SYDENHAM,151.16801602,-33.91673765
LOCHINVAR,151.45216884,-32.7119122
NEW LAMBTON HEIGHTS,151.68920443,-32.92682509
WIDGELLI,146.15184108,-34.35788603
AUSTINMER,150.92925905,-34.30174234
MURRAMI,146.26111715,-34.40707562
SUTHERLAND,151.05675295,-34.03129133
KIRRAWEE,151.07331212,-34.03298436
MASSIF RIDGE,150.528337,-33.85272507
NORTH ROTHBURY,151.34889527,-32.69091439
FIGTREE,150.84875272,-34.43077195
PARRAMATTA,151.00688376,-33.81395187
FRAZERS CREEK,152.61658661,-31.39934255
COBBORA,149.23686215,-32.07260909
LEWINSBROOK,151.59910986,-32.43673065
MINTO HEIGHTS,150.87377476,-34.03510811
NORTH STAR,150.41738445,-28.94194431
MCKEES HILL,153.1934064,-28.87682651
NASHDALE,149.0074733,-33.3030949
ELLERSLIE,147.90894597,-35.30886691
NORTHANGERA,149.91172593,-35.46916263
BRAIDWOOD,149.80286366,-35.43481457
KYALITE,143.52410606,-34.89303987
STROUD,151.99788614,-32.35725716
SALLYS FLAT,149.56995543,-33.02843221
KILLARA,151.1570525,-33.76799347
BARKERS VALE,153.11919007,-28.5331701
EXETER,150.29300829,-34.6179151
MORTONS CREEK,152.67086419,-31.39073323
MARAYLYA,150.92024943,-33.59086589
CANYONLEIGH,150.13987888,-34.5050545
CLYBUCCA,152.94442208,-30.93651149
LAUGHTONDALE,151.03000209,-33.43848037
SANDY HOLLOW,150.56660692,-32.34328001
BELLEVUE HILL,151.25562795,-33.88083822
BELGRAVIA,149.02454458,-33.11359365
WYONG,151.43233543,-33.27640247
MELVILLE,151.51988501,-32.67705729
NORTH NOWRA,150.57450452,-34.85801811
COOLAMON,147.1926247,-34.81500959
BUNDEMAR,148.14865005,-31.78689129
LYNDHURST,148.99240832,-33.68512269
FURRACABAD,151.65005137,-29.81553598
WIMBLEDON,149.43508538,-33.53917018
GREEN HILLS,151.786925,-30.26723388
ROUSE HILL,150.91101141,-33.6773574
KINGSDALE,149.687072,-34.66963179
UTUNGUN,152.8280091,-30.74443979
BURROWAY,148.32620929,-32.05867225
CLEVELAND,150.77064363,-34.50301202
GLENIFFER,152.88601904,-30.3802581
PUMPENBIL,153.14936677,-28.37801134
TALARM,152.8433342,-30.70220545
GERRINGONG,150.82499165,-34.73912645
ROUS MILL,153.38221319,-28.87996661
CRABBES CREEK,153.48404004,-28.46162981
SMITHS CREEK,153.37797848,-28.42770508
GOULBURN,149.7277502,-34.74790552
RESERVE CREEK,153.49183191,-28.35207727
NEWTOWN,151.17935322,-33.89858726
POKOLBIN,151.28020182,-32.76485295
BANGALOW,153.52179485,-28.6835794
CROYDON,151.11548535,-33.88043275
SOLDIERS POINT,152.06619044,-32.70818076
MOOBALL,153.49710136,-28.43568238
INGAR,150.44584394,-33.82078993
TALLAWANG,149.44235024,-32.2291795
SYLVANIA,151.10183481,-34.01215365
BERESFIELD,151.64073375,-32.80354701
PORT STEPHENS,152.05769647,-32.70131439
SKENNARS HEAD,153.5894745,-28.83290505
WOODSTOCK,151.34950111,-29.73576573
INGEBIRAH,148.52770015,-36.63381434
MOUNT ARTHUR,148.90001324,-32.55139024
GOONUMBLA,148.06018739,-32.93742757
FENNELL BAY,151.59660343,-32.98402055
TATHRA,149.96722315,-36.73963852
WETHERILL PARK,150.89923668,-33.84269732
BUNDURE,145.89396332,-35.14232584
BALFOURS PEAK,150.78375778,-29.46366787
COMERONG ISLAND,150.73644244,-34.88545226
GARLAND,149.03802306,-33.75720023
HEATHERBRAE,151.73677997,-32.78877309
ADAMSTOWN HEIGHTS,151.71034354,-32.94902698
PEAKHURST,151.05566842,-33.96143263
ROOKHURST,151.86893372,-31.88959192
BANGALEE,150.5515997,-34.84428805
CUDMIRRAH,150.55619619,-35.19908689
LAKEMBA,151.07639984,-33.91897906
KENTUCKY,151.37623985,-30.75058309
BIDWILL,150.82219414,-33.73011193
KOTARA SOUTH,151.69028412,-32.9512124
EVELEIGH,151.19247275,-33.89549005
STANBOROUGH,151.06851119,-29.98692558
TORRYBURN,151.58073862,-32.47304468
GREENGROVE,151.1574485,-33.37874811
DAVIDSON,151.19102182,-33.73954013
MANDEMAR,150.29905454,-34.43640661
TUCKOMBIL,153.46750274,-28.8138167
JINCUMBILLY,149.22888966,-36.70684374
BLACKETT,150.81541981,-33.73826178
WARRAH,150.67154819,-31.6696197
BARIGAN,149.98111779,-32.51869001
MINGOOLA,151.54731803,-29.00349812
MILLBANK,152.60694595,-30.79138471
MALABUGILMAH,152.62811365,-29.17926685
MARULAN,149.99958517,-34.72949979
RHINE FALLS,148.89810793,-36.17546465
PLEASURE POINT,150.98423499,-33.9699698
BERYL,149.44993853,-32.31684772
BATHURST,149.57751156,-33.41926809
COOLGARDIE,153.46224411,-28.91591667
WAGSTAFFE,151.34102497,-33.52205529
LONG POINT,150.89747157,-34.01115281
YARRATT FOREST,152.43425165,-31.7786091
SAWTELL,153.09530851,-30.36863671
MILSONS POINT,151.21134843,-33.84708725
ST JOHNS PARK,150.90177562,-33.88291525
TILBUSTER,151.69941088,-30.41699109
MOUNT LEWIS,151.04949712,-33.91557992
KAPOOKA,147.28344579,-35.15717154
DIGNAMS CREEK,149.97144377,-36.31919346
ROSEMEATH,149.26542742,-36.96788801
CRESTWOOD,149.21753679,-35.34844165
HAMPDEN HALL,152.86042707,-31.07067172
EDDERTON,150.83639278,-32.35906026
GALA VALE,145.75019817,-34.96918373
WOY WOY BAY,151.29908076,-33.47188827
BIG SPRINGS,147.42000075,-35.34630023
PULLABOOKA,147.78026531,-33.75155816
BURRAWANG,150.51065644,-34.5798665
BARDIA,150.8618799,-33.97722143
JONES BRIDGE,148.25503215,-35.37512028
REDBOURNBERRY,151.19234562,-32.56426706
MAYS HILL,150.98930057,-33.82061852
CAMP CREEK,150.91321692,-28.79358938
ROSSGOLE,150.73114977,-32.14633415
LARBERT,149.7689636,-35.32180234
TUNGLEBUNG,152.67974859,-28.81957339
QUIERA,150.19544886,-34.93242527
MUNYABLA,146.9140035,-35.45786495
SHARPS CREEK,148.03901387,-35.39288233
CROWTHER ISLAND,152.92046857,-29.62594841
TURVEY PARK,147.36192721,-35.12725196
SINGLETON HEIGHTS,151.16180532,-32.54023312
CARTWRIGHTS HILL,147.39219634,-35.07495907
DARLINGTON,151.1609394,-32.55897456
HARDEN,148.37685119,-34.53825461
HOLTS FLAT,149.27114823,-36.61282869
PATCHS BEACH,153.50988498,-28.94767363
AUSTRAL EDEN,152.9196332,-31.02557064
PINE RIDGE,150.39900907,-31.52518587
SAWPIT CREEK,152.8141761,-28.37221917
KINGS LANGLEY,150.93544587,-33.74971407
MULGRAVE,150.82979583,-33.62709324
CALLIOPE,153.07775814,-29.61769738
CONEAC,151.81590598,-31.85533928
CARRAMAR,150.96336475,-33.88433554
HURLSTONE PARK,151.12894172,-33.91016028
WILLOUGHBY EAST,151.20629439,-33.79907884
CUNJURONG POINT,150.50646551,-35.26335028
CALAMIA,153.11824298,-29.83636337
LAPSTONE,150.6356789,-33.77418166
CABBAGE TREE ISLAND,152.59016277,-31.9459088
KINGSVALE,148.32980173,-34.44913633
BRAEFIELD,150.70143594,-31.57360453
CAMBOON,149.95589235,-32.70299851
EAST RYDE,151.13633501,-33.81059489
CORALVILLE,152.69648175,-31.79001418
CAMDEN SOUTH,150.70038493,-34.08408058
COONEYS CREEK,148.28831399,-34.7398943
GIRARDS HILL,153.27869204,-28.81773406
WAITUI,152.54282058,-31.68463901
HENLEY,151.1367967,-33.84209514
DRY CREEK,150.8173998,-31.89141267
ALLEENA,147.13348373,-34.09398285
ROUND MOUNTAIN,153.54339668,-28.35637639
BUCKENDERRA,148.71983925,-36.16170963
KILLAWARRA,152.29243161,-31.89501571
FARNHAM,149.11606169,-32.84557353
GLADSTONE,152.96103688,-31.01667937
OSBORNE,146.73394155,-35.35605809
VALE OF CLWYDD,150.1817753,-33.48666481
PATERSON,151.60407019,-32.59067717
DEAUVILLE,152.79070071,-31.67028071
TANGLEWOOD,153.53492308,-28.3363566
GUNDAGAI,148.10369317,-35.04281396
TAHLEE,151.99875924,-32.66000981
TATTON,147.35877185,-35.15971241
KOOBA,146.10258801,-34.42543778
CURRA CREEK,148.83926805,-32.67319829
WATTAMONDARA,148.59223372,-33.94177939
MERUNGLE HILL,146.46522715,-34.61490972
KANDOS,149.9706906,-32.86023072
QUEANBEYAN WEST,149.20703939,-35.35809368
KYARRAN,152.97488176,-29.59005098
FAILFORD,152.44169053,-32.09066193
SAUMAREZ PONDS,151.55676876,-30.50023578
TONGARRA,150.69452914,-34.58243747
BICKLEY VALE,150.66092647,-34.07849344
RHODES,151.08771711,-33.82922329
GARTHOWEN,150.90242295,-30.86739726
EAST KILLARA,151.18146069,-33.75535103
ABERDARE,151.38171867,-32.84104521
PARADISE,151.47070141,-29.8894444
THE ROCKS,151.20815657,-33.85945004
TARRAGANDA,149.86939841,-36.67227933
MOGENDOURA,150.03260151,-35.85867344
BROKEN HILL,141.55287018,-32.32108713
VALERY,152.96244585,-30.39632043
MUNGO,143.09715594,-33.76000269
WALLARINGA,151.67097374,-32.45448698
BROUGHAMS GATE,141.25064516,-30.88720348
GOONOO FOREST,148.88264154,-32.01620654
CAMBERWELL,151.08571955,-32.49003851
MENAI,151.0036876,-34.00691014
NARELLAN,150.7321752,-34.04274962
JAMISONTOWN,150.67659863,-33.76787437
ALLAWAH,151.1143197,-33.97265714
CARROWBROOK,151.2947138,-32.29423123
CREMORNE POINT,151.22807962,-33.84150022
CLEARFIELD,152.91389506,-29.15322214
SCOTTS CREEK,150.9584789,-31.71345587
PAN BAN,143.20741631,-33.05615233
MONGOGARIE,152.89823835,-28.95136854
STANHOPE,151.40953589,-32.58197769
MOGO CREEK,151.06931063,-33.14499515
THE BASIN,151.2738066,-30.18699211
ULMARRA,153.05342614,-29.64381815
KURRAJONG HEIGHTS,150.61714644,-33.51730719
ADELONG,148.0697653,-35.30663224
YARARA,147.64888579,-35.72013062
COREE,145.49772463,-35.31273041
BISHOPS BRIDGE,151.47028119,-32.74709911
ROOKWOOD,151.05576331,-33.87427509
DARBALARA,148.23763517,-35.05997248
TUMUT,148.23251057,-35.3207373
FISHERMANS PARADISE,150.44500479,-35.23036112
LILLI PILLI,151.11417355,-34.06898957
COURAGAGO,148.4926261,-35.10643108
COTTONVALE,151.97195581,-28.52425994
KILLCARE HEIGHTS,151.37485058,-33.5227093
BOREE,148.8446771,-33.2517545
MOWBRAY PARK,150.55019489,-34.1548028
TURRAWAN,149.88731916,-30.45446947
BOOLCARROLL,149.43180003,-30.04774376
VALLA,152.9537179,-30.58080848
MAIRJIMMY,145.74546224,-35.48197078
PETERSHAM,151.15503753,-33.8945396
URANGELINE EAST,146.68842001,-35.49479044
UPPER COLO,150.70328405,-33.4135552
DARLOW,147.96589962,-35.34308916
SOUTH BALLINA,153.56824579,-28.88518451
CURLEW WATERS,146.43377682,-33.26186908
BELMORE,151.0894808,-33.91911505
CORINELLA,147.53077794,-33.52266637
SUN VALLEY,150.59685424,-33.7079758
MINCHINBURY,150.82991096,-33.7876166
MOUNT DRUITT,150.81581324,-33.76845261
RYHOPE,151.52823683,-32.99020729
TIMBARRA,152.23029113,-29.05654621
MARSHALL MOUNT,150.73092382,-34.54261507
WESTDALE,147.88370888,-35.56984128
OLD BAR,152.56322063,-31.96149315
HASSANS WALLS,150.15396766,-33.50766615
PARKLEA,150.91638196,-33.72509728
UPPER MANGROVE,151.12121907,-33.29095075
MCKELLARS PARK,150.15302252,-33.47037865
WELLS CROSSING,153.02903446,-29.89707961
BOBS CREEK,152.75410556,-31.59171816
DIRTY CREEK,153.14359227,-29.98903756
OAKEY PARK,150.18299473,-33.46430099
MEBUL,149.35789288,-32.33519599
SAN ISIDORE,147.28947592,-35.12474789
MOUNT RIVERS,151.47275742,-32.3657749
YARRAS,152.35479124,-31.42978976
LAKE HIAWATHA,153.2604921,-29.80257334
ANGLERS REACH,148.67484599,-36.01117438
NEW VALLEY,151.33244869,-30.05577115
OLD GUILDFORD,150.98395227,-33.86423852
DUNOLLY,151.16957706,-32.55470755
KENEBRI,148.96072271,-30.72259721
LONG BEACH,150.22588454,-35.6929185
BROWNSVILLE,150.81133142,-34.48282069
ROSELANDS,151.07545493,-33.93352865
BOONA MOUNT,147.25964821,-32.61702004
MINJARY,148.14102041,-35.21811206
MUTAWINTJI,142.38632163,-31.12212253
DYRRING,151.2358273,-32.4969
LLANGOTHLIN,151.68603045,-30.10306726
HOMEBUSH WEST,151.06787103,-33.86239635
BEWONG,150.53348017,-35.0789357
LOWESDALE,146.33686315,-35.84296802
CURRAWEELA,149.78746959,-34.24295157
TALLIMBA,146.87601911,-34.04437655
DUNGEREE,149.85614606,-32.76620644
APPLETREE FLAT,150.85379831,-32.51308097
WARRAGAI CREEK,152.9737373,-29.56296975
RANGARI,150.41623901,-30.67447235
PINE CAMP,141.22337763,-33.67045292
FOWLERS GAP,141.67877038,-31.36420228
KEINBAH,151.40801525,-32.75463147
KINDERVALE,149.55589102,-35.64431009
GUTHEGA,148.38844611,-36.3722091
PERISHER VALLEY,148.38430145,-36.41131764
BOOLIJAH,150.32897331,-35.05750111
WEETALIBA,149.57896513,-31.64346396
ORANGE GROVE,150.41333633,-30.93661922
WINEGROVE,152.68715371,-29.54802095
WARRELL CREEK,152.90432286,-30.77574222
OXLEY VALE,150.88475356,-31.05178516
BECTRIC,147.27100032,-34.50345415
HOWICK,150.93329623,-32.43216125
GREAT MACKEREL BEACH,151.29879904,-33.59158211
KANAHOOKA,150.81829289,-34.49331912
BOW BOWING,150.84039258,-34.01650965
SANDY GULLY,148.03656191,-35.29438532
EAGLETON,151.77609854,-32.69427706
GUNNING GAP,147.75093208,-33.23824408
CONNELLS POINT,151.09371673,-33.98774655
KINGSLAND,151.46779084,-29.70220659
MIAMLEY,146.92804195,-32.40052296
CROKI,152.59309433,-31.87374811
CROYDON PARK,151.10289448,-33.89724408
EAST HILLS,150.9883006,-33.96089908
MOUNT AUSTIN,147.35564389,-35.13684442
LIONSVILLE,152.50233861,-29.18192367
AUBURN VALE,151.04019451,-29.83485296
BACKMEDE,153.0257985,-28.75708431
NORTHWOOD,151.17835838,-33.82828713
BILLIMARI,148.61810013,-33.67279652
BIG JACKS CREEK,150.60900929,-31.76498265
PALMERS OAKY,149.86228783,-33.19509967
OAKWOOD,151.06004755,-29.64128386
NEW BERRIMA,150.33407335,-34.50843059
NABIAC,152.39562171,-32.11983236
QUORROBOLONG,151.38182943,-32.93517086
KURMOND,150.70091434,-33.55029574
FULLERTON COVE,151.82104731,-32.83900225
MULBRING,151.47820947,-32.89638088
GLENROY,146.89941317,-36.0515253
CRINGILA,150.86751849,-34.4707307
WARREN,147.85472788,-31.72946971
NULLICA,149.77037247,-37.06698092
PAYTENS BRIDGE,148.30596731,-33.56212899
NETHERCOTE,149.80110149,-37.0250768
JERRAWA,149.07590427,-34.78056102
TERRIGAL,151.42614514,-33.44348922
ALISON,151.77252573,-32.42854202
NORTH BOURKE,146.07550734,-29.74532589
BUMBALDRY,148.41415101,-33.87836099
GREENETHORPE,148.38876954,-34.02927576
TOOGONG,148.65062091,-33.35172517
WARUMBUL,151.08445873,-34.08593383
CARINGBAH SOUTH,151.11967561,-34.05504991
JINDERA,146.87773986,-35.95409289
ILLAROO,150.47028471,-34.85900916
MARLEY,151.11769665,-34.11162311
LAKE MACQUARIE,151.59100548,-33.07648735
MOUNT WILSON,150.38833344,-33.50402292
MUDGEE,149.57333492,-32.61444392
PANANIA,150.99721902,-33.95378524
ROZELLE,151.17333844,-33.86491043
OBERON,149.84954129,-33.69128448
WINGADEE,148.2838974,-30.5219084
IRYMPLE,145.45460401,-32.52227691
NYRANG CREEK,148.53988454,-33.5339676
KARIONG,151.27493657,-33.45343739
COGGAN,150.0881471,-32.37090614
DHURAGOON,144.10792223,-35.20949208
CASINO,153.03081384,-28.84984974
MONIA GAP,145.98912901,-33.60454239
HARRINGTON PARK,150.73492532,-34.02398603
CUMBORAH,147.61426506,-29.64405671
COPMANHURST,152.79746356,-29.57462375
YASS,148.91420883,-34.82563339
NEVERTIRE,147.64315463,-31.86228137
PAMBULA,149.87740612,-36.93047056
EVANS PLAINS,149.48248067,-33.46101314
BOORAL,151.97462869,-32.47222452
ROCK FOREST,149.39145544,-33.35743679
CHATSWOOD,151.18112302,-33.79625028
BAULKHAM HILLS,150.98174029,-33.75651195
NIEMUR,144.30783915,-35.23778564
HAMILTON VALLEY,146.89392371,-36.02738181
MANTON,149.01564339,-34.84967248
MOONEY MOONEY CREEK,151.22140676,-33.46517004
EDENVILLE,152.95358427,-28.69038624
CLEAR CREEK,149.71589609,-33.33003825
SPRING TERRACE,149.09110297,-33.40661064
BIGGA,149.1302597,-34.0628842
NAUGHTONS GAP,153.10072873,-28.80059489
COGRA BAY,151.22653314,-33.52170432
PICKETTS VALLEY,151.40859634,-33.4560585
WOOTTON,152.31720327,-32.30124027
LANE COVE,151.16699961,-33.8175111
MELROSE PARK,151.07336,-33.81410998
WIAGDON,149.67042645,-33.21595793
GUNGALMAN,147.99059064,-30.50716788
NEWNES PLATEAU,150.27245512,-33.32531293
MAULES CREEK,150.22999747,-30.48500223
BOLTON POINT,151.61127006,-32.99682126
KIWARRAK,152.443253,-31.98789945
AUSTRAL,150.80831635,-33.92682237
LANDERVALE,146.70942442,-34.53719544
WENTWORTH FALLS,150.37971804,-33.72166479
NORTH RICHMOND,150.72129522,-33.56779836
MURRAYS RUN,151.16055997,-33.08627879
HURSTVILLE,151.10091789,-33.9617042
KEERA,150.75787496,-30.03882281
ELTHAM,153.41129858,-28.76073136
BUNDARRA,150.99846761,-30.11980142
WHITLOW,150.73549909,-29.89150708
SPRINGDALE HEIGHTS,146.95681818,-36.02545469
ROTO,145.35288632,-32.99180187
BLAKNEY CREEK,149.04391614,-34.64219417
TOWALLUM,152.83177401,-30.08317794
WATAGAN,151.22474126,-33.02339331
CATHERINE FIELD,150.76509074,-33.99154268
SOUTH HURSTVILLE,151.10558014,-33.97754147
WAMBOIN,149.33293008,-35.25079211
RYDE,151.11185435,-33.81055982
ERMINGTON,151.06009883,-33.81125156
RED HILL,147.79436652,-31.73453207
MOLE RIVER,151.70818278,-29.0790747
NARRABRI,149.77093796,-30.21989492
EULAH CREEK,150.02314144,-30.35994936
FAWCETTS PLAIN,153.0121891,-28.56532048
TAREE SOUTH,152.45427012,-31.93641505
KYOGLE,153.01536534,-28.63953785
EMERALD HILL,150.06421497,-30.86672782
GYMEA BAY,151.08735185,-34.0498768
LUCKNOW,149.16440849,-33.35041214
BUFF POINT,151.53477663,-33.22881509
WESTDALE,150.8530383,-31.0910639
FITZGERALDS MOUNT,149.37561262,-33.49304364
TRUNGLEY HALL,147.55699819,-34.26264173
EVANS HEAD,153.42303076,-29.11222347
AVOCA,150.46871431,-34.59601357
MONDROOK,152.40941151,-31.91017293
EUNANOREENYA,147.47015798,-35.08299922
VARROVILLE,150.81121368,-34.00303961
CATHUNDRAL,147.75870376,-31.9609236
MOUNT VINCENT,151.47509917,-32.93005191
NORTH ROCKS,151.01693404,-33.77252809
DUNKELD,149.4796959,-33.40976145
MEADOWBANK,151.08860287,-33.81666613
LENAGHAN,151.63124339,-32.84840112
DOYALSON NORTH,151.54771199,-33.18449937
WARRAZAMBIL CREEK,153.03802037,-28.44536503
KORORA,153.11680836,-30.24954703
BOWNA,147.14882556,-35.97620312
KURRI KURRI,151.4802073,-32.8150437
FOREST HILL,147.46521284,-35.15129913
TEMORA,147.51180079,-34.44753052
OURIMBAH,151.33410443,-33.31304715
MOUNT FROME,149.66413672,-32.62088243
BROOKFIELD,151.75962594,-32.51761436
GIBRALTAR RANGE,152.28897144,-29.54456616
MANNERING PARK,151.53980368,-33.16608167
NIAGARA PARK,151.3514689,-33.37753191
GOSFORD,151.34115038,-33.42409133
GILLIESTON HEIGHTS,151.51814974,-32.76330415
BAAN BAA,149.92906047,-30.57233348
LOCHIEL,149.78172555,-36.94707738
SCOTTS FLAT,151.24560543,-32.60359032
KRAMBACH,152.26368786,-32.03851632
SPRINGFIELD,151.3726429,-33.42808509
CLIFTLEIGH,151.51864271,-32.78763616
GLENQUARRY,150.48384151,-34.5293672
WIDDEN,150.36900567,-32.64137669
CURRANS HILL,150.77458705,-34.04554086
BURREN JUNCTION,148.86601437,-30.05321063
LINDEN,150.50711898,-33.71488007
ROCKLILY RIDGE,150.39254708,-33.66532485
SCHEYVILLE,150.89162289,-33.60086756
GRASSY HEAD,152.9864021,-30.7840183
FAIRY MEADOW,150.8935538,-34.39364727
SOUTHGATE,153.00558355,-29.60258421
LENNOX HEAD,153.58238354,-28.78872358
SYLVANIA WATERS,151.11026242,-34.01779931
TOOLOOM,152.45269146,-28.58773049
YATHELLA,147.42649926,-34.91650044
BADAGARANG,150.57899414,-34.82822946
SOUTH ARM,152.73960671,-30.68870378
CEDAR CREEK,151.17176148,-32.83755788
BATEHAVEN,150.19847243,-35.73735248
LOUTH,144.86568414,-30.5454744
MOGGS SWAMP,152.07991182,-29.92333839
MANILLA,150.73500424,-30.73478088
WATTAMOLLA,151.09532141,-34.13359731
GILGAI,151.12809746,-29.88250188
RIVERWOOD,151.05287864,-33.94665469
BIRMINGHAM GARDENS,151.69012881,-32.89365986
BLACK HILL,151.607695,-32.82107764
BOBS FARM,152.00139951,-32.77778796
BUXTON,150.53353751,-34.25664371
KEMBLA GRANGE,150.79839947,-34.46772247
CLUNES,153.40669078,-28.72659358
TILLIGERRY CREEK,151.99072867,-32.75933608
TARRO,151.67733281,-32.80856321
BEVERLY HILLS,151.08031732,-33.94761157
BRAY PARK,153.37606553,-28.34136286
BROUGHTON VILLAGE,150.75107827,-34.7450313
EUNGELLA,153.30504728,-28.34879312
TOMINGLEY,148.21560595,-32.55333233
HACKS FERRY,152.82443362,-31.33026908
FERNVALE,153.42041985,-28.36581307
SHELLY BEACH,151.48520572,-33.3700329
POMONA,141.88994579,-34.0220733
BELLINGEN,152.88866414,-30.45268934
BELLBIRD HEIGHTS,151.33064977,-32.84784415
BOHENA CREEK,149.63237736,-30.40785585
GOODNIGHT,143.37656969,-34.92168061
TENAMBIT,151.61504671,-32.74250508
PARKESBOURNE,149.54431181,-34.76215836
YELLOW PINCH,149.83539908,-36.85820982
BYRON BAY,153.60197725,-28.64734698
BALMORAL VILLAGE,150.51648852,-34.29944158
LIMESTONE,151.04970967,-29.21327515
WATERFALL,150.99157622,-34.12765597
GROSSES PLAIN,148.46204083,-36.56364272
GREENWELL POINT,150.73037747,-34.91072054
DURAMANA,149.55131736,-33.25451894
MICHELAGO,149.20186922,-35.74263941
LINBURN,149.70083233,-32.42364344
BORAMBOLA,147.686648,-35.15352784
MOOLARBEN,149.77310628,-32.36311086
MOGO,150.10161925,-35.79416015
STRATHFIELD SOUTH,151.0768214,-33.8952697
MOUNT HOREB,148.03739386,-35.21480419
MOUNT WARNING,153.27600311,-28.38973375
RICHMOND LOWLANDS,150.75292518,-33.57902623
KINGS FOREST,153.54901181,-28.29935946
MEDLOW BATH,150.29110671,-33.67777898
BLACKHEATH,150.27857496,-33.63849491
PALMERS CHANNEL,153.27231239,-29.46936196
BANKSTOWN,151.03182908,-33.9204904
DUNGAY,153.35917613,-28.27331034
TOWRADGI,150.90517496,-34.38427947
UKI,153.32823089,-28.4145564
CORAKI,153.27746573,-28.98696167
ABERDEEN,150.89161209,-32.17381086
EWINGSDALE,153.54903083,-28.63432509
BRIDGMAN,151.18561976,-32.46028861
BELMONT,151.67330211,-33.03033815
BOURKE,146.04248882,-30.20754872
VACY,151.56250755,-32.53475075
FERNMOUNT,152.94575864,-30.47637298
NORTH ARM,153.34049255,-28.3296159
ROTHBURY,151.31552708,-32.71166858
CHILLINGHAM,153.28467996,-28.31232864
MULGUTHRIE,147.37225891,-33.17817546
WOODFORD ISLAND,153.13448353,-29.51393821
MIDGINBIL,153.26680688,-28.49947024
BOOROLONG,151.45903595,-30.34424557
WANTAGONG,147.49577452,-35.80050607
LILLI PILLI,150.22187063,-35.7743449
JERRYS PLAINS,150.85213096,-32.468785
YARRAWA,150.57628203,-32.44123198
DARAWANK,152.49619044,-32.10277079
LILLIAN ROCK,153.15881889,-28.53472539
BRINGELLY,150.72425676,-33.94343977
WATTLE GROVE,150.94009386,-33.95316228
WOOLWICH,151.17178199,-33.83985727
BENSVILLE,151.39223473,-33.49811786
BENDOLBA,151.72933212,-32.34996441
MARAYONG,150.89278619,-33.74826502
LIDSDALE,150.11760127,-33.35597002
COOTRALANTRA,148.85610756,-36.28764065
MIDDLINGBANK,148.81212045,-36.21450827
YERRIYONG,150.48087745,-34.98802199
WILLSONS DOWNFALL,152.12569607,-28.71151807
PICTON,150.60317033,-34.1709376
WALLACIA,150.64370771,-33.88398662
CHESTER HILL,150.99959412,-33.87870959
GOCUP,148.18709564,-35.24596221
TYALGUM CREEK,153.16188698,-28.33882254
JELLAT JELLAT,149.88123757,-36.7243502
PIGGABEEN,153.43716761,-28.19816199
STANNIFER,151.24134265,-29.87726785
SOUTH ARM,153.17056991,-29.52062658
QUAMBONE,147.87920077,-30.88749598
FIDDLETOWN,151.08419877,-33.55861361
EURUNDEREE,149.60959773,-32.51710226
LEETS VALE,150.94878668,-33.42580393
MONGARLOWE,149.93327173,-35.41608697
LAKE CARGELLIGO,146.3329018,-33.37422818
TIBBUC,151.9038234,-31.83432225
GRESFORD,151.50037132,-32.41273842
SHORTLAND,151.69182894,-32.87812882
LAFFING WATERS,149.62037055,-33.37078711
JERILDERIE,145.75336649,-35.27684104
MCLEANS RIDGES,153.39369854,-28.79068
LILYVALE,151.0232623,-34.17828358
NARROMINE,148.09642086,-32.30128855
MEREWETHER,151.74341068,-32.9482366
CALOOLA,149.44288012,-33.63982993
CROUDACE BAY,151.6482389,-33.0047882
FREEBURN ISLAND,153.33309361,-29.4027066
NOWRA,150.60572951,-34.88199302
KINGSWOOD,150.9282455,-31.16087821
TREGEAGLE,153.35124686,-28.86037314
BALACLAVA,150.48325417,-34.44020213
BILLINUDGEL,153.51490865,-28.50661071
YALLAH,150.79458278,-34.53243294
LAMBTON,151.70634195,-32.91341665
FAIRFIELD,150.95239936,-33.87125573
COOPERABUNG,152.79804198,-31.27542985
KUNGHUR,153.2347038,-28.46374739
PUDDLEDOCK,151.76094773,-30.38580717
STEAM PLAINS,145.28168926,-34.98314449
KILLARNEY VALE,151.46091437,-33.36781279
AVALON BEACH,151.32726361,-33.62950728
THE POCKET,153.47130703,-28.50604979
BOOLIGAL,144.74469693,-33.71321535
DOLANS BAY,151.12626942,-34.06343031
KANGALOON,150.54138935,-34.54621243
HARGRAVES,149.38953811,-32.81665249
REDBANK,152.73932913,-31.42417676
MOOLLATTOO,150.37843397,-34.78700152
BURRILL LAKE,150.44059242,-35.3916096
EAST TAMWORTH,150.95393375,-31.09670423
LAKE TABOURIE,150.41246482,-35.43081342
WOODBURN,150.39466967,-35.3895206
ANNA BAY,152.0759067,-32.76658959
NELSON BAY,152.13910062,-32.73547335
KILLIMICAT,148.24464806,-35.20629575
WINDOWIE,148.13557039,-35.36996064
YELLOW ROCK RIDGE,150.74310353,-34.60169915
MOPPY,151.61870839,-31.98311707
LISTON,152.1025381,-28.61528932
ROSEBROOK,151.51539831,-32.63733161
GLENRIDDING,151.15947801,-32.58881358
WOLUMLA,149.81350941,-36.8100571
SHANES PARK,150.79237167,-33.71193052
NOOROO,151.88218246,-32.37703784
BERREMANGRA,148.47832459,-34.80196448
GEORGETOWN,151.73135668,-32.90927534
BELLBROOK,152.48463627,-30.75937653
DUM DUM,153.35541473,-28.38740417
MYOCUM,153.50615658,-28.59593932
BUDGEWOI,151.55989843,-33.23817186
PITTWATER,151.28978645,-33.60537032
SOUTH MURWILLUMBAH,153.41660007,-28.33712454
CONDOBOLIN,147.00703257,-32.90195497
OAKVILLE,150.87358187,-33.6227062
JESMOND,151.69301941,-32.90236951
BOGANGAR,153.55983154,-28.33093148
WYRALLAH,153.3140056,-28.88537588
WOOYUNG,153.53858422,-28.45220954
HOBARTVILLE,150.74298338,-33.60433983
MULGOA,150.64300766,-33.8268977
CONDONG,153.44078142,-28.31139409
WOOLOOWARE,151.1405286,-34.04280934
LAKE BATHURST,149.67840681,-35.01819211
NEW LAMBTON,151.70946089,-32.92772946
GLENHAVEN,150.99844323,-33.70206804
ROSE VALLEY,150.80906876,-34.7182167
FOUR CORNERS,145.43631471,-34.81955164
EAST BALLINA,153.58597929,-28.85623761
COOLONGOLOOK,152.32075631,-32.22340141
WILLINA,152.26945085,-32.17841975
HENTY,147.04415762,-35.52952415
STUARTS POINT,152.98458324,-30.82425154
ARGENTS HILL,152.72889393,-30.61058977
EUREKA,153.43758853,-28.69024294
LITTLE BILLABONG,147.5126051,-35.62023772
BRAYS CREEK,153.19682753,-28.4126583
WILDES MEADOW,150.52258112,-34.62667857
LAKE COWAL,147.37533627,-33.65749045
MARRAR,147.34276052,-34.83340968
CASTLECRAG,151.21961828,-33.80058242
RAWDON VALE,151.71710774,-31.99866075
BURCHER,147.23676161,-33.48953124
BIRCHGROVE,151.18248627,-33.85161426
BAKERS CREEK,152.10120056,-31.97286925
BORO,149.69646233,-35.20198616
WUULUMAN,149.07611999,-32.53232102
SPICERS CREEK,149.13691895,-32.39588746
PENRITH,150.693629,-33.74539552
AMOSFIELD,152.05798228,-28.65835161
QUAKERS HILL,150.88979788,-33.72845933
UPPER CRYSTAL CREEK,153.30543783,-28.26988533
ARIAH PARK,147.19712899,-34.31071644
YATTE YATTAH,150.41949974,-35.26685773
LLOYD,147.32407252,-35.14957899
DOLLS POINT,151.14455267,-33.99367421
AMAROO,148.92084824,-33.16431015
NIRIMBA FIELDS,150.87350689,-33.72052397
SANDY CREEK,150.98490383,-31.83075293
CABRAMATTA WEST,150.91352255,-33.89244714
GOOLMA,149.23146015,-32.33318211
HUNTLEYS COVE,151.13761337,-33.83790327
SWANSEA HEADS,151.65903144,-33.09321969
REGENTVILLE,150.66229156,-33.7713852
STEEPLE FLAT,149.36922633,-36.57895694
COLLY BLUE,150.14653998,-31.45393993
KANGAROO POINT,151.09611475,-34.00062857
GANGAT,152.07411592,-32.0189945
BALD BLAIR,151.81733014,-30.18010601
FOSTERS VALLEY,149.54778981,-33.62331993
FERNANCES,151.01116845,-33.19335667
KIRKCONNELL,149.8509088,-33.42239549
GUNNING,149.26567753,-34.78808671
EURIMBLA,148.82756969,-32.83895116
ABERMAIN,151.43721207,-32.81969809
FOREST GLEN,151.02649974,-33.54486029
CALLALA BEACH,150.69750087,-35.00284387
CORUNNA,150.10691098,-36.2821514
CAPTAINS FLAT,149.42864813,-35.57966481
HYLAND PARK,152.99876539,-30.6119688
TULLARWALLA,150.4955228,-35.12348128
BONDI JUNCTION,151.25077574,-33.89304035
NORTH GOSFORD,151.35448891,-33.41803498
PORTLAND,149.97299371,-33.35654122
UARBRY,149.73621458,-32.03803058
PAUPONG,148.67342626,-36.65063724
MYLNEFORD,152.84187105,-29.61764104
BROBENAH,146.44366076,-34.37671093
SCARBOROUGH,150.95830192,-34.26802118
TERRABELLA,148.73502172,-32.43970994
EAST LINDFIELD,151.18821652,-33.76712274
LEMON TREE PASSAGE,152.02849028,-32.7326196
BINJURA,149.10470851,-36.17870033
ALISON,151.3996814,-33.2663447
PAMBULA BEACH,149.8975638,-36.94510221
LOGANS CROSSING,152.70186677,-31.60930306
KUNGHUR CREEK,153.23847016,-28.50133813
POLO FLAT,149.1507869,-36.23153965
LALALTY,145.72253893,-35.80930645
GHINNI GHINNI,152.54854713,-31.88144512
ROSEBERRY CREEK,152.82409767,-28.47271003
CHAKOLA,149.21050301,-36.07393562
DARK CORNER,149.89536139,-33.3004754
BUSBYS FLAT,152.77343701,-29.06332321
EASTLAKES,151.21248897,-33.93072861
GUMBLE,148.65013684,-33.0843983
TEXAS,151.08918828,-28.89126295
MEROTHERIE,149.56959628,-32.15859029
RETREAT,151.06569509,-30.61000948
HEBDEN,151.06582307,-32.33859649
LOWER DUCK CREEK,152.53139118,-28.73594189
BURRELL CREEK,152.30042735,-31.94823929
SMITHS CREEK,152.85400268,-28.56412253
MAIMURU,148.1833466,-34.23370126
OLINDA,150.14517777,-32.81723903
WARDELL,153.44956948,-28.95446245
EAST BRANXTON,151.36467029,-32.6549533
BULGARY,146.9528993,-35.01807978
BALD NOB,151.98814302,-29.67875538
MOGILLA,149.56459347,-36.70799661
WINDRADYNE,149.5450927,-33.40541176
MERRYLANDS WEST,150.96809535,-33.83709662
BURRA,148.08991104,-35.82822759
SANDRINGHAM,151.14018369,-33.99804893
KUNAMA,148.08915578,-35.54655863
REPTON,153.03637936,-30.44130846
THREDBO,148.29124351,-36.49163853
MINTO,150.84821123,-34.0301785
CREEL BAY,148.59677257,-36.35120359
GUILDFORD WEST,150.96479784,-33.84938861
BONDI,151.26455856,-33.89389048
GLENFIELD PARK,147.3327567,-35.13698182
NUMBLA VALE,148.79565775,-36.61892722
UNUMGAR,152.71959571,-28.43235583
BURRAPINE,152.63817841,-30.72708709
MEADOW FLAT,149.91528971,-33.4413384
UPPER BYLONG,150.18327104,-32.49583766
BALD RIDGE,149.4340685,-33.93295216
FRYING PAN,148.8062629,-36.14553014
TOMBOYE,149.9694383,-35.25349576
MOUNT RIVERVIEW,150.637157,-33.72825892
LAMBS VALLEY,151.46403935,-32.57040881
COROBIMILLA,146.41007604,-34.86221639
PINE CLUMP,148.15223952,-31.43430417
MARES RUN,151.80006716,-31.64113154
MOONAN FLAT,151.21259416,-31.88849042
CURRICABARK,151.66556378,-31.7254403
LOADSTONE,152.98852471,-28.39064264
LOWER DYRAABA,152.88475755,-28.80566636
STUBBO,149.57099664,-32.27584811
THE MEADOWS,149.93818114,-33.6470321
MOORLAND,152.65158274,-31.77609986
TARRAWANNA,150.87928407,-34.37636659
GERROA,150.79852201,-34.77307636
MANYANA,150.51726842,-35.25465831
LEONAY,150.64806452,-33.76628938
WYANBENE,149.67503678,-35.78942441
PADDYS RIVER,148.17160278,-35.76004954
CUNDLETOWN,152.52119445,-31.88316608
NYORA,145.97596088,-35.53525026
ROSEDALE,150.21320233,-35.81656115
HEBERSHAM,150.8238574,-33.74581328
ARGALONG,148.43683804,-35.29423103
CUMBANDRY,149.60805442,-32.36258229
PARMA,150.54464758,-34.96767995
BINGEEBEEBRA CREEK,152.77837484,-28.80762149
BARA,149.8523298,-32.57108886
HANGING ROCK,151.24805252,-31.50341713
KAMERUKA,149.70495763,-36.72133604
COXS CROWN,150.05751822,-32.72475529
BROOKDALE,147.01281635,-35.12036821
BEAN CREEK,152.58741219,-28.58142515
GURRANANG,152.98216275,-29.44396323
KERRABEE,150.3028612,-32.46859126
MOOREBANK,150.93810119,-33.94124028
CHATSWORTH,153.24722967,-29.38567941
KOOTINGAL,151.05844977,-31.05975267
CONGARINNI NORTH,152.88419651,-30.68210405
RUKENVALE,152.89405135,-28.4690921
RYDALMERE,151.0409532,-33.81270221
HAMILTON SOUTH,151.74791415,-32.93350112
NORTHBRIDGE,151.2180093,-33.81083653
NEVILLE,149.19455071,-33.73821721
RAZORBACK,150.6530708,-34.15234716
BRAUNSTONE,152.94986793,-29.81433748
TUCKI TUCKI,153.31697824,-28.92152871
COOKARDINIA,147.24641331,-35.55348153
BURRANEER,151.13851509,-34.06427051
HAREFIELD,147.55379291,-34.9769016
NUNDERI,153.45968916,-28.32207049
LOVEDALE,151.36422668,-32.75328186
TRUNKEY CREEK,149.33756495,-33.80058348
WALLERAWANG,150.0501139,-33.42042512
BLUE LABYRINTH,150.55835963,-33.76098651
MOUNT VICTORIA,150.24732692,-33.57630063
LONG JETTY,151.48654531,-33.35980256
LANE COVE WEST,151.15002116,-33.81145157
KELLYVILLE RIDGE,150.91972087,-33.70375758
BLUE BAY,151.50056703,-33.35437782
MOUNT OLIVE,151.22452903,-32.40714842
DARTBROOK,150.81628711,-32.15212254
MIDDLE HARBOUR,151.23300544,-33.80358732
PITT TOWN BOTTOMS,150.84607699,-33.58585305
NOBBYS CREEK,153.33876092,-28.2940138
VALENTINE,151.64285236,-33.01507286
LAWRENCE,153.07705464,-29.45097798
BARADINE,149.06068128,-30.93101949
CALALA,150.97706032,-31.1669357
DOON DOON,153.30563746,-28.49607591
MILLFIELD,151.24765668,-32.8864881
HUNTERS HILL,151.1456219,-33.83066089
TYAGARAH,153.55565455,-28.59975203
TERALBA,151.59964741,-32.95044989
MIDDLE POCKET,153.46814555,-28.48685718
CUDGERA CREEK,153.5150494,-28.38894376
THALGARRAH,151.87033666,-30.40872447
WENTWORTH,142.02405366,-33.91969138
RICHMOND,150.75761386,-33.60484716
EAST CORRIMAL,150.91250035,-34.37715929
GUYRA,151.62697359,-30.22142563
COOKAMIDGERA,148.29795878,-33.24100024
DOLPHIN POINT,150.44349399,-35.40182962
DUNS CREEK,151.64913159,-32.6150336
DOMBARTON,150.76450147,-34.45455435
DUNGOG,151.75242011,-32.40465086
RANGERS VALLEY,151.76198916,-29.54218651
TAYLORS BEACH,152.06904666,-32.74365625
MALUA BAY,150.21166377,-35.79074046
SYDNEY OLYMPIC PARK,151.0689048,-33.83964888
WEREBOLDERA,148.21992583,-35.38787468
JANNALI,151.06579331,-34.01574184
MOONBI,151.04807618,-30.94952806
UNDERCLIFFE,152.18226876,-28.62253616
GREENDALE,150.66290171,-33.9275436
WOLLUMBOOLA,150.72748128,-34.95899726
WALLALONG,151.64852687,-32.69440883
OLD JUNEE,147.49532215,-34.81498906
TUGGERAH,151.42754347,-33.30685508
MONTEFIORES,148.93897031,-32.53036675
GANMAIN,147.01843941,-34.8077585
BUCKETTY,151.14406269,-33.10811814
WEABONGA,151.30386952,-31.19340639
CROOKWELL,149.45736149,-34.45326114
KANGIARA,148.79142407,-34.60441861
TWELVE MILE,149.25748642,-32.51184276
CASTLEREAGH,150.67903459,-33.68750898
SEAHAM,151.70680385,-32.6714793
HORSLEY PARK,150.84784913,-33.84017438
QUEENS PINCH,149.68923431,-32.74353515
ROSEVILLE CHASE,151.19942569,-33.77505059
GOROKAN,151.50599625,-33.25491215
CHISHOLM,151.63692601,-32.75468544
CHILCOTTS GRASS,153.34355169,-28.83316543
WANTABADGERY,147.72058692,-35.0063191
CAMPERDOWN,151.18180793,-33.88843388
ABERCROMBIE RIVER,149.34769279,-33.91028065
EUROKA,152.80049705,-31.07696161
WAMBERAL,151.44354418,-33.41584578
GUNDAROO,149.27830174,-35.03507842
GUILDFORD,150.99092842,-33.85621608
CORRIMAL,150.89239024,-34.3681241
TUMBLONG,147.98243472,-35.14288052
GOONENGERRY,153.43063337,-28.60438373
GEURIE,148.85390022,-32.37489997
HOLLISDALE,152.54334052,-31.3883812
KYNNUMBOON,153.37458933,-28.30789285
MARYVALE,148.89982742,-32.45888973
STOKERS SIDING,153.41812719,-28.40642275
TYALGUM,153.22950294,-28.35971602
GLENBROOK,150.62579349,-33.76382482
BOBUNDARA,148.97449626,-36.46151731
CULBURRA BEACH,150.75157475,-34.92790375
BUDDEROO,150.66478568,-34.67341823
BOOLAROO,151.6275895,-32.94795074
HILL END,149.44654065,-33.02597878
ROSEBANK,153.39563389,-28.66884118
ALBION PARK,150.77729527,-34.58218822
ASHBY ISLAND,153.20361191,-29.42423339
PARKES,148.27297615,-33.10029793
WALLAGOOT,149.91800621,-36.76671057
GALONG,148.56131238,-34.59560946
BINALONG,148.66070082,-34.67191511
ROBERTSON,150.60054655,-34.60902539
YELLOW ROCK,150.6339104,-33.69616536
BAMARANG,150.51881845,-34.90432241
VAUCLUSE,151.27716042,-33.85590958
GIDLEY,150.83755058,-30.99636486
MUNGHORN,149.82683181,-32.38227418
ALMA PARK,146.80079802,-35.60099911
RUSHES CREEK,150.60076906,-30.84274246
KALARU,149.93112254,-36.72982342
ASHFORD,151.16779095,-29.31123217
CALIFAT,148.09927665,-35.24659347
PILOT WILDERNESS,148.20832824,-36.67810759
TARCUTTA,147.71233533,-35.28695125
THE RISK,152.93183332,-28.47034532
BEXHILL,153.35371061,-28.75587842
TILPA,144.37006944,-31.01144378
SHELLHARBOUR CITY CENTRE,150.83722073,-34.5648827
WOONGARRAH,151.47836143,-33.23898636
HUNTLEY,150.73636292,-34.49776366
CEDAR BRUSH CREEK,151.24984926,-33.16090568
YELGUN,153.498215,-28.47901209
OOTHA,147.46077032,-33.08993625
PITT TOWN,150.86969623,-33.58295583
ROWLANDS CREEK,153.34692261,-28.46716011
NUMBAA,150.68216094,-34.87640293
HARWOOD,153.24721106,-29.41373793
FRESHWATER,151.28441329,-33.77612295
CLOVASS,153.1583446,-28.8645343
MICALO ISLAND,153.31091129,-29.45013192
KIELVALE,153.44870275,-28.33825013
DONDINGALONG,152.74265335,-31.13949373
LOWTHER,150.11143454,-33.62190009
UPPER BURRINGBAR,153.4225306,-28.4519083
BINNAWAY,149.43879853,-31.55308762
COOLANGATTA,150.71509001,-34.85344175
BACK FOREST,150.68112659,-34.8406174
WEST CORAKI,153.20863578,-29.00262713
EAST GRESFORD,151.56037049,-32.40739291
SOUTH TAMWORTH,150.921779,-31.11112216
GORDON,151.15345358,-33.75562325
BELLBIRD,151.31673344,-32.85357507
NEMINGHA,151.00508553,-31.11712072
DALSWINTON,150.70748193,-32.42260443
WATSONS BAY,151.28200904,-33.84079495
EAST MAITLAND,151.58683032,-32.7610019
OAKHAMPTON HEIGHTS,151.55035332,-32.7090197
WARNERS BAY,151.65186635,-32.97118104
GADARA,148.12784851,-35.31075167
MACQUARIE HILLS,151.6448156,-32.95114895
LITTLE FOREST,150.37370782,-35.29321741
RANKIN PARK,151.68185054,-32.92548671
GIN GIN,148.09158299,-31.90044816
GREENWICH,151.18479388,-33.82931601
WHITEBRIDGE,151.71862914,-32.97235747
COMO,151.06431619,-34.0020911
DUDLEY,151.72265434,-32.9920997
CAROOL,153.42688056,-28.22579322
APPLEBY,150.82280708,-30.96269006
ALBERT,147.47703381,-32.3847864
GREENACRE,151.05818622,-33.9025146
BARREN GROUNDS,150.72331349,-34.69033251
SUNSHINE BAY,150.20787697,-35.74533508
TINDERRY,149.30831614,-35.69420703
WOLLOGORANG,149.52383422,-34.86025495
ZARA,153.25735446,-28.31855714
PYREE,150.69397836,-34.91722678
BYRRILL CREEK,153.24014446,-28.43776645
ULAMAMBRI,149.44093303,-31.32717433
DERRIWONG,147.35195035,-33.10093353
BALMORAL,150.51526296,-34.30263439
TUCKURIMBA,153.32743108,-28.95164156
CAMDEN,150.69478542,-34.05750287
ENVIRONA,149.18343039,-35.40945465
GOOD FOREST,150.11079895,-33.58751327
LAKE GEORGE,149.4123445,-35.11135696
ERINA HEIGHTS,151.40918993,-33.42580939
OCEAN SHORES,153.53407143,-28.50988341
CHOWAN CREEK,153.37397776,-28.4537662
TOOWOON BAY,151.49761892,-33.36267615
BUGALDIE,149.13466138,-31.16058408
WOODBERRY,151.6776618,-32.79317779
WORRIGEE,150.6384749,-34.91234443
POTTSVILLE,153.55808972,-28.38774317
BALRANALD,143.41722453,-34.3327977
GREEN GULLY,149.68163785,-32.79171293
COOMA,149.1202292,-36.25075226
TILBA TILBA,150.03878829,-36.33544099
STANMORE,151.16605421,-33.89305618
EMU PLAINS,150.66427173,-33.7467678
ILLAWONG,151.041535,-33.99819328
FAIRFIELD EAST,150.97270028,-33.87418109
BOOTHENBA,148.67749222,-32.19149031
BUTLERS FALLS,148.6457633,-32.30341718
COOLBAGGIE,148.48276396,-32.05145255
YENGO NATIONAL PARK,150.91150877,-33.0149525
MUGGA DOWNS,148.68136963,-32.22755387
CUMBOOGLE,148.597988,-32.34354385
WHYLANDRA,148.49307671,-32.20990665
YARRABAR,148.48319638,-32.33904006
FOUR MILE CREEK,151.5834051,-32.79605434
GLENGERRA,148.56051231,-32.38250447
MINORE FALLS,148.43767307,-32.20251013
NARROMINE EAST,148.3959103,-32.22549782
UPPER OBLEY,148.56616577,-32.60282227
MILSONS ARM,151.15473237,-32.99389575
NARONE CREEK,151.17949155,-32.95734066
NORTH MACQUARIE,150.7427604,-34.56833257
EULOMOGO,148.7015877,-32.28851519
MEGALONG,150.22853795,-33.72991275
PRETTY BEACH,150.35233261,-35.57774097
AVALON,151.32669423,-33.62829592
SPRINGVALE,150.12366903,-33.41072569
LOOMBAH,148.75230827,-32.79037496
BOMERA,149.78099936,-31.51586624
BURRABADINE,148.53121634,-32.20665343
SUMMER HILL,151.50056771,-32.47853192
BAKERS CREEK,150.99559312,-30.32478363
BUNDABURRAH,147.88255872,-33.45768079
NUBINGERIE,148.67246684,-32.50927003
OAKY PARK,150.18296373,-33.46431928
ESCHOL,148.66789,-32.35168631
MORVEN,152.16376949,-29.41040836
DODSWORTH,149.24911878,-35.35673426
PENROSE,150.2117028,-34.66376717
BRUAH,148.74175691,-32.1475272
KOSCIUSZKO NATIONAL PARK,148.46388034,-36.31383919
DELROY HEIGHTS,148.53168254,-32.27094423
BARBIGAL,148.82974531,-32.19720979
YARRAGONG,147.89540797,-33.28300635
PALING YARDS,149.73213218,-34.11536406
RIVERVIEW,151.16019677,-33.82397442
TAMARAMA,151.27043089,-33.8986274
BEELBANGERA,146.10461643,-34.23128482
GRAGIN,150.80527334,-29.55004203
GRADYS CREEK,152.94149667,-28.40313625
MURGA,148.53170974,-33.35262879
BUNYAH,152.19874524,-32.18782424
O'CONNELL,149.73764315,-33.55442288
COME BY CHANCE,148.45461483,-30.35617654
CANOWINDRA,148.64070658,-33.53372379
BRADBURY,150.81510064,-34.08564367
SACKVILLE,150.87768835,-33.49082923
KOORAGANG,151.75334549,-32.87130436
BANORA POINT,153.53707829,-28.22217291
BROWNS MOUNTAIN,150.51921519,-34.78982218
WEST WALLSEND,151.56175609,-32.89629775
OLD EROWAL BAY,150.64963697,-35.08810095
CARNHAM,152.58775434,-29.34514409
BANGHEET,150.41656991,-29.83709364
MOUNT HOPE,145.90882516,-32.76273092
CAMS WHARF,151.61758354,-33.12584311
WINTON,150.70421794,-31.0902662
LIMEKILNS,149.74594517,-33.24653771
COALDALE,152.81017356,-29.39782529
ETTAMOGAH,146.9563913,-36.0023389
AWABA,151.54246898,-33.02241024
DAIRY ARM,151.17650555,-33.05407879
YARRAMALONG,151.25636001,-33.21051112
GIDGINBUNG,147.44215284,-34.30831658
ELDERSLIE,151.35066746,-32.58201236
LANSVALE,150.96335857,-33.90401396
WYNDHAM,149.63291737,-36.92254083
MAYFIELD NORTH,151.7504424,-32.88963015
ROSEVILLE,151.18207773,-33.78318914
WEST GOSFORD,151.32363046,-33.42199622
BEROWRA HEIGHTS,151.13563813,-33.60388848
KANGAROO CREEK,152.85731009,-29.97175672
MAYFIELD WEST,151.72462255,-32.88495798
BULLA CREEK,148.2626696,-34.11655447
GLENDON,151.28509952,-32.586898
TOMAGO,151.74083211,-32.82348564
MARYLAND,151.66217821,-32.87998871
RABY,150.81748756,-34.01842673
COLLUM COLLUM,152.47771526,-29.2539352
WESTBROOK,151.28786314,-32.44071608
LIGHTNING RIDGE,148.00663089,-29.31733112
YAGOONA,151.0201649,-33.90462457
MITCHELLS FLAT,151.29659416,-32.55501735
KELSO,149.62283339,-33.41938916
ELEEBANA,151.64895558,-32.99329445
BARHAM,144.21504422,-35.60040041
CHARLESTOWN,151.69385303,-32.96672687
GRENFELL,148.18601154,-33.92844261
SOUTH MAROOTA,150.95499753,-33.51104756
MOUNT HUTTON,151.67067373,-32.97889264
TERRANORA,153.50629906,-28.23868534
CRYON,148.6218758,-29.99962337
BURRADOO,150.40794823,-34.50845467
MURRUMBATEMAN,149.02912033,-34.97430068
MILLTHORPE,149.19147009,-33.45284221
DOYALSON,151.51337894,-33.19610223
CANOELANDS,151.08608998,-33.49888614
THURGOONA,146.991355,-36.05589304
PEAKHURST HEIGHTS,151.05487068,-33.97588392
CHEERO POINT,151.19318713,-33.51092801
PUCAWAN,147.38675115,-34.40048008
HORSESHOE CREEK,153.03725034,-28.53534646
MARCHMONT,148.93724788,-34.90279151
BUNGABBEE,153.13420194,-28.76685721
BROCKLEHURST,148.60179667,-32.13062891
BANYABBA,152.933779,-29.37234047
PALING YARDS,149.74386191,-33.18279696
CONIMBIA,147.99498805,-30.66648898
BULYEROI,149.18221138,-29.79569085
HORSE STATION CREEK,152.95198371,-28.61444213
BRAWBOY,150.62329426,-31.95247233
CENTRAL MANGROVE,151.24830748,-33.28902625
RED ROCKS,150.53096769,-34.77127797
GLENDON BROOK,151.40826971,-32.48894003
KINGSCLIFF,153.57349333,-28.26262998
CURRABUBULA,150.6776125,-31.23943231
BUCHANAN,151.53231393,-32.82497297
FLORAVILLE,151.66321035,-33.01202736
TALLWOODS VILLAGE,152.51040073,-32.05534831
GUYONG,149.26768107,-33.39750932
WILBERFORCE,150.84594884,-33.54506821
MARTINS CREEK,151.64445085,-32.55527415
MARLOW,151.16760149,-33.46945531
FERNSIDE,153.16809344,-28.79585188
BAR POINT,151.17192301,-33.49556829
CUMBERLAND REACH,150.89501334,-33.46473822
FINGAL HEAD,153.56537688,-28.20137351
WOODBURN,153.35473822,-29.09724744
MOSS VALE,150.39644486,-34.55058129
WOODRISING,151.60657913,-32.98594068
CLIFDEN,152.94279731,-29.51357892
MELBERGEN,146.01030332,-33.74484205
WESTON,151.4561833,-32.81163481
TERRY HIE HIE,150.16060129,-29.78502741
SAPPHIRE BEACH,153.13771315,-30.22642708
CROPPA CREEK,150.28771718,-29.12480518
CEDAR POINT,153.00218672,-28.69014672
EUGOWRA,148.3531137,-33.41111647
GRAVESEND,150.32814452,-29.63271196
BILLYWILLINGA,149.44070956,-33.28426705
OATLANDS,151.0268651,-33.79578582
SANDGATE,151.70615339,-32.8668843
CHIPPING NORTON,150.95920567,-33.91806394
STOCKYARD CREEK,152.80892574,-29.51632412
JENOLAN,150.06725368,-33.80823679
GLANMIRE,149.70560056,-33.41949705
FREEMANS WATERHOLE,151.49307436,-32.98779504
LARNOOK,153.11521486,-28.65336463
ARMATREE,148.49175167,-31.42375378
MYALL CREEK,150.72655896,-29.77824069
BLACK SPRINGS,149.71857137,-33.8571008
AMBARVALE,150.79719021,-34.08926179
TENNYSON,150.73732556,-33.53304788
EURONGILLY,147.7998456,-34.93142226
KIKIAMAH,148.1296695,-34.09808995
FLETCHER,151.64119129,-32.87175883
MEROO MEADOW,150.60689321,-34.81448932
TWEED HEADS,153.5370081,-28.17865274
DIAMOND BEACH,152.53631325,-32.02812551
UPPER ORARA,152.98814142,-30.28614664
HALFWAY CREEK,153.10020202,-29.9330428
GUMLY GUMLY,147.43179055,-35.13204891
FOREST LAND,152.13535695,-29.26054855
EDGECLIFF,151.23648713,-33.87937821
BANKSTOWN AERODROME,150.98866082,-33.92260849
BUCCA WAUKA,152.1504416,-32.10253356
WALLSEND,151.66094733,-32.89951316
LAKE ALBERT,147.39279758,-35.16856348
CHARMHAVEN,151.49417139,-33.22608085
EAST SEAHAM,151.7649185,-32.63765476
BECTIVE,150.7180744,-31.00468752
CUDAL,148.73893964,-33.31660847
BOGGABRI,150.05645125,-30.68682976
MANDURAMA,148.97211657,-33.64969239
CAMPBELLTOWN,150.8072339,-34.06809194
WILBETREE,149.57484702,-32.48193871
BUNDEENA,151.15155232,-34.08340357
SPRING GROVE,153.12907814,-28.82892311
WEILMORINGLE,146.81329019,-29.1792745
NORTH TUMBULGUM,153.46934518,-28.26056302
THE GAP,153.38227499,-29.16961264
TWEED HEADS WEST,153.50523042,-28.18382665
EAST GOSFORD,151.35411668,-33.4348777
SHERWOOD,153.0454228,-30.03085911
DYERS CROSSING,152.30760091,-32.08215899
CORAMBA,153.03353296,-30.19343155
LOWER PORTLAND,150.88520015,-33.43906599
BETHUNGRA,147.84159022,-34.75692858
BOLIVIA,151.91183611,-29.28399707
SWAN BAY,153.29257665,-29.07813267
PALLAMALLAWA,150.17327121,-29.39407273
MOUNT TOMAH,150.42235758,-33.54247897
HEXHAM,151.67453809,-32.85010842
BURRUNDULLA,149.63657672,-32.63254121
SACKVILLE NORTH,150.90508085,-33.48523229
WYANGALA,148.94504305,-33.97972005
EBENEZER,150.88635747,-33.51976819
GLEN WILLIAM,151.79533624,-32.51142892
ROCK FLAT,149.20973065,-36.38782963
CULLENBONE,149.50710839,-32.49290244
THE WHITEMAN,152.86310228,-29.5995302
KUNGALA,153.03176496,-29.95602066
CANGAI,152.44207159,-29.48726725
TOPI TOPI,152.33869852,-32.35846956
CAPOOMPETA,152.05284153,-29.3890607
WALLAROBBA,151.70090208,-32.50265726
YAGON,152.44558421,-32.44998232
MIMOSA,147.39885485,-34.55723523
MERRIGAL,148.26202962,-31.50264943
SEBASTOPOL,147.53935901,-34.57509145
RUSHCUTTERS BAY,151.22800656,-33.87471554
EREMERANG,146.39779279,-32.62430982
COMBANING,147.65351239,-34.50818204
MANCHESTER SQUARE,150.39801444,-34.59999136
BALICKERA,151.80425236,-32.65831111
LAKE HUME VILLAGE,147.03446881,-36.09355989
SWANSEA,151.63529632,-33.09124811
CARGO,148.82415005,-33.44120432
CHATHAM VALLEY,149.87916958,-33.84969469
LAVINGTON,146.93455705,-36.03483415
GINGKIN,149.95805145,-33.88771011
MAITLAND,151.54922383,-32.73838618
CONGEWAI,151.29389543,-32.97922432
ROCKY CREEK,150.21162042,-30.03282541
LADYSMITH,147.54945259,-35.21571559
NARRABURRA,147.61758478,-34.32870336
WHITTINGHAM,151.21381627,-32.61686983
BAERAMI,150.46035924,-32.40159065
PEEL,149.64568379,-33.29548248
MERRIWAGGA,145.66191125,-33.78878828
GODFREYS CREEK,148.70152187,-34.17732789
WISEMANS CREEK,149.71775501,-33.63393427
BERRIDALE,148.81979556,-36.38343202
JIBBON,151.14445256,-34.09321351
CARCOAR,149.13602256,-33.61662918
GEORGES HALL,150.98804436,-33.90900045
JAMISON VALLEY,150.29979462,-33.79111409
JEWELLS,151.6874565,-33.0092019
MOUNT VIEW,151.26744967,-32.84814399
BRANXTON,151.35844061,-32.63882727
EAST CORAKI,153.31277265,-29.00865515
HOBBYS YARDS,149.32758838,-33.68903306
DUBBO,148.60166548,-32.27894888
BELMONT NORTH,151.67225315,-33.01698829
GUNDERMAN,151.06143861,-33.38922914
SINGLETONS MILL,151.0731159,-33.46911094
BASS HILL,150.99629971,-33.89927095
EVIRON,153.48299495,-28.30596561
MULLAMUDDY,149.66866987,-32.68705371
TULLOONA,150.08430813,-28.90026821
WHITEMAN CREEK,152.85503702,-29.56484811
CALIMO,144.56492486,-35.42497104
EASTWOOD,151.08382062,-33.78882428
BUNGENDORE,149.4803595,-35.29324572
ROWENA,148.91487086,-29.74911205
ROB ROY,151.0048988,-29.71652174
TYGALGAH,153.42547245,-28.2991169
DIRNASEER,147.74594644,-34.60720611
TUMBULGUM,153.47667527,-28.28308376
FEDERAL,153.45434724,-28.65343351
TWEED HEADS SOUTH,153.53488816,-28.20021805
KEIRAVILLE,150.87291664,-34.40930758
GLENNING VALLEY,151.42186165,-33.35218308
HOVELLS CREEK,148.85834791,-34.06800427
WYEE POINT,151.5077648,-33.14585293
BEAUMONT,150.5794088,-34.78143102
CHARLOTTE BAY,152.50989945,-32.35294906
DUMBUDGERY,152.52334507,-29.29998429
SEELANDS,152.89643114,-29.62985935
TIGHES HILL,151.75620356,-32.9045056
WALLAMORE,150.8247819,-31.04003317
LIMEBURNERS CREEK,151.91235445,-32.57948381
MARSHDALE,151.80330195,-32.42228112
WELLINGTON VALE,151.73499629,-29.41459721
ROSSMORE,150.77262779,-33.93580901
NORTH CASINO,153.06265486,-28.79851446
CAMBRA,151.8649132,-32.45123532
GURLEY,149.81972443,-29.73213274
BOOROORBAN,144.7926796,-34.85971505
DOCTOR GEORGE MOUNTAIN,149.89784385,-36.66447487
HOXTON PARK,150.85714367,-33.92949897
CABRAMURRA,148.43965433,-35.94916973
PELICAN,151.64454551,-33.07097113
ARAKOON,153.06314089,-30.92204278
COLLENDINA,146.22226507,-35.97464153
FORBES RIVER,152.33761099,-31.243007
BENDALONG,150.50006036,-35.2297938
WEST TAMWORTH,150.9076116,-31.1010573
WEBBS CREEK,150.9079287,-33.3501454
BOMBOWLEE CREEK,148.31738532,-35.27361996
BIG RIDGE,151.22624367,-32.57520169
DEAN PARK,150.85998779,-33.73489548
HASSALL GROVE,150.83816884,-33.73112308
SCOTTS HEAD,152.98633688,-30.70818562
EUCHAREENA,149.11872722,-32.94366514
DEBENHAM,152.24796611,-31.47414242
YANGA,143.71652805,-34.73949394
YARRANGOBILLY,148.4931331,-35.68047891
DIAMOND HEAD,152.77027441,-31.70109518
NORTH BONDI,151.27838401,-33.88458332
GOOBARRAGANDRA,148.50407081,-35.4421478
MORTDALE,151.07186625,-33.9695396
POONCARIE,142.41985933,-33.42187592
CURROWAN,150.09198321,-35.57080164
NOWENDOC,151.74470661,-31.45988224
DEUA RIVER VALLEY,149.9276447,-35.79064991
LILYDALE,152.65899734,-29.5497545
JOLLY NOSE,152.78455743,-31.59055646
SPRINGWOOD,150.57582365,-33.69406107
BOOROOK,152.27244267,-28.80252851
SHOALHAVEN HEADS,150.74157117,-34.85021182
COBARK,151.69741262,-31.91584542
WOONONA,150.90178909,-34.34634274
RED ROCK,153.21115874,-29.99952873
WATERSLEIGH,150.51902215,-34.85538444
GOODMANS FORD,150.06637925,-34.29790801
MACQUARIE LINKS,150.87271839,-33.98185854
LEWISHAM,151.14672233,-33.8952277
ANNANGROVE,150.9475198,-33.65748893
MUMBLEBONE PLAIN,147.64946476,-31.49719876
NOWRA HILL,150.56393813,-34.93206086
BARRY,149.26684797,-33.64699682
MAUDE,144.19007507,-34.48972688
MUMMULGUM,152.79165881,-28.87012992
WYANGLE,148.3366031,-35.22433008
BUNGOWANNAH,146.77318227,-36.00332515
BERTHONG,148.09553246,-34.38896831
PEARCES CREEK,153.44800334,-28.77201159
MEMAGONG,148.12861858,-34.29519247
CONSTITUTION HILL,150.9751596,-33.7938103
WOOLOOMA,151.21118307,-32.00426113
RAYMOND TERRACE,151.76692336,-32.76046713
HOGARTH RANGE,152.82711907,-28.90900518
FERODALE,151.84118069,-32.71017205
CLARENDON,150.79112425,-33.61056667
WAITARA,151.10596136,-33.70925793
DARUKA,150.97073644,-31.03737941
DULWICH HILL,151.1395467,-33.90406995
NORTH LAMBTON,151.70431681,-32.90395019
PADSTOW HEIGHTS,151.03323365,-33.97048185
GLENMORE,150.60327415,-34.0738493
MACQUARIE FIELDS,150.89266569,-33.99194554
SKINNERS SHOOT,153.59058262,-28.65811138
CULCAIRN,147.0153375,-35.6744929
CURRAWANG,149.52997812,-34.96810157
MUNDARLO,147.81998946,-35.12472373
CENTRAL COLO,150.77190044,-33.42367181
YARRABANDAI,147.57788738,-33.13536695
ONE TREE,144.84406831,-34.16607317
NYNGAN,147.1731042,-31.54447457
TICHULAR,149.93314798,-32.45036302
MEDWAY,150.28401075,-34.49184248
HAYSTACK,152.54246455,-28.66000679
MOUNT HARRIS,147.6661735,-31.28151968
WAREEMBA,151.13233106,-33.85762943
WARRAGAMBA,150.5989983,-33.89056519
MORVEN,147.15482004,-35.65151055
KRAWARREE,149.61335436,-35.76176381
WALLA WALLA,146.87495937,-35.73602465
GROSE WOLD,150.67666954,-33.60261573
MIDDLE BROOK,150.79244657,-31.92320394
BULGA FOREST,152.18756561,-31.58373991
WOODVILLE,151.62440781,-32.66822716
MCLEODS SHOOT,153.55419995,-28.65949712
BALGOWLAH,151.2616929,-33.79466977
YARRANBELLA,152.76862447,-30.72461362
PALM BEACH,151.32499926,-33.59633763
SOUTH NOWRA,150.59892437,-34.90885788
YERRANDERIE,150.22589733,-34.1197515
WARRAWEE,151.12247722,-33.72739618
DUNMORE,150.8222042,-34.61981754
TIRRANNAVILLE,149.67467687,-34.86843127
CLAREMONT MEADOWS,150.75195335,-33.77590956
YELLOW ROCK,150.73771391,-34.60240541
BOM BOM,152.96955353,-29.76506783
NEWNES,150.25523951,-33.18848689
NORTH SYDNEY,151.20872576,-33.83658708
MOOKIMA WYBRA,152.53416747,-29.00835448
CAPEEN CREEK,152.65132243,-28.54901344
FORSTER,152.53281977,-32.22086739
ROUCHEL,150.99439494,-32.14830585
COOLAH,149.75986693,-31.79267
MANGROVE MOUNTAIN,151.18369442,-33.32152879
BALLDALE,146.51735737,-35.81574642
WHEELER HEIGHTS,151.28065939,-33.72789066
BARDEN RIDGE,151.00408684,-34.03408909
LUCAS HEIGHTS,150.97759006,-34.04117613
BODANGORA,149.0335996,-32.4421301
HUSKISSON,150.65073519,-35.03854299
ST IVES CHASE,151.16466746,-33.70364106
ROCKY CREEK,151.35183553,-29.26858145
DUCK CREEK,152.66191167,-28.61712413
TUROSS HEAD,150.12199136,-36.03645406
BULLOCKS FLAT,148.43538785,-36.44612754
FINGAL BAY,152.16319714,-32.75015084
WAUCHOPE,152.73252475,-31.47206108
CAMELLIA,151.03339061,-33.81898681
NUMULGI,153.32801364,-28.72387892
TOMERONG,150.56988357,-35.05105853
MOORE CREEK,150.94410374,-30.9884561
LACMALAC,148.31591547,-35.31014197
HORNSBY HEIGHTS,151.10086295,-33.65710133
TARBAN,151.87169633,-28.96704182
ST FILLANS,149.63692349,-32.46244952
CHICHESTER,151.62253946,-32.1650036
DOYLES CREEK,150.78131941,-32.62369869
MURRAH,149.98383987,-36.51974598
LEUMEAH,150.83898326,-34.05340299
GLEN NEVIS,152.22888776,-29.91618701
BOBIN,152.2831801,-31.6982768
NEWRYBAR,153.5487591,-28.72653521
PATONGA,151.27943241,-33.549553
ULONG,152.88948819,-30.23799424
TYNDALE,153.16138697,-29.56876451
CONJOLA,150.44013061,-35.22595897
FAIRFIELD WEST,150.92490379,-33.86881607
CORINDI BEACH,153.18077427,-30.01539345
CURRAWARNA,147.0805914,-34.96221707
BOWENFELS,150.10783526,-33.48069338
NULLO MOUNTAIN,150.22594137,-32.6940359
MORUYA,150.09280776,-35.90729801
TURILL,149.88826031,-32.15308279
THE FRESHWATER,153.33125976,-29.34373829
MOUNT MARSH,152.86365996,-29.26827016
COOLAGOLITE,149.9725977,-36.43363384
WOOMBAH,153.28685753,-29.31390766
FISHERS HILL,151.5393693,-32.49060436
PUTTY,150.64987539,-32.90027474
MUNGAY CREEK,152.67524869,-30.90431203
COOMOO COOMOO,150.10909121,-31.56917269
BOOMEY,148.96425268,-32.97999217
MAYFIELD,149.78152063,-35.23632793
KEMPSEY,152.84820333,-31.06046448
TRIAMBLE,149.28648268,-32.87311608
PAYNES CROSSING,151.03279903,-32.90244598
SASSAFRAS,150.20278309,-35.11876253
DEER VALE,152.53579457,-30.35061546
CULLENDORE,152.15514424,-28.49038661
PALING YARDS,149.73213217,-34.11536404
GIRO,151.73317643,-31.67749046
EAST KEMPSEY,152.85439988,-31.08352526
TEMPE,151.16287382,-33.92488752
MANLY,151.29110833,-33.80475756
TINTENBAR,153.51320808,-28.79248444
KINGS PLAINS,149.3268729,-33.49047246
SADLEIR,150.89093602,-33.91711099
DUROBY,153.46284321,-28.24071807
NELUNGALOO,147.98077322,-33.1803312
SADDLEBACK MOUNTAIN,150.8043028,-34.69875999
GREAT MARLOW,152.9751308,-29.65051346
BURRIER,150.43763266,-34.87552101
KANGAROOBIE,149.05452398,-33.16849438
WOODLANDS,150.39436878,-34.40827532
MERYLA,150.35043603,-34.69414575
ALLGOMERA,152.79551359,-30.8181426
BURNT YARDS,149.02474039,-33.59028202
JINDEN,149.59824216,-35.87558077
UPPER ROUCHEL,151.19262798,-32.09830246
WIARBOROUGH,149.94617986,-34.21942546
TUENA,149.31793819,-34.04321373
CAIRNCROSS,152.68151796,-31.34439263
DUNDURRABIN,152.51007208,-30.14892797
PADDYS FLAT,149.33574806,-37.03746779
BULLIAC,152.01710882,-31.91927708
WOMBEYAN CAVES,149.94840558,-34.30985426
WARDS MISTAKE,152.03419274,-30.13020271
OXLEY,147.62056414,-30.98190856
SAPPHIRE,151.34080856,-29.67765257
KILLARNEY HEIGHTS,151.2220509,-33.77324003
REGENTS PARK,151.02643121,-33.88319571
BENGALLA,150.82166087,-32.28653818
MYRTLEVILLE,149.82628128,-34.46801463
GLEN ELGIN,152.11623619,-29.57108265
MOORONG,147.31243964,-35.11179182
BABYL CREEK,152.79310238,-28.72397096
BINDA,149.32282275,-34.30981376
HAY SOUTH,144.81182662,-34.65539297
MARLO MERRICAN,152.67997538,-31.18949465
ILUKA,153.35729437,-29.39614685
LLANDILO,150.74956088,-33.70193796
UPPER MACDONALD,150.91653974,-33.25052155
JEMALONG,147.71649081,-33.44689797
PIMLICO,153.49677367,-28.89243314
IRONBARK,150.79934701,-30.29416201
OALLEN,149.94684309,-35.15757421
OAKDALE,150.50664209,-34.07810083
PORTERS CREEK,150.3250868,-35.25807147
BULLI,150.90358187,-34.3294307
CAMERONS CREEK,151.09814106,-30.33657563
MORTON,150.31066711,-35.41297425
CUNDUMBUL,148.91376676,-32.85641243
WERRIS CREEK,150.62163996,-31.34736095
NASHUA,153.46500124,-28.72722652
JEIR,148.97252295,-35.05635014
SPEERS POINT,151.62755907,-32.96226685
HURSTVILLE GROVE,151.0929821,-33.97836656
NORTH HARBOUR,151.27636176,-33.81314373
CARRICK,149.90568531,-34.70545507
BERRILEE,151.10499339,-33.61026235
KAREELA,151.08312767,-34.01689351
LOWER CREEK,152.29053445,-30.68223826
SUMMER HILL,151.13709725,-33.89268242
CROWDY HEAD,152.72636527,-31.84276692
YOUNG,148.33972137,-34.29812888
GLEBE,151.18672064,-33.87810489
TOOLEYBUC,143.39068281,-35.03345929
TATHAM,153.17047583,-28.93619571
MUSCLE CREEK,151.00907709,-32.27669581
CALLALA BAY,150.71960034,-34.99076745
NERRIGUNDAH,149.84849715,-36.13178189
WOLLOMOMBI,152.13026584,-30.47250923
DOUBTFUL CREEK,152.87771516,-28.71357525
KOOKABOOKRA,152.05190858,-30.02598189
BONDI FOREST,149.21276575,-37.15300188
MOAMA,144.7517631,-36.0064281
BLAXLANDS CREEK,152.79806577,-29.88308185
WERRINGTON,150.75266079,-33.75918907
OSTERLEY,151.6980397,-32.72284808
MCDOUGALLS HILL,151.14643255,-32.54554476
POSSUM BRUSH,152.39267836,-32.03514689
VILLAWOOD,150.98315278,-33.88398116
BONVILLE,153.01713203,-30.37490161
POINT CLARE,151.32181054,-33.43951584
YULLUNDRY,148.66941796,-32.86000069
WILLBRIGGIE,145.99040208,-34.47985812
WOOLBROOK,151.32153838,-30.95831594
SODWALLS,149.98227255,-33.56154985
CUDGEL,146.44672987,-34.68174403
THE HATCH,152.82488201,-31.3611984
MAJORS CREEK,149.73079399,-35.58271158
MONALTRIE,153.2906312,-28.85209767
BLACKMANS POINT,152.83060895,-31.38975869
BORA RIDGE,153.18436237,-29.06082411
CROSSLANDS,152.71543017,-31.43929272
UNANDERRA,150.84527087,-34.45719913
MIDDLE FLAT,149.19187342,-36.23571172
COOMBELL,152.9658709,-29.01591302
NARRABARBA,149.7720294,-37.21870506
GILGANDRA,148.61511328,-31.7160963
BALDRY,148.46763551,-32.88812801
PALERANG,149.56718644,-35.42899246
GEORGES PLAINS,149.48924296,-33.52697587
KINGFISHER SHORES,151.55683647,-33.17073385
SANDY CROSSING,153.09610756,-29.76611045
BELROSE,151.21098947,-33.72179974
HATFIELD,143.68465712,-33.74697253
THE ENTRANCE NORTH,151.50655674,-33.33142796
SUMMER ISLAND,152.96602535,-30.98696396
KARUAH,151.95757886,-32.63261085
DEWITT,151.75983324,-31.78605297
IRONMUNGY,148.91293685,-36.62576252
GAROO,150.96134392,-31.42221495
COREEN,146.32448223,-35.74150627
NAMOI RIVER,150.81523472,-30.59003356
MCMAHONS REEF,148.4157524,-34.68364449
UPPER MYALL,152.15578871,-32.25247381
WALLABI POINT,152.56151007,-31.9917702
HOWARDS GRASS,153.30253162,-28.79121463
NORTH YALGOGRIN,146.84810325,-33.83019875
WOLLONGBAR,153.40897743,-28.81922305
BIRRIWA,149.4788983,-32.12367837
BREDBO,149.17215839,-35.95864294
WOODSREEF,150.78500763,-30.43331581
TIMBUMBURI,150.90607579,-31.22679794
MIDDLE FALBROOK,151.14909073,-32.44229907
BLOWERING,148.25842337,-35.50313885
ROUCHEL BROOK,151.09954336,-32.19073086
OLD STATION,152.91503057,-31.05482943
KINGS HILL,151.77614588,-32.71536694
TOOMA,148.01567533,-35.94526596
MILPARINKA,141.57198345,-29.89348889
BOYDTOWN,149.87331145,-37.10707639
LOVETT BAY,151.2804734,-33.63133024
COUTTS CROSSING,152.89572536,-29.85804938
GIRRALONG,152.64312619,-30.56268934
LISMORE HEIGHTS,153.30074483,-28.80299846
ORANGEVILLE,150.59484944,-34.02979761
ROSLYN,149.6373327,-34.49717322
ST HUBERTS ISLAND,151.34437862,-33.49203877
MOONEE,151.62122128,-33.1712386
BROWNLOW HILL,150.64441426,-34.04216147
SAVERNAKE,146.01784107,-35.74500089
NORTH LISMORE,153.28174163,-28.78713168
WOMBAT CREEK,152.75739304,-29.51595938
DUNGOWAN,151.16263169,-31.2278872
STONY CHUTE,153.16210784,-28.58315453
MENANGLE,150.721331,-34.13749231
DANDRY,149.40314487,-31.00808828
LORD HOWE ISLAND,159.07684025,-31.55332745
HUNTINGDON,152.65361587,-31.47066778
WAMBANGALANG,148.50084275,-32.56140598
FORESTVILLE,151.21108607,-33.75998849
SOUTH PENRITH,150.69882159,-33.77349512
NELSON,149.9582882,-36.66769417
BLACKVILLE,150.25281692,-31.62992807
CORLETTE,152.11410181,-32.72418644
TOONGI,148.57751062,-32.48017829
CHAMBIGNE,152.74439437,-29.76140065
NORTH EPPING,151.0941051,-33.7586596
BONNYRIGG HEIGHTS,150.86993183,-33.89119479
NUMERALLA,149.35487084,-36.18348677
ARATULA,145.28686254,-35.77423632
BAROOGA,145.70961047,-35.90075166
CHITTAWAY POINT,151.44506143,-33.32160059
MOUNT LAMBIE,149.99243297,-33.462848
TANNAS MOUNT,149.6409489,-33.61755898
BAKERS SWAMP,148.93328589,-32.77151942
COOLUMBOOKA,149.33913307,-36.91929372
GRATTAI,149.49394642,-32.66866719
DANGARSLEIGH,151.6846973,-30.62894557
NEWCASTLE EAST,151.78985359,-32.92662776
TARALGA,149.78736699,-34.4003231
TEA GARDENS,152.15715545,-32.61895121
SHANNONDALE,152.83328639,-29.80116827
FLINDERS,150.84617013,-34.5807088
RUSHFORTH,152.85720371,-29.74287005
STUART TOWN,149.0468774,-32.83229882
COOPERS GULLY,149.79785085,-36.64752614
BULGA,150.98289488,-32.63854729
NUMBUGGA,149.7194604,-36.62786222
HUNGERFORD,144.61578171,-29.1708464
BLACKALLS PARK,151.57974701,-32.99891478
CULLERIN,149.35639147,-34.780868
CASCADE,152.78379012,-30.22838309
ABERCROMBIE,149.55643942,-33.38996292
CALDERWOOD,150.72917546,-34.55932215
MACQUARIE PARK,151.12700332,-33.78019981
NORTH DORRIGO,152.68077685,-30.26705078
TAMBAN,152.81627739,-30.88696364
NIGHTCAP,153.29362709,-28.55193808
GLENNIES CREEK,151.10883255,-32.45567996
MUMBIL,149.07822048,-32.71886136
MAITLAND VALE,151.55384069,-32.67522154
HALTON,151.53838982,-32.29884233
PINE LODGE,145.43156803,-35.66135256
UPPER TURON,149.77536348,-33.11315382
PEMULWUY,150.92435804,-33.82051727
YARRAVEL,152.76191138,-31.04289091
SPEEWA,143.55416628,-35.19137803
PUTTA BUCCA,149.58396094,-32.5756351
GLEN ALPINE,150.78278556,-34.08611373
CELLS RIVER,152.06290224,-31.58099538
TARADALE,147.93713502,-35.61357744
BELMONT SOUTH,151.66100952,-33.05334513
INNES VIEW,152.39631005,-31.59150165
BLAKEBROOK,153.23221256,-28.76770456
MYALLA,149.10639236,-36.4475471
YETMAN,150.79584542,-28.96827978
GOBARRALONG,148.35561478,-34.95204478
UPPER COOPERS CREEK,153.40285789,-28.60384772
HECKENBERG,150.88981396,-33.90827048
DANGAR ISLAND,151.23906917,-33.53906576
BARDWELL VALLEY,151.13146918,-33.93748769
NORTH TAMWORTH,150.92851905,-31.06264888
WORROWING HEIGHTS,150.64030225,-35.07598838
MULLOON,149.60882866,-35.29814021
BOOYONG,153.44782715,-28.74789078
HAT HEAD,153.02859961,-31.05796626
GUNNINGBLAND,147.91087009,-33.12617677
BIG HILL,150.00397119,-34.53224206
SHELLHARBOUR,150.86362901,-34.57692773
MULLUMBIMBY CREEK,153.44549621,-28.55226825
WAKELEY,150.90981624,-33.87420707
NARRABEEN,151.29577244,-33.71950832
BUNDANOON,150.28373174,-34.66612189
PIORA,152.88647326,-28.85943446
HELENSBURGH,150.9823711,-34.18274007
KEREWONG,152.54271072,-31.63116773
METHUL,147.11228328,-34.60233343
THE HILL,151.77616087,-32.93308537
MOOBI,150.79681191,-32.07214494
BODALLA,150.00957963,-36.09331088
MOORAL CREEK,152.35810058,-31.6952861
WONGWIBINDA,152.19951921,-30.26245574
MARTINDALE,150.64667033,-32.5960653
JOES BOX,152.59335033,-28.67785424
TUNCURRY,152.48568726,-32.16051712
CLIFTON GROVE,149.17820813,-33.24498406
SANDY HILL,152.26514744,-28.95143996
BERKSHIRE PARK,150.77521059,-33.67279915
ST ALBANS,151.00752865,-33.25176965
GOOGONG,149.22763541,-35.44469973
MUNDEROO,147.82670108,-35.84845664
ULAN,149.80736328,-32.25987068
ORAN PARK,150.74268336,-33.99254137
BOMBALA,149.24449669,-36.88598115
GEMALLA,149.84072095,-33.50020225
NORTH RYDE,151.12950382,-33.7966646
CROOBYAR,150.39428731,-35.32146678
SANCROX,152.79723176,-31.44511242
YOOGALI,146.10002334,-34.3126608
SYDNEY,151.20933768,-33.86883859
BYNG,149.24513017,-33.34773486
GALSTON,151.06686345,-33.64737467
LITTLE RIVER,148.31713714,-35.33792132
HOPKINS CREEK,153.23543405,-28.2875587
COOMBA BAY,152.4389072,-32.26814046
KANGY ANGY,151.39567241,-33.3195358
NAREMBURN,151.20076112,-33.81695672
BUNDOOK,152.09601259,-31.89181135
LOST RIVER,149.31765952,-34.43607644
AKOLELE,150.07615557,-36.34816932
YARROWITCH,152.06941769,-31.1994984
BERRY,150.72679121,-34.79256687
MALLANGANEE,152.72101654,-28.90679826
KINGS PLAINS,151.4133852,-29.60206872
BRUSHY CREEK,151.48599123,-30.17819995
CONCORD,151.10421562,-33.85693817
NARRAWA,149.17242562,-34.41688087
UNDERBANK,151.60977488,-32.28411949
GOOMBARGANA,146.56852667,-35.74149952
CLOUDS CREEK,152.64734988,-30.07759313
GOLLAN,149.04594029,-32.2537548
NARRANDERA,146.59492726,-34.67737851
BEVENDALE,149.08696907,-34.53301277
GEORGES CREEK,151.19894723,-30.13975643
LEETON,146.38886988,-34.49829536
JERANGLE,149.36614256,-35.89690541
BLACK MOUNTAIN,151.68146509,-30.33091526
GILLENBAH,146.5143235,-34.80598907
BORENORE,148.96031354,-33.23359773
TUBBUL,147.97473744,-34.23774019
PHOENIX PARK,151.63219804,-32.71254945
RIVERVIEW,151.16018755,-33.82397433
WAMBROOK,148.97714986,-36.18088781
NORWEST,150.96428258,-33.72979676
GLENROCK,151.40995414,-31.65885366
SANDIGO,146.68004601,-34.90690633
SOUTH GUNDURIMBA,153.24513378,-28.89139357
YURAYGIR,153.33176472,-29.53083923
BATLOW,148.14660977,-35.54497605
CHAIN VALLEY BAY,151.57505005,-33.16596919
THRUMSTER,152.83783575,-31.45849369
MOOMBOOLDOOL,146.68893938,-34.33630865
ROLLANDS PLAINS,152.65777908,-31.28660338
RED RANGE,151.91351261,-29.79068275
BACK CREEK,149.94355142,-35.34328747
YOWRIE,149.74456728,-36.31495032
BEECROFT PENINSULA,150.80728587,-35.04298204
FORRESTERS BEACH,151.46702541,-33.40683076
CROMER,151.26869408,-33.73031927
WHERROL FLAT,152.22032297,-31.79143193
LAVENDER BAY,151.20747699,-33.84371498
MOONEBA,152.70499374,-31.03902295
BROOKLET,153.50627216,-28.74304927
GORMANS HILL,149.59489158,-33.47244571
SWANS CROSSING,152.58484879,-31.59305052
ALBURY,146.91354766,-36.07371633
MONTEAGLE,148.34482513,-34.16510869
TAYLORS FLAT,149.01899197,-34.27591521
BEDGERABONG,147.69196588,-33.30883145
WAUGORAH,143.81006426,-34.50927742
BADJA,149.51714162,-36.05885978
DURRAS NORTH,150.29586584,-35.62688041
THE CHANNON,153.27746661,-28.67593699
HOWLONG,146.6249545,-35.95585402
LEGUME,152.28480682,-28.46804975
GROGAN,147.73273049,-34.31926063
MURRENGENBURG,149.98504909,-35.53521163
MOONBAH,148.56005094,-36.51037918
WITTITRIN,152.55670917,-31.10007847
MOUNT MARSDEN,150.05035342,-32.93615354
COALCLIFF,150.97278264,-34.24536368
GOWRIE,151.14768631,-32.56451652
SOUTH WEST ROCKS,153.03642831,-30.89608728
PALLAL,150.44332298,-29.97375789
BROOMAN,150.26391579,-35.49003067
BOOERIE CREEK,153.25550473,-28.77786414
MILLERS POINT,151.20418952,-33.85951719
QUEANBEYAN,149.23090484,-35.35301866
TITAATEE CREEK,152.11579262,-32.03436423
NORTH ARM COVE,152.0502681,-32.61785887
MURRAY GORGE,148.10803877,-36.4439891
WHALE BEACH,151.33214458,-33.61313989
EARLWOOD,151.12739633,-33.92466857
SHARK CREEK,153.22126185,-29.57537695
BUDDONG,148.23388546,-35.65876185
WARRAWIDGEE,145.74726632,-34.31565555
TOWRANG,149.8281317,-34.69422235
BABINDA,146.50796543,-31.9271283
EMMAVILLE,151.55583729,-29.38534022
CHILCOTTS CREEK,150.83393277,-31.66844092
HIGHER MACDONALD,150.90016831,-33.17353286
GWANDALAN,151.5821446,-33.13961901
WONBOYN NORTH,149.9089448,-37.20200986
JIMENBUEN,148.84335952,-36.74270885
ELONG ELONG,149.08823395,-32.0829319
JEREMADRA,150.13926503,-35.81439161
STONEHENGE,151.72377903,-29.8344621
MINDARIBBA,151.56755605,-32.64868511
JACKSONS FLAT,152.56225742,-28.83158421
PARKVILLE,150.88225362,-31.9704693
WEST BATHURST,149.56331892,-33.40859312
COONABARABRAN,149.27036206,-31.30948504
JAGUMBA,148.23596468,-36.04249902
FERNANCES CROSSING,151.12183223,-33.0615818
WEST ALBURY,146.88858651,-36.07467173
ERIN VALE,147.53345976,-34.68126552
MARSDEN PARK,150.82773344,-33.70353537
FORDS BRIDGE,145.29504955,-29.70231575
HAMMONDVILLE,150.95951665,-33.95041943
BLUE KNOB,153.19390287,-28.55014333
WALLABADAH,150.87275133,-31.54912308
GREEN VALLEY,150.86713988,-33.90290257
BARANGAROO,151.20158557,-33.8605068
MERINGO,150.13876543,-35.98152303
NEUTRAL BAY,151.21795355,-33.83478699
BIBBENLUKE,149.3131416,-36.81457288
WOODSTOCK,150.40777791,-35.35368847
MOURQUONG,142.16576537,-34.13843122
KARABAR,149.23280089,-35.37594061
HYAMS BEACH,150.685459,-35.10921278
MERRILL,149.25711012,-34.68457897
GURRUNDAH,149.40686503,-34.66987881
LITHGOW,150.15702296,-33.48272179
BILBUL,146.15917925,-34.28165927
YERRINBOOL,150.55887716,-34.34768851
MINNIE WATER,153.26900807,-29.74723074
ALLANDALE,151.41384978,-32.72674629
ANEMBO,149.44796471,-35.77527547
WOOMARGAMA,147.27710935,-35.85775835
WARILLA,150.8588558,-34.55209376
BARRETTS CREEK,152.75077826,-29.36404547
HAWKS NEST,152.21087864,-32.62192871
INVERGORDON,151.72225809,-32.05111764
BUNDAGEN,153.05868862,-30.4132717
BOOKOOKOORARA,152.09146397,-28.78030459
EAST WARDELL,153.48223219,-28.96441765
YARRAWONGA,149.65486736,-32.36709151
MANDAGERY,148.44872932,-33.25711473
MANLY VALE,151.26647293,-33.78293959
KINGSTOWN,151.12553225,-30.50170808
SUMMERLAND POINT,151.56477955,-33.14086076
SPRING PLAINS,149.28609262,-29.92862569
DORA CREEK,151.49714588,-33.075963
UPPER MANILLA,150.66082336,-30.60095615
VERONA,149.80995959,-36.44605729
TAMBAR SPRINGS,149.86950026,-31.40036303
LERIDA,149.33155007,-34.88805249
TINPOT,149.89803467,-36.23788573
KOGARAH,151.13653279,-33.9672867
LAKE WYANGAN,146.02082613,-34.23196407
WILLOW VALE,150.47052068,-34.43208033
POTTERY ESTATE,150.15623695,-33.48723035
COMARA,152.37848301,-30.72976078
KIANDRA,148.47367972,-35.88525785
KHATAMBUHL,151.99267233,-31.75912102
DOG ROCKS,149.61763473,-33.7587483
COOLABAH,146.68668993,-30.98383247
MARKS POINT,151.64816048,-33.05985635
BELMORE RIVER,152.96554709,-31.0913171
PERTHVILLE,149.54979615,-33.49606111
GHOOLENDAADI,149.91206056,-30.95117428
KEARSLEY,151.40073621,-32.84872436
UMINA BEACH,151.31098378,-33.51874349
DUNGARUBBA,153.37468854,-28.99215177
WETUPPA,143.86666312,-35.32891447
ELLENBOROUGH,152.41880455,-31.48168082
LEN WATERS ESTATE,150.85286566,-33.91316779
CUMNOCK,148.69587279,-32.93914143
SOUTH LISMORE,153.2530689,-28.81596065
UPPER ALLYN,151.46072103,-32.1459397
PINE GROVE,148.68683637,-30.8910096
OPHIR,149.24584899,-33.13686298
POTTS POINT,151.22545344,-33.86742606
BARRINGTON TOPS,151.52775364,-31.95886113
HICKEYS CREEK,152.60107698,-30.87830247
RAINBOW REACH,153.00647609,-30.92730993
BAWLEY POINT,150.37927869,-35.51154346
GIRILAMBONE,146.8610743,-31.2351826
NAMBUCCA HEADS,152.98437661,-30.64685588
GRABBEN GULLEN,149.38310624,-34.53086933
BOMBIRA,149.60524412,-32.5717978
MACQUARIE MARSHES,147.63044127,-30.69586408
BROKEN HEAD,153.59208698,-28.72925066
ST CLAIR,150.78463452,-33.79734696
WEDDERBURN,150.82369537,-34.14125844
CONISTON,150.88190646,-34.4380036
CREMORNE,151.22605211,-33.82683246
WADBILLIGA,149.60988191,-36.25385445
MOGOOD,150.19055538,-35.49178243
ARRAWARRA HEADLAND,153.19554839,-30.068217
SALISBURY,151.53704552,-32.16947241
CAPARRA,152.23305432,-31.72131421
ANABRANCH NORTH,141.80191396,-33.29625085
TAREN POINT,151.12550342,-34.01873331
MAYBOLE,151.5724983,-29.90226185
NORTH SHORE,152.90829611,-31.38361416
KELLYS PLAINS,151.6311722,-30.58212262
LAKE ILLAWARRA,150.86264945,-34.54100391
KUNDLE KUNDLE,152.52987834,-31.85308023
WARRIMOO,150.61360516,-33.7218297
SWANHAVEN,150.57255239,-35.18700449
ROBIN HILL,149.53282753,-33.42290613
BOLWARRA,151.57480654,-32.71136184
KITCHENER,151.3646776,-32.88071125
COUGAL,152.98159284,-28.35629846
BULLAGREEN,148.03285281,-31.33319335
MOONPAR,152.64166852,-30.22183852
TERRACE CREEK,152.84009251,-28.4110044
GILLETTS RIDGE,153.1088312,-29.63552301
MORORO,153.20156928,-29.33725434
BEACONSFIELD,151.20053399,-33.91135347
KILLIEKRANKIE,152.5610528,-30.56801028
NUNGATTA SOUTH,149.45402785,-37.2802697
AFTERLEE,152.82378946,-28.57309519
NARADHAN,146.32116823,-33.64508847
BOLARO,148.84668204,-35.92229151
TANTAWANGALO,149.54031147,-36.75042309
DEVILS HOLE,149.64901751,-36.87553813
THE BROTHERS,149.0791412,-36.34287794
BILGOLA BEACH,151.32679446,-33.64448638
ABINGTON,151.23638542,-30.31805948
HAMILTON EAST,151.75477142,-32.92756429
CARLTON,151.12123179,-33.97075495
LOFTVILLE,153.25984633,-28.83749802
WHIPORIE,153.00730072,-29.27265048
CALLAGHAN,151.70371605,-32.89226477
TUMBARUMBA,148.05509545,-35.73242021
HARPERS HILL,151.40915318,-32.69905176
CABARITA BEACH,153.57384542,-28.33834062
WEEMELAH,149.28833601,-29.04438827
GREENFIELD PARK,150.89186749,-33.87460379
OLD BONALBO,152.59372187,-28.64496318
NARRANGULLEN,148.72780217,-35.02109126
BENDOURA,149.67977147,-35.5408565
GURNANG,149.84774609,-34.04542636
RINGWOOD,146.23797022,-35.8747646
LORDS HILL,149.17440512,-36.96618837
PINE VALLEY,149.0625383,-36.24915637
LONG PLAIN,148.58054315,-35.66186092
BOGONG PEAKS WILDERNESS,148.38378228,-35.52302258
CENTENNIAL PARK,151.23360632,-33.89786558
THE LAGOON,149.62228569,-33.54329519
COBRAMUNGA,143.88715812,-35.44133064
MOLONG,148.8618215,-33.09933352
HOSKINSTOWN,149.43040421,-35.40366597
EGLINTON,149.55932493,-33.35640087
YESSABAH,152.6763753,-31.11065639
NORTH HAVEN,152.81364137,-31.63362221
MOOGEM,152.24791099,-29.4527183
MARYLAND,152.04607029,-28.53922312
TANJA,149.95980885,-36.62509783
NORTH WAHROONGA,151.13113204,-33.69770292
LEADVILLE,149.5879768,-32.03764998
SOUTH BOWENFELS,150.10866416,-33.51932055
HERMIDALE,146.62927378,-31.61116049
LOWER PEACOCK,152.57911973,-28.77668206
BUNNALOO,144.55434732,-35.80318371
MILVALE,147.91555085,-34.33333328
TAMINDA,150.90067635,-31.0848969
YANKEES CREEK,149.54740315,-36.48829919
BURRA CREEK,148.00502211,-34.89718939
ROUND SWAMP,149.96727031,-33.06607273
CAMBEWARRA VILLAGE,150.55885269,-34.82259136
MIRRABOOKA,151.55541886,-33.11166213
DOVER HEIGHTS,151.28109975,-33.87338074
RYE PARK,148.91501577,-34.5261049
WARRABAH,150.97163778,-30.50221578
CONCORD WEST,151.09102724,-33.84354268
NULKABA,151.36102913,-32.80192347
CASULA,150.89938781,-33.95248703
BOOMERANG BEACH,152.53487625,-32.33928818
LUSKINTYRE,151.43108519,-32.66306497
EUNGAI CREEK,152.87799925,-30.82344455
DARKWOOD,152.63769033,-30.4292991
BUNDEWALLAH,150.66599365,-34.75034072
HUONBROOK,153.36288781,-28.53745816
COMOBELLA,148.97159197,-32.37060736
WOODSIDE,151.84049376,-29.06684306
BLACKSMITHS,151.65438057,-33.0776347
NORTH STRATHFIELD,151.08869691,-33.85921715
CAMDEN PARK,150.7194061,-34.09415618
TALMALMO,147.43867288,-35.93996386
GLADESVILLE,151.12720692,-33.82810289
HARDYS BAY,151.35473921,-33.5272166
SKILLION FLAT,152.73314759,-31.01038378
MOLLYMOOK,150.46904999,-35.34026765
MIDDLE DURAL,151.01389194,-33.63748579
JINGELLIC,147.6940945,-35.90463995
BEGA,149.8416466,-36.68889921
HILLSBOROUGH,151.47646987,-32.63274607
MALLEE,142.53267419,-34.23421196
THE GAP,147.21279358,-34.95422357
LAGUNA,151.05927719,-33.03707718
TABBITA,145.80561273,-34.1092662
MEGAN,152.77319726,-30.30146888
ULLAMALLA,149.31207541,-32.9930671
OURNIE,147.84809148,-35.94284548
CAPERTEE,150.01021393,-33.12826657
WOLLOMBI,151.15670286,-32.95295913
DUMARESQ,151.54094163,-30.4224843
OOMA,148.05472838,-33.63686078
RICHLANDS,149.79443996,-34.33636752
FOREST LODGE,151.18007931,-33.88135091
LAKE MUNMORAH,151.57355886,-33.19050364
NORDS WHARF,151.60701843,-33.1449659
PHILLIP BAY,151.23257068,-33.97892061
BULLATALE,145.08061133,-35.73839362
PEARL BEACH,151.30558645,-33.54213916
THORA,152.77503967,-30.4345165
BRETTI,151.9032995,-31.78645245
ENDRICK,150.2481413,-35.24068163
BROGO,149.69395969,-36.47663039
WAPENGO,149.97345389,-36.57935147
BUNGONIA,149.95504093,-34.88035939
DEEP CREEK,152.70707757,-30.96778649
ST MARYS,150.77152175,-33.75850423
PROSPECT,150.90017864,-33.81288399
GREEN CAPE,149.99381058,-37.21103695
HILLGROVE,151.96822773,-30.61195723
EDEN CREEK,152.90741526,-28.58506616
WINDSOR DOWNS,150.80830689,-33.65597589
UPPER LANSDOWNE,152.46723836,-31.71023677
SOUTH ALBURY,146.91429286,-36.09724004
VINCENTIA,150.67101557,-35.07435222
BUCKAJO,149.7606975,-36.69278161
BEACON HILL,151.25841668,-33.75240719
TENNYSON POINT,151.11684378,-33.83162452
CORRABARE,151.21876675,-32.95031656
COOPERS SHOOT,153.56916303,-28.69157312
WYONGAH,151.48668267,-33.27174631
JERRABOMBERRA,149.20124081,-35.3833533
KINGSGATE,152.08928078,-29.80057664
FISHERMANS BAY,152.09528852,-32.78518008
KINGSFORD,151.22896394,-33.9251296
SALT ASH,151.92046529,-32.78872866
OATLEY,151.07346727,-33.98386014
LAKESLAND,150.49568167,-34.18487058
POTATO POINT,150.12173141,-36.08947684
CARINDA,147.57272319,-30.3845076
RANNOCK,147.26780996,-34.61298866
CULLEN BULLEN,150.00996211,-33.28038482
MODANVILLE,153.30009599,-28.71913194
JERVIS BAY,150.73500534,-35.05928728
YARROW,149.31039075,-35.46504144
NOMBI,149.74636203,-31.18742661
NEWTON BOYD,152.3232356,-29.72987001
BILGOLA PLATEAU,151.31473641,-33.64456328
SHANNON BROOK,152.9627269,-28.90523981
GLENBAWN,151.01689818,-32.07349507
SPRINGDALE,147.74379818,-34.45929307
WEST KEMPSEY,152.82998264,-31.05982333
CHAELUNDI,152.42859555,-29.97430631
BOUDDI,151.40254179,-33.51674485
NATTAI,150.44786903,-34.0604048
MOUNT FOSTER,147.56763166,-31.19080038
VIOLET HILL,152.32089399,-32.45107666
CLAREVILLE,151.31047768,-33.63628963
KEITH HALL,153.54209431,-28.89135839
MOUNT SEAVIEW,152.19804363,-31.36587321
URALLA,151.51247641,-30.65594853
CARROLLS CREEK,152.09250332,-28.83288961
KERI KERI,143.98366046,-34.77430474
EROWAL BAY,150.6641032,-35.10210118
WYMAH,147.2615518,-35.99394553
CORROWONG,148.76961079,-36.90265275
DELEGATE,148.92097061,-37.02619178
AVONDALE,150.74483539,-34.5239469
ARKSTONE,149.65746434,-34.04031418
UPPER ROLLANDS PLAINS,152.61333362,-31.23139148
WEISMANTELS,151.92057012,-32.25827849
SOUTH GRAFTON,152.93879607,-29.72805476
BROULEE,150.15398983,-35.85302074
COLLOMBATTI,152.80730272,-30.95863179
BERMAGUI,150.03953782,-36.43165371
CORANG,150.12903285,-35.2105624
WOLLEMI,150.45180678,-32.94942096
BOOK BOOK,147.54535157,-35.3335131
LITTLE BACK CREEK,153.0452474,-28.61264952
MULLALEY,149.91111735,-31.15005828
SUMMER HILL CREEK,149.15388342,-33.20668255
BUNGARBY,149.02510012,-36.68894135
MOUNT GEORGE,152.1998573,-31.86748289
NGARIGO,148.37744689,-36.453635
WOMBOOTA,144.55865773,-35.90188215
CAVES BEACH,151.64391801,-33.10664614
ELLALONG,151.31577243,-32.93153267
KERRIGUNDI,145.27813482,-31.00902752
WOOLLAMIA,150.63916002,-35.01429547
MYSTERY BAY,150.12617099,-36.3105061
THIRLDENE,150.90725939,-30.33219902
MARAGLE,148.19116918,-35.91397503
LAKE CONJOLA,150.46973939,-35.271271
JAUNTER,149.91600072,-33.98555472
CATHCART,149.42990504,-36.85776759
FROG ROCK,149.68211777,-32.46962326
SWAN VALE,151.46634454,-29.77333503
GIBBERAGEE,153.09646646,-29.28075605
MCCULLYS GAP,151.00081944,-32.20694145
BERALA,151.03372682,-33.874403
CABARITA,151.11613421,-33.84734641
EUNGAI RAIL,152.88821182,-30.85967709
KILLABAKH,152.40332104,-31.71858249
TALLONG,150.16160821,-34.75900553
SOUTH TURRAMURRA,151.10830832,-33.75236103
WAMBAN,149.97894427,-35.97672341
KORALEIGH,143.44047772,-35.12855727
WILLURAH,145.10768877,-34.96959599
RUSSELL VALE,150.89528684,-34.35564757
FERNBROOK,152.61686614,-30.34489423
WILLAWARRIN,152.63086251,-30.9383236
WEST PYMBLE,151.12999163,-33.76422067
TOORAWEENAH,148.93789304,-31.48361943
PAGANS FLAT,152.56768597,-28.94674298
COLLECTOR,149.41937241,-34.931966
COROWA,146.35833993,-35.9939765
CLYDESDALE,151.21189191,-32.56998154
NUMBER ONE,152.05658807,-31.72095279
TUGGERAWONG,151.47480369,-33.28183567
PAMPOOLAH,152.51030723,-31.93689196
SALISBURY PLAINS,151.59395199,-30.79473149
QUEANBEYAN EAST,149.24645906,-35.34559091
BRIMBIN,152.47229703,-31.85060083
GLENROY,147.88271657,-35.7486
TOCUMWAL,145.50775778,-35.78036908
BURONGA,142.18931163,-34.16013419
WARDS RIVER,151.93903106,-32.20775701
OTFORD,151.0023783,-34.20684753
BAGO,152.66717429,-31.5117278
ASQUITH,151.11635363,-33.68713644
LOWER BOTTLE CREEK,152.60401155,-28.81813256
MATONG,146.91123029,-34.76296486
TIANJARA,150.31477119,-35.14019437
WARROO,147.54218376,-33.33889841
BREWONGLE,149.68997069,-33.4744507
DOYLES RIVER,152.12255904,-31.45150478
MAROUBRA,151.24455428,-33.94403349
TIBOOBURRA,141.98350361,-29.3642838
PADDYS RIVER,150.12700847,-34.62760598
PREMER,149.92403122,-31.47381787
HAMLYN TERRACE,151.47087509,-33.25407366
ECCLESTON,151.48478087,-32.25580013
DAVISTOWN,151.36134834,-33.48509902
BUNDELLA,149.98259517,-31.63292175
GUNDAMULDA,150.7158569,-30.24946252
GREEN HILLS,148.02925281,-35.54627025
HERNANI,152.41351017,-30.30932812
RAPPVILLE,152.94834496,-29.06844647
ANGUS,150.83628995,-33.67958396
BONNYRIGG,150.88896601,-33.89354456
HALLSVILLE,150.87413719,-31.01108174
TANILBA BAY,151.98618647,-32.74245
HILL TOP,150.48656612,-34.34686815
TERMEIL,150.35204383,-35.47674616
DOUGLAS PARK,150.71246723,-34.18828441
TURA BEACH,149.92444478,-36.86038043
OXLEY PARK,150.79528236,-33.77078087
MITTAGONG,150.48683207,-34.46168467
PRETTY BEACH,151.34881746,-33.52724633
RIVERLEA,149.73642055,-32.68370595
SLEEPY HOLLOW,153.51845973,-28.41629686
MARRANGAROO,150.14133782,-33.4260165
KANWAL,151.48477848,-33.26279594
STRATFORD,151.95475147,-32.11482109
SANDY CREEK,145.43656492,-31.91943155
JEREMY,149.53149034,-33.98538875
ENMORE,151.17080299,-33.8999844
CRACKENBACK,148.51153577,-36.44003407
VALLA BEACH,153.00775392,-30.58923368
KNORRIT FLAT,152.10923912,-31.83548225
COPPERHANNIA,149.22133,-33.87691156
WERMATONG,148.30462688,-35.37847712
DORROUGHBY,153.35941856,-28.65821097
WEEDALLION,147.8844335,-34.20067249
NORTH NAROOMA,150.09928162,-36.209022
DARLINGTON POINT,145.86605018,-34.59572331
BENEREMBAH,145.84525798,-34.43036667
MADDENS PLAINS,150.94589548,-34.25778223
BACK CREEK,147.46052181,-33.86445813
ST IVES,151.17232294,-33.72499872
SOUTH COOGEE,151.2546664,-33.93245234
LOCKSLEY,149.80011667,-33.51382758
GORGE CREEK,152.71593308,-28.73330521
YAVEN CREEK,147.94120096,-35.47639749
FRENCHS FOREST,151.22440046,-33.74819139
KINCUMBER SOUTH,151.37810074,-33.48290365
KEMBLA HEIGHTS,150.8076648,-34.4288858
BREELONG,148.79489153,-31.81156691
WOG WOG,150.05385966,-35.26402742
TALLOWWOOD RIDGE,152.72397627,-30.26113759
CHIFLEY,151.23971079,-33.96947346
PEAK VIEW,149.39946899,-36.03165044
KUNDABUNG,152.820742,-31.20045352
YANCO,146.40194127,-34.62477062
NEWEE CREEK,152.92734606,-30.63158749
COLYTON,150.79688447,-33.78287342
PUTNEY,151.10641942,-33.82619105
BROADMEADOW,151.73318363,-32.92468803
CUDGEGONG,149.78929515,-32.75950596
MOUNT ANNAN,150.76231874,-34.06599411
MOUNT KINGIMAN,150.34199045,-35.33898378
NELSONS PLAINS,151.71962781,-32.72186759
APPLE TREE FLAT,149.70651195,-32.68036328
WOLLI CREEK,151.15288577,-33.93148473
OBLEY,148.4642484,-32.69190347
GINGHI,150.04963371,-32.59052776
CROWS NEST,151.20365425,-33.82577516
SHOAL BAY,152.17500759,-32.72572274
CLEAR RANGE,149.11615579,-35.69974812
BLAND,147.63469131,-34.01125302
MOOKERAWA,149.16630538,-32.79211924
PENROSE,150.2117028,-34.66376717
LIBERTY GROVE,151.08392037,-33.84120484
MOUNT WERONG,149.9450653,-34.09164951
WOODENBONG,152.58992235,-28.37143565
SWAN CREEK,153.00200961,-29.66928826
SNOWY PLAIN,148.5221546,-36.15195015
MORTLAKE,151.10614163,-33.84095476
TOONUMBAR,152.76100839,-28.52970887
KINGS PARK,150.90778533,-33.74349401
RICHMOND VALE,151.49718842,-32.86515367
WARRI,149.67838148,-35.32724658
AARONS PASS,149.8029169,-32.87909685
CURL CURL,151.28968149,-33.76909684
NERRIGA,150.0699272,-35.09671852
DARLINGHURST,151.21946667,-33.87790144
TUNTABLE CREEK,153.26222611,-28.62917137
TARAGO,149.55832213,-35.10749086
MAGENTA,151.53507295,-33.30021648
MITCHELLS ISLAND,152.61786588,-31.90236504
JIGGI,153.18637185,-28.69484059
HARRINGTON,152.66646366,-31.86320887
ABBOTSBURY,150.86117509,-33.87008238
THARBOGANG,145.94635813,-34.26438441
BOOMANOOMANA,145.84249524,-35.89131954
ANABRANCH SOUTH,141.69025869,-33.71577384
MATHOURA,144.86233488,-35.80902154
SHALVEY,150.8066999,-33.72754366
BRONTE,151.26401947,-33.90411959
WINGELLO,150.17915908,-34.70069296
VERGES CREEK,152.89746669,-31.08677103
WATTLE RIDGE,150.4274097,-34.28319058
TRENTHAM CLIFFS,142.26005759,-34.24341114
WINDELLA,151.47906061,-32.69166835
WASHPOOL,151.9205915,-32.36949457
RICHARDS,150.84877455,-33.66418075
VALLEY HEIGHTS,150.5844591,-33.70996769
ORTON PARK,149.57299763,-33.46851034
ROSEWOOD,152.68551716,-31.45760805
BREADALBANE,149.44751866,-34.79838452
RED HILL,150.63411843,-30.49369946
KIOLOA,150.37425834,-35.54860414
TERREY HILLS,151.21937438,-33.68945119
GLEN FERGUS,149.24738252,-36.21529888
PEMBROOKE,152.7511966,-31.37396903
WORONORA DAM,150.93544005,-34.16314202
BOTOBOLAR,149.82233385,-32.52635508
TYRINGHAM,152.51296854,-30.24721548
TUROSS,149.47330147,-36.27550655
BEGGAN BEGGAN,148.29267661,-34.64537112
ERSKINE PARK,150.7977707,-33.81299055
MELLONG,150.74125467,-33.11079338
BOSSLEY PARK,150.88403074,-33.86193826
LAURIETON,152.79520254,-31.64439227
ORIENT POINT,150.74520814,-34.91119337
CURLWAA,141.98047248,-34.1014774
COOPERNOOK,152.61748849,-31.82856085
ROSEWOOD,147.85176289,-35.65285232
BOLONG,150.64666452,-34.83931688
CROOM,150.80782333,-34.59380097
BOSTOBRICK,152.6019507,-30.27935404
NIMMO,148.62762986,-36.17871221
TERREEL,152.04431732,-32.22047936
WOOLLAHRA,151.24379537,-33.88690686
HAYES GAP,149.73421386,-32.56396494
WALCHA ROAD,151.42100488,-30.92686336
BROOMS HEAD,153.29117301,-29.61898845
SOFALA,149.70007392,-33.05882462
RAWDON ISLAND,152.78381203,-31.41904635
CAWONGLA,153.09027947,-28.60285358
DUFFYS FOREST,151.18966893,-33.67375403
MANDALONG,151.42236582,-33.12875921
BALALA,151.29912862,-30.62031081
LAKEWOOD,152.76556094,-31.63497562
BIALA,149.26054635,-34.59579971
LINDESAY CREEK,152.63708122,-28.33434213
INGLEBURN,150.86328104,-34.00453994
DOORALONG,151.36760354,-33.17560747
WYBONG,150.65553406,-32.27161969
YALWAL,150.36148921,-34.95624795
COLEAMBALLY,145.85807539,-34.79246443
DEE WHY,151.28974493,-33.7519063
BILLILINGRA,149.11453852,-36.01939698
BARRACK HEIGHTS,150.85446811,-34.56315062
WANDANDIAN,150.49703344,-35.08264229
MOSSY POINT,150.17758379,-35.8315952
BREAM BEACH,150.66158273,-35.10919898
MILA,149.15987132,-37.04981445
BOOKRAM,153.22991409,-29.72189764
BULLDOG,152.49499426,-29.03549649
CRANEBROOK,150.70941319,-33.70604476
NORTH BATEMANS BAY,150.19009576,-35.68609072
QUANDIALLA,147.77474198,-34.01579635
MUTTAMA,148.13429939,-34.80202845
SURFSIDE,150.19968527,-35.6954974
HANWOOD,146.02507119,-34.35313099
BATEMANS BAY,150.16091078,-35.70530454
MOUNT PRITCHARD,150.90317791,-33.90291797
BALLYROE,149.57094381,-34.0483978
OAKLANDS,146.12215098,-35.51480175
BIELSDOWN HILLS,152.67031245,-30.36839913
ELLANGOWAN,153.07915758,-29.0309723
BENOLONG,148.67002505,-32.50833675
OXLEY ISLAND,152.56948658,-31.91578162
MYALL PARK,146.13552843,-34.10629118
GIRVAN,152.06375484,-32.47447942
CURLEWIS,150.25829988,-31.1819857
BARRACK POINT,150.86972671,-34.56295839
MANGERTON,150.87254059,-34.43264323
HARTWOOD,145.34933185,-35.34315969
PYANGLE,149.93328539,-32.61936829
RUTHVEN,153.27290999,-28.92882957
WYAN,152.87122324,-29.06241982
LAKE BURRENDONG,149.1434222,-32.65716879
HAMILTON,151.74526827,-32.92235716
LAGOON GRASS,153.32127178,-28.7932464
YARRAWONGA PARK,151.54690024,-33.10028615
GEARYS FLAT,152.57611983,-31.17139079
MALLAN,143.76136655,-35.10472623
KOTARA,151.69766585,-32.943255
WHEEO,149.27865724,-34.51334004
MALONEYS BEACH,150.25421716,-35.69942882
DOONSIDE,150.87098915,-33.76143646
STRATHCEDAR,152.36385633,-31.76955558
UPSALLS CREEK,152.64720205,-31.63019409
FAR MEADOW,150.70227595,-34.82578965
LOWER LEWIS PONDS,149.25426141,-33.20414424
PROVIDENCE PORTAL,148.6152588,-35.94973732
BRUCEDALE,147.42918338,-35.00821257
CORBIE HILL,146.50278222,-34.54281171
YERONG CREEK,147.0641497,-35.38862024
STATE MINE GULLY,150.20517261,-33.44812301
GOARRA,151.02859614,-34.07903348
STUD PARK,144.9487724,-35.37442045
WOOLGARLO,148.72134802,-34.87866096
PURLEWAUGH,149.6011264,-31.34539452
BLACK CREEK,152.63858502,-31.58584209
GABLES,150.90780957,-33.62748722
CLONTARF,151.25602641,-33.80686158
PAGEWOOD,151.21723187,-33.93798107
FASSIFERN,151.57747506,-32.98193949
BELLIMBOPINNI,152.8989077,-31.00577074
DUMARESQ ISLAND,152.51046814,-31.90899044
BARRINGUN,145.71223453,-29.00933862
BEECHWOOD,152.67193,-31.43782922
WEST WYALONG,147.10800641,-33.87494579
LINDIFFERON,145.18496301,-35.40970334
POINT WOLSTONCROFT,151.58672248,-33.12162735
BERAMBING,150.44925713,-33.53495376
EASTGARDENS,151.22575697,-33.94511745
ELRINGTON,151.43072627,-32.86532578
FRAZER PARK,151.61772257,-33.18417658
DILPURRA,143.70140773,-35.18581069
NERONG,152.17688659,-32.53173942
TOMALLA,151.47979034,-31.82409437
NULLAMANNA,151.2355084,-29.62408038
MONGA,149.90983011,-35.55524437
BUCKENBOWRA,149.98595409,-35.66987815
ARDGLEN,150.7880613,-31.72667784
BROOKVALE,151.26973496,-33.76334889
WALLACETOWN,147.47229174,-34.97482351
RIXS CREEK,151.13443336,-32.52134646
ELDERSLIE,150.71475236,-34.05673734
CRAVEN,151.89734692,-32.14298076
PADDINGTON,151.22839912,-33.88379538
RICHMOND HILL,153.34655947,-28.78805517
BOMBO,150.85233602,-34.65351088
HAVILAH,149.76660862,-32.62783304
MALDON,150.63725475,-34.19854503
BALRANALD RESERVE,143.54300649,-34.63768672
BARWON FOUR,146.85677647,-29.94716692
BELLBROOK MISSION,152.52247566,-30.80435742
BARYULGIL,152.59945586,-29.22074742
THE BLOCK,151.19995453,-33.89008732
BOONA ROAD,147.15058711,-33.06975897
BOWRAVILLE MISSION,152.84789564,-30.65506745
BOX RIDGE RESERVE,153.26959581,-28.99771748
BRUNGLE MISSION,148.23500571,-35.15058707
CABARITA,152.51700548,-32.18838743
CABBAGE TREE,153.45600579,-28.9837875
COLLARENEBRI RESERVE,148.5712163,-29.55611705
COOMADITCHIE,150.89472539,-34.49082729
CORINDI,153.20238268,-30.02056148
KARUAH ABORIGINAL RESERVE,151.96100549,-32.64728738
BREWARRINA WEST,146.84535647,-29.95819692
ENNGONIA RESERVE,145.85400666,-29.31498684
ERAMBIE,148.6770058,-33.84538709
GARLANDTOWN,150.13300532,-35.90478723
GOODOOGA RESERVE,147.44520648,-29.10336696
GINGIE RESERVE,148.07448131,-29.98910402
GREENHILL,152.80900559,-31.05988745
GUNDURIMBA RESERVE,153.27200583,-28.82908748
GUNNEDAH HILL,149.27199602,-31.26687712
HILLCREST,153.20583576,-29.46728748
CUMMERAGUNJA,144.96100613,-36.02908683
MURRIN BRIDGE,146.3720062,-33.21498691
NANIMA RESERVE,148.9851959,-32.57926511
PURFLEET,152.46700552,-31.94308742
THE MALLEE,143.38300678,-31.55028669
MEHI CRESCENT,149.82000616,-29.46948716
MULI MULI,152.58430596,-28.41818741
MOONACULLAH,144.64710624,-35.3829868
NAMATJIRA,142.07115676,-34.09914663
NYGURU VILLAGE,153.36300574,-29.44678749
ORIENT POINT,150.75100536,-34.90878728
PEAK HILL MISSION,148.185659,-32.72098704
THREE WAYS,146.02578414,-34.27217089
TOOMELAH,150.47920617,-28.67018721
MIRRIWINNI GARDENS,152.49800568,-30.69908742
NEW MERINEE,142.07900676,-34.09965663
WALLAGA LAKE,150.06900527,-36.35408723
WALHALLOW RESERVE,150.42000585,-31.39418723
WARRALI MISSION,143.38200678,-31.56488669
WAMBA WAMBA RESERVE,143.56566242,-35.33530573
WILLOWBEND RESERVE,147.1620521,-33.09246097
NAMOI VILLAGE,148.11600631,-30.00958702
CRESCENT HEAD,152.97088555,-31.19371747
BELLWOOD,152.98212562,-30.65474747
LA PEROUSE RESERVE,151.23300541,-33.98408732
JUBULLUM VILLAGE,152.52707591,-28.89364741
MALABUGILMAH,152.62651386,-29.18126942
STANLEY VILLAGE,149.86200615,-29.47628716
SUMMERVALE,151.64500575,-30.97488734
WEILMORINGLE,146.92100653,-29.24968692
ALICE EDWARDS VILLAGE,145.92000658,-30.08588685
TOOROOKA,152.54592135,-30.89918439
STONY CREEK,149.72993407,-32.47519854
GALORE,146.82769171,-34.9859086
CAMDEN HEAD,152.83108351,-31.64364734
JUNEE,147.5805335,-34.86516527
SILVERDALE,150.59171362,-33.92857715
MANGOPLAH,147.251138,-35.40120316
EUROLEY,146.30212209,-34.71003794
HUMULA,147.75229473,-35.48124764
EMPIRE BAY,151.36950071,-33.5014218
BANNISTER,149.49127686,-34.60635294
WANAARING,143.88290522,-29.58248964
MERRYGOEN,149.28427609,-31.80703632
BULAHDELAH,152.17877654,-32.3842227
WHITTON,146.14160521,-34.54756949
HEATHCOTE,150.97965413,-34.10471501
FINE FLOWER,152.65513978,-29.38459722
DUNOON,153.32540646,-28.6690312
SANDON,153.31307368,-29.68935016
ALFORDS POINT,151.02516948,-33.98572924
COOLUMBURRA,150.1050766,-35.04793053
WEST BUNGAWALBIN,153.11912405,-29.1354086
TERIDGERIE,148.79835222,-30.91195433
GLEN WARD,151.6570492,-31.82215979
DAIRYMANS PLAINS,149.05660137,-36.21362431
MURRUMBURRAH,148.32273749,-34.54621191
HOWES VALLEY,150.83479749,-32.81143147
NORTH TURRAMURRA,151.15327563,-33.68821374
BANOON,150.4070684,-30.5272329
NUBBA,148.23969623,-34.512587
SPRING RIDGE,150.22034011,-31.39049474
NEWBOLD,152.69599491,-29.51904633
SPICKETTS CREEK,152.87135867,-30.54554406
LARRAS LEE,148.87673533,-32.96261501
BOWMAN,151.81827105,-31.93056822
DAIRY FLAT,152.70910434,-28.37647025
MCGRATHS HILL,150.84165997,-33.6127855
CARWELL,149.90341945,-32.84093402
WAGGA WAGGA,147.35984241,-35.10815905
BERRIGAN,145.82785647,-35.64562199
ALSTONVALE,153.44407383,-28.79373221
MYRTLE MOUNTAIN,149.68728965,-36.85125108
NORTH CURL CURL,151.29073045,-33.76315759
THE BRANCH,152.04320113,-32.55084621
LLANARTH,149.55119304,-33.39688095
WOY WOY,151.29601886,-33.50114444
OXLEY,144.05987268,-34.02947215
HARTYS PLAINS,152.62858024,-31.476368
MAGOMETON,148.64745634,-31.02252271
LIMERICK,149.4739083,-34.21273486
MOONAN BROOK,151.35727605,-31.95203933
JACKS CREEK,149.73951793,-30.4977282
COLINROOBIE,146.57432,-34.45814083
NEW BUILDINGS,149.55915618,-36.96113175
GRAFTON,152.93366329,-29.68168587
BOEILL CREEK,142.1057063,-34.15373576
BRIL BRIL,152.55769121,-31.27861202
MOGRANI,152.03185865,-32.02848312
CARRAI,152.2336519,-30.83285939
MILKERS FLAT,149.40181129,-33.279722
EMPIRE VALE,153.51886001,-28.92166464
TENANDRA,147.88509397,-31.57730637
TOUGA,150.11009441,-34.92719115
REVESBY HEIGHTS,151.01943529,-33.96981159
MILLAH MURRAH,149.61157987,-33.18001302
EDENSOR PARK,150.87774111,-33.87972125
LUGARNO,151.04485669,-33.98335669
BERRY JERRY,147.24651244,-34.70682415
CLARENCE,150.2197702,-33.47401965
WOMBAT,148.23743382,-34.4251812
MIHI,151.69421424,-30.71829867
ROCKY GLEN,149.53476475,-31.08470134
MORUYA HEADS,150.1400805,-35.92629792
GOWAN,149.3526558,-33.14985166
KIANGA,150.07560927,-36.18373975
CHISWICK,151.13850037,-33.8499193
WANDOOK,145.02970588,-35.42338603
FARRANTS HILL,153.48548688,-28.31851514
CATALINA,150.18528338,-35.73026241
BAGOTVILLE,153.41277774,-28.97549211
WYALONG,147.30012701,-33.9176713
FAIRHOLME,147.37580602,-33.29881028
BUREEN,150.735589,-32.46911618
BEMBOKA,149.56349207,-36.60523094
ARNDELL PARK,150.88308373,-33.79049444
SCHOFIELDS,150.86709276,-33.70273895
MYOLA,150.6763421,-35.02269783
YEOVAL,148.60450446,-32.76593864
THE SANDON,153.29482057,-29.66521046
GONGOLGON,146.87128818,-30.45327096
MANGOOLA,150.72884091,-32.31821217
ADAMINABY,148.78487252,-36.01164403
COORANBONG,151.46391251,-33.05006822
COOLAC,148.21188895,-34.91040845
FREDERICKTON,152.86042449,-31.02580752
EUABALONG WEST,146.39597213,-33.05715077
ACACIA CREEK,152.31906685,-28.37626046
THE RIDGEWAY,149.26086626,-35.33885279
MOUNT ADRAH,147.90150772,-35.21573369
GOONOO GOONOO,150.9126677,-31.29152262
LITTLETON,150.13960589,-33.49543065
WYLIES FLAT,151.12194827,-32.58272886
OOLONG,149.17456658,-34.79224177
DOCTORS GAP,150.1776823,-33.4916727
NEWINGTON,151.05478986,-33.83867208
SPRING MOUNTAIN,151.49629138,-29.82819436
WIRRINYA,147.72574086,-33.62854695
ELLIS LANE,150.67825212,-34.03287898
MATRAVILLE,151.23276899,-33.96303372
MOUNTAIN TOP,153.17969212,-28.61710647
DAWES POINT,151.20697647,-33.85595232
PORT BOTANY,151.21646491,-33.97585404
JERSEYVILLE,153.03155691,-30.9209038
TARA,147.16066359,-34.49352735
GREENHILLS BEACH,151.16361525,-34.0359874
SIX MILE SWAMP,152.8583221,-29.18883317
REIDSDALE,149.84013476,-35.55394186
METFORD,151.60907379,-32.76568698
FERN GULLY,151.20154553,-32.5502938
MOUNT WARRIGAL,150.84280295,-34.54983373
WINDY,150.40547858,-31.62473183
JINGERA,149.44562703,-35.67289809
HOWELL,151.04251474,-29.93418101
MOUNT ROYAL,151.29201961,-32.21053282
NORTH YEOVAL,148.67322058,-32.72301661
GRANTHAM FARM,150.87310707,-33.66313702
DONNELLYVILLE,152.91658133,-30.75531868
BALGOWLAH HEIGHTS,151.26514871,-33.80685532
WOOLOWEYAH,153.3155835,-29.48760991
DALWOOD,151.41491342,-32.62685642
HOLLYDEEN,150.62179958,-32.32446256
REDDESTONE,151.66619946,-29.58194169
OBANVALE,151.15956932,-32.5143868
PANGEE,146.76785127,-32.01084483
BALMAIN EAST,151.192942,-33.85728399
ENGLORIE PARK,150.79607131,-34.08048328
KYLE BAY,151.09973614,-33.99066877
WOLLUN,151.44631141,-30.84876178
CLYDE,151.02208191,-33.83306406
MORTS ESTATE,150.16776579,-33.46773494
PACKSADDLE,142.17149739,-30.44174141
SIMPKINS CREEK,152.76900575,-28.84068891
SURRY HILLS,151.21202333,-33.88565174
MOUNT COOPER,149.20350451,-36.65262601
CAMIRA,152.94134105,-29.21533791
TOMEWIN,153.37966493,-28.25108481
CUNNINGAR,148.44069867,-34.55463612
MOUNT KEMBLA,150.82174528,-34.42958704
MULLENGANDRA,147.18218146,-35.89723122
MOUNT OLIVE,149.93399228,-33.60520286
BOMBAY,149.65466882,-35.43371128
BIDGEEMIA,146.46169537,-35.3943526
CENTRAL MACDONALD,150.97300028,-33.33547436
CARRS ISLAND,152.91213898,-29.67115981
MILROY,150.04765886,-31.14199648
INVERGOWRIE,151.50696466,-30.51198395
MOUNT PLEASANT,150.8678511,-34.39582654
LAVADIA,153.06920939,-29.71461951
DARLINGTON,151.1930756,-33.89064653
NEATH,151.4155982,-32.82247313
ST CLAIR,151.27075849,-32.36204138
HABERFIELD,151.13997013,-33.87795202
TOCAL,151.5585096,-32.61763099
MAFFRA,148.97284591,-36.54087941
BREAKFAST POINT,151.11077163,-33.8427602
TEN MILE HOLLOW,151.08592718,-33.32401562
YIPPIN CREEK,152.71132176,-31.45578329
COOKS GAP,149.71169828,-32.35567672
FARMBOROUGH HEIGHTS,150.81491508,-34.45599458
TUMUT PLAINS,148.27119397,-35.34110642
DAROOBALGIE,148.16404044,-33.31127957
NIMBIN,153.23810649,-28.58021457
COOKS HILL,151.76793689,-32.9330892
KENTUCKY SOUTH,151.45968999,-30.80398889
WOOLLOOMOOLOO,151.21927633,-33.87159485
BANGADANG,147.9848005,-35.27328511
MYUNA BAY,151.538158,-33.05563459
MARCH,149.07864097,-33.2118286
TALOUMBI,153.27150117,-29.54941446
SAUMAREZ,151.58936947,-30.57625802
BONNY HILLS,152.81908739,-31.58507144
CURRARONG,150.82137529,-35.01582104
CAROONA,150.40604431,-31.38685133
MOUNT KURING-GAI,151.13633103,-33.64637822
GIRRAWEEN,150.94445999,-33.80025025
LOSTOCK,151.43447159,-32.32170221
WRIGHTS CREEK,151.04502639,-33.30130745
ATTUNGA,150.81744871,-30.91125297
PINNACLE,147.94307976,-33.74002009
GREEN POINT,152.51837213,-32.24966727
FRENCH PARK,146.92828782,-35.25912574
WHITE CLIFFS,143.11996397,-30.26101312
MOUNT PANORAMA,149.55260067,-33.4512001
CURRAMORE,150.76487019,-34.623109
GREENLEIGH,149.25332918,-35.36712854
STEWARTS MOUNT,149.51851628,-33.4001407
NERICON,146.03552215,-34.17805288
CURRAGH,149.2129766,-33.95430081
THE JUNCTION,151.75995833,-32.93810435
NURENMERENMONG,148.29246417,-35.79647962
QUEENS PARK,151.24712973,-33.89939895
EMERTON,150.806445,-33.74409677
OSWALD,151.4204293,-32.69696859
BARWANG,148.4641465,-34.43965522
BUNGARRIBEE,150.86519039,-33.77970476
SUNSET STRIP,142.32587618,-32.27542386
MOUNT AQUILA,149.17564592,-32.83256584
OLD MILL,151.1988858,-29.89857148
GELSTON PARK,147.34608327,-35.24315865
COURIDJAH,150.55455916,-34.23651575
NARWEE,151.0693315,-33.9465498
THE ROCK,147.11868802,-35.27043438
BEN BULLEN,150.03613277,-33.23045783
CARABOST,147.71733187,-35.61214862
GOL GOL,142.22490475,-34.16690221
CLIFTON,150.96818287,-34.258345
QUEENSCLIFF,151.28540806,-33.78288124
TINTINHULL,150.99831846,-31.07578175
CARAGABAL,147.67654154,-33.83409618
MALLABULA,152.01336739,-32.73277463
LEEVILLE,152.99561186,-28.95607299
WINGHAM,152.35579036,-31.85807707
FALCONER,151.7337904,-30.16947179
ROCKY RIVER,152.30688137,-29.18542545
MASCOT,151.18238468,-33.9405189
AVISFORD,149.48078437,-32.74842031
NELSON,150.92137837,-33.64627685
ACACIA GARDENS,150.91379428,-33.73350269
WRATHALL,146.89071954,-35.36398051
TWIN RIVERS,150.68841826,-28.70519737
MCCARRS CREEK,151.27611412,-33.6434008
MENINDEE,142.71954914,-32.44149808
CODRINGTON,153.23951455,-28.95735655
PERRYS CROSSING,150.97838193,-33.16399456
WINDELLAMA,149.91374808,-35.01377798
BURRA,149.22353574,-35.55936156
MOORARA,142.65312502,-33.02879335
LINLEY POINT,151.14938304,-33.82730209
TEWINGA,152.90257962,-30.64438497
ROCKY POINT,151.46981572,-33.29341468
