Locality,Longitude,Latitude
IBIS,145.06492634,-23.08159317
SUNNYSIDE,149.09980906,-21.36810488
ERNESTINA,143.94697443,-23.72095949
EVORA,145.54068838,-24.04381896
HOBARTVILLE,146.38066406,-23.35593551
MANEROO,143.70186438,-23.50323871
GARFIELD,145.97478828,-23.25829911
GLADSTONE HARBOUR ISLANDS,151.32097069,-23.80907125
PRESTON,151.97120507,-27.66004633
LOCKHART,143.57794308,-13.18189856
CITY,153.02611603,-27.46776745
THE CAPE,145.16382891,-20.45901305
THE GEMFIELDS,147.79693345,-23.53014259
MORELLA,143.85525259,-22.99803761
UPPER CORNISH CREEK,145.2649307,-22.21416442
UNNAMED LOCALITY,152.82994712,-25.22049657
WOOROONOORAN,145.80116539,-17.3812061
ARGOON,150.44532297,-24.22089327
GREEN ISLAND,145.97439234,-16.75896247
BULLAWARRA,143.33656099,-27.99364803
CANNON CREEK,152.72932211,-28.0787082
GREENMOUNT,151.89129349,-27.77679908
SCRUBBY CREEK,145.73910461,-25.56805626
CRIMEA,146.67131969,-19.77238166
DYNEVOR,144.13341921,-28.29584798
MUD ISLAND,153.25020149,-27.33647608
MISTAKE CREEK,146.90612294,-22.76218499
TABLEDERRY,144.51064715,-22.39470312
NARBETHONG,145.62632839,-23.80875671
RED HILL,150.64497155,-26.64399716
PORT WINE,147.05965472,-23.8460501
HOME CREEK,145.23713008,-23.98376953
GOODGER,151.82364364,-26.65848833
GOOROOLBA,151.80121248,-25.51886098
EGYPT,152.1007541,-27.67711509
O'BIL BIL,151.25362794,-25.52629085
MOWBRAY,145.48948083,-16.59724303
BLANTYRE,152.68121223,-27.90136295
TRUNDING,141.87452741,-12.6350814
SUNNY NOOK,151.88721003,-26.11517582
PILE GULLY,151.48751086,-25.75691728
WOODMILLAR,151.57857095,-25.67887592
AMIENS,151.81264088,-28.60156808
PRINCE OF WALES,142.19104518,-10.71405973
CROSSDALE,152.57737076,-27.14910854
WALMUL,150.36685135,-23.71924694
BAREE,150.38980507,-23.61966768
AUBIGNY,151.66509113,-27.50891115
AVENELL HEIGHTS,152.36774015,-24.88959256
MOUNT LARCOM,151.00858719,-23.76140401
PIONEERS REST,152.56780593,-25.66531512
RITA ISLAND,147.54245314,-19.63648386
BON ACCORD,151.66413185,-25.57746434
LARAPINTA,153.00947677,-27.64158644
PINE CREEK,152.16493398,-25.02887875
WORONGARY,153.33740746,-28.04074515
TEEBAR,152.20487717,-25.66418838
CAMPBELL CREEK,151.70773768,-25.66615267
COBBS HILL,151.90932004,-26.05442652
DUMBLETON,149.07756043,-21.13195912
PINE HILL,147.10532852,-23.50602798
DRUMMONDSLOPE,146.56764605,-24.07833082
HERVEY BAY,152.83000633,-25.22048741
VERGEMONT,143.19197565,-23.5521476
ASCOT,151.998526,-27.82684587
UPLAND,145.6184165,-22.62114208
DUNROBIN,146.09948037,-22.77103238
INGBERRY,145.46356007,-23.24623989
SMOKY CREEK,150.35432319,-24.08936176
PATRICK,145.28196774,-23.75517011
ASCOT,151.9968243,-27.8252754
MOTLEY,151.61183229,-27.54255439
ASHWELL,152.55652964,-27.62536692
BELVEDERE,145.9891622,-17.52514612
MOONDOONER,152.02085259,-26.24333046
NAHRUNDA,152.61916987,-26.20609397
ALLINGHAM,146.30000753,-18.68331679
RUNNING CREEK,152.90656727,-28.28255172
JINDALEE,152.93820814,-27.53397689
LYONS,152.86491072,-27.77265291
BROOWEENA,152.25792804,-25.57602965
NUDGEE BEACH,153.09605847,-27.34927441
GARBUTT,146.76634187,-19.25871219
CARPENDALE,152.15252107,-27.58700655
TIN CAN BAY,152.94940288,-25.88008712
SANDSTONE POINT,153.1348613,-27.07721212
FASSIFERN VALLEY,152.60697844,-27.97187462
MALU,151.58601504,-27.31468635
KALBAR,152.61224946,-27.93774993
SIMMIE,148.61175907,-25.73478696
BARLIL,151.88769096,-26.20256844
DEVON PARK,151.68093809,-27.37073617
WIDGEE CROSSING NORTH,152.62089465,-26.18516522
AITKENVALE,146.76969101,-19.29952138
WIVENHOE POCKET,152.61716182,-27.4341521
FAIRYLAND,150.9334382,-26.52198017
YARGULLEN,151.59780446,-27.48101264
NANUM,141.8603545,-12.64196598
MORGAN PARK,152.0430177,-28.26058344
BLACKSWAMP,150.52823608,-26.56584956
PLAINLAND,152.41911052,-27.57814568
MICA CREEK,139.49235906,-20.76418458
CHRISTMAS CREEK,152.99109451,-28.17933821
ANNANDALE,146.78758158,-19.31112485
BOOMPA,152.107069,-25.66470237
MOUNT STANLEY,152.20176121,-26.58603284
MURRUMBA,152.46234538,-27.20409643
SOUTH MACKAY,149.18173125,-21.16525394
THURSDAY ISLAND,142.2181003,-10.58060346
PORT DOUGLAS,145.46600245,-16.50005519
RED HILL,150.64484925,-26.64376786
OAKEY CREEK,150.3140427,-23.72883581
MACHANS BEACH,145.74983401,-16.85538857
GIRRAWEEN,151.96527025,-28.85044759
MOUNT BARNEY,152.70962244,-28.2806816
BLUEWATER PARK,146.48442589,-19.19426565
O'CONNELL,151.27063427,-23.92756872
MOUNT GIPPS,153.00715232,-28.32237739
HIGHBURY,142.89718196,-16.30541448
MOUNT FRENCH,152.62509031,-27.99939031
WOODBINE,152.20326615,-27.77565813
ALVA,147.4390298,-19.44916187
SPRINGBROOK,153.2757656,-28.18758191
ELLINJAA,145.66417055,-17.50797398
MAAROOM,152.86649075,-25.5873251
YULEBA NORTH,149.46393394,-26.45604348
CANNINDAH,151.21462228,-24.87490628
THE FALLS,152.38367369,-28.31601117
TAROOM,149.86807262,-25.67972953
EAST MACKAY,149.19966464,-21.15194408
RANGEWOOD,146.62769795,-19.30057702
WURA,150.33214639,-23.78830971
MOUNT PLUTO,148.4206033,-20.30104079
YEPPOON,150.74825476,-23.12208819
THORNVILLE,151.82983063,-27.07428596
NORMANTON,140.89851656,-17.87775118
MCINTOSH CREEK,152.64064753,-26.26151525
STANMORE,152.79382439,-26.88700703
ST HELENS,152.70455076,-25.48565602
GLASS HOUSE MOUNTAINS,152.93782276,-26.90522009
NORTH MACLEAN,152.9965964,-27.76706687
COOROIBAH,153.00341848,-26.35239076
DURACK,152.98614173,-27.58951086
TAROOMBALL,150.74785332,-23.17239131
DINGO,149.25688519,-23.6059485
BIRNAM,151.92565344,-27.49320976
WALLAROO,149.52217972,-23.66103683
CAPE TRIBULATION,145.42929642,-16.0527513
GRIFFIN,153.04113127,-27.27074815
BRAEMEADOWS,146.26674091,-18.64762663
TANBY,150.73940832,-23.22032678
BRACALBA,152.83539092,-27.0043358
WHITFIELD,145.73335273,-16.89507804
COOMOO,149.51650077,-23.83808972
WHARPS,146.06271738,-18.72924447
ANSTEAD,152.8616191,-27.53780638
EUMUNDI,152.95776139,-26.46600485
BUNBURRA,152.68586759,-28.05863133
BUNYA,152.94336115,-27.36928522
BEATRICE,145.58106964,-17.55693431
VERNOR,152.61819193,-27.46758046
MARYBOROUGH,152.69706815,-25.52325151
BURGOWAN,152.66250059,-25.3595839
COOEE BAY,150.76376076,-23.14451419
INVERNESS,150.72312727,-23.11582652
ANDERGROVE,149.18590465,-21.09514185
NORTH MACKAY,149.18311144,-21.12012232
BELLS CREEK,153.0761477,-26.82995379
CABOOLTURE SOUTH,152.9487582,-27.09383923
BILOELA,150.51596698,-24.39750594
ROYSTON,152.65477925,-26.92273992
WERANGA,150.75351584,-27.2631001
STOKES,140.48291354,-18.66791278
TALWOOD,149.3415024,-28.45851677
CAWDOR,151.90765931,-27.46165402
MANTUAN DOWNS,147.02300124,-24.52256805
HOMESTEAD,145.58809635,-20.37251186
OAKWOOD,152.29587412,-24.85042801
KARANA DOWNS,152.81901695,-27.54219132
BLACK RIVER,146.59819858,-19.26204935
TYRCONNEL,147.53755757,-26.26324067
FORESTHOME,146.20481843,-18.61090461
KIOMA,149.78046705,-28.21944542
UPPER STONE,145.96673964,-18.79297009
STONY CREEK,152.70783802,-26.91540213
CRAIGLIE,145.46718548,-16.53340785
SINNAMON PARK,152.94924688,-27.54387441
BARLOWS HILL,150.74197764,-23.10792231
COULSON,152.73926177,-27.96244546
AYR,147.40658598,-19.56850603
LONESOME CREEK,150.11664424,-24.90487488
SAMFORD VILLAGE,152.88495122,-27.37338372
CAMPBELLS POCKET,152.80564256,-27.07818415
KEWARRA BEACH,145.67750231,-16.78715254
SAMFORD VALLEY,152.86905153,-27.3676478
WISHART,153.10120486,-27.55502854
CANNONVALE,148.69041919,-20.28340844
CARINA,153.09900569,-27.48777831
TALLEGALLA,152.55237404,-27.58944366
WOOLLOONGABBA,153.03685546,-27.49292476
LIMEVALE,151.17922971,-28.73755
TAKURA,152.70507831,-25.30831355
KIANGA,150.02542323,-24.69085515
HELENS HILL,146.12679786,-18.78910767
CAMPASPE,146.03517623,-20.60263487
AEROGLEN,145.76242219,-16.87645869
SOUTH MACLEAN,152.99313336,-27.79565108
TEXAS,151.19177386,-28.84393131
CLIFTON BEACH,145.67041972,-16.76876616
DAKENBA,150.50548686,-24.34232398
WATSONVILLE,145.32479128,-17.31528982
BOONAH,152.69059968,-27.99265773
RICHMOND,143.23680254,-20.76209078
CASSOWARY,145.42429065,-16.52416625
DECEPTION BAY,153.01606659,-27.18289863
PELICAN WATERS,153.1008032,-26.83226124
VICTORIA PLANTATION,146.20648424,-18.64282127
MONARCH GLEN,152.91774894,-27.81394533
ASHGROVE,152.98399156,-27.44309666
WOONDUM,152.72614887,-26.25250763
MANSFIELD,153.10420337,-27.53552739
HAY POINT,149.27271329,-21.29657276
CAPE CONWAY,148.781867,-20.39713408
SILVERBARK RIDGE,152.92569138,-27.78910902
BUNGALOW,145.75691642,-16.93728241
MOUNT FOX,145.85734256,-18.82109937
NEARUM,151.80930929,-25.07085521
WOOLOOWIN,153.04219967,-27.41935677
GREENBANK,152.95987266,-27.70106466
CLAYFIELD,153.05413559,-27.41934169
THABEBAN,152.35853616,-24.90746278
HAZELDEAN,152.54039501,-27.03182313
ADELAIDE PARK,150.69569476,-23.09677249
DOWS CREEK,148.76551336,-21.0996017
NORTH LAKES,153.01383191,-27.22195373
IRVINEBANK,145.1044019,-17.44356771
EVELYN,145.49389458,-17.51406132
STRATFORD,145.73110576,-16.87831344
STAFFORD HEIGHTS,153.00896975,-27.39745065
DULACCA,149.76666997,-26.70281876
WONBAH FOREST,151.61035305,-24.98919699
GLENMORAL,149.88215409,-24.97511714
RAVENSHOE,145.50266659,-17.61693599
SCRUB CREEK,152.42651198,-27.02106555
STONEHENGE,142.70220121,-24.25035538
NORVILLE,152.34373655,-24.89282386
CRANBROOK,146.75280938,-19.30554367
WYNNUM,153.16913394,-27.43806614
BAMBAROO,146.18449182,-18.88504755
OBERINA,148.88756193,-27.01707874
WALLUMBILLA SOUTH,149.1594769,-26.75689728
PRESTON,148.65756613,-20.39362364
PETFORD,144.89712331,-17.39270554
MOREGATTA,145.58582735,-17.49192647
MOUNT CROSBY,152.80911264,-27.52430231
BLOOMFIELD,145.26355737,-15.99854121
SMITHLEA,151.07736548,-28.796756
PIONEER,139.50809777,-20.7203097
PEACHESTER,152.86884003,-26.84014945
IREDALE,152.10587916,-27.58120133
HERVEY RANGE,146.47739774,-19.45529383
COMO,152.98727197,-26.20055086
MOUNT GRAVATT EAST,153.08719269,-27.52996804
THE GAP,152.94148564,-27.44554055
CORAL SEA,148.45779326,-20.01788497
BARINGA,153.0785351,-26.80990854
SHOALWATER,150.48041073,-22.54557033
BRIGHTLY,148.89488343,-21.26737263
WOODSTOCK,146.87801683,-19.64316891
MINBUN,145.5463959,-17.47872833
PARRAMATTA PARK,145.76398195,-16.92310296
MINGELA,146.66229365,-19.85624872
PARKLANDS,152.97927963,-26.59564234
PARK RIDGE SOUTH,153.03942173,-27.7274316
FLAGSTONE CREEK,152.09917601,-27.63050717
TANDUR,152.76057084,-26.28027718
COMMISSIONERS FLAT,152.84263348,-26.87212351
MOLANGUL,151.52453106,-24.77482988
WOODFORD,152.80240333,-26.94600169
LAMMERMOOR,150.76837676,-23.16155719
BUNGIL,148.77435604,-26.6526465
BALLAROO,148.55936559,-27.15432717
BARMARYEE,150.69575604,-23.13714257
MARMADUA,150.71471062,-27.46235086
AVOCA,152.30613768,-24.8812099
CALCIUM,146.78214847,-19.6637338
COOROOMAN,150.75068311,-23.27997147
CANAL CREEK,150.3939121,-22.93024283
MOOLOO,152.61395843,-26.30021921
NOORINDOO,149.22375627,-27.08331246
GLENVALE,151.89260416,-27.56641445
HERSTON,153.0219658,-27.44842446
STONES CORNER,153.04666909,-27.49941913
BROKEN RIVER,148.50751456,-21.16643614
DEGARRA,145.3422837,-15.94340303
BRIGHTON,153.05715841,-27.29620518
NEW MOONTA,151.72269242,-25.02039434
DERRYMORE,152.06191001,-27.5855898
WEST ROCKHAMPTON,150.48008538,-23.38305251
FLAGSTONE,152.94825004,-27.81020517
WOOLGAR,143.44282742,-19.97436095
PINK LILY,150.46142289,-23.35259053
PRIESTDALE,153.16395565,-27.60724341
GOWRIE JUNCTION,151.88009505,-27.4929561
EUNGELLA,148.48196412,-21.12404061
WATTLE RIDGE,150.98027144,-28.00206995
NORTH BUNGUNYA,149.52781036,-28.17711731
YURUGA,146.12527646,-18.86109131
GARRAWALT,145.84056731,-18.51732895
MCDOWALL,152.99218134,-27.3815517
FAIRNEY VIEW,152.65064052,-27.48475301
SANDGATE,153.06487372,-27.31687545
CARINA HEIGHTS,153.09109759,-27.50743373
MURRUMBA DOWNS,153.01056617,-27.26760428
MINDEN,152.54606295,-27.54789766
TINGUN,148.88061615,-26.79478984
MOUNT GARNET,145.06848763,-17.65868447
ISLA,150.03706858,-25.14429529
HOLLOWAYS BEACH,145.73391663,-16.84042329
BUNGUNYA,149.66713222,-28.4354181
PIE CREEK,152.61238818,-26.23121667
DUGANDAN,152.67312351,-28.01909087
MULGRAVE,147.04172207,-19.95880372
EMU PARK,150.81655573,-23.24818686
BOOLBOONDA,151.68475453,-25.05736599
BRANDON,147.35366004,-19.54350254
WUTUL,151.79523124,-27.02688931
JACKSON SOUTH,149.56333734,-26.72781592
PALUMA,146.01077723,-19.11824801
SILVER VALLEY,145.26428258,-17.54548097
RUNCORN,153.0765498,-27.59792824
MACKENZIE,153.12871468,-27.54039213
FAIRY BOWER,150.46547937,-23.40523721
JACKSON,149.63275316,-26.64454561
MUNDERRA,144.8818753,-17.64626808
MOUNT CHARLTON,148.74159819,-21.00593471
JAMBOREE HEIGHTS,152.93407161,-27.55628748
DAISY HILL,153.15777777,-27.63019946
CREDITON,148.56290079,-21.2641363
EERWAH VALE,152.91220579,-26.47567151
DARRA,152.95247486,-27.56830949
CLARAVILLE,141.72666262,-18.56417029
SUMNER,152.93334178,-27.56548279
MUNRUBEN,153.0313626,-27.74655995
INALA,152.9712121,-27.59454362
MOUNT URAH,152.41051641,-25.81027206
GINOONDAN,151.77205139,-25.60244491
GLEN EDEN,151.26751477,-23.90270798
GLEN ECHO,152.39647435,-25.91330018
WEENGALLON,149.09889955,-28.36019046
RED HILL,150.64497155,-26.64399716
GRANT,145.66474403,-23.58558546
ROSSLYN,150.79001975,-23.1722582
WINSTON,139.49771074,-20.7100219
POONA,152.90981457,-25.71579677
TALLAI,153.32628316,-28.06425687
ELLESMERE,151.74179191,-26.75063442
REDGATE,152.03662578,-26.27884657
EVANS LANDING,141.85261844,-12.66228105
NO 6 BRANCH,145.95016062,-17.59489843
WILSON VALLEY,151.85100832,-25.55311241
YANDINA,152.95734473,-26.56466571
PATRICK ESTATE,152.58193617,-27.41846765
LINVILLE,152.24900772,-26.82203141
MOFFATDALE,152.02103113,-26.3146681
WALLIGAN,152.7657852,-25.3375985
KAWL KAWL,151.72379245,-26.18456897
NOBBY,151.8927651,-27.84092647
MOUNT ENNISKILLEN,146.05599046,-24.67127549
KULPI,151.69464647,-27.18122698
NANGWEE,151.29857307,-27.52866799
KYOOMBA,151.9851696,-28.69488762
ELLIOTT HEADS,152.47642764,-24.90929986
RAWBELLE,150.72126622,-24.97649572
GULUGUBA,150.090492,-26.25948078
MARTYVILLE,146.03843165,-17.61468682
SUNDOWN,146.02403012,-17.49788908
QUNABA,152.42719428,-24.82984971
WURTULLA,153.12813116,-26.75650936
RYWUNG,150.48229061,-26.71959283
WEBB,146.05169259,-17.53028017
MUNDOO,146.01760367,-17.55861246
KIDAMAN CREEK,152.77109787,-26.64613855
MAROONDAN,152.01287877,-24.9646303
CROWNTHORPE,151.93966097,-26.10586316
SPREADBOROUGH,139.4983162,-20.76524025
BLAIRMORE,151.90351615,-25.80190231
WINDEYER,146.40302623,-24.56703939
IRONGATE,151.51666567,-27.63209933
NEWSTEAD,153.04497036,-27.44762502
MORWINCHA,152.57991464,-27.97013572
MAROON,152.68922316,-28.19050321
ELPHINSTONE,151.89246982,-27.98293321
DUNDATHU,152.72310178,-25.46751803
MP CREEK,151.7239501,-26.2873091
COOLOOLABIN,152.89949747,-26.53925372
BURLEIGH WATERS,153.43220909,-28.08731867
WATTLE GROVE,151.67008261,-26.56532913
RUNNYMEDE,152.08008211,-26.55692971
SILVERLEAF,151.80261785,-26.17619298
BENAIR,151.69513795,-26.62798163
MANNUEM,151.58942923,-26.62872501
MURRAYS BRIDGE,152.11630846,-28.30861396
BANGALL,144.00914287,-22.42025101
SUNDOWN,151.66116174,-28.85674811
WOOROONOORAN,145.77939892,-17.55042505
HAMMOND ISLAND,142.2141883,-10.54571646
IRONPOT,150.60147409,-23.26167789
MOUNT ARCHER,150.58181013,-23.32599228
GALILEE,145.81917138,-22.31918993
CORNISH CREEK,144.77798212,-22.44889837
SEDGEFORD,146.8205027,-23.98192285
SUNDOWN,151.66103708,-28.85666611
BARCALDINE DOWNS,144.97884372,-23.80183438
SUNDOWN,151.67167502,-28.85314055
GILBERTON,143.69222679,-19.27846303
MEXICO,146.19584437,-23.86711169
NOCKATUNGA,142.62800748,-27.76080073
SCRUBBY CREEK,145.72047445,-25.54833271
SARDINE,144.79043172,-22.85675633
LISSNER,146.25816589,-20.07753084
TARA STATION,144.9429144,-23.52899278
TOCAL,143.66480167,-23.94402098
SEAFORTH,148.92470769,-20.92661046
ALICE RIVER,146.62023207,-19.34554579
SHELLY BEACH,146.7532812,-19.18459362
BIRKALLA,145.95159733,-17.91396374
BRAEMORE,152.38262275,-27.03872969
MOLENDINAR,153.36068348,-27.97400327
BULLYARD,152.04358475,-24.94523579
HEATLEY,146.75357029,-19.29035041
DANGORE,151.58193275,-26.4741374
FAIRDALE,151.76751468,-26.26944038
MALARGA,152.11562067,-25.79587207
KEPNOCK,152.37600345,-24.87551094
WURDONG HEIGHTS,151.2861695,-23.96887318
NORMAN GARDENS,150.53531842,-23.32530338
FOXDALE,148.50591013,-20.3410015
DOUGHBOY,151.83319427,-25.13884946
CLIFFORD,149.39329401,-26.15308134
PILERWA,152.56391592,-25.6050076
PRINCE HENRY HEIGHTS,151.99488631,-27.55294277
WENGENVILLE,151.68052267,-26.8209679
WOOLEIN,150.16786135,-24.2558043
RACECOURSE,149.13689383,-21.1642699
SCRUBBY MOUNTAIN,151.59323971,-27.76975115
ROCKHAMPTON CITY,150.51000857,-23.37898476
GREENVIEW,151.80101523,-26.31034085
PAULS POCKET,148.4183088,-20.47917345
KITOBA,151.86273671,-26.05789682
MOUNT MOLAR,151.84689859,-27.89609719
WINDERA,151.80376913,-26.00937498
ROSENTHAL HEIGHTS,151.97054103,-28.25217454
TOOLBURRA,151.96491455,-28.1672439
LEMONTREE,151.29896893,-27.78821982
MULDU,151.68006179,-27.27248208
HOME HILL,147.41380887,-19.66094238
BONGAREE,153.16412117,-27.07980495
TAABINGA,151.82436942,-26.59294276
FARNSFIELD,152.29193581,-25.11246438
TANAH MERAH,153.17032075,-27.67168249
ROSELLA,149.14714749,-21.23905427
MOUNT MCEUEN,151.7174112,-26.23402883
TINANA SOUTH,152.66546321,-25.58940265
WANGARATTA,147.4577593,-19.83075233
WYANDRA,146.07249717,-27.27763313
STRUCK OIL,150.44746299,-23.61541669
UPPER DARADGEE,145.95643171,-17.51899566
CASTLE CREEK,150.32137021,-24.77487612
SANDY RIDGES,152.02759949,-26.51582167
KULUIN,153.05657063,-26.65772569
STOTERS HILL,145.97210079,-17.53664365
EDENS LANDING,153.1686024,-27.70288075
CARSTAIRS,147.45456215,-19.65105811
MELROSE,151.61745793,-26.27121398
GREENWOOD,151.74003672,-27.33565085
COOPERS PLAINS,153.03691459,-27.56613746
BAUPLE,152.61179768,-25.81532189
HARRIET,151.58293322,-25.74809077
MEMERAMBI,151.81698534,-26.46016929
MOUNT TYSON,151.56660163,-27.57436826
MALMOE,151.190769,-25.47725965
GOWRIE STATION,146.43170486,-26.15505562
MOUNT ST JOHN,146.74037983,-19.25216282
STONELEIGH,151.6257459,-27.65611152
DJIRU,146.07068865,-17.8531688
NORTH IPSWICH,152.76085697,-27.59396673
COMOON LOOP,146.03684941,-17.56385267
TUCKERANG,150.97670114,-26.79457093
ALDOGA,151.06107448,-23.83597702
MA MA CREEK,152.18035435,-27.63251886
WYCHIE,150.85833339,-26.7741519
WIDGEE CROSSING SOUTH,152.60868258,-26.19906461
BOONARA,152.01706584,-26.0741732
SURAT,149.06339483,-27.15392919
BARKER CREEK FLAT,151.9482302,-26.64814197
WOODLANDS,152.28390269,-27.60792181
MUNGAR,152.59217332,-25.60089934
RUSSELL ISLAND,153.38312343,-27.67050201
MOFFAT BEACH,153.1379295,-26.792602
FLYING FISH POINT,146.07674864,-17.49538476
CHELMSFORD,151.81693419,-26.2623925
BREADALBANE,148.60788909,-20.43574291
HODGLEIGH,151.93071487,-26.60998073
KEYSLAND,151.73798549,-26.21500472
MUNNA CREEK,152.45173119,-25.88005133
BULLCAMP,152.09589289,-26.61139769
BARLYNE,151.64337971,-25.73792783
RATHDOWNEY,152.80433255,-28.1945484
NUNDUBBERMERE,151.76119306,-28.72461029
FOREST SPRINGS,152.07694587,-27.99368028
BROOLOO,152.7062815,-26.51432009
SILKSTONE,152.78924392,-27.6223598
OBUM OBUM,152.65548513,-27.92004161
MOUNT LAWLESS,151.64180351,-25.54480088
WHICHELLO,151.99736454,-27.29500362
COOYA BEACH,145.40800476,-16.44431571
FLEURBAIX,151.91533432,-28.52775413
PUNCHS CREEK,151.39561226,-27.96740298
BLI BLI,153.03338387,-26.61091649
KINGS CREEK,151.90974798,-27.89880825
SPURGEON,145.05755285,-16.20910415
GOOTCHIE,152.57538289,-25.87664982
SILVERLEIGH,151.77699653,-27.32848226
PACIFIC HEIGHTS,150.73554793,-23.0984415
BIGGENDEN,151.99419062,-25.57199282
AVOCA VALE,152.24914098,-26.69658344
MOOLBOOLAMAN,151.82155987,-24.98820904
CUNNINGHAM,151.82032449,-28.1670754
THOMPSON POINT,150.83839731,-23.47217462
MURWEH,145.80630071,-26.94006811
WALLAVILLE,151.96269901,-25.08781029
WOODLEIGH,151.67556674,-27.08620336
TEVIOTVILLE,152.67818717,-27.9488401
MELAWONDI,152.65943804,-26.415714
TREBONNE,146.08012791,-18.64555359
WRATTENS FOREST,152.34495161,-26.30765178
FREDERICKSFIELD,147.40408337,-19.7420559
WEST END,146.79405909,-19.26535596
GOORGANGA PLAINS,148.65314403,-20.48502203
PALM ISLAND,146.6011115,-18.72231881
WATSONS CROSSING,151.32471565,-29.11078723
WALKERVALE,152.3588591,-24.88259745
FLETCHER,151.87048533,-28.77025509
GLENROCK,151.78121736,-26.08416309
OAKDALE,151.91242429,-26.19834709
SOUTHERN LAMINGTON,153.10094714,-28.30309886
HYDE PARK,146.79652829,-19.27679206
FOUR WAYS,140.49182391,-19.33946573
ILKLEY,152.99700065,-26.73156596
THE BLUFF,152.53257163,-27.61385866
BULLOO DOWNS,142.95484494,-28.58919444
PACIFIC HAVEN,152.55207444,-25.26559753
STORM KING,151.97967373,-28.72704005
CARRANDOTTA,138.38808074,-22.1212213
CATTLE CREEK,150.79903992,-27.67623708
DOUGLAS,146.7511275,-19.32526682
BALGOWAN,151.69429855,-27.25163891
FITZROY ISLAND,145.99453324,-16.93306325
STAATEN,142.91896169,-16.65208257
O'BRIENS HILL,145.98703797,-17.51455032
KINLEYMORE,151.65103628,-26.17958871
DALVEEN,151.93585738,-28.45105009
DURHAM,141.77276274,-27.29940573
WIYARRA,152.20991878,-28.27660511
TOOLOOA,151.26867665,-23.88356722
GILBERTON,143.69222679,-19.27846303
KELVINHAUGH,151.76078259,-27.38993948
MOUNT MORGAN,150.396607,-23.64355831
BOONARGA,150.72309366,-26.80751537
CATTLE CREEK,151.30144596,-25.45686029
NEW HARBOURLINE,146.06598902,-17.62123853
PACKERS CAMP,145.80191522,-17.02158407
MOUNT MULGRAVE,143.99073184,-16.27385315
MANOORA,145.73666274,-16.91704572
NORTHGATE,153.07349363,-27.3915387
ROBINA,153.39319116,-28.07077127
ST LUCIA,153.00443743,-27.49898463
COLLAROY,149.25347867,-22.07126474
CAFFEY,152.2107478,-27.69638929
GRANVILLE,152.73016726,-25.53879875
MOUNT NATHAN,153.26864359,-27.98274993
SUGARLOAF,152.03079195,-28.71016351
WARRA,150.94348777,-26.92157894
GARNERS BEACH,146.09892369,-17.81502782
REDHILL FARMS,151.95415628,-25.02621774
ASHFIELD,152.39617356,-24.87270426
LIMESTONE,150.4365598,-23.66254697
MOUNT PERRY,151.65538638,-25.18731515
UPPER COOMERA,153.28590136,-27.8768394
TIVOLI,152.77351524,-27.58668722
BROADBEACH WATERS,153.41492043,-28.02698353
FAIRYMEAD,152.3466528,-24.76831461
PERWILLOWEN,152.92384977,-26.6362026
HIGHLAND PARK,153.33205553,-28.01417062
COLUMBOOLA,150.32718194,-26.69044094
BELLEVUE,144.26355008,-16.63857637
DITTMER,148.4146699,-20.43053902
STOCKHAVEN,151.94959954,-25.71592346
BARELLAN POINT,152.84372844,-27.57199565
BAN BAN,151.81020803,-25.69392268
FASSIFERN,152.58937292,-27.95708297
TAUNTON,151.78583411,-24.41835981
WALKERS POINT,152.74605873,-25.50712989
THE PALMS,152.5848919,-26.18627784
MOONGAN,150.39913844,-23.60363441
ARUNDEL,153.36207656,-27.93869569
MOUNT COLLIERY,152.35457824,-28.26076525
MACKNADE,146.25092966,-18.5391099
ABERGOWRIE,145.9312261,-18.43818848
TRAVESTON,152.76364803,-26.32496962
RIVER RANCH,151.15613513,-23.97706186
GLENWOOD,152.63020403,-25.92994272
WETHERON,151.70750464,-25.50517073
MOUNT MACARTHUR,148.20624996,-22.89254055
THANES CREEK,151.67142149,-28.11516167
KULANGOOR,152.95236561,-26.58791121
DIAMOND VALLEY,152.93036198,-26.7555054
NORLEY,143.77619301,-27.68440336
RANGEMORE,151.67036485,-26.99844707
SUNNYSIDE,149.97004996,-27.08506503
SUNNYSIDE,149.09974614,-21.36807009
MOOMBRIA,144.99607503,-24.06239699
PELICAN CREEK,145.38876532,-22.86093619
ST HELENA ISLAND,153.23402725,-27.38774747
SURBITON,146.61807831,-23.13821754
GILBERTON,143.69222679,-19.27846303
GREENUP,151.29832259,-28.61849177
BRIBIE ISLAND NORTH,153.1129294,-26.90552358
WUNJUNGA,147.57676857,-19.77599881
MYRTLEVALE,148.55211694,-20.32926617
BATTERY HILL,153.1284813,-26.77891018
BIRTINYA,153.11476603,-26.74287021
WYREEMA,151.84330466,-27.65719183
GREYCLIFFE,150.2858472,-24.23703679
WATTLEBANK,150.47544334,-23.1235194
GREEN ISLAND,153.23463588,-27.42541892
CAMOOLA,144.35200735,-22.93538669
CHORREGON,143.62006533,-22.72827091
SALTERN CREEK,145.07980576,-23.35465299
BEAUFORT,146.881401,-23.45664087
ALBION,142.6049914,-21.32851491
WOOROONOORAN,145.80591445,-17.34429099
BUCHANAN,145.76751123,-21.44963427
WONGA,145.41729877,-16.33416471
MAREEBA,145.49633479,-17.03794327
GOONDI BEND,146.00898543,-17.51925042
SPRINGFIELD,152.91005968,-27.65252077
BYFIELD,150.64470435,-22.89382126
PRESTON,151.9714117,-27.65398709
TAMROOKUM CREEK,152.84512341,-28.16735257
COORPAROO,153.06153959,-27.49906951
ISIS RIVER,152.38906462,-25.26854575
NAMBOUR,152.9587296,-26.62366286
GLENELLA,149.13754134,-21.11288411
MOURA,149.93654657,-24.47692369
BRIDGES,152.93961261,-26.53461831
PIALBA,152.83270829,-25.27976775
WOODEND,152.75304178,-27.60552696
SOUTH TOOWOOMBA,151.95175368,-27.57590073
LANSDOWNE,146.16506169,-25.13027035
VERADILLA,152.1817146,-27.59832724
JELLINBAH,149.03724657,-23.27515466
MOUNT STUART,146.77182618,-19.3764133
D'AGUILAR,152.79999457,-26.98427776
GOOLBOO,146.03094879,-17.72213867
REDWOOD,151.98945333,-27.56599419
DARADGEE,146.00306947,-17.47706038
GARRADUNGA,146.0024274,-17.45748105
LOWER CRESSBROOK,152.48059439,-27.07928122
WILLOWVALE,152.02552947,-28.13496889
FRASER ISLAND,153.1427464,-25.25990852
NINDAROO,149.12804239,-21.06580198
AMBER,144.23856191,-17.72027721
GOONDI,146.00250517,-17.50485438
STOCKTON,146.02234664,-17.57673496
MIGHELL,146.02078704,-17.54158872
MIRRIWINNI,145.91896978,-17.38499388
HOWARD,152.54203233,-25.33170781
HAMPDEN,148.95522698,-21.08036296
ANTIGUA,152.59100636,-25.63400595
CAPELLA,148.02268852,-23.08340217
MERMAID BEACH,153.4366453,-28.04797872
SCRUBBY CREEK,145.72047123,-25.54833573
MUNGY,151.4484224,-25.25528193
EINASLEIGH,144.10920117,-18.6045593
SLADE POINT,149.21118522,-21.08150634
KELSEY CREEK,148.50655327,-20.43404108
COONDOO,152.9024065,-26.18954226
HIGHWORTH,152.92928112,-26.6162129
UPPER DAINTREE,145.29823478,-16.21248149
GLENVIEW,153.02115906,-26.76894559
LYNAM,146.48002697,-19.26087394
FIELDING,141.29005918,-18.8322007
KENILWORTH,152.64833318,-26.62433565
DEEP CREEK,151.47311587,-25.65577875
LOWER TENTHILL,152.23698039,-27.60378761
TOOBEAH,149.86988714,-28.41659466
GRANTHAM,152.1863528,-27.54146559
HALIFAX,146.31815444,-18.58357295
BLUEWATER,146.53456657,-19.16048287
WOOLMER,151.92027086,-27.44923618
WOODBURY,150.72151604,-22.98461479
TOOLARA FOREST,152.86115142,-26.00075298
KANIMBLA,145.72216983,-16.92167149
WINCHESTER,148.06829768,-22.28934595
WEIPA AIRPORT,141.92491243,-12.67955555
AUBURN,150.50814559,-25.99993364
MACHINE CREEK,150.93630901,-23.8334106
DUNDOWRAN,152.77361179,-25.29513319
THURINGOWA CENTRAL,146.7281689,-19.31312245
MUNBILLA,152.65284842,-27.88030876
CAMERON CORNER,141.64091939,-28.46248213
GRAPETREE,152.0967875,-27.32403165
SABINE,151.71426767,-27.35218368
KENMORE,152.93795301,-27.51653193
CARNEYS CREEK,152.5318479,-28.21084469
MANYUNG,152.01134643,-26.20876535
MOWBULLAN,151.60875289,-26.89908292
CAMPWIN BEACH,149.30827244,-21.37873124
MOUNT BEPPO,152.43063091,-27.1260351
DINMORE,152.83312008,-27.59650271
CHARLWOOD,152.57712817,-28.00799533
THE LIMITS,151.66373959,-25.67679113
WHEATLANDS,151.85234482,-26.22339344
WEST WOOMBYE,152.92483796,-26.66459365
WILDASH,152.06266004,-28.33632214
WILKESDALE,151.65995361,-26.35079324
WILSONTON,151.91657341,-27.54266795
GROOMSVILLE,151.96043553,-27.34202851
KUREELPA,152.898499,-26.60919273
MIDGEREE BAR,146.07286484,-17.80604865
CALAVOS,152.43616801,-24.93461407
DANDEROO,152.23107053,-28.25276136
GOLDSBOROUGH,145.74320169,-17.19556803
BAKERS CREEK,149.15811885,-21.21400947
TIERI,148.35197404,-23.03355467
KILLALOE,145.43118093,-16.48625749
SOUTH MISSION BEACH,146.08610043,-17.95778513
JOLLYS LOOKOUT,152.83403631,-27.41175967
JUNABEE,152.14702246,-28.24875457
MOUNT MARIA,151.82728833,-24.52996483
WIGTON,151.58208977,-25.96582142
MOUNT WHITESTONE,152.16017303,-27.6880079
WAHOON,151.7207524,-25.89320553
LAKESIDE,152.11082268,-25.55819894
BYRNESTOWN,151.76144426,-25.52202968
IMAGE FLAT,152.93432873,-26.60218214
BENHOLME,148.80317124,-21.16170451
HENDON,151.96224364,-28.07396235
TUEN,145.73095755,-28.52904494
PURRAWUNDA,151.61458814,-27.51966119
COTHERSTONE,148.28119624,-22.7865562
WYBERBA,151.88371163,-28.85597957
CURRIMUNDI,153.12251914,-26.76946913
SOUTH JOHNSTONE,145.99369988,-17.59745942
TINANA,152.66592474,-25.55196235
PELICAN,150.85331221,-26.61894406
MUNGALLI,145.68737916,-17.54544451
LOWER COWLEY,146.07904291,-17.69584064
BIDWILL,152.71440878,-25.60775403
ST HELENS,151.47882836,-27.67403128
DEPOT HILL,150.51936107,-23.39357319
KUMBARILLA,150.89863173,-27.26244024
LOWER DAINTREE,145.39517838,-16.28971292
BAUHINIA,149.32381036,-24.56589688
SOMMARIVA,146.69607749,-26.41234868
CORDALBA,152.20672818,-25.1592445
PITURIE,138.3368705,-21.47824498
NINE MILE CREEK,150.44484326,-23.72258231
YAGOONYA,141.74731664,-16.4338305
MUIRLEA,152.73345293,-27.5709878
BACK PLAINS,151.77782993,-27.88807927
WHEATVALE,151.86814935,-28.16456117
KEPPEL SANDS,150.79699373,-23.3364882
GOWRIE LITTLE PLAIN,151.84620639,-27.43151562
CAROLE PARK,152.92947367,-27.62116152
BAPAUME,151.84428026,-28.57534599
MAIDENWELL,151.786475,-26.83848209
EAST INNISFAIL,146.03557752,-17.53254532
TOONPAN,146.86978955,-19.5046777
GLEN BOUGHTON,145.82269533,-16.94273391
WILSONS PLAINS,152.65414722,-27.8399122
MARSHLANDS,151.74836384,-26.1545362
DURAH,150.93932733,-26.30957548
COORADA,149.52487108,-24.98134862
GURULMUNDI,150.13151637,-26.40634666
PICNIC BAY,146.82813625,-19.16758348
ABBOTSFORD,152.01080322,-24.83032564
PEREGIAN SPRINGS,153.07048334,-26.49490626
COES CREEK,152.9445524,-26.6480601
CANAGA,150.91445354,-26.65874567
BARAKULA,150.6021487,-26.33659983
HIVESVILLE,151.68877407,-26.17197903
CLARA CREEK,146.92120234,-26.09096088
WHITE MOUNTAIN,152.11147834,-27.4437344
YANDARLO,146.49397891,-25.12524683
STAPYLTON,153.24449045,-27.73067373
BROOKLANDS,151.83265926,-26.72978462
GADGARRA,145.72159107,-17.26640285
HAWKINS CREEK,146.11634679,-18.57538623
WOORIM,153.18061683,-27.05902562
TAROME,152.44041372,-28.00251513
EUDLO,152.93902633,-26.73027806
GAETA,151.59481533,-24.84324386
NO 5 BRANCH,146.00946036,-17.72384855
MOUNT MELLUM,152.93249498,-26.81651547
WINDERMERE,152.4341305,-24.8586563
MOUNT ISA CITY,139.49271078,-20.72555519
UGAR ISLAND,143.54535039,-9.50747921
DONNYBROOK,153.05945469,-27.0030661
WARRILL VIEW,152.60440491,-27.82932774
LABRADOR,153.39976941,-27.94620425
LILYDALE,152.14160435,-27.61091325
CARTERS RIDGE,152.77199249,-26.4524622
ACLAND,151.68487381,-27.31350364
MONSILDALE,152.37636941,-26.72136306
MANUMBAR,152.28575111,-26.37314904
MACKENZIE,149.39231384,-23.12795743
NGATJAN,145.91025836,-17.49695659
BARDON,152.97818575,-27.46005446
COWLEY,146.05407615,-17.68005134
KOKOTUNGO,149.96045799,-24.13171393
EARLVILLE,145.73154461,-16.9471508
DUNMORA,152.54638879,-25.50374166
SEVENTEEN SEVENTY,151.8907395,-24.16580435
YANDARAN,152.09043567,-24.70682634
COOLANGATTA,153.53333374,-28.16995856
STAFFORD,153.01056905,-27.40963109
LAKE CLARENDON,152.3501774,-27.51705681
REDRIDGE,152.36126199,-25.16986899
URANGAN,152.89183923,-25.29698702
BURUA,151.20656479,-23.94593597
HALY CREEK,151.7338476,-26.68809164
JAMBIN,150.42984081,-24.1853547
CONSUELO,148.37685326,-24.69091813
GHEERULLA,152.8207007,-26.57337024
GILBERT RIVER,142.73909966,-18.27000878
FRIDAY POCKET,146.00486785,-17.84735215
MILLSTREAM,145.37562722,-17.62676521
TELLEBANG,151.25659646,-25.03252633
NUNDAH,153.06311997,-27.4028971
WRIGHTS CREEK,145.77615004,-17.02181305
SOUTH RIPLEY,152.81918534,-27.72416307
GULLIVER,146.77574648,-19.2850396
STONELANDS,151.70526106,-26.03662579
CRAIGNISH,152.7255834,-25.28299945
MANDALAY,148.7375319,-20.27199126
GUANABA,153.23921775,-27.93769353
MON REPOS,152.43906213,-24.80647091
KUTTABUL,148.89678182,-21.03158902
MAPOON,142.18309923,-11.86292194
WESTERN CREEK,150.92303622,-27.85521073
WOOCOO,152.35129678,-25.66298736
BALLARD,151.97937842,-27.49976358
IDALIA,146.81365756,-19.30630171
COBRABALL,150.62197124,-23.1468185
HIGHLAND PLAINS,151.76163422,-27.26811191
SOUTH KOLAN,152.16967101,-24.92640746
WEST POINT,146.81672298,-19.13467227
GUTHALUNGRA,147.8277682,-19.94789016
MCDESME,147.39868111,-19.61599623
GILSTON,153.30468977,-28.02958138
NERANG,153.31227775,-27.98104903
ARCADIA VALLEY,148.81417512,-25.02963622
TABLELANDS,150.89765895,-24.33375374
BROMELTON,152.87570742,-27.98336791
MORINISH,150.06804033,-23.19686133
FINLAYVALE,145.34989921,-16.45860738
HILLVIEW,153.02391587,-28.22909673
DIDCOT,151.88027786,-25.48029872
NORTH MALENY,152.87039363,-26.72576818
UPPER WARREGO,147.31966599,-25.1541891
NANGRAM,150.30491341,-26.83764302
RIPLEY,152.78410788,-27.6715769
ENGLAND CREEK,152.70470136,-27.37024449
TUAN,152.86916593,-25.68745742
HIRSTGLEN,152.09422654,-27.83812699
BUXTON,152.489107,-25.1836519
LAKE MONDURAN,151.78730191,-24.81797773
MOUNT MOLLOY,145.39958413,-16.69516131
NIRIMBA,153.05000479,-26.81704522
ALSACE,149.29770337,-23.28658097
DAYMAR,149.02876789,-28.60493235
ALDERLEY,153.00102415,-27.42527034
BLUFF,149.04693968,-23.49649862
LAGUNA QUAYS,148.66573078,-20.6253777
MOUNT PLEASANT,149.15977788,-21.11807762
TUMOULIN,145.43399038,-17.56349553
HUNGERFORD,144.3592664,-28.76890256
THARGOMINDAH,143.77027,-28.01684267
REGENTS PARK,153.04154873,-27.6766581
KALKIE,152.38533979,-24.84422028
COLOSSEUM,151.56711109,-24.43309545
ALBINIA,148.39733456,-24.43970347
BUNDABERG EAST,152.37351665,-24.85949713
AIRLIE BEACH,148.71697423,-20.27176508
POINT LOOKOUT,153.52942661,-27.43111365
KALPOWAR,151.37403776,-24.70235758
PROMISEDLAND,152.14598037,-25.09326512
CAMBRIDGE,142.5860068,-20.36607747
ESK,152.42037972,-27.25922457
BOOLBURRA,149.84999626,-23.69273682
PROSPECT,150.41884952,-24.51168633
PORTSMITH,145.77626414,-16.95632198
CALVERT,152.5096512,-27.67124374
MUNGALLALA SOUTH,147.44842914,-26.76352146
BRANDY CREEK,148.67347427,-20.33510432
EATON,146.04592539,-17.50370717
MONDURAN,151.89466857,-24.85374365
BURNSIDE,152.93571501,-26.63035205
CAIRNS CITY,145.7776617,-16.92045174
BELLFIELD,143.15851824,-19.35998716
LILYVALE,148.4370981,-23.15112773
KIRKWOOD,151.23523132,-23.90339224
CAIRDBEIGN,148.1503737,-24.27080669
BEACH HOLM,146.64768802,-19.20501596
GLAMORGAN VALE,152.62326686,-27.51178123
KUREEN,145.59062535,-17.33583651
MUNGALLALA,147.48510878,-26.47526846
ANNERLEY,153.03235104,-27.51243532
JONES HILL,152.66190666,-26.2374795
BAYRICK,146.07363935,-25.40352175
ATHERTON,145.48586757,-17.26606698
LAKE EACHAM,145.64515189,-17.29489449
ESMERALDA,142.63798988,-18.85109483
INNISFAIL ESTATE,146.04653148,-17.51637856
EASTERN HEIGHTS,152.77419763,-27.6263721
DUMPY CREEK,150.02939969,-23.99149204
LANEFIELD,152.55131107,-27.65406453
MIRIAM VALE,151.56500467,-24.33216231
LOCKYER,152.07089324,-27.50759727
GLEN ESK,152.46440288,-27.24276224
BASALT,145.37578217,-19.72321461
SAVANNAH,141.87943621,-19.20792174
CAWARRAL,150.67098287,-23.25133145
TORBANLEA,152.57546216,-25.3544218
COOEEIMBARDI,152.50704927,-27.10488131
MOUNT CHALMERS,150.63461437,-23.31032091
ELLEN GROVE,152.94390266,-27.61534189
BUNDOORA,148.46850322,-22.98035585
BURLEIGH,143.04742837,-20.27388745
GREENSLOPES,153.04794038,-27.50929008
LUMEAH,145.67212878,-25.28680231
MOUNT KYNOCH,151.94813051,-27.51066092
VICTORIA VALE,142.71313202,-19.41200937
LAKE BARRINE,145.64697448,-17.25110646
ELI WATERS,152.80309044,-25.27364587
PALMVIEW,153.0593158,-26.74585749
ALGESTER,153.03255405,-27.61273228
TWO MILE,152.63353724,-26.17000234
FRESHWATER,145.7144051,-16.88307113
CORFIELD,143.33464046,-22.03872248
NORTH STRADBROKE ISLAND,153.45183754,-27.55454872
WATERFORD,153.14206895,-27.70839012
ALBION,142.60494781,-21.32852797
KINGSTON,153.11295461,-27.65953496
TALLEBUDGERA,153.41946617,-28.15165577
PACIFIC PARADISE,153.07354144,-26.62111152
GIRU,147.12548318,-19.47913072
ARMSTRONG CREEK,152.7947808,-27.22802236
WOOLSHED,152.50425651,-27.60349824
PARADISE POINT,153.39732348,-27.87965437
OAKEY,151.71008239,-27.4468217
MULARA,150.6165583,-23.20148081
LAWGI DAWES,150.78104428,-24.60374728
BARCALDINE,145.32148153,-23.64610321
BIRNAM,153.05930633,-27.95013353
ATKINSONS DAM,152.43388411,-27.421335
LILYWOOD,152.89870902,-27.10178653
GREENSTONE,152.8694039,-27.11053649
GOLDEN BEACH,153.11867755,-26.82288797
WOOROONOORAN,145.80117043,-17.38120604
BELLBOWRIE,152.88352234,-27.55915152
WESTGROVE,148.44021097,-25.44035136
LILYVALE,151.87475082,-27.4328078
FORDSDALE,152.10567528,-27.72493421
KURANDA,145.60757507,-16.82924563
CLOSEBURN,152.8651426,-27.32717038
BAFFLE WEST,148.62588296,-25.60197456
LOWER TULLY,146.01357047,-17.97854839
TALLEBUDGERA VALLEY,153.3571351,-28.1893165
KILMOREY FALLS,148.17953619,-26.11845179
IRVINGDALE,151.46852985,-27.15323282
WOODHILL,152.9690615,-27.88731407
MIALLO,145.3697463,-16.40574947
ORION,148.38658952,-24.20661945
BALLANDEAN,151.80551234,-28.86342551
KANGAROO POINT,153.03616068,-27.47542696
YANDINA CREEK,153.02603905,-26.53081705
REGENCY DOWNS,152.44052572,-27.53356166
NEUMGNA,151.86545894,-26.8498232
SHERWOOD,152.98143963,-27.53082824
EAST GREENMOUNT,151.95202184,-27.77319168
GILLA,152.01022222,-26.90176212
GLENCOE,151.86669985,-27.46071726
SIPPY DOWNS,153.08091103,-26.72254805
PEAK CROSSING,152.75381275,-27.78557554
WOOROONA,149.31569343,-24.01232248
WAGTAIL GROVE,152.88088231,-27.10486614
WARABA,152.87838606,-27.08664013
CORYMBIA,152.86669431,-27.0946347
MORTON VALE,152.38191567,-27.48704436
KUNWARARA,150.10690911,-22.83735606
CARDWELL,146.01847371,-18.27125148
KINGSTHORPE,151.79808236,-27.4954904
KUNDA PARK,153.03744483,-26.66030477
CARMOO,146.04580879,-17.947326
DRAYTON,151.90134333,-27.59995319
STOCKLEIGH,153.05762511,-27.77676672
BELMONT,153.13346853,-27.50906123
NORTH GREGORY,152.28311298,-25.05154859
MOUNT BRITTON,148.61518552,-21.4200709
NIKENBAH,152.82003085,-25.32464128
LUSCOMBE,153.20177975,-27.7907246
SALISBURY,153.03297768,-27.54968919
WILLOWS,147.41311591,-23.59483045
MANGO HILL,153.04442593,-27.24105208
STEWARTON,148.91461848,-23.7696799
MARSDEN,153.09827333,-27.67433532
BUDERIM,153.06315282,-26.68640616
UPPER LOCKYER,152.06972733,-27.48609803
WALTER LEVER ESTATE,145.97833546,-17.72451551
BLACKSTONE,152.8030962,-27.62983287
WOORABINDA,149.44612687,-24.13622558
LYRA,151.86305801,-28.8307136
COOMINGLAH,150.85677085,-24.76168917
ROCKY POINT,145.41874626,-16.38845584
HAWKWOOD,150.84707856,-25.84767908
SOUTHSIDE,152.64807092,-26.20898845
ARGYLL,147.52435067,-23.26916462
GOOBURRUM,152.32271396,-24.82141365
BALMORAL,153.06772231,-27.45637633
DREWVALE,153.05477123,-27.64771277
SUMMERHOLM,152.46049304,-27.60888388
MARBURG,152.58917446,-27.55977394
MURPHYS CREEK,152.03782973,-27.46287998
BLACKDOWN,149.10886339,-23.87995237
NO 4 BRANCH,145.97053464,-17.77013851
BINNA BURRA,153.17996076,-28.20154372
VICTORY HEIGHTS,152.69098914,-26.1738705
VERESDALE,152.99042299,-27.92203823
ROTHWELL,153.05502444,-27.21134492
KAWUNGAN,152.84591135,-25.30588927
ALTON DOWNS,150.36757982,-23.3202493
WONDUNNA,152.86154942,-25.31783039
GREENMOUNT,151.89326734,-27.77594637
BUNDI,149.55279242,-26.14649208
COOLOOLA COVE,152.99904927,-25.9842876
COOLOOLA,153.03523321,-26.03757447
SHAW,146.69896189,-19.27816167
ATHOL,151.77088472,-27.61340792
BLACKBULL,141.72524663,-17.86861808
BROADBEACH,153.43130422,-28.02753052
RAINBOW BEACH,153.07415818,-25.90237362
MERIDAN PLAINS,153.08045294,-26.76432194
COOLANA,152.55327446,-27.51585695
BAMBOO,145.39178055,-16.35140231
FORREST BEACH,146.28550026,-18.71112379
BLACKROCK,146.21213415,-18.70847107
NEWTOWN,152.77675249,-27.61630067
CROHAMHURST,152.86418481,-26.80638345
TOOWOOMBA CITY,151.9506757,-27.55980863
THE HERMITAGE,152.10767712,-28.20939879
FRESHWATER POINT,149.29052918,-21.41368896
FISHERY FALLS,145.89484947,-17.18172212
CRYSTAL BROOK,148.47277203,-20.37522726
CHILDERS,152.26579008,-25.23855343
YABULU,146.60469514,-19.19468196
BLOOMSBURY,148.5707306,-20.70220985
MERRITTS CREEK,152.03078579,-27.35256589
MITCHELL,147.98588006,-26.45285701
BANKS POCKET,152.67136717,-26.15126087
MORVEN,147.10264329,-26.51284765
FLAMETREE,148.74879558,-20.26928575
MOUNT ROOPER,148.76833713,-20.26385435
MOUNT MARSHALL,152.02912949,-28.07896849
GUNNEWIN,148.61040715,-25.98547159
WYUNA,148.34890086,-23.37678198
INNISPLAIN,152.90221118,-28.17723155
EUMAMURRIN,148.81088509,-26.16771103
BILLA BILLA,150.29120772,-28.152393
GREGORY RIVER,148.50225701,-20.24965697
MOUNT LUKE,152.04158351,-27.38983606
WULGURU,146.81796789,-19.32793376
CHUWAR,152.77599739,-27.5566503
PADDYS GREEN,145.28251108,-16.91759217
BARNARD,149.71112557,-23.98869004
DULONG,152.89515715,-26.6416333
SLADEVALE,152.0850937,-28.16695221
COLLEGE VIEW,152.35386168,-27.55519424
MOUNT SURROUND,147.05129444,-19.53208428
TE KOWAI,149.11748439,-21.17667958
DARLING HEIGHTS,151.92437162,-27.60640742
WOLVI,152.82537605,-26.15028472
BOOVAL,152.79247618,-27.61363932
ANDROMACHE,148.41414868,-20.5921434
BALD KNOB,152.90839018,-26.78469405
DOTSWOOD,146.26035709,-19.5717291
ORANGE CREEK,150.35413146,-24.33410895
MAUDSLAND,153.27885325,-27.93386709
GLENGALLAN,152.06479324,-28.10635503
WOOLMAR,152.49873362,-26.94120762
JAGGAN,145.5763407,-17.41128805
SWANFELS,152.3260409,-28.1411386
COOLBIE,146.26805142,-18.90353144
WINDSOR,153.03014499,-27.43444458
PERANGA,151.67873433,-27.13713051
MURRAY,146.79325389,-19.33267503
COCKATOO,150.28091373,-25.68474147
CEDAR CREEK,153.18443484,-27.83963293
BELLS BRIDGE,152.53719792,-26.12811953
HELIDON SPA,152.09358113,-27.54816015
MOOMBRA,152.48359863,-27.30677643
WARD,146.14599365,-25.92789554
MOUNT WARREN PARK,153.20540729,-27.73103821
ARALUEN,152.65963745,-26.15809237
ORANGE HILL,148.78756976,-26.48956297
GOODNA,152.89302339,-27.61108647
CHERWELL,152.47943814,-25.28266115
GOOMBOORIAN,152.79121511,-26.0809243
KEARNEYS SPRING,151.94253424,-27.60417477
THORNESIDE,153.20138995,-27.48313265
EAST TOOWOOMBA,151.96838184,-27.56239819
ARRIGA,145.30653458,-17.08559159
WULKURAKA,152.72699555,-27.61316091
KILCUMMIN,147.55846549,-22.31779325
FITZGIBBON,153.03182218,-27.33877187
FORSAYTH,143.68026968,-18.74343113
ROCKVILLE,151.93805884,-27.53609939
TOWNSVILLE CITY,146.81694656,-19.25895161
HELIDON,152.13202985,-27.52467857
KALINGA,153.04757868,-27.40999763
HARRISTOWN,151.92651482,-27.57787494
WARRUBULLEN,146.01644361,-17.68022726
JENSEN,146.64147762,-19.25668543
FOSSILBROOK,144.26818544,-17.87348221
FORTITUDE VALLEY,153.03559717,-27.45678088
GOONDI HILL,146.01572258,-17.52808147
AVONDALE,152.14975911,-24.76785581
NORTH TALWOOD,149.36358382,-28.38142017
HORSESHOE BAY,146.85280445,-19.12449958
COALFALLS,152.74345437,-27.60635724
SADLIERS CROSSING,152.74517835,-27.61348128
CHELONA,149.14166941,-21.25807494
GLEBE,150.15889431,-25.54286691
MOUNT BINGA,151.93933448,-27.00647972
KING SCRUB,152.82075984,-27.17014669
HUGHENDEN,144.18907423,-20.86887874
CHELMER,152.97527483,-27.51283105
K'GARI,153.14884938,-25.27765427
WELLINGTON POINT,153.23953451,-27.48803716
CABOOLTURE,152.97496777,-27.06236513
GRASSTREE BEACH,149.2861653,-21.35143762
FORESTVALE,147.88690182,-25.99738178
MORAYFIELD,152.94000696,-27.12844441
CARAVONICA,145.68292181,-16.8600431
YARWUN,151.14875272,-23.812301
LONGREACH,143.70336817,-23.34803146
BRACKEN RIDGE,153.03386914,-27.31981999
MARATHON,143.67823024,-20.88488878
GREENVALE,145.01555583,-19.00000733
NUDGEE,153.09137815,-27.36933401
TOP CAMP,151.93768448,-27.63429896
TARGINNIE,151.09850186,-23.72957436
OCEAN VIEW,152.80547042,-27.12741281
TABOOBA,152.96409144,-28.13560275
MOUNT ARCHER,152.66321281,-27.00124402
BELYANDO,146.58868897,-21.80078794
RED HILL,153.00240054,-27.45212331
YARROL,151.411194,-25.01529037
LARAVALE,152.93536595,-28.0901054
HIGHGATE HILL,153.01728335,-27.48766383
WAIRUNA,145.48355891,-18.38259719
GREGORS CREEK,152.41896955,-26.98463847
KOOMBOOLOOMBA,145.5538619,-17.81665484
PORCUPINE,144.27446157,-20.09887446
ORMISTON,153.25677497,-27.50888514
TUNGAMULL,150.69989377,-23.32990287
NOOSA NORTH SHORE,153.04430461,-26.26354274
LLANARTH,146.46166388,-21.32149622
JULIA CREEK,141.64817946,-20.66038927
ROCHEDALE,153.12282409,-27.57065348
MOUNT ISA,139.45519496,-20.53586646
WESTBROOK,151.83347769,-27.60120994
ORMEAU,153.2530656,-27.77560235
KIRRAMA,145.59918248,-18.19235301
GUNNAWARRA,145.0515975,-17.89104323
BREAKAWAY,139.53107235,-20.72585287
ILFRACOMBE,144.54609458,-23.66046482
BALD HILLS,153.01990031,-27.30645791
KELVIN GROVE,153.01204002,-27.44922875
TIARO,152.59990374,-25.73197282
TALDORA,141.39235192,-19.84876796
BURPENGARY EAST,153.00421412,-27.14124979
ZILLMERE,153.03911912,-27.35822861
ISISFORD,144.16413452,-24.57135632
GLEN RUTH,145.41983658,-18.00712305
SMITHFIELD,145.68974788,-16.82486351
ALLIGATOR CREEK,149.21848552,-21.32009643
ASPLEY,153.0179434,-27.36664067
WOOMBYE,152.97618083,-26.66087418
FISHER,139.53208739,-20.74902612
MOOROOKA,153.02457532,-27.53424664
DUTTON RIVER,143.85236519,-20.47283383
BANYO,153.08239194,-27.37912775
ROSEMOUNT,152.99952883,-26.63029282
GRACEVILLE,152.98213012,-27.52169142
FORTY MILE,144.76367244,-17.96919146
KALLANGUR,152.9923203,-27.24810667
ROCHEDALE SOUTH,153.13166748,-27.59956008
REDFORD,147.41001542,-25.93986857
WELLCAMP,151.82192613,-27.55197432
NEURUM,152.70318635,-26.96853208
MINNAMOOLKA,145.03762517,-18.24927266
INNOT HOT SPRINGS,145.28294388,-17.78666869
SOUTH BRISBANE,153.01941793,-27.47805486
MOUNT RASCAL,151.91444601,-27.63486585
CARSELDINE,153.01605526,-27.34624318
VENTNOR,151.3149558,-24.90278416
VALLEY OF LAGOONS,145.46884972,-18.75766306
OWANYILLA,152.62368419,-25.6723625
KURWONGBAH,152.93071925,-27.22183332
CANNING CREEK,151.16161751,-28.22667361
TEDDINGTON,152.66559437,-25.659299
BEACHMERE,153.0447469,-27.10817851
TARRAGINDI,153.04544658,-27.52707362
YORKEYS KNOB,145.71903462,-16.82367217
KOOROONGARRA,151.26786741,-28.08719038
GILBERTON,153.27298855,-27.74201342
DAKABIN,152.98512607,-27.22277656
TOWNVIEW,139.50573044,-20.73161884
SWEERS ISLAND,139.61713896,-17.1024401
ARAFURA SEA,141.47338431,-10.67478793
WAUA ISLET,144.03743744,-9.94756719
GUIJAR ISLET,142.83055769,-10.25450696
WEERRIBA,150.66938499,-22.78833425
UNNAMED LOCALITY,141.95705272,-15.10309257
ELECTRA,152.11536448,-24.99696294
GANGALIDDA,138.98617277,-16.96531939
BURRAR ISLET,142.82023565,-10.14608304
GIVELDA,152.14550819,-24.9895484
BOUNTIFUL ISLANDS,139.86251981,-16.66490867
WONGABEL,145.46536619,-17.33029086
SUNSET,139.51205065,-20.71161562
WOODWARK,148.65327623,-20.23616612
CARRINGTON,145.45231411,-17.29673982
STAMFORD,143.67824914,-21.24903922
BARRON,145.71095947,-16.86487034
NANKIN,150.6828286,-23.41750056
FULHAM,152.47707676,-27.03335367
LOGANLEA,153.13261803,-27.67675966
JACOBS WELL,153.35953965,-27.78621706
ILLINBAH,153.14955324,-28.12524842
TULLY HEADS,146.05606384,-18.01555356
KUMBIA,151.65309081,-26.68759659
BARRATTA,147.23684092,-19.56833738
ONE MILE,152.7402259,-27.63454732
TOOWONG,152.98418757,-27.48114064
TANSEY,152.08655249,-25.97853904
BUDDINA,153.13264309,-26.69548599
HIGHGROVE,151.77264441,-27.11576552
EULO,145.01708507,-28.21205282
TAMROOKUM,152.91327516,-28.12794664
AMAMOOR CREEK,152.52164382,-26.37707947
COOROY,152.90166575,-26.42921183
ALEXANDRA,149.09366591,-21.16086009
BRANCH CREEK,151.43458887,-25.39072379
WIDGEE,152.4078855,-26.22031893
INGHAM,146.15358781,-18.65538903
YARRABAH,145.89409591,-17.00030931
NORTH JOHNSTONE,145.66605457,-17.33318423
CINNABAR,152.1802103,-26.1486763
WOMINA,152.04068036,-28.18046825
MOORES POCKET,152.78267235,-27.59978549
CAMP CREEK,145.95344239,-17.61854645
DIAMANTINA LAKES,141.1155294,-24.01246437
MAMU,145.82402695,-17.66247301
MUNGUNGO,151.14362874,-24.75181111
SILVERDALE,152.59358472,-27.88776136
TARRAMBA,150.26395314,-24.62681436
ACACIA RIDGE,153.02359013,-27.58535342
CHANDLER,153.16842088,-27.51498792
VICTORIA HILL,151.79834465,-28.01790486
BLACK MOUNTAIN,152.85631278,-26.42027883
SEVENTEEN MILE,152.17937502,-27.46328053
EAST TRINITY,145.8276229,-16.92662188
WARROO,151.41581858,-28.63269431
MOUNT ELLIOT,146.96748788,-19.50172905
PEACOCK SIDING,146.00622393,-18.69148896
EMU VALE,152.34227484,-28.20414159
ROSEHILL,151.99716007,-28.18269375
BARMOYA,150.5398753,-23.12509538
MUNGINDI,148.81427147,-28.86289359
DAMPER CREEK,146.10636129,-18.36880842
ZILZIE,150.80437874,-23.2906132
CHERRY CREEK,152.11499578,-26.92850072
VINCENT,146.76465323,-19.28336084
ST MARY,152.48337694,-25.69191738
HELENSVALE,153.33833335,-27.90103239
WARKON,149.42587281,-26.92400618
CROWLEY VALE,152.37614891,-27.54469624
BOLLIER,152.73452814,-26.45961206
DESAILLY,144.86689198,-16.41682815
ASHMORE,153.37641246,-27.98875885
LAKE MARY,150.62000215,-23.1126651
UTCHEE CREEK,145.92034107,-17.63332827
MOUNT SYLVIA,152.20863877,-27.73523693
FOREST CREEK,145.36884993,-16.2434326
CURRUMBIN,153.48294331,-28.13662877
MOUNT JUKES,148.96934631,-20.98256435
CAPTAIN CREEK,151.76668192,-24.28294564
ROUNDSTONE,149.74503832,-24.79602566
OXFORD,148.82396664,-21.88050958
SAUNDERS BEACH,146.60536615,-19.16294416
EIDSVOLD WEST,150.68914261,-25.37093517
KENTS LAGOON,152.62787679,-27.89970753
MONAL,151.14276095,-24.60114924
GREGORY RIVER,152.21512863,-25.09972799
BLACK SNAKE,152.26665579,-26.17936875
COOMINGLAH FOREST,150.97215119,-24.89759927
ELBOW VALLEY,152.15214484,-28.40865265
BRYDEN,152.59878636,-27.23361229
BOONOOROO,152.88990176,-25.65063818
MOOGA,149.01900588,-26.34197979
KERRY,153.03124861,-28.1129908
SOUTH WELLESLEY ISLANDS,139.47272499,-17.06408243
SOMME,151.79869579,-28.76966708
DIRNBIR,151.53601659,-25.600793
EIDSVOLD EAST,151.24901655,-25.32468077
HORSE CREEK,150.3842923,-23.66673412
YULEBA,149.38287222,-26.61251907
GIN GIN,151.94666864,-24.97787887
MAROOCHYDORE,153.0818259,-26.65334577
YALANGUR,151.81747042,-27.4186385
PINE MOUNTAIN,152.71695783,-27.53608331
DALYSFORD,151.8968673,-25.01849314
CLUMBER,152.45069317,-28.07856849
NETHERBY,152.53226223,-25.78205985
MILLMERRAN WOODS,151.04357941,-28.01590102
ALLOWAY,152.35984412,-24.95684147
BUNDALL,153.40488685,-28.0110323
ROCKY CREEK,151.34746461,-28.01305535
NUTGROVE,151.7554658,-27.05076682
RHYDDING,149.52340651,-24.72706032
WOONGARRA,152.41548524,-24.89508267
WOLFFDENE,153.17315479,-27.78115796
MAJORS CREEK,147.0082561,-19.63379618
CURRUMBIN WATERS,153.46274828,-28.1541357
BABINDA,145.92741993,-17.3406913
TROTTER CREEK,150.37499994,-23.69223854
NELLY BAY,146.84476844,-19.15709103
CRESSBROOK,152.42862109,-27.07503867
ARATULA,152.5349652,-27.98086437
CHANCES PLAIN,150.74575238,-26.73743395
COLINTON,152.23743897,-26.96366345
MISSEN FLAT,151.97080022,-27.90846884
MOUNT EMLYN,151.29591201,-28.03667702
SPEEDWELL,151.53101388,-26.06681232
DOONGUL,152.34436335,-25.47145974
LAMINGTON,153.01662426,-28.26777873
PENWHAUPELL,151.73217264,-25.74387916
RIVERSLEIGH,146.49222071,-26.85059927
BUSHLEY,150.26740323,-23.5929126
BLUE MOUNTAIN,148.99864641,-21.48760746
BURNETT CREEK,152.59551807,-28.26558226
ROWES BAY,146.78265795,-19.24289727
BOONOOROO PLAINS,152.8146441,-25.58715008
ABINGDON DOWNS,143.439256,-17.7998288
GARNANT,150.2569678,-23.16968835
ROSEVALE,152.49550688,-27.85914403
NARKO,151.71959936,-27.09889261
BRISBANE CITY,153.02514825,-27.46976374
NORTH ARAMARA,152.32752002,-25.5516484
THORNBOROUGH,145.03776392,-16.96380036
PACIFIC PINES,153.3144049,-27.94003995
ARANBANGA,151.65462474,-25.81519346
BURNCLUITH,150.75133573,-26.58092668
IRONBARK,152.67167584,-27.55642474
GREENSWAMP,150.46020088,-26.79705724
MUNDOWRAN,151.34183381,-25.51974637
SAMSONVALE,152.85787626,-27.25884335
COVERTY,151.47605477,-26.27887695
MILBONG,152.73081521,-27.88264396
TAMBO,146.32863063,-24.9055027
FRAZERVIEW,152.52821372,-27.93892998
PALMERSTON,145.68233201,-17.61518289
BUNGADOO,152.0849775,-24.99841548
DIAMONDY,151.28533956,-26.64419626
MAGNOLIA,152.6895232,-25.66383902
PASHA,147.45762377,-21.79058488
BOULDERCOMBE,150.46075086,-23.55168867
ULOGIE,150.51343804,-23.93920625
DIDDILLIBAH,153.02526651,-26.64515985
ROSENEATH,146.82474073,-19.35586081
JACKSON NORTH,149.65537061,-26.44358668
CHAHPINGAH,151.39181157,-26.47240242
DOLPHIN HEADS,149.1841225,-21.04041901
ELANORA,153.44917457,-28.13582067
BANCROFT,151.27859105,-24.79087283
DRINAN,152.01250428,-25.04581371
PORT OF BRISBANE,153.17821162,-27.38998615
BETHANIA,153.15661521,-27.68706399
TOONDAHRA,151.41176911,-25.92944385
COOMERA,153.33950198,-27.84695213
FELUGA,145.95595094,-17.87798424
STRETTON,153.06736027,-27.62388611
HIGHLAND PLAINS,148.75494804,-25.86996448
SILKWOOD,146.0207017,-17.74934315
TUMMAVILLE,151.4883118,-27.91183675
CAMEBY,150.47134889,-26.63335145
CUNNAMULLA,145.71164243,-28.06021595
MOUNT MARROW,152.62232384,-27.59834945
MERRYVALE,152.48505933,-27.7958425
TAROMEO,152.1324985,-26.81340354
LOCH LOMOND,152.18538811,-28.33080581
OAKY CREEK,152.94201086,-28.2076725
JAFFA,145.99446795,-17.78333919
NORTH DEEP CREEK,152.68889535,-26.09315309
IPSWICH,152.7603376,-27.62284257
BENARKIN NORTH,152.15055507,-26.85205809
WEST END,153.00519309,-27.48379708
GUMLU,147.59169253,-19.90077647
SAPPHIRE CENTRAL,147.72826349,-23.47919554
THINOOMBA,152.46475004,-25.59425854
GULNGAI,145.81610077,-17.7449424
NINDERRY,152.97520588,-26.5409634
BURRUM RIVER,152.59300688,-25.26052571
ARANA HILLS,152.95453351,-27.3919702
RUBYVALE,147.64554895,-23.40008776
GOLDEN FLEECE,152.18318875,-25.43206431
CROMARTY,147.0646259,-19.46563066
EVERGREEN,151.73544527,-27.15125113
BLENHEIM,152.31501561,-27.65827285
ROUND HILL,151.86386626,-24.29888372
TALGAI,151.88439765,-28.03833439
BEERON,151.27261368,-25.89238909
KOOROOMOOL,145.67208311,-17.94915233
WALLANGARRA,151.91553917,-28.90106215
MOUNT STEADMAN,151.79209321,-25.45419483
MINGO,151.75255011,-25.33875744
COOWONGA,150.72938196,-23.30749996
BURBANK,153.16036767,-27.5612122
BOOUBYJAN,151.90383292,-25.89381088
GLEN ISLA,148.6282902,-20.41471931
TENNYSON,153.00023351,-27.52685097
RUNGOO,146.16456697,-18.480008
MAXWELTON,142.64371291,-20.86222802
BEEBO,151.00270242,-28.68001923
EBBW VALE,152.82487284,-27.60771667
PALGRAVE,151.78569828,-28.35566625
BYMOUNT,148.62292706,-26.09407553
EIMEO,149.1741673,-21.04703108
YULEBA SOUTH,149.38585766,-26.72585155
HIDDEN VALLEY,150.72087063,-23.16719682
BENARKIN,152.13697109,-26.8866851
EAST PALMERSTON,145.84505824,-17.59582646
LYTTON,153.15064757,-27.42229379
BAUPLE FOREST,152.68512793,-25.87526815
HOOKSWOOD,150.33016207,-26.52160564
LACEYS CREEK,152.73579605,-27.229422
MURRIGAL,145.8983432,-18.04945767
KILLARNEY,152.29933789,-28.34434364
GLEN RUSSELL,145.18368689,-16.92197834
APPLE TREE CREEK,152.22174002,-25.23229052
MOUNT LINDESAY,152.73558321,-28.33039585
BAFFLE CREEK,151.94091408,-24.49791146
YOWAH,144.60704499,-27.79176487
MIDGEE,150.57797049,-23.4993493
COONAMBULA,151.07949018,-25.54718087
CHAPEL HILL,152.94875693,-27.4986714
WOOWOONGA,152.09253637,-25.46664108
JOSEPHVILLE,152.90915166,-28.03127458
NORTH BOOVAL,152.79252617,-27.59881485
WIVENHOE HILL,152.56728511,-27.36855066
MOUNT COOT-THA,152.94859646,-27.4747263
LYNDHURST,144.3205117,-19.2255925
WEST WELLESLEY ISLANDS,139.1423832,-16.74918127
CANIA,150.98756904,-24.56868009
AMBERLEY,152.69590101,-27.63207347
BELGIAN GARDENS,146.79250671,-19.24750682
IRONPOT,151.4445205,-26.59670879
RIDGEWOOD,152.83010278,-26.46231264
DAVESON,146.03781443,-17.77951354
CLIFTON,151.91676193,-27.93752671
GREENLAKE,150.55633267,-23.03193504
YERRA,152.53526723,-25.59163012
NEWELL,145.40719276,-16.42380071
KANDANGA,152.6985246,-26.3906955
HUMEBURN,145.28224724,-27.42758226
THE PERCY GROUP,150.27012496,-21.65558914
CUSHNIE,151.7384785,-26.34834785
CANUNGRA,153.1367858,-28.03803627
BOULDER CREEK,150.31323623,-23.66986633
BUKALI,151.16736574,-24.81660696
OLD TALGAI,151.72480114,-28.02214312
GLENRAE,151.36674315,-25.64416175
VETERAN,152.71014117,-26.13392061
BURRUM TOWN,152.58677304,-25.32864482
PHILPOTT,151.39768338,-25.55399148
LAVELLE,151.28044265,-28.00024016
THE DIMONDS,152.85185819,-25.5354392
ARCADIA,146.860401,-19.14325128
WARANA,153.12690849,-26.72360365
MOOMIN,145.41480652,-17.36339289
COONGOOLA,145.86325927,-27.68664351
MOUNT DARRY,151.77268127,-27.19948084
GOORGANGA CREEK,148.4913412,-20.51430548
DURONG,151.25813928,-26.38299132
ROCKY POINT,141.88539688,-12.62167015
HULL HEADS,146.06111594,-17.98746958
PRATTEN,151.75508417,-28.09045271
BURKETOWN,139.63313737,-17.8521462
DALRYMPLE CREEK,146.07121832,-18.49533635
NEERDIE,152.72735905,-25.9564623
SANDIFORD,149.10600247,-21.24590242
PALEN CREEK,152.80420502,-28.29189088
CLAGIRABA,153.24226659,-27.99319723
DEEPWATER,151.94989144,-24.38621997
GUNDIAH,152.52119872,-25.83643784
WITHEREN,153.1915714,-28.03913057
CLARE,147.198338,-19.82460079
GAIRLOCH,146.17946075,-18.60136794
MALLING,151.60272094,-27.06318718
PUNSAND,142.40393564,-10.71406851
NUKKU,152.06579645,-26.85806242
GLEN APLIN,151.88015057,-28.73781666
SOUTH STRADBROKE,153.42325022,-27.84311491
KOORINGAL,153.42052426,-27.35066635
BALLOGIE,151.52553149,-26.34511035
MILES,150.15335325,-26.71590356
KOLONGA,151.68282479,-24.7818111
FERNY GROVE,152.92747625,-27.4034103
MOY POCKET,152.74314132,-26.52258801
KHOLO,152.78126338,-27.51199988
TALAROO,143.88208366,-18.05592368
YULABILLA,149.79894199,-27.02719174
AMAMOOR,152.67548004,-26.3469036
ARBOUIN,143.99535558,-17.06164569
BRYMAROO,151.61397198,-27.22648208
EURAMO,145.89662768,-18.00500603
CROSSROADS,150.4984852,-26.88696712
MOURILYAN HARBOUR,146.10431818,-17.59224045
ALICE CREEK,151.62344231,-26.75925318
VILLENEUVE,152.63148266,-26.95210657
WANDAL,150.49508422,-23.36823102
WOOTHA,152.80424171,-26.78526037
BOYNESIDE,151.49869611,-26.71596841
BURLEIGH HEADS,153.43299992,-28.10495205
BLACKWATER,148.79129602,-23.48564725
MUTDAPILLY,152.65954382,-27.75113718
MOSSMAN,145.37374751,-16.45106062
TOLGA,145.46497572,-17.19168468
WAMURAN,152.86878469,-27.0303061
BOOIE,151.94181899,-26.53685177
DUNKELD,148.0382712,-27.14239816
GLENMORGAN,149.60547603,-27.23115787
NATURAL BRIDGE,153.22287901,-28.22174747
GOOMALLY,149.22651251,-24.31726839
CLONTARF,153.07706196,-27.24411645
WALKAMIN,145.41721748,-17.13666658
SURFERS PARADISE,153.42293795,-28.00164887
SUGARLOAF,148.63113725,-20.31131921
STRATHDICKIE,148.59554969,-20.33035858
HODGSON VALE,151.94604907,-27.67493657
MENZIES,139.49716506,-20.71809031
GROSMONT,149.76855777,-25.95874584
ALLANDALE,152.75910711,-28.00835905
BLACKBUTT SOUTH,152.08339416,-26.90733105
CLUDEN,146.83309163,-19.31191508
CORALIE,141.81087413,-18.20506043
MINNIE DOWNS,145.85209909,-25.08591602
CRESTMEAD,153.08478357,-27.68795196
BUNDABERG NORTH,152.3438098,-24.84836689
NANDOWRIE,147.53684068,-24.33101627
RUSH CREEK,152.86509772,-27.20625489
WYCOMBE,148.60274232,-27.50313838
SOLDIERS HILL,139.48984157,-20.7052944
JULAGO,146.8842487,-19.37404087
GRAND SECRET,146.24522541,-20.07276724
RED RIVER,143.33573689,-17.44046924
MOUNT KILCOY,152.57942243,-26.84103155
MARCOOLA,153.07989496,-26.59274659
ROPELEY,152.26244658,-27.65559894
FINNIE,151.89149472,-27.62664716
EMU CREEK,151.99427307,-27.07663878
WUJAL WUJAL,145.31316899,-15.96836201
BREDDAN,146.2898865,-19.98040852
NERIMBERA,150.61046592,-23.41241614
YELARBON,150.66835035,-28.55707207
KINGAROY,151.83997888,-26.5309476
MINERVA,147.93323541,-23.97160839
CONA CREEK,147.87636115,-24.23664942
WINYA,152.57941536,-26.95298261
BOOROOBIN,152.7844997,-26.81840378
TARONG,151.86904334,-26.77465896
MOUNT SAMSON,152.8422499,-27.30299408
DUNWICH,153.40556634,-27.49735607
FARLEIGH,149.08843588,-21.09574795
BIDDADDABA,153.11132324,-27.99958816
CAMBOON,150.37073761,-25.0007068
HARRAMI,150.69245491,-24.78212295
CHURCHABLE,152.36994396,-27.42580038
BUNYA MOUNTAINS,151.56549124,-26.8800369
MORNINGSIDE,153.07649056,-27.4615617
BRINSMEAD,145.71557035,-16.89923316
YARRAMAN,151.98621961,-26.82817794
INJUNE,148.55470623,-25.85531639
BURNETT HEADS,152.40426028,-24.77690234
CLONCURRY,140.44783129,-20.52511226
MOOLA,151.54759189,-27.03686848
ROSSMOYA,150.49497402,-23.05012322
TARAMPA,152.55414136,-27.49597179
GOOWARRA,149.49014069,-23.51932728
EL ARISH,146.00593757,-17.80133772
VALE VIEW,151.89852426,-27.66059405
THANGOOL,150.57093302,-24.57753068
MUTARNEE,146.31829516,-18.97133953
CRYSTAL CREEK,146.27433597,-19.01712049
SPEEWAH,145.62573327,-16.89085826
KOBBLE CREEK,152.79738329,-27.26436364
HUMBOLDT,148.9271852,-24.2642464
EAST IPSWICH,152.77644491,-27.6077399
EURONG,153.11913905,-25.51250809
LAKES CREEK,150.57263553,-23.37296569
SPRINGSURE,148.07321063,-24.09680486
QUEENTON,146.28035775,-20.07543922
AUCHENFLOWER,152.99520275,-27.47391588
EUNGELLA DAM,148.40039589,-21.16537368
REDBANK PLAINS,152.85222743,-27.65170502
TORRENS CREEK,145.09123265,-21.21813299
NINDOOINBAH,153.0654948,-28.0543942
LUTWYCHE,153.03264097,-27.42180555
SPRING CREEK,152.02264407,-27.95731987
WEST HALDON,152.10205207,-27.77921083
MOUNT HUTTON,148.3422613,-25.91013191
BARTLE FRERE,145.88342402,-17.43907068
BLACKBUTT,152.10433108,-26.88474053
UPPER TENTHILL,152.21958212,-27.66048826
ALLORA,151.97847271,-28.01732869
ERAKALA,149.11582007,-21.13109295
CALDERVALE,146.82399891,-24.92270562
STRATHMORE,142.73366049,-17.39458786
CROYDON,142.24995329,-18.2064295
YATALA,153.2169643,-27.75388376
PEAK VALE,147.36250534,-23.20097639
MOUNT ABUNDANCE,148.50353798,-26.79613835
EIDSVOLD,151.05018736,-25.36810955
PALMYRA,149.07908767,-21.20566753
AIRVILLE,147.34550237,-19.6308597
OSBORNE,147.36076755,-19.6976324
MAADI,145.9918217,-17.83150741
CORNDALE,151.87916328,-26.44374291
MERMAID WATERS,153.42140356,-28.04981432
MIAMI,153.4357896,-28.06818428
GREGORY,139.38863659,-18.52276804
CANNON HILL,153.09495171,-27.47235118
TABRAGALBA,153.06634323,-27.99166754
HOLMVIEW,153.17097591,-27.71555736
KOAH,145.55782991,-16.91250472
KILCOY,152.56201264,-26.94228537
CHELTENHAM,150.79630032,-25.62431018
TRINITY BEACH,145.69745908,-16.79153914
BARGUNYAH,147.43285266,-27.23206195
LONG FLAT,152.65919199,-26.26492072
CAROLINE CROSSING,146.98546176,-25.67052575
KALAPA,150.19988777,-23.46035852
FLINDERS LAKES,152.88897889,-27.82922286
MILLAA MILLAA,145.62215097,-17.49902819
POSTMANS RIDGE,152.05276713,-27.5308558
GORE,151.41346232,-28.28416484
MOUNT TARAMPA,152.48075419,-27.45820561
WILLS,139.99473523,-23.01490124
WIEAMBILLA,150.40556599,-26.96879496
MIMOSA,149.60911067,-24.2682892
GOONDIWINDI,150.35713415,-28.39788741
CAIRNS NORTH,145.7619247,-16.90490974
KIPPA-RING,153.0831207,-27.22414134
OONOONBA,146.81635313,-19.29252398
COEN,143.2799867,-13.76662796
HIGHFIELDS,151.94773336,-27.46473535
CLERMONT,147.19651776,-22.80540412
FISHERMANS POCKET,152.59842443,-26.16641801
LOGAN VILLAGE,153.11599642,-27.78491799
PARKHURST,150.50527477,-23.30477627
DAMASCUS,151.97300073,-24.92760866
WHITSUNDAYS,148.98713219,-20.27453701
SHELDON,153.20050785,-27.58441847
TAKILBERAN,151.72160183,-24.89321515
MEADOWVALE,152.23884082,-24.82155084
SUNNYBANK HILLS,153.05237579,-27.59615164
BOONDOOMA,151.24094299,-26.15816567
CHERBOURG,151.93575296,-26.28888691
QUETTA,146.99641656,-23.14657119
SARINA BEACH,149.28492257,-21.38655143
REID RIVER,146.76817097,-19.74248163
ELPHINSTONE,148.21498752,-21.50626885
ADVANCETOWN,153.27678152,-28.07221422
KENSINGTON GROVE,152.47208502,-27.53277753
KEMMIS,148.33740962,-21.62485182
CEDAR VALE,153.01761375,-27.88072576
BOMBEETA,145.95807061,-17.68635689
SPRING CREEK,152.33139178,-27.45169783
MOODLU,152.91040514,-27.05484041
EAST BARRON,145.54786673,-17.29534794
WOMBLEBANK,147.8102202,-25.57040076
NORTHHEAD,143.17266905,-18.71988651
HEATHWOOD,152.98840274,-27.63984789
RASMUSSEN,146.72277441,-19.35242269
MOSQUITO CREEK,151.30180951,-28.2525143
LOWER WONGA,152.45767604,-26.11683233
CAMP HILL,153.07785091,-27.49577817
BEAUDESERT,153.00189763,-27.98813929
CLEAR MOUNTAIN,152.89300845,-27.32036455
IVORY CREEK,152.31320895,-27.06274019
HORTON,152.33058719,-25.23009032
DUCHESS,139.77921935,-21.28367154
MITCHELTON,152.9704796,-27.41189362
BADU ISLAND,142.14560832,-10.11664047
MOSSMAN GORGE,145.35719523,-16.46945494
ALLENVIEW,152.91514672,-27.91387496
GOODWOOD,152.37613138,-25.0895598
BEILBA,148.85416606,-25.64067761
VALENTINE PLAINS,150.76913517,-24.41900039
SANDRINGHAM,150.54532098,-23.21375235
KARAWATHA,153.08193589,-27.63475177
GREYMARE,151.72799087,-28.24432936
THE DAWN,152.68280925,-26.2478858
BEACONSFIELD,149.16655437,-21.08981436
CEMENT MILLS,151.59058981,-28.37838364
CARBINE CREEK,147.78537997,-23.18778671
LIMESTONE CREEK,150.56472957,-23.28846219
VIRGINIA,153.06306914,-27.37731257
UPPER DAWSON,148.61307483,-25.38955169
RUNAWAY BAY,153.40100583,-27.91358389
MOUNT MACKAY,145.99301653,-17.93854156
BENTLEY PARK,145.72219096,-17.00829602
JINGHI,151.09085955,-26.64215888
MOUNT HALLEN,152.38936318,-27.32296608
GRANADILLA,146.02990932,-17.86589048
BERRINBA,153.08144926,-27.65899518
OOMBABEER,149.52814327,-24.52094825
BONDOOLA,150.68155581,-23.17766363
MOUNT LOW,146.67009728,-19.22415094
CORNUBIA,153.21159645,-27.6602207
TAIGUM,153.04660181,-27.34251996
MOUNT WALKER,152.54830379,-27.77539631
KABRA,150.3931534,-23.50669277
MERINGANDAN,151.91880372,-27.40247601
SANDY CREEK,152.63819431,-26.85256187
BALGAL BEACH,146.41095845,-19.03910974
BLACK JACK,146.14500331,-20.16431465
COOTHARABA,152.93844087,-26.28761627
MOGGILL,152.87542504,-27.57728843
PORMPURAAW,141.80770924,-14.71977572
BANKS CREEK,152.71898665,-27.40948823
FOREST GLEN,153.01274676,-26.67625872
BARRON GORGE,145.66920367,-16.8801678
INGLESTONE,149.79097019,-27.62250302
LANDSBOROUGH,152.99036544,-26.80679078
MOUNT PELION,148.79666482,-20.93974949
KAIRABAH,153.12872448,-27.83647684
TIRROAN,151.92855329,-25.00965769
BURTON,148.11518863,-21.63323054
KURROWAH,151.16449904,-27.71203322
TINGALPA,153.12712184,-27.47358395
KEDRON,153.03077184,-27.40394929
HAIGSLEA,152.63318119,-27.56442885
SPRINGFIELD LAKES,152.91792042,-27.68541879
PRAIRIE,144.68255004,-21.33705661
BRISBANE AIRPORT,153.11321006,-27.38835678
THERESA CREEK,147.62098774,-23.07739763
SAXBY,142.66315094,-19.86437867
WARNER,152.94983884,-27.31219737
VINEGAR HILL,152.25921937,-27.46528288
DUCKINWILLA,152.49962265,-25.4109759
DRAPER,152.90655203,-27.35270779
ALDERSHOT,152.66472448,-25.46541032
KNAPP CREEK,152.80700919,-28.12743279
MOUNT MARTIN,148.81836828,-21.10324754
PARK RIDGE,153.06232158,-27.70538571
CURRUMBIN VALLEY,153.39421152,-28.20801367
KALUNGA,145.37231789,-17.44039394
THE COMMON,150.53332891,-23.3816696
KURUMBUL,150.49234959,-28.58184446
MUTTABURRA,144.4207316,-22.47961539
GUMLOW,146.6848172,-19.35248925
MARIAN,148.95136229,-21.17027287
OAKVIEW,152.32931409,-26.11998286
MONKLAND,152.68681306,-26.20926351
SELENE,151.14005042,-25.00910928
MUNBURA,149.1363573,-21.36827636
GLENBAR,152.35004047,-25.75070507
MACLAGAN,151.67252086,-27.05499973
GRANITE VALE,146.63512592,-19.57915875
BOONDALL,153.06942779,-27.34904338
MOUNT BYRON,152.67509938,-27.14399247
MUNRO PLAINS,145.78272096,-17.95384314
DIXALEA,150.31733402,-23.96725345
ALPHA,146.71351396,-23.62443503
MOUNT MULLIGAN,144.8821117,-16.78081831
MARAMIE,142.28989179,-16.03408769
CASTAWAYS BEACH,153.09759948,-26.42978458
PIERCES CREEK,152.03742992,-27.16399231
BUCCA,152.10222512,-24.86211154
MOA ISLAND,142.26524088,-10.18294834
SUNRISE BEACH,153.10280362,-26.41659157
SANDY CAMP,151.81570861,-27.97429856
BROUGHTON,146.33974763,-20.10147657
COOKTOWN,144.98571428,-15.36682871
MUDJIMBA,153.09458336,-26.61934783
PINEVALE,148.81894717,-21.33051123
CLEVELAND,153.27162073,-27.52982322
CARINDALE,153.11298796,-27.51152812
ST KILDA,151.91956311,-25.0588852
HIBERNIA,147.90295785,-23.08884867
PINKENBA,153.13727169,-27.39792947
ETTY BAY,146.08516862,-17.56150051
KARARA,151.56162151,-28.18333338
PRENZLAU,152.51483228,-27.52729238
EPSOM,148.82836498,-21.50009354
HUTTON CREEK,148.40811614,-25.68776872
UPPER BARRON,145.51245086,-17.38217746
KIN KIN,152.86833613,-26.25601306
STANAGE,150.07023215,-22.21828643
WEALWANDANGIE,148.02078114,-24.47077504
EAST FELUGA,145.9982706,-17.89654924
DJARAWONG,145.9798578,-17.86415723
EDWARD RIVER,142.36164037,-14.94438143
GLENLEE,150.46890953,-23.28608746
SILVER SPUR,151.32654671,-28.82808351
ARAMARA,152.34986911,-25.60212114
CHARLTON,151.85123556,-27.51729709
WOREE,145.7462267,-16.95949507
GIGOOMGAN,152.22876203,-25.76696498
NORTH MACLAGAN,151.68285585,-27.02915091
BEERBURRUM,152.98539947,-26.95063972
ELGIN,146.68521369,-22.225333
DALWOGON,150.08700262,-26.5732483
COTSWOLD HILLS,151.89461173,-27.52256721
CHERMSIDE,153.03229906,-27.38511303
PIMPAMA,153.31476196,-27.81287045
BROOKSTEAD,151.42889187,-27.71621289
UPPER WHEATVALE,151.87499751,-28.14099451
LESLIE,151.91680367,-28.17273867
LUMHOLTZ,145.88723182,-18.32602428
SCARBOROUGH,153.11006447,-27.2044659
SEVENTY MILE,146.61417672,-20.59650989
AURUKUN,141.82892236,-13.61019177
EIGHT MILE CREEK,147.23092753,-20.28266925
MIN MIN,140.65844915,-22.89639898
MOUNTAIN CAMP,152.0377917,-27.20466084
RETRO,147.93524619,-22.84785539
GLENHAUGHTON,149.14683268,-25.21616238
TAMAREE,152.6593558,-26.13503484
LAMB RANGE,145.68207262,-17.05547383
THE LEAP,149.02613195,-21.0579365
BLACKALL,145.40612541,-24.58543672
CORELLA,152.64573747,-26.10840982
LOCKYER WATERS,152.405777,-27.45379093
WONGLEPONG,153.15689985,-27.96896481
MOUNT MARLOW,148.63037086,-20.35230809
BELLMERE,152.89005496,-27.08436916
DEAGON,153.05886291,-27.32780209
BUCASIA,149.14927411,-21.03510525
TABLELANDS,151.94022523,-26.16230502
JUNCTION VIEW,152.18249454,-27.81060224
MARODIAN,152.29290983,-25.84859309
MIDDLETON,141.66346001,-22.5809925
SCOTCHY POCKET,152.52853148,-26.01013324
MOUNT GRAVATT,153.07157986,-27.54021934
COOCHIN CREEK,153.05380733,-26.88598127
INNES PARK,152.46730909,-24.86840058
NEW BEITH,152.94134897,-27.75982732
LAKELAND,144.803886,-15.96948827
WOODY POINT,153.10242189,-27.25504442
BELLARA,153.14567805,-27.06116754
ADAVALE,144.79991889,-25.92750913
KAGARU,152.91067173,-27.86125155
BEECHER,151.20364296,-23.91007775
VASA VIEWS,145.96417014,-17.4688008
MUNGABUNDA,149.21491993,-24.84745827
MALPAS-TRENTON,142.15816364,-19.92079354
TURALLIN,151.1983239,-27.82101284
ROLLESTON,148.61779643,-24.4719666
MOUNT PETER,145.73585544,-17.06316001
WITHCOTT,152.01424726,-27.53562715
MERRYBURN,145.97491253,-17.91640471
DARLINGTON,153.06775574,-28.23223314
CALLIOPE,151.18757506,-24.03350835
BUARABA,152.29732168,-27.36844632
GILLDORA,152.67957137,-26.29952721
GAINSFORD,149.90897415,-23.84503674
MAROOCHY RIVER,153.01860912,-26.57708718
WITTA,152.8263452,-26.70882016
BURDELL,146.69818635,-19.23238738
DINGO POCKET,145.818703,-17.92178365
ELLANGOWAN,151.68935133,-27.93848842
THORNTON,152.35120572,-27.79697053
MIDGE POINT,148.6893468,-20.65979038
LOWESBY,148.6871209,-24.33867857
CLINTON,151.21796751,-23.87568218
BEECHMONT,153.19324931,-28.11882462
UNDERWOOD,153.11133837,-27.60876289
LAWN HILL,138.54453347,-18.64582259
ST GEORGE,148.60730785,-27.9484865
GUMDALE,153.1572024,-27.49588559
SHOAL POINT,149.14233631,-21.01009758
MOOLOOLABA,153.11396372,-26.68374621
THORNLANDS,153.26120613,-27.56743205
MISSION RIVER,142.06519902,-12.6995745
CONDAMINE PLAINS,151.29191574,-27.67858016
BELCONG,148.20095443,-23.02996198
IMBIL,152.6455927,-26.49853564
ARCHER RIVER,142.52672882,-13.34787622
SHARON,152.24650546,-24.87304357
STARCKE,144.75415555,-14.66742181
TORQUAY,152.8713271,-25.29064303
BOKARINA,153.12989335,-26.73854816
NORTH BRANCH,151.62685516,-27.8459056
EULEILAH,151.85924974,-24.49374494
RUBYANNA,152.39186408,-24.81601198
MOUNT ALFORD,152.59191048,-28.07825966
UNDULLAH,152.8390461,-27.84820745
CADARGA,151.00845792,-26.11165059
EAGLEFIELD,147.80616159,-21.49713561
EAST RUSSELL,145.98360066,-17.26762875
DAGMAR,145.22732828,-16.16768842
GRAHAMS CREEK,152.59663477,-25.57368121
COLLINSVILLE,147.82623287,-20.55233851
CLOYNA,151.83082019,-26.11823981
MONDURE,151.77490847,-26.19314339
TARAGOOLA,151.23352255,-24.10618215
SOUTH INNISFAIL,146.04560075,-17.5458366
WATTLE CAMP,151.96231048,-26.45717941
SWANS LAGOON,147.16137476,-20.09647084
KINCORA,151.53597986,-27.80469584
BURRA BURRI,151.0495683,-26.42203997
PITTSWORTH,151.64309655,-27.73678241
BAKING BOARD,150.56455537,-26.70358241
BEMERSIDE,146.19246559,-18.55936014
PULLENVALE,152.88413239,-27.51737431
LEAFDALE,151.77183102,-26.23670603
IAMA ISLAND,142.7749961,-9.90101058
BURRUM HEADS,152.6054778,-25.21071976
COOLADDI,145.53472894,-26.65688033
PICKANJINNIE,149.09359687,-26.46222364
EBENEZER,152.61677505,-27.68061494
ALBERTA,149.7673,-24.30317049
ALLIGATOR CREEK,146.93221247,-19.41050769
SEXTON,152.47342472,-26.03834779
BRUSH CREEK,151.1458303,-28.58557087
PURGA,152.71648511,-27.70363634
WOONDUL,151.03433112,-28.08597354
BRIGOODA,151.3765768,-26.23271894
DEERAL,145.95290534,-17.20767051
PECHEY,152.04514526,-27.31315828
CANNON CREEK,152.72934024,-28.07869301
SILVERWOOD,152.00844428,-28.35448671
FELTON SOUTH,151.70488772,-27.87290354
BEDOURIE,139.52531471,-24.39737793
MAIN BEACH,153.42481493,-27.95255849
HAMILTON CREEK,150.39756678,-23.67254898
THE HEAD,152.44112394,-28.26427233
FORMARTIN,151.42038155,-27.37388038
BYBERA,150.9339337,-28.27358313
RIVERHILLS,152.9087329,-27.56189258
LESLIE DAM,151.89678989,-28.24999951
TANDORA,152.82137922,-25.45987285
SHELLY BEACH,153.1456792,-26.79647815
ARCHERFIELD,153.01128369,-27.56852191
MUTCHILBA,145.25688495,-17.18505286
MIDDLEMOUNT,148.64848467,-22.84047258
CALGOA,152.23245169,-25.87149203
KENSINGTON,152.31824908,-24.91709086
MACGREGOR,153.07342882,-27.56548354
HAMILTON,153.06831689,-27.43933588
BOONDANDILLA,150.60471838,-27.92201543
WALTER HILL,145.80350032,-17.82273752
LAKE MANCHESTER,152.76724816,-27.4486131
WOODGATE,152.50036835,-25.11728745
YARRADEN,143.24908973,-14.63969852
UPPER HAUGHTON,147.07952198,-19.74494231
MOSMAN PARK,146.26050077,-20.0988004
GRACEMERE,150.45293421,-23.45557242
CAPE GLOUCESTER,148.52640144,-20.16559734
ALEXANDRA HILLS,153.22889399,-27.53243048
YUNGABURRA,145.59697543,-17.27149041
WOWAN,150.15385092,-23.95021999
EAST DEEP CREEK,152.71768317,-26.19845271
KANDANGA CREEK,152.62501193,-26.39885588
CAPALABA,153.20289705,-27.54335046
YUGAR,152.87178528,-27.34561865
JIMNA,152.5203032,-26.68675232
MOUNT LOFTY,151.97918215,-27.53748794
AGNES WATER,151.91072501,-24.2260524
THALLON,148.81534679,-28.54244868
MINGOOLA,151.52922978,-28.94097411
FEDERAL,152.80745412,-26.39877927
TOLL,146.2529339,-20.04939426
EAST HALDON,152.27947004,-27.89048745
CLARENDON,152.53084844,-27.43099255
GOGANGO,149.91464441,-23.55113245
TANAWHA,153.02979774,-26.71984368
BILYANA,145.96503112,-18.11936125
MIA MIA,148.83062551,-21.22332014
DUTTON PARK,153.02585079,-27.49545175
ROBERTSON,153.05709514,-27.5649506
HOLROYD RIVER,142.46904799,-14.22703439
MILLCHESTER,146.28037129,-20.09236512
VERRIERDALE,153.01439983,-26.48817762
LIZARD,145.46253489,-14.66848769
UPPER FLAGSTONE,152.00499078,-27.63089446
CHARTERS TOWERS CITY,146.26014453,-20.0769485
WOODRIDGE,153.10569479,-27.6284389
MOUNT JULIAN,148.60815311,-20.37326227
GEEBUNG,153.04818876,-27.37205374
EUROMBAH,149.42456204,-25.85487171
AROONA,153.11647709,-26.78155068
GULF OF CARPENTARIA,139.68803765,-14.35588568
UPPER CABOOLTURE,152.90079217,-27.11396124
HOPELAND,150.66264246,-26.88745262
RANGEMORE,151.67036096,-26.99845138
DINGO BEACH,148.50225499,-20.09178561
MOUNT MORT,152.43303263,-27.77654747
VICTORIA POINT,153.29240079,-27.58426735
EVERTON HILLS,152.97174727,-27.38894317
LOTUS CREEK,149.07850229,-22.28292331
BOYNEDALE,151.29055003,-24.23140545
CEDAR GROVE,152.97502737,-27.85901446
MOUNT COOLON,147.33432685,-21.29056974
ELLIOTT,152.2756491,-25.00667005
SUNSHINE ACRES,152.7895301,-25.35957597
KAMERUNGA,145.68728699,-16.87755685
EVERTON PARK,152.98766838,-27.4003551
BROOKFIELD,152.90349347,-27.48347714
BEELBEE,150.82879774,-27.12993678
OAKHURST,152.62431416,-25.51007134
OXLEY,152.97560407,-27.56180379
MOUNT OSSA,148.83729508,-20.97325603
CABARLAH,151.99396801,-27.43658497
ORMEAU HILLS,153.23404002,-27.79889899
SOUTH BINGERA,152.20739646,-24.96412531
HABANA,149.0814883,-21.02683525
DUMGREE,150.6510311,-24.1858111
HOLLYWELL,153.39951133,-27.89528659
EUBENANGEE,145.99698063,-17.41846024
TENERIFFE,153.04831505,-27.45610411
MOUNT TABOR,152.06644471,-28.21278305
NINGI,153.06576032,-27.07096876
SEVENTEEN MILE ROCKS,152.95724332,-27.54811448
BRAY PARK,152.96779928,-27.2924398
EIGHT MILE PLAINS,153.09268548,-27.57977438
GLENLOGAN,153.00158337,-27.83397949
EUNGELLA HINTERLAND,148.42264781,-20.92274281
JARDINE RIVER,142.73140804,-11.25545803
ALBERTON,153.269545,-27.70742774
MARMOR,150.73892221,-23.70497433
MOORINA,152.87297606,-27.14907108
CANNON VALLEY,148.65198197,-20.31765051
SPRINGLANDS,147.76762134,-20.56046669
COONARR,152.47260845,-24.96882134
RIVERBEND,152.97059904,-27.82895163
KIMBERLEY,145.45908762,-16.27155926
EAGLE FARM,153.09032803,-27.43303533
WONGAWALLAN,153.23455419,-27.88761473
TEELAH,152.09869647,-26.77328526
GLANMIRE,152.69605902,-26.22786582
GIDYA,139.78583486,-19.26139351
DOOLANDELLA,152.98561857,-27.61318384
WARBURTON,140.92445185,-22.45856798
MAALAN,145.59694077,-17.60854072
BAHRS SCRUB,153.17159531,-27.73874596
BOIGU ISLAND,142.2152163,-9.26483575
KLEINTON,151.95293297,-27.41873408
STRATHPINE,152.99077676,-27.30111198
BINJOUR,151.4618516,-25.53715526
BOWEN HILLS,153.03667992,-27.44472501
ARCTURUS,148.33957597,-23.98928606
WARRAMI,145.7903405,-18.03855056
SAIBAI ISLAND,142.68995647,-9.39589329
SELWYN,140.48716673,-21.87687396
SLACKS CREEK,153.13383624,-27.64127827
MOUNT HOWE,148.19437842,-25.27915556
COWLEY BEACH,146.12887062,-17.65838177
ROCKYVIEW,150.52151544,-23.2515286
BRIGHTVIEW,152.49920401,-27.49855541
IRONPOT,150.6008342,-23.26204915
MOUNT MURCHISON,150.57740502,-24.33196967
CHEESEBOROUGH,147.82782989,-22.82842992
DYSART,148.34543381,-22.56052196
DEGILBO,151.98267748,-25.47776931
BENOBBLE,153.16492472,-27.99028739
WONDECLA,145.43911317,-17.43021614
GEORGETOWN,143.3248143,-18.24500688
EATONS HILL,152.9373739,-27.33996563
ABERCORN,151.14779341,-25.1367621
MOOROOBOOL,145.72965049,-16.93557881
BALCOMBA,149.63900193,-23.31234454
BOYLAND,153.13145056,-27.93742023
COTTONVALE,151.94028996,-28.52027341
BRENDALE,152.97824236,-27.32330221
CORBOULD PARK,153.06092787,-26.79541439
ST HELENS BEACH,148.80062508,-20.85361255
LANNERCOST,145.96222667,-18.60846643
ROCKINGHAM,145.9926931,-18.04705794
MIDDLE RIDGE,151.96689593,-27.60707931
THE NARROWS,150.95413076,-23.61391104
MULGOWIE,152.37219128,-27.72406868
HORSESHOE LAGOON,147.1408034,-19.56474432
HAIL CREEK,148.41199399,-21.44581056
REDLYNCH,145.69557896,-16.92531271
WALLOON,152.66366766,-27.6026942
MEIKLEVILLE HILL,150.74578585,-23.11482077
HIDEAWAY BAY,148.48237235,-20.08004821
BUCKLAND,147.55968584,-24.55869675
ELLERBECK,145.9960774,-18.23325398
EDMONTON,145.74057252,-17.01793502
TAMBORINE,153.13468596,-27.87074255
PENTLAND,145.47332985,-20.97673029
WELSBY,153.12405918,-26.98621118
RIORDANVALE,148.64305539,-20.28397402
TAMBORINE MOUNTAIN,153.19365759,-27.94214019
BUCCAN,153.13841066,-27.74010549
MACKENZIE RIVER,148.86277596,-23.06839581
REDCLIFFE,153.10711281,-27.22665279
CANINA,152.74519524,-26.14063825
DANBULLA,145.62558523,-17.15833001
BOODUA,151.82711847,-27.37819611
LETHEBROOK,148.64896936,-20.54379081
REIDS CREEK,151.53636237,-25.52335626
NEWLANDS,147.88648303,-20.93027423
WURUMA DAM,150.97443091,-25.13190336
SILVER RIDGE,152.0233007,-27.60995094
WESTMAR,149.75725148,-27.88862541
REWAN,148.4243129,-24.93647507
NUMINBAH VALLEY,153.23456415,-28.14523358
NEBO,148.78338862,-21.66136989
CARRUCHAN,145.91043069,-18.24429917
CLARKE CREEK,149.30864572,-22.71760799
WHITESIDE,152.91401398,-27.24957395
PERSEVERANCE,152.10507474,-27.37118539
CYNTHIA,151.11850667,-25.20296822
SOUTH TOWNSVILLE,146.83261678,-19.25916256
MYALL PARK,150.18825692,-26.56527858
OGMORE,149.67824223,-22.64617459
BARALABA,149.91761653,-24.31340194
ADARE,152.29547363,-27.51258744
YARRABILBA,153.11963783,-27.81523165
INVERLAW,151.75871477,-26.58085046
KHOSH BULDUK,148.02144889,-22.99507863
GLENDEN,148.1026136,-21.35960402
CALLEMONDAH,151.20737682,-23.83061604
JAPOONVALE,145.91198155,-17.72413305
JANDOWAE,151.16777216,-26.73623583
DEVEREUX CREEK,148.89202192,-21.10973851
RURAL VIEW,149.15920409,-21.06406759
WHITE ROCK,145.75778475,-16.97851852
GOOVIGEN,150.27001599,-24.10169781
CRYNA,152.98541873,-28.0387563
BERSERKER,150.52777697,-23.36449213
VERESDALE SCRUB,153.01675827,-27.91734996
JERICHO,146.09555927,-23.28743141
WARWICK,152.02817695,-28.21571661
KOORALBYN,152.8259154,-28.07149693
STONEHENGE,151.38612326,-28.10331047
PEREGIAN BEACH,153.07748379,-26.4720368
THULIMBAH,151.93270141,-28.55280515
BIRKDALE,153.21081769,-27.4985169
BALL BAY,148.98922291,-20.92861943
MOUNT BERRYMAN,152.31867016,-27.7176948
HOLLAND PARK WEST,153.06103858,-27.52662362
INDOOROOPILLY,152.97981292,-27.50732876
WOOROOLIN,151.77468525,-26.41062217
BARAMBAH,152.1199405,-26.32185716
MOUNT WALKER WEST,152.50073927,-27.77376572
CHATSWORTH,152.60942729,-26.140772
MONA PARK,147.23586773,-19.69451091
IVERAGH,151.37500496,-24.12323883
TOGARA,148.65377343,-23.99366343
DOONAN,153.0138614,-26.45009605
DALBEG,147.29316838,-20.2212048
ROCKLEA,153.00183479,-27.55106145
WAIKOLA,149.2390201,-26.1164487
FLORENCE BAY,146.87283932,-19.11803348
DUNDARRAH,151.93399546,-25.65914392
DURHAM DOWNS,149.06163388,-26.11402402
CALEN,148.74602238,-20.89709974
HERITAGE PARK,153.06129139,-27.68244378
SEPTIMUS,148.73352832,-21.28613841
EUREKA,152.15716964,-25.27954731
LAGLAN,146.43092565,-22.42505661
CURRA,152.59735834,-26.06953786
SOUTHEDGE,145.27428424,-16.77107749
BOYNE VALLEY,151.2760851,-24.44832945
BOATMAN,146.87288795,-27.11862237
MONTVILLE,152.88436108,-26.69284312
GLENAUBYN,149.92798402,-26.48595168
CAPE CLEVELAND,147.02470723,-19.33255977
MIRANI,148.86355037,-21.16370661
MILMAN,150.42457027,-23.10698097
BANKSIA BEACH,153.14403785,-27.04158541
BUNDABERG SOUTH,152.35950577,-24.87262
MOORE,152.27557993,-26.88468268
CHURCHILL,152.75037113,-27.63766838
SPRING MOUNTAIN,152.88104485,-27.70563056
MANUNDA,145.74918583,-16.91723385
BELIVAH,153.17498787,-27.75819739
DALMA,150.23232176,-23.35924153
NEW FARM,153.04623921,-27.46746326
BLANCHVIEW,152.03223494,-27.57825881
ARAMAC,145.38436886,-22.49584949
BELLI PARK,152.8212282,-26.50653011
RIFLE RANGE,152.53245677,-27.45330945
MARLBOROUGH,149.82237511,-22.83548477
TARANGANBA,150.7542252,-23.14979761
MALENY,152.85203405,-26.76174295
REDBANK CREEK,152.29325268,-27.29324333
KABAN,145.38686926,-17.50979359
FERNY HILLS,152.92402742,-27.39117618
MOUNT SHERIDAN,145.73218289,-16.98886141
MILLAROO,147.25867825,-20.04224947
GINDORAN,151.55821783,-24.57511058
COPPABELLA,148.30004606,-21.94739699
BURPENGARY,152.95834611,-27.15851949
SHIRBOURNE,147.06849921,-19.56925064
WAUGH POCKET,145.93551008,-17.44964938
NEWPORT,153.09009196,-27.21065205
FORESHORES,151.49887887,-24.08626006
WHITE ROCK,152.84916206,-27.69433327
BOOGAN,146.01579639,-17.60849471
DAGUN,152.67022329,-26.31730899
QUILPIE,144.21756734,-26.87107786
TULLY,145.92769097,-17.93974272
KINDON,150.84517496,-28.10840315
MORESBY,146.0312378,-17.63870096
BUNYA CREEK,152.83587415,-25.3772035
FIFTEEN MILE,152.05212853,-27.42073724
SANDY POCKET,146.03956007,-17.65856093
SHELBURNE,142.98510421,-12.0159355
VALKYRIE,148.63575792,-22.19732758
AUGUSTINE HEIGHTS,152.88042948,-27.6613972
RICHMOND HILL,146.2646733,-20.06402748
COORANGA,151.32585544,-26.80465009
LOWESTOFF,148.07961965,-22.84645504
LEYBURN,151.5945106,-28.02126688
WOLFANG,147.81592016,-22.64091635
HOYA,152.68119047,-27.9716096
BOULIA,139.91731763,-22.88112972
WALLIEBUM,152.71805369,-25.4213715
RICHMOND,149.14115129,-21.08823463
UPPER YARRAMAN,151.88511122,-26.90087043
WEYBA DOWNS,153.04733323,-26.44956765
BROXBURN,151.69590419,-27.72276059
NOAH,145.34916347,-16.18021222
UPPER COOYAR CREEK,151.72140523,-26.96958563
NEVILTON,151.9711623,-27.88400094
JOHNSTOWN,152.10817047,-26.41429972
CONDAMINE,150.10246663,-26.97078616
UMBIRAM,151.77137575,-27.66063953
LAKE MACDONALD,152.93676582,-26.39140349
PINELANDS,152.00298838,-27.23293264
SILVER CREEK,148.47783984,-20.47243498
MORABY,149.73866057,-26.88776643
THE BLUFF,152.13958862,-27.19669978
LOGAN CENTRAL,153.10718425,-27.64381841
BORALLON,152.70347034,-27.49677175
DUINGAL,152.0500933,-25.10725003
BIRDSVILLE,139.15960698,-25.4070725
NORWIN,151.38305818,-27.53304634
GOOLMAN,152.76795986,-27.73512388
STANWELL,150.30742335,-23.51091402
NINE MILE,150.35635765,-23.41180938
ROSSVILLE,145.24182969,-15.79635366
MOUNT MORIAH,151.48502567,-27.47476319
WEST PRAIRIE,151.40205932,-27.44189582
WAINUI,151.45623216,-27.32893822
TANBAR,141.48213937,-26.18210369
ESKDALE,152.21410353,-27.14343401
GOOMBURRA,152.21048717,-28.00031277
PLAINBY,151.96020611,-27.26935237
LOGANHOLME,153.18660553,-27.68407303
HEADINGTON HILL,152.03098487,-27.91282173
HERMIT PARK,146.80370946,-19.28303499
KOORALGIN,151.93769429,-26.93318994
WEST GLADSTONE,151.24660889,-23.8583516
CONONDALE,152.6921108,-26.74154688
SEVERNLEA,151.91506365,-28.70388708
CARPENTARIA,140.15963016,-17.9781328
SPRINGVALE,151.19534296,-27.35874672
PINE HILLS,149.93935886,-26.89617822
CAINBABLE,153.09406969,-28.1431681
BYELLEE,151.19460782,-23.87414704
WOOPEN CREEK,145.8777019,-17.46979614
EAST COOYAR,151.86829423,-27.03217831
BOOYAL,152.08027166,-25.2127005
MUNDOOLUN,153.07151472,-27.89939763
MOONFORD,151.03826411,-24.75825178
INNISFAIL,146.02853024,-17.52261311
ELGIN VALE,152.20429783,-26.43546347
CORNWALL,148.44182501,-26.08168127
WANORA,152.67030283,-27.51228411
BERGEN,151.90540961,-27.25541213
O'REILLY,153.13611102,-28.21223663
WEST STOWE,151.13167856,-23.91069083
WHETSTONE,150.8432626,-28.44430392
UPPER PINELANDS,151.95727695,-27.22255056
MONTO,151.10853607,-24.84314315
CLONTARF,151.22798126,-27.9717687
CAPE HILLSBOROUGH,149.02571479,-20.92160067
DJUAN,151.91106575,-27.17975024
TIPTON,151.25703703,-27.46417013
KILBIRNIE,151.82595383,-27.23444032
FERNVALE,152.66374653,-27.45953516
COALBANK,151.86271768,-27.12495176
BLAXLAND,151.40748854,-27.20942013
BROADWATER,151.87435222,-28.66148796
ROSSLEA,146.80220595,-19.29769687
EVANSLEA,151.51872158,-27.53237849
GLENAVEN,151.97315285,-27.17810942
TEWANTIN,153.01681648,-26.39379492
ORALLO,148.51329382,-26.29337306
CECIL PLAINS,151.17239861,-27.52725553
PIMPIMBUDGEE,151.75718337,-26.90453056
BIARRA,152.30041789,-27.20317677
REESVILLE,152.78674091,-26.75887829
HADEN,151.87918895,-27.2167251
GOWRIE MOUNTAIN,151.82168761,-27.51521488
MILLWOOD,151.20204318,-28.01967487
GLENEAGLE,152.95948428,-27.94091723
BARKLY,138.47824643,-20.60217557
FARRARS CREEK,141.42869396,-25.13670079
GRAYS GATE,151.31991992,-27.97099864
PALMER,143.61270506,-15.95232855
FITZGERALD CREEK,145.97631143,-17.49198107
TINBEERWAH,152.97575376,-26.40247323
MOUNT IRVING,151.58012394,-27.51436038
MILFORD,152.7103263,-28.03067305
COWAN COWAN,153.36616618,-27.12584281
JONDARYAN,151.58698191,-27.39817059
LITTLE MULGRAVE,145.71526517,-17.13074676
DOCTOR CREEK,151.81059233,-27.17336898
FLAXTON,152.86410898,-26.65710822
COOYAR,151.83409055,-26.96541284
DIWAN,145.42280081,-16.19070053
LAKEFIELD,144.21135072,-14.81841737
EAST NANANGO,152.06802856,-26.68507276
GRASSDALE,151.13920798,-27.41312406
YARAKA,144.22780858,-24.89257391
KIAMBA,152.90615676,-26.57648351
DOMVILLE,151.27812033,-27.93580034
BULWER,153.36945826,-27.07873944
SPLIT YARD CREEK,152.65220431,-27.37337696
KIELS MOUNTAIN,153.008101,-26.65635086
HALLIFORD,150.95902689,-27.4583413
BONGEEN,151.4488695,-27.56665332
CALAMVALE,153.04821884,-27.62256998
MILLMERRAN,151.26711097,-27.88240188
SOUTHBROOK,151.73561577,-27.68305155
CAPTAINS MOUNTAIN,151.11846536,-27.94070148
LINTHORPE,151.66556108,-27.61227785
BIDDESTON,151.73278996,-27.55555045
ST AUBYN,151.90526231,-27.0767881
MANAPOURI,151.99876357,-27.8569368
GOOMBUNGEE,151.84603161,-27.30504219
DRILLHAM SOUTH,149.98600546,-26.7915125
CULLINANE,146.02238163,-17.51143363
THOOPARA,148.56822016,-20.54848458
GAILES,152.91338683,-27.61149868
FERNEY,152.62141663,-25.61307652
DALRYMPLE HEIGHTS,148.52214474,-21.05232795
CHINGHEE CREEK,152.98473682,-28.2878291
BARNEY VIEW,152.7677464,-28.23226695
IDERAWAY,151.60827276,-25.56977962
DARR CREEK,151.15072473,-26.51854024
COOCHIN,152.6527496,-28.11298667
KIN KORA,151.24679713,-23.87736856
PILTON,152.07117107,-27.87465202
MOUNTAIN CREEK,153.10144937,-26.70259747
YANDILLA,151.36467084,-27.85203577
DALBY,151.26174519,-27.15350654
PONY HILLS,148.9537777,-25.89008873
BYEE,151.84755508,-26.18455681
MERRIMAC,153.37267877,-28.050145
CARRARA,153.3663639,-28.02056666
MARIA CREEKS,146.03871858,-17.81699815
MCCUTCHEON,146.06132632,-17.7233231
WALLU,152.91685675,-25.95125646
LANGLANDS,150.9874079,-26.69392181
MOUNT EDWARDS,152.52798976,-28.01795824
CRAWFORD,151.80505134,-26.4975329
JOBS GATE,146.72047661,-28.80552637
BAKERS BEND,146.10006777,-26.73081958
KOONGAL,150.55008565,-23.36684553
EURELLA,148.1766472,-26.69036547
SUSAN RIVER,152.8241027,-25.41582138
NORMAN PARK,153.061731,-27.47912012
MINYAMA,153.12306136,-26.69565008
MERLWOOD,151.87905214,-26.15262491
WYAGA,150.63291442,-28.19275906
REEDY CREEK,153.39635818,-28.11245455
DOUGLAS,151.90640612,-27.32016376
FRENCHES CREEK,152.63360428,-28.02221819
OORALEA,149.143786,-21.1801983
EAST END,151.01420786,-23.9035612
LANDERS SHOOT,152.92585201,-26.71374265
MUDGEERABA,153.34901145,-28.09370479
PARK AVENUE,150.51233449,-23.35681004
STALWORTH,151.58892663,-26.11107718
OMAN AMA,151.33827538,-28.42699886
KARALEE,152.82549932,-27.5608834
CURRAJAH,145.98469222,-17.57857472
FARNBOROUGH,150.76538577,-23.03768119
STOCKYARD,150.78858539,-22.85014978
TOOBANNA,146.14706447,-18.71355204
BOGANDILLA,149.77487561,-26.48434007
GOOMBI,150.41158359,-26.72369859
SUJEEWONG,150.53966779,-25.74119373
PROSTON,151.58916386,-26.17816566
MOUNT FORBES,152.60985367,-27.73037611
HATTON VALE,152.48152688,-27.56237835
RAILWAY ESTATE,146.81855938,-19.27590603
BEENAAM VALLEY,152.81617358,-26.19224323
MYSTERTON,146.79369695,-19.28714381
WILSTON,153.01874173,-27.43464006
WANGAN,146.00721257,-17.57305952
HUMPHERY,151.46604514,-25.60273985
WONDAI,151.86116501,-26.30132678
MOUNT OMMANEY,152.93216565,-27.54604578
GREENLANDS,151.78871043,-28.6510762
OLD COORANGA,151.40811101,-25.79328335
YARRANLEA,151.54533174,-27.72105764
UMAGICO,142.38341934,-10.91069051
COOLMUNDA,151.20980482,-28.43616378
MIDDLE PARK,152.92227029,-27.55596404
ALLAN,151.95146703,-28.19566452
NANDI,151.14719473,-27.28408357
WALLUMBILLA NORTH,149.25507684,-26.43283042
KAIMKILLENBUN,151.40856526,-27.03681773
THE GUMS,150.22166581,-27.31690525
WOOLOOMAN,152.77030978,-27.87271241
NEW MAPOON,142.42372175,-10.78879312
SEISIA,142.36795828,-10.85354647
MOORLAND,152.20097822,-24.75472315
BUNDAMBA,152.81016264,-27.60083886
CHEWKO,145.37341436,-17.06719744
THE PINES,150.97017514,-27.9724136
AMITY,153.45086322,-27.39948951
ALLENSTOWN,150.50389767,-23.39399601
MIVA,152.4725219,-25.95716053
CLAIRVIEW,149.45385201,-22.05876471
FICKS CROSSING,151.89051322,-26.26206246
OKEDEN,151.50011968,-26.16242967
PALMWOODS,152.95593443,-26.69346597
ST RUTH,151.27906853,-27.32507655
BOROREN,151.50712583,-24.24112542
MCILWRAITH,151.99804773,-25.00132531
HAMPTON,152.06920891,-27.37062404
BUNDABERG CENTRAL,152.35097781,-24.86696104
WOMALILLA,147.80790788,-26.55346504
BLUE HILLS,146.49835525,-19.24752181
DICKY BEACH,153.13506955,-26.7839764
ARMSTRONG BEACH,149.26952329,-21.4411027
JUNDAH,143.17393649,-25.04982957
OBI OBI,152.81620768,-26.64365497
KINGAHAM,152.37777434,-26.54042166
OXENFORD,153.30291826,-27.90569513
KIRWAN,146.72553462,-19.30342739
KANIGAN,152.58640321,-25.93870204
DULULU,150.27481907,-23.84798035
BRINGALILY,151.13656265,-28.07605353
BRAMSTON BEACH,146.01336876,-17.35519553
SOMERSET,142.53716462,-10.80963932
COORAN,152.81223749,-26.34075276
LOWER MOUNT WALKER,152.53596803,-27.72151088
INGLEWOOD,151.06420575,-28.38909383
MUCKADILLA,148.37142449,-26.64162886
STRATHFIELD,148.54829065,-21.75578561
COORUMBA,145.91203808,-17.56933806
TURKEY BEACH,151.6512638,-24.08195734
LAKE PROSERPINE,148.32528095,-20.39616699
CAMIRA,152.92091437,-27.63455244
SPRINGFIELD,144.51568804,-17.93211199
WALLUMBILLA,149.18645738,-26.59110963
WESTLAKE,152.91269566,-27.54840422
CALINGUNEE,150.33067446,-27.99987132
BANNOCKBURN,153.19215863,-27.75984198
WOLEEBEE,149.84410081,-26.29449974
YAGABURNE,150.51578493,-28.08116582
BAYVIEW HEIGHTS,145.72585736,-16.96227911
JOHNSONS HILL,150.41244806,-23.62409602
GLADSTONE CENTRAL,151.24886576,-23.84263689
WONDALLI,150.59236835,-28.37510578
SKYRING RESERVE,151.96164451,-25.04490781
DIGLUM,151.08330138,-24.25007122
CAMBOOYA,151.84990039,-27.7203256
WASHPOOL,152.76543392,-27.83878447
BERAJONDO,151.80227573,-24.63509617
BELLENDEN KER,145.92821158,-17.27663382
NETHERDALE,148.5398871,-21.12549022
WYARALONG,152.81150048,-27.92499972
WILLOWBANK,152.67407277,-27.68214351
TRINITY PARK,145.70655589,-16.80764927
UPPER PILTON,152.15017821,-27.92316923
ROSEWOOD,152.59287369,-27.63873712
WHYANBEEL,145.3527752,-16.34508257
DEUCHAR,151.94584893,-28.09723232
MEANDARRA,149.86485805,-27.30304652
PROSERPINE,148.56540322,-20.41110588
PINJARRA HILLS,152.90866932,-27.53797846
GUNYARRA,148.55726647,-20.49035192
BUNDABERG WEST,152.33793628,-24.87230865
ANTHONY,152.69008911,-27.88102778
MARYVALE,150.61818334,-22.9797532
MOORANG,152.45161999,-27.92087547
ABBEYWOOD,151.64120688,-26.10474007
MABUIAG ISLAND,142.18156809,-9.95488669
WYALLA,152.07695615,-26.46482377
BILINGA,153.50706625,-28.16070035
BELL,151.43865933,-26.92280261
JARVISFIELD,147.49795145,-19.57775755
TARA,150.43437697,-27.25439753
SYNDICATE,145.2898153,-16.42460215
BOWENVILLE,151.45952516,-27.28310974
PIRRINUAN,151.23428774,-27.04523703
AMBY,148.18252454,-26.53789798
DELAN,152.05065317,-25.01731584
PARREARRA,153.12220492,-26.71178431
TOOGOOLAWAH,152.36789144,-27.09368904
WALHALLOW,148.24791395,-26.35128714
BIBOOHRA,145.43306134,-16.86714197
RANSOME,153.1821939,-27.48665704
FELTON,151.75874568,-27.7979372
THE RANGE,150.49573223,-23.39270642
ROSEDALE,151.88754494,-24.66008111
MURARRIE,153.10842008,-27.45243326
HANNAFORD,150.03360675,-27.43795422
BAMAGA,142.43252365,-10.8558779
GLENARBON,150.92200008,-28.59246912
BROVINIA,151.13323097,-25.89559783
HAMILTON PLAINS,148.58041016,-20.38233324
JUBILEE POCKET,148.72935518,-20.28853434
KARRAGARRA ISLAND,153.37184655,-27.63834133
MILES END,139.48756741,-20.72089858
GLAN DEVON,152.01508531,-26.61698317
CASTLE HILL,146.80005876,-19.25593216
INKERMAN,147.49755155,-19.71230824
HUNCHY,152.91113812,-26.67990749
KINKUNA,152.45549487,-25.02489303
KINGS BEACH,153.1422664,-26.80157536
PALM BEACH,153.46306503,-28.11599962
CREMORNE,149.1921664,-21.13396226
VARSITY LAKES,153.41100345,-28.08885726
MOONIE,150.3606964,-27.73075955
SOUTH ISIS,152.29978558,-25.2679252
LONG POCKET,145.97312532,-18.51679765
HAZLEDEAN,148.90192079,-21.36424733
NATHAN,153.05318963,-27.5486591
DALGA,151.47114926,-24.6232862
MULLETT CREEK,152.06594534,-24.5983265
BOREEN POINT,152.98329717,-26.28100383
WARNUNG,151.83448415,-26.15357987
RIVERLEIGH,151.2210414,-25.58637086
YAROOMBA,153.09302648,-26.55284838
TEMPLIN,152.6469099,-27.96945173
WOONGOOLBA,153.32060717,-27.72979563
PETRIE TERRACE,153.01319639,-27.46319543
CANNON CREEK,151.87405195,-28.60573909
WONGALING BEACH,146.09550669,-17.90086183
LOWER BEECHMONT,153.23788509,-28.05050819
NORTH WARD,146.80898582,-19.24844049
KRAGRA,150.78625994,-26.12218663
GROSVENOR,151.17124701,-25.43589768
CONDON,146.71658581,-19.32965312
COQUETTE POINT,146.07111258,-17.52663363
KULGUN,152.68144233,-27.93117236
CABOONBAH,152.48995102,-27.14148839
THREE MOON,151.13209051,-24.91578761
FIG TREE POCKET,152.96235924,-27.52848143
SPRINGDALE,151.60886805,-28.79016095
ALBANY,142.60076927,-10.73261548
AYTON,145.3530478,-15.9215067
BAAS YARD,141.77408106,-15.11058547
BADU ISLAND,142.15000833,-10.11698645
BAMAGA,142.38889827,-10.88792647
BANNICK BURN,138.8083421,-17.92898035
BARRAKIAH,139.69695011,-16.48093038
BATAVIA LANDING,141.90578222,-12.16616545
BATTLE CAMP,144.70333789,-15.28061665
BUDDABADOO,145.87099269,-17.00285674
BENTINCK ISLAND,139.56786309,-17.09079938
BIDJAGUN,139.21157914,-16.56991636
BLACKBOY,149.47200677,-24.15608709
BOIGU COMMUNITY,142.21900837,-9.23198645
BOIGU ISLAND,142.21700837,-9.26698645
BONNIE GLENN,145.3414578,-15.9016867
COCKATOO BORE,141.59184905,-15.49393247
CROCODILE STATION,144.66770786,-15.71908665
CHERBOURG,151.95474429,-26.29152933
AMBRYM POINT,145.8260077,-16.89054674
ARCHER RIVER,142.9408521,-13.43723552
ATAMBAYA,142.46046623,-11.65023948
JILGI,145.89706569,-16.99377175
JIMMY'S CAMP,141.7921851,-14.45792347
JOES LAGOON,141.64960005,-15.50543247
JUYUGA,145.88852369,-16.95488974
KENCHERRANG,141.59007214,-13.84759945
KING JUNCTION,143.51228491,-15.88401158
KULINCHIN,141.61142812,-14.18895646
KOWANYAMA,141.74638904,-15.47603147
KOWANYUMAL,141.73229806,-15.15290847
KUBIN,142.21900832,-10.23298645
KUKU-YAO,143.24934814,-12.51302453
KULPA,143.37113903,-14.18426956
BULL LAKE,142.06620406,-14.82401649
DOOMADGEE,138.8300881,-17.94431635
DUCK HOLE,141.63296605,-15.41011747
DWENDI,139.22042914,-16.54123136
DOWAR ISLAND,144.02827827,-9.94534656
EIGHT MILE,138.72221511,-17.92664935
ELIM,145.31087485,-15.26121569
ENGKORAM,141.75100804,-15.47588647
EUNNMEN,141.58572209,-14.80529346
FAIRLIGHT,144.04616389,-15.74667061
FAIRVIEW STATION,144.28184489,-15.49829962
FESTIVAL GROUND,144.53102887,-15.64688264
FORDY FARM,145.07000786,-15.28998667
GABUNYARI,139.36232013,-16.57560837
LAMAGIAN POINT,139.17000814,-16.64768636
LAMETHA,139.26625614,-16.49412136
LANGI,142.69578911,-13.45064751
LANDING,141.70931505,-15.34207547
LOCKERBIE,142.45942428,-10.78948947
GARRAWAY CROSSING,143.09570813,-12.72988653
GLEN GARLAND,143.27461099,-14.84923456
GUBAN GURRU,139.24000814,-16.59638636
GUMHOLE,138.8577351,-17.96765936
GUNUNA,139.18000814,-16.66598636
GUNBAH,139.42482813,-16.55469037
GUNUN WOONAM,139.37936512,-16.65875737
OCHANGAN-THATHENH,141.67925115,-13.52218545
HALL POINT,139.29343014,-16.47816036
HAMMOND ISLAND,142.2140083,-10.54598646
HORN ISLAND,142.25128629,-10.59674346
INJINOO,142.32557827,-10.90626647
DAJARRA,139.51397787,-21.69513641
DARNLEY ISLAND,143.7630083,-9.59698654
DAUAN ISLAND,142.53847535,-9.41254347
DAUNIVALE,145.3228028,-15.9481367
DIMERAH,139.44485613,-16.44968337
DJENIJHI,145.88674469,-16.94534474
PINAR MUNUW,141.70394205,-15.40452347
PLEASANT VIEW,145.07600786,-15.28398667
POONKO,141.6675571,-14.47211346
PORT STEWART,143.68503102,-14.06724857
PRINCE OF WALES ISLAND,142.18500829,-10.68398646
PRINCE OF WALES,142.20418829,-10.70015646
PUNTIMU,143.63859202,-14.08042357
PUNSAND BAY,142.46324628,-10.72120347
MOUNT WEBB,145.14779987,-15.08168368
MURRAY ISLAND,144.04798827,-9.91103656
NGAKAYANGKA,141.54171911,-14.53246145
NAPRANUM,141.88900819,-12.68198646
NEW GARDEN,139.40000813,-16.54998637
NEW MAPOON,142.38639827,-10.86626647
PYANG,142.15123818,-12.60700347
MANTAKA,145.59400772,-16.80398672
MABUIAG ISLAND,142.19200833,-9.95398645
MAGGIE HOLE,141.86679904,-15.44733948
MAPOON,141.90300823,-12.01898645
MARMANYA,138.33910097,-21.59663536
MELAMEN,141.70293007,-15.01067747
MELTERR,141.68174405,-15.32063347
MERAPAH STATION,142.41250811,-13.7189865
MIRRAGUDT,139.15787214,-16.62616636
MOA ISLAND,142.26700832,-10.18298646
MONA MONA,145.57524273,-16.74490372
MOOJEEBA,143.64231102,-14.08098657
MORNINGTON ISLAND,139.17918314,-16.66282436
MOSSMAN GORGE,145.34158676,-16.4755147
MOURIGAN,145.88371169,-16.93930674
MARINA PLAINS,143.87490798,-14.54758659
WALBERI,139.49627792,-20.74489641
WONYA BORE,141.75888205,-15.31703347
WOORABINDA,149.45594677,-24.13465109
WUJAL WUJAL,145.3182958,-15.9461087
WUNGU,145.90424269,-16.92923475
YAANENG,141.89348413,-13.76165947
YAAWATHAN,141.85355407,-14.80496747
YAM ISLAND,142.77161132,-9.89918648
YALLAMBIE,139.49329792,-20.74041641
NGOODERI,138.66543012,-17.89971035
NGULAN,144.9540079,-14.82298666
OLD DOOMADGEE,138.91880914,-16.90821235
OLD SITE,143.5090821,-12.95980655
OLIVEVALE,144.43854788,-15.53029463
ONE MILE,153.40600599,-27.49758748
OOMBUNGHI,145.88775569,-16.96800974
ORINERS,142.94470598,-15.41040654
PENKELTHAN,141.66122708,-14.94978346
PENNEFATHER,142.07328319,-12.65449447
PEPPAN,142.07309218,-12.66078847
THE CROSSING,141.71141005,-15.40479747
THEETHINJI,143.66369502,-14.08362957
THAANGKUNH-NHIIN,141.56605913,-14.02957745
THOMPSONS CREEK,145.3523128,-15.9342547
THULKURR,139.17000814,-16.64608636
THURSDAY ISLAND,142.2200083,-10.57898646
TIITCH,141.79826418,-13.01456346
CHUULA,143.00181211,-13.11922952
BRANNIHANS STATION,145.23681085,-15.31386369
BIRRI WILLIAMS,139.29610814,-16.47553836
FISH HOLE,141.79366104,-15.47401448
LOCKHART RIVER,143.34305812,-12.78514654
HIDDEN VALLEY,145.11000786,-15.29598668
KOWROWA,145.57535272,-16.80444372
NORMANBY,144.81560888,-15.33186666
PALMERVILLE,144.07536517,-15.99892961
UMPILA WUNTA,143.68331902,-14.06950657
UPPER PASCOE,142.92414614,-12.82002552
URANDANGI,138.31427798,-21.60820636
WALNGAL,141.68256913,-14.05561546
WALLABY ISLAND,141.64150206,-15.22718047
WAR PAANT,141.68900908,-14.89692047
WARRABER ISLET,142.8250083,-10.20698649
WARNBULLIN,139.25721413,-16.62573136
WATHYAN,141.98300819,-12.69908646
WEBOK VILLAGE,144.03999727,-9.91709956
YORKE ISLAND,143.4056563,-9.75286752
ZIG ZAG,145.3203158,-15.9832007
TOP MORTULT,141.75400804,-15.50108647
WATHANHIIN,141.55249115,-13.69820045
WELCOME STATION,144.51300788,-15.47108664
SOUTH KAWIY,141.48711115,-13.84618845
CHRISTMAS CREEK,141.6568211,-14.47299246
BLUE MOUNTAIN,143.16077508,-13.55737854
MOUNT BAIRD,145.10776487,-15.13481567
SHELBURNE,142.5591672,-12.09209649
CHINA CAMP,145.2931248,-16.0393247
AAYKA,141.50098714,-13.86460645
AMBANG,141.61805918,-13.08696445
BALALEA,139.62335312,-16.42959438
RED LILLY,141.66509105,-15.45408047
REEVES CREEK,145.87370769,-16.92678674
ROSELLA PLAINS,144.46198768,-18.42223666
SAIBAI ISLAND,142.62148435,-9.37970347
SCRUB HILL,152.80487432,-25.30723941
SCRUBBY BORE,141.60085205,-15.44679647
SEFTON,142.610005,-15.39165752
SEISIA,142.36800828,-10.84998647
SHELFO,141.96533804,-15.36035548
SHIPTON FLATS,145.24381682,-15.79515669
SLIM CREEK,139.15998214,-16.65809936
LOVE RIVER,141.55841116,-13.50531445
GANTHAWU,139.43015512,-16.66913437
KANTHANAPU,143.30925312,-12.81020254
PORMPURAAW,141.61920808,-14.89791646
MUUTHANT,141.91984207,-14.88600148
PALM ISLAND,146.5790075,-18.73498681
UMAGICO,142.35112827,-10.89264647
WARTOMAN,141.69420508,-14.91500547
WUTAN,141.67522617,-13.34358645
SPRING HILL,144.7695078,-16.39938666
STATION CREEK,143.37157003,-14.18451756
STEPHENS ISLAND,143.54500832,-9.50698653
STEWIES PLACE,141.79901703,-15.55107548
SOUTHWELL,142.03890808,-14.51808648
STONEY CREEK,143.53476708,-13.34444456
STONEY CROSSING,141.72600415,-13.65771846
ST PAULS VILLAGE,142.32800832,-10.18078646
BIDUNGU,139.24732004,-18.65081238
BULLYARD OUTSTATION,141.60925013,-14.03393145
HOPE VALE,145.11045986,-15.29565168
JUMBUN,145.80300761,-18.12098675
OLD RODEO GROUND,141.73736404,-15.54875047
THAA-NHUGE,142.17044506,-14.68483049
TI-TREE,141.66338413,-13.98153946
YARRABAH,145.8692877,-16.90761674
YANGARRA,141.65162005,-15.38041347
SANDLEWOOD RIVER,139.35508813,-16.46037637
SILVER PLAINS,143.54933703,-13.97724156
STARCKE HOMESTEAD,145.12259088,-15.04988067
BURRGIRRKU,145.22301984,-15.47077269
AURUKUN,141.72800816,-13.35798645
BADU COMMUNITY,142.16378332,-10.15879345
BIRRI PETERS,139.40000813,-16.54998637
COCONUT ISLAND,143.0650973,-10.0501755
LOCHINGTON,147.43186683,-24.01625977
NEW AUCKLAND,151.23585716,-23.88410479
JARRA CREEK,145.8749558,-17.94509964
TARINGA,152.98117046,-27.49333375
RIVER HEADS,152.90713201,-25.40533274
GORDONBROOK,151.69292359,-26.47236049
KENNEDY,145.96950753,-18.19157604
MOUNT GLORIOUS,152.7750662,-27.31971588
ERUB ISLAND,143.77034566,-9.58688072
CAMP MOUNTAIN,152.87888646,-27.39995918
MENTMORE,148.73422964,-20.75585352
DELANEYS CREEK,152.77204565,-27.01417329
CEDAR POCKET,152.78873468,-26.21045383
BANYA,153.0417117,-26.83093955
LOWOOD,152.57300483,-27.47142023
UPPER MOUNT GRAVATT,153.08120101,-27.55371753
SOUTHWOOD,150.00497882,-27.84175732
PINBARREN,152.86150998,-26.31752493
RANGEVILLE,151.98637017,-27.58486234
GORDONVALE,145.79616213,-17.08334946
NOOSA HEADS,153.09258979,-26.39846383
GRANDCHESTER,152.45365835,-27.67611113
WESTWOOD,150.1683873,-23.67375287
HOMEBUSH,149.05511805,-21.27394109
PADDINGTON,152.99755963,-27.46037956
PALLARA,153.00730439,-27.61938109
MOUNT NEBO,152.78041212,-27.3748889
MOTHAR MOUNTAIN,152.77327475,-26.24972724
MULGILDIE,151.13736467,-24.97292816
PAMPAS,151.39604012,-27.79141925
DEEBING HEIGHTS,152.75888194,-27.68718513
MORINISH SOUTH,150.02567807,-23.37274229
CHERMSIDE WEST,153.01244524,-27.38368576
MORETON BAY,153.24969603,-27.33625747
JARDINE,150.39000162,-23.0541596
JONES GULLY,152.00517056,-27.17501176
WROTHAM,143.94960812,-16.64210147
SUNNYBANK,153.05937779,-27.57816605
EROMANGA,142.99512814,-26.3306032
WILLAWONG,153.00653771,-27.59634294
NEWMARKET,153.00792083,-27.43529322
KINNOUL,149.52022613,-25.66625021
WACOL,152.92078776,-27.58690347
ROSALIE PLAINS,151.71215594,-27.22323083
TORRES STRAIT,142.32690032,-10.08150446
GUNALDA,152.59707973,-26.00048374
KERIRI ISLAND,142.20671833,-10.5495075
PEERAMON,145.59927064,-17.3131008
SUTTOR,147.89318426,-21.33562182
WAKERLEY,153.15802237,-27.48276214
BALBERRA,149.14866943,-21.29808984
GAYTHORNE,152.98173007,-27.41659063
COOMINYA,152.47571761,-27.38257489
MUNIGANEEN,151.87234023,-27.37897922
ETNA CREEK,150.42186338,-23.22183329
SPRING HILL,153.02437769,-27.45935358
INGOLDSBY,152.27113144,-27.73577704
GYMPIE,152.66583735,-26.18331865
KAPALDO,151.14373312,-25.06596114
SWANBANK,152.81784691,-27.66044298
NORWELL,153.30750133,-27.7757036
UPPER KANDANGA,152.47886443,-26.43777609
LOWMEAD,151.70720038,-24.61360387
TURRAWULLA,148.18071032,-21.13920988
ELIMBAH,152.9608503,-27.00002923
WELLESLEY ISLANDS,139.39967158,-16.5561222
NOOSAVILLE,153.06097073,-26.42327943
GUNGALOON,152.45778913,-25.51198413
DEERAGUN,146.66855064,-19.25064707
BONY MOUNTAIN,151.8402168,-28.09369238
BENARABY,151.30365998,-24.04395865
WAVERLEY,139.06582408,-21.52628832
TALEGALLA WEIR,152.67842385,-25.78041862
WOODERSON,151.0764307,-24.10007565
MOUNT WYATT,147.26766919,-20.74663528
LAKE WIVENHOE,152.54454074,-27.27186433
CRINUM,148.27037601,-23.22709312
NORTH ISIS,152.26436349,-25.17697326
BOHLE PLAINS,146.6756848,-19.29475827
TOOGOOM,152.6915059,-25.25634887
RAMSAY,151.98789578,-27.72376987
TINNANBAR,152.96150003,-25.7836371
HOPE VALE,145.21433687,-15.15574668
HOLLAND PARK,153.07081431,-27.51876891
MOUNT DELANEY,152.71477065,-27.0147229
WENLOCK,142.62504247,-12.49845124
COLUMBIA,146.28150931,-20.04976792
SVENSSON HEIGHTS,152.33310848,-24.88709226
MIDGENOO,145.95994791,-17.89543564
MURRAY UPPER,145.80590672,-18.12914776
BULLI CREEK,150.85738975,-28.00406251
KYNUNA,141.99677119,-21.43217085
LANGLEY,151.24769739,-25.11004062
MARYVALE,152.26710986,-28.07557295
NORTH ARM,152.95852055,-26.51121193
INJINOO,142.25930847,-11.03639394
MIDDLEBROOK,145.6378037,-17.56347026
PINDI PINDI,148.72334236,-20.85611617
STUART,146.8613379,-19.32261993
LAWNTON,152.98451215,-27.28172399
SHAILER PARK,153.17750728,-27.64971987
LITTLE MOUNTAIN,153.09228728,-26.784369
GREENS CREEK,152.75362677,-26.17051765
MOUNT MOFFATT,147.84036987,-25.16522973
GREENMOUNT,149.0345961,-21.18407584
LYNFORD,152.44962498,-27.47383605
NICHOLSON,138.61083128,-17.42293675
MOUNT GARDINER,149.52381278,-22.96934723
BRANYAN,152.27251196,-24.9134609
MONOGORILBY,151.03748966,-26.00139045
BULGUN,145.93142436,-17.8953542
PLEYSTOWE,149.02312325,-21.15407792
VALDORA,153.00689246,-26.54577792
KOUMALA,149.23255487,-21.63212029
HENDRA,153.07062423,-27.41814455
CURRAJONG,146.77952233,-19.27553755
COOCHIEMUDLO ISLAND,153.3299448,-27.57014359
BARRINE,145.61892312,-17.23022734
ROLLINGSTONE,146.38137669,-19.04096944
KURABY,153.09356929,-27.60719847
YERONGA,153.0126312,-27.51340912
OAKENDEN,149.02911511,-21.32931004
RICHLANDS,152.95354102,-27.58880144
KAWANA,150.5049698,-23.33880661
ANDURAMBA,152.11820461,-27.07349444
HARLAXTON,151.95458188,-27.53126692
MORANBAH,147.88933696,-21.94802964
GOOMERIBONG,152.00934031,-26.13664319
DIRRANBANDI,148.04214188,-28.58781323
ROCKMOUNT,152.0304686,-27.67923713
PETRIE,152.97241945,-27.26496886
CHEVALLUM,152.99366068,-26.70087526
GOOMERI,152.07924813,-26.19294008
WELLESLEY,148.92769509,-27.40513699
CENTENARY HEIGHTS,151.96249877,-27.58679777
MOURILYAN,146.05259891,-17.57851
CARDSTONE,145.71523088,-17.82844409
JIMBOOMBA,153.04445322,-27.83415652
EURIMBULA,151.72009373,-24.1097512
RAVENSBOURNE,152.15943626,-27.336127
BOGIE,147.83465324,-20.3425704
ENOGGERA,152.97383115,-27.4283849
KOGAN,150.79911177,-27.08351977
CURRAMORE,152.74970087,-26.67900102
LAIDLEY SOUTH,152.38697225,-27.67365574
THE CAVES,150.46403715,-23.1755708
ALOOMBA,145.87110324,-17.13557575
GAMBOOLA,143.49868661,-16.38985352
CRANLEY,151.92323851,-27.51468557
RODDS BAY,151.61213903,-24.09787327
MOUNT ALMA,150.86755703,-24.086084
CALICO CREEK,152.64579446,-26.29970714
GINDIE,148.11036509,-23.76406623
FAIRFIELD,153.0233512,-27.5066516
POMONA,152.87021732,-26.36547004
RAVENSWOOD,146.91466495,-20.22774164
MAY DOWNS,148.8863329,-22.62233461
NORTH BRANCH,152.31754912,-28.02051596
HARLIN,152.35100153,-26.96306946
WOOLOOGA,152.36237812,-26.01527844
COLLINGWOOD PARK,152.85524996,-27.62214802
DRILLHAM,149.92431042,-26.63315388
BOORAL,152.88851013,-25.35405197
MCKINLAY,141.21873434,-21.36841476
BEENLEIGH,153.19377197,-27.71508691
PORT ALMA,150.76190951,-23.57509975
DIMBULAH,145.06254077,-17.18553156
NARANGBA,152.93104502,-27.18732641
BEERWAH,152.95526091,-26.85730657
LOCKROSE,152.46191207,-27.49172448
GREAT SANDY STRAIT,152.94500429,-25.49536042
ALEXANDRA HEADLAND,153.1036399,-26.67078031
GRANGE,153.01533247,-27.42250321
CAMBROON,152.67658361,-26.65206452
COMET,148.557264,-23.66183315
BROWNS PLAINS,153.05405427,-27.66220468
GLENORE GROVE,152.40878804,-27.52319673
MONS,153.02565399,-26.69241356
UPPER GLASTONBURY,152.49636567,-26.29696513
KINGSHOLME,153.23276141,-27.82560647
MOUNT CARBINE,145.10557184,-16.51486243
BINGEGANG,149.15667862,-23.13040444
RIVERVIEW,152.84162128,-27.59145838
UNNAMED LOCALITY,152.82994712,-25.22049657
ASCOT,153.06517996,-27.42973221
MER ISLAND,144.05137067,-9.91663593
NANANGO,151.98587536,-26.67766397
HEMMANT,153.13130353,-27.44668791
SOUTH NANANGO,151.96561714,-26.74028155
CHINCHILLA,150.62840633,-26.75543125
EMERALD,148.12852007,-23.53438294
MURGON,151.94584046,-26.23759199
JIMBOUR EAST,151.2862546,-26.93115377
YALBOROO,148.65160875,-20.83781978
GLENLYON,151.44853098,-28.9080202
GOOGA CREEK,152.05426111,-26.96545823
REDLAND BAY,153.29335141,-27.64836008
YENGARIE,152.59374009,-25.54246919
LAKE TINAROO,145.57405933,-17.18922957
CALOUNDRA WEST,153.10238908,-26.8028221
UPPER BROOKFIELD,152.85112007,-27.47300162
IRON RANGE,143.32541929,-12.64856338
SOUTH YAAMBA,150.33961406,-23.19669821
DUNDAS,152.66553116,-27.2941269
LOCKHART RIVER,143.40672616,-13.09002272
MORETON ISLAND,153.40643484,-27.14835122
COALSTOUN LAKES,151.88856856,-25.61667038
ST LAWRENCE,149.4894709,-22.39197174
BARGARA,152.46077043,-24.82968298
WERIBONE,148.86979446,-27.20331012
CARBROOK,153.25629199,-27.67377551
MOUNT MEE,152.74094672,-27.06881466
ALBANY CREEK,152.96926744,-27.35437567
WALLAMAN,145.84559561,-18.6742957
RIDGELANDS,150.26573519,-23.27599194
BELLA CREEK,152.55100729,-26.48037959
TUAN FOREST,152.80045893,-25.73275567
RYEFORD,151.80869707,-27.93401252
WOOROONDEN,151.75429282,-26.11091671
BLACK DUCK CREEK,152.210617,-27.89848618
MOUNT COTTON,153.22595409,-27.6203366
GLENDALE,150.45306148,-23.24575405
GAGALBA,153.05318303,-26.841817
SOUTH EAST NANANGO,152.04709304,-26.73756064
COW BAY,145.43966538,-16.22212663
KOWANYAMA,141.81011075,-15.3219899
SARINA,149.18801654,-21.43759503
JOYNER,152.94150954,-27.2749521
MASSIE,151.930932,-28.13427834
YAAMBA,150.3486546,-23.12731774
PHEASANT CREEK,150.09320065,-23.80867959
RACEVIEW,152.7780317,-27.63903256
MERINGANDAN WEST,151.88907294,-27.41524829
CALOUNDRA,153.12753004,-26.79831597
NEW CHUM,152.83274805,-27.6179458
TUCHEKOI,152.76135657,-26.40527599
FLINTON,149.56223005,-27.85722095
KEPERRA,152.95098137,-27.41462186
KULLOGUM,152.26247088,-25.34164833
CARNARVON PARK,147.87150317,-24.7751287
THREE RIVERS,140.17950869,-19.87502984
WATERLOO,151.99289145,-24.74427951
BOWEN,148.1193807,-20.14497974
KINBOMBI,152.16098118,-26.217797
BUSHLAND BEACH,146.68052502,-19.19951412
LEFTHAND BRANCH,152.26374701,-27.79459606
WAVELL HEIGHTS,153.04698677,-27.3938738
ABINGTON,152.35250976,-25.21035535
BLACKS BEACH,149.18679464,-21.06425127
ROCKSBERG,152.84599853,-27.11221938
LANGSHAW,152.58175512,-26.29715994
WYCARBAH,150.06451317,-23.48946008
TORRINGTON,151.88790111,-27.54240038
HILLCREST,153.02629556,-27.6683897
REDBANK,152.87355587,-27.6026488
WYNNUM WEST,153.15178642,-27.45224251
CARMILA,149.36814157,-21.87219684
FLINDERS VIEW,152.77537856,-27.65131316
FRANKFIELD,147.1117856,-22.25450869
GLENLEIGH,151.06144074,-25.03872463
ILBILBIE,149.35997936,-21.7171685
BRIDGEMAN DOWNS,152.9942696,-27.35139171
LAURA,144.16275035,-15.49594935
BELLTHORPE,152.72022853,-26.85171723
BOYNEWOOD,151.27085342,-25.63703513
DERRI DERRA,151.25017485,-25.71087277
FORESTDALE,153.00389183,-27.66334613
KENTVILLE,152.42238661,-27.4767624
KELSO,146.71818611,-19.38973155
LAIDLEY NORTH,152.40481982,-27.61049398
HEALY,139.50079046,-20.7479462
CROWS NEST,152.07472244,-27.25641526
GATTON,152.28001822,-27.56356352
HAWTHORNE,153.05867921,-27.46374857
TAYLORS BEACH,146.32784353,-18.64674879
UPPER FREESTONE,152.21538151,-28.12520717
GLADFIELD,152.18184011,-28.06560951
PLACID HILLS,152.23253583,-27.56123651
PINNACLES,146.67493069,-19.44152928
EUTHULLA,148.82743397,-26.43620031
GLENROY,149.81786589,-23.18557697
EDGE HILL,145.74275666,-16.90074867
V GATE,147.79999347,-26.88466467
CALLIDE,150.50147762,-24.2645323
CANOONA,150.14421764,-23.02596593
WALKERSTON,149.06516782,-21.1587313
QUINALOW,151.60885753,-27.13782841
NORTH TOOWOOMBA,151.95472024,-27.54671676
TINAROO,145.55221362,-17.15445212
HARRISVILLE,152.67006343,-27.80909659
ALBION,153.0435639,-27.43262957
LIMESTONE RIDGES,152.72523929,-27.83401555
MOOGERAH,152.50541871,-28.11176942
DUNDOWRAN BEACH,152.76659659,-25.27234396
BAROONDAH,149.12224734,-25.67414095
SEVEN HILLS,153.0780417,-27.47979331
LAIDLEY,152.41069754,-27.64108361
RINGWOOD,152.2279751,-27.52444847
AMBROSE,150.89204072,-23.81305538
SOUTH TREES,151.29817586,-23.87816988
UPPER KEDRON,152.91673926,-27.4183955
COORUMBENE,148.75316161,-24.5536943
MACALISTER RANGE,145.64872034,-16.76716496
URRAWEEN,152.82150542,-25.29748646
MALANDA,145.58752952,-17.37506448
TANGORIN,144.24143541,-21.58453115
CAMOOWEAL,138.51155513,-19.61077588
MANLY WEST,153.16630674,-27.46713872
MOUNT KELLY,147.31153681,-19.66865265
BUCKINGHAM,139.47362213,-22.15212906
SPRINGFIELD CENTRAL,152.90361415,-27.68099124
TEELBA,149.36749058,-27.52476394
PALM COVE,145.67013672,-16.74627246
BLYTHDALE,148.99717075,-26.52819961
CLEMANT,146.43566902,-19.11719541
GORDON PARK,153.0275662,-27.41653651
PAGET,149.17287181,-21.18813208
ASCOT,151.99694618,-27.82550031
DAJARRA,139.5919284,-21.81700886
BAMBOO CREEK,145.98987371,-17.55211929
BUDGEE,152.01629548,-27.78854862
ROSS RIVER,146.80214272,-19.4682453
SHEEP STATION CREEK,152.49200634,-26.84932117
TARZALI,145.59358236,-17.43937912
APPLETHORPE,151.93300215,-28.615438
PIMLICO,146.78884939,-19.28225392
MEADOWBROOK,153.14475739,-27.66391065
WARENDA,140.29147436,-22.45752464
MUDLO,152.22501004,-25.96318568
COOMRITH,149.59046145,-27.57331319
MOUNT BINDANGO,148.466504,-26.50664955
CORDELIA,146.24727401,-18.60622339
BLACKBUTT NORTH,152.11634074,-26.86769228
FOREST HILL,152.36486408,-27.58382764
HAPPY VALLEY,139.49059802,-20.74786114
FOREST LAKE,152.96336277,-27.62166215
DROMEDARY,149.13389485,-24.59165108
PIN GIN HILL,145.95143091,-17.56410909
KILKIVAN,152.25649541,-26.07466007
WINTON,143.03997288,-22.38309483
BROOKHILL,146.8665459,-19.42725377
YEERONGPILLY,153.01225298,-27.52952943
CEDAR CREEK,152.81871682,-27.33346201
MAPLETON,152.85919968,-26.62999537
GORDONSTONE,148.12837856,-23.31205269
STANTHORPE,151.93756619,-28.6599601
CHAMBERS FLAT,153.07848779,-27.74776445
BUNGEWORGORAI,148.61070895,-26.46431015
LOTA,153.19082854,-27.46813166
BULIMBA,153.05921048,-27.44793954
KIRKNIE,147.30376768,-19.85833197
ELLIS BEACH,145.68646272,-16.72458973
KURIDALA,140.38360739,-21.09424193
HEBEL,147.41709334,-28.91277828
NORTH ETON,148.95027206,-21.23251126
CROFTBY,152.59564431,-28.14751015
GEHAM,151.99618785,-27.38772665
KYBONG,152.71179044,-26.29107976
WONGA BEACH,145.41328777,-16.33908671
HODGSON,148.6302652,-26.55982189
WINWILL,152.21042017,-27.60741713
PARKSIDE,139.48852514,-20.73708302
BARWIDGI,144.64150438,-17.66634362
MARGATE,153.10310681,-27.24275824
GLENFERN,152.60351927,-26.96175496
MANLY,153.18716407,-27.4536521
COSGROVE,146.71410682,-19.27138129
TREGONY,152.36038876,-28.06616651
BEELBI CREEK,152.64164022,-25.29456835
LAWES,152.33009309,-27.5662598
PATERSON,152.52692081,-25.89045755
THEEBINE,152.53617137,-25.93898682
BEGONIA,148.26832061,-27.46202054
LANGLO,145.71964876,-26.03496948
CALLANDOON,150.09190857,-28.53540721
FINCH HATTON,148.61926171,-21.12197592
MOUNT DEBATEABLE,151.55674632,-25.63263665
SOUTH TALWOOD,149.33173788,-28.60610435
TARAWERA,149.72041281,-28.09719044
CHIRNSIDE,148.07649378,-23.15580882
MOUNT SURPRISE,144.35697427,-18.21698617
BANANA,150.16166415,-24.48881491
WINDAROO,153.19339639,-27.74586394
NOME,146.9467089,-19.36252961
OWENS CREEK,148.7048122,-21.10280525
KAIRI,145.54217722,-17.21534748
BLUE MOUNTAIN HEIGHTS,151.95713674,-27.49829213
BINDEBANGO,147.43456195,-27.62387334
MCEWENS BEACH,149.18930295,-21.23900402
CORINDA,152.98235661,-27.54354997
LUNDAVRA,150.01637408,-28.06444756
GOODAR,150.11608759,-28.34187976
BORONIA HEIGHTS,153.01964705,-27.6884827
ALMADEN,144.67237158,-17.39220275
CRESSBROOK CREEK,152.16798769,-27.24124407
DUARINGA,149.67927129,-23.68441874
ROMA,148.80403554,-26.56317733
WIGHTS MOUNTAIN,152.84448287,-27.39489154
FORK LAGOONS,147.94659836,-23.35797512
RANGEMORE,147.40389703,-19.98968346
PARKINSON,153.03033384,-27.64277651
SOUTH GLADSTONE,151.26663387,-23.86417259
BERAT,152.06680797,-28.0515089
OAK VALLEY,146.82129342,-19.40829168
BARRINGHA,146.79626259,-19.53772139
MARYBOROUGH WEST,152.66510536,-25.50054394
LOGAN RESERVE,153.10722453,-27.71735278
MOUNT TOM,151.67641983,-24.33173121
OPALTON,142.44132317,-23.06012275
EAST BRISBANE,153.04672592,-27.48332914
NEBINE,146.84154311,-27.99553939
MUNDINGBURRA,146.78513005,-19.29653396
RAGLAN,150.77501333,-23.83128269
PARKNOOK,149.16719544,-27.39557517
WESTVALE,152.61299622,-27.02582972
CASHMERE,152.90603927,-27.29375398
BOHLE,146.72020881,-19.24563803
NEWTOWN,151.93253645,-27.55603817
ROCKSIDE,152.28327753,-27.70372465
MOUNT LOUISA,146.73377938,-19.27732219
FREESTONE,152.15231001,-28.13471177
CLEAR ISLAND WATERS,153.39719768,-28.04195925
ORIENT,146.249496,-18.79551008
LAKE BORUMBA,152.5142387,-26.53007994
LAIDLEY HEIGHTS,152.36590728,-27.63055363
CONJUBOY,144.59298221,-18.72829665
DARGAL ROAD,148.72272202,-26.55541687
VICTORIA PLAINS,149.01286792,-21.22289725
KINCHANT DAM,148.89139918,-21.21701038
LUCINDA,146.33546059,-18.52900872
MACFARLANE,146.00853053,-24.888557
BOLLON,147.32497521,-28.28563696
ETON,148.94763897,-21.30564487
WINDORAH,142.42483278,-25.47350956
BARRINGUN,145.79135225,-28.86282263
BLACKSOIL,152.70651557,-27.57801232
CEDARTON,152.81033306,-26.86227602
GLEN NIVEN,151.97296943,-28.58715391
SUNSHINE BEACH,153.1064989,-26.40430524
SHUTE HARBOUR,148.78489391,-20.29032701
NOORAMA,146.217493,-28.73036716
WILSONTON HEIGHTS,151.92686105,-27.53262878
BUNGABAN,150.1964306,-25.90295407
COOLABUNIA,151.88933003,-26.59390836
SPRINGWOOD,153.13825131,-27.62020703
CHARLESTOWN,151.93230326,-26.36860605
TAM O'SHANTER,146.06285994,-17.90933772
SPRINGSIDE,151.57623425,-27.67321738
LAMB ISLAND,153.38152057,-27.62442653
DOWAR ISLET,144.02677052,-9.94393112
PORUMA ISLAND,143.06955915,-10.05028765
BASIN POCKET,152.77038922,-27.60096308
SUN VALLEY,151.25815778,-23.87531287
GLENORCHY,152.64249131,-25.61750834
WILSON BEACH,148.72479719,-20.47239699
ISLAND PLANTATION,152.72568381,-25.49406648
BRANCHVIEW,151.34867516,-27.61584168
PALM GROVE,148.70087188,-20.39279903
DAUAN ISLAND,142.53616917,-9.42169982
RAVENSWORTH,143.61607457,-17.26533396
LANSKEY,139.49812462,-20.68817885
ROSS CREEK,152.74408367,-26.09743046
LAGOON POCKET,152.68149654,-26.27702168
SCRUBBY CREEK,152.57326797,-26.22225792
BOLWARRA,144.04165844,-17.44090973
COCONUTS,146.06496085,-17.50202884
CORAL COVE,152.47954986,-24.88395267
JOSKELEIGH,150.79660573,-23.3760252
WILLOW VALE,153.26306891,-27.84506853
SCOTTVILLE,147.81825278,-20.58373487
BAN BAN SPRINGS,151.82338494,-25.67290146
SHELL POCKET,145.98503712,-17.81459602
SCARNESS,152.85388367,-25.28776228
STEWART CREEK VALLEY,145.30923074,-16.29033645
CUNGULLA,147.11064777,-19.40169125
CONDAMINE FARMS,150.96324231,-27.93652384
DIAMONDVALE,151.96258989,-28.66237424
ELLINTHORP,151.91740501,-28.04816377
NORTH TIVOLI,152.78958248,-27.57950834
WEIR RIVER,150.64817737,-27.71256067
AUSTINVILLE,153.31048997,-28.15677517
MASIG ISLAND,143.40786623,-9.7523019
GREEN ISLAND,145.97439225,-16.75896263
POINT VERNON,152.81522081,-25.25661259
CYPRESS GARDENS,151.02820628,-27.97799701
TUGUN,153.49040516,-28.14864973
GROGANVILLE,144.36232516,-16.40002852
LOW ISLES,145.56941475,-16.38718572
CHILLAGOE,144.65584845,-17.1037545
THE SUMMIT,151.93346232,-28.58111368
KALKADOON,139.48868443,-20.67040081
BRASSALL,152.73634813,-27.59010163
RIVERTON,151.46127528,-29.06245186
SUNNYSIDE,149.0998064,-21.36812036
HOPE ISLAND,153.35993455,-27.8681605
BALNAGOWAN,149.00837887,-21.11750352
JERONA,147.22288545,-19.45377631
ROADVALE,152.70764855,-27.9192922
BASILISK,145.98844359,-17.67125815
WESTCOURT,145.75294442,-16.93040499
THAGOONA,152.631791,-27.62649119
WATALGAN,152.00661479,-24.63989068
PORT CURTIS,150.54064659,-23.4199161
WANGETTI,145.56913555,-16.66411134
KARRABIN,152.70475408,-27.59613175
SOUTHERN CROSS,146.16008693,-20.01234509
LARK HILL,152.5928817,-27.52453766
BRIGALOW,150.8099793,-26.89433951
MILLMERRAN DOWNS,151.06665179,-27.98581151
NIVE,146.53971149,-25.44247597
CONWAY,148.71770543,-20.45313203
ENOGGERA RESERVOIR,152.87068298,-27.43337407
GLEN CAIRN,152.32458469,-27.61547098
THORNTON BEACH,145.43564432,-16.15793301
HERBERTON,145.38413148,-17.3914062
STOCKYARD,152.06326768,-27.65861214
TANNUM SANDS,151.38511156,-23.99480418
GOLDFIELDS,151.71438782,-28.48648828
CURTIS ISLAND,151.152339,-23.61425379
TELINA,151.25363536,-23.88821957
DUNMORE,150.95545657,-27.6618047
MELDALE,153.07274792,-27.0257346
KENTS POCKET,152.65800311,-27.9890211
MISSION BEACH,146.10271215,-17.86114918
AMAROO,139.33903319,-23.26797535
CRYSTALBROOK,144.38493763,-17.45977654
MORNINGTON,139.49613684,-20.73441978
SPRING BLUFF,151.97501407,-27.46400592
BEAVER ROCK,152.81738163,-25.52049484
OTTABA,152.38241154,-27.14933668
KARRON,141.8427186,-17.57421956
MILLBANK,152.32037689,-24.8722664
ANDERLEIGH,152.67858728,-26.01601777
SUNDOWN,151.66116177,-28.85674805
DYKEHEAD,151.06007768,-25.64891974
MOOLOOLAH VALLEY,152.96548717,-26.76221858
BUTCHERS CREEK,145.69935013,-17.33609364
DOOMADGEE,138.74377466,-17.71008662
FRENCHVILLE,150.54936823,-23.34734522
TINGOORA,151.813986,-26.35830311
THE MINE,150.37325393,-23.63041559
POZIERES,151.87262424,-28.53245559
CUTTABURRA,145.39289734,-28.70467377
RINGTAIL CREEK,152.95253373,-26.33648017
SPLINTER CREEK,151.2433003,-24.94850121
NOCCUNDRA,142.62800744,-27.76079922
MOORE PARK BEACH,152.238394,-24.70941945
WANDOAN,149.90456384,-26.13242603
THE GAP,139.49917003,-20.72587288
FERNY GLEN,153.15671733,-28.0758918
MONTROSE,150.61475784,-27.01346459
WILSONS POCKET,152.80488551,-26.12374254
BROADMERE,149.53760436,-25.50269965
ROSSVALE,151.5838559,-27.62706137
PASSCHENDAELE,151.81515642,-28.52094929
SHANNONVALE,145.32701658,-16.50607019
YENDA,151.61811469,-25.40337795
GROPER CREEK,147.56312191,-19.69700964
CORINGA,151.95065426,-25.36712147
GUNPOWDER,139.26352231,-19.85880285
WONBAH,151.60932308,-25.07759983
KURRIMINE BEACH,146.10466662,-17.75581577
ANAKIE SIDING,147.78541339,-23.55588115
RADFORD,152.63597008,-27.85200972
TOWNSON,152.36940775,-27.89744134
MIARA,152.15664164,-24.67327168
MONTROSE,151.77896262,-28.15630843
SARINA RANGE,149.11743302,-21.5532823
MONA MONA,145.54300653,-16.74293803
PARKWOOD,153.36452409,-27.95436108
COOLABINE,152.77497458,-26.60247016
MOUNT TULLY,151.94640457,-28.74270718
MORGANVILLE,151.96214884,-25.19112888
MARYS CREEK,152.58390516,-26.24682681
WINFIELD,152.00744782,-24.5660103
DALCOUTH,151.98926703,-28.66063904
SILKY OAK,145.94936943,-17.97466624
STEIGLITZ,153.34422423,-27.73914484
DOOLBI,152.30217967,-25.23002182
CRACOW,150.30702658,-25.31734887
GAVEN,153.33522611,-27.95592963
HORSE CAMP,151.88240082,-25.07495236
THEODORE,150.07642684,-24.94387506
BULLERINGA,143.90161004,-17.61929155
THE KEPPELS,150.96298392,-23.18942914
MULAMBIN,150.79150475,-23.1909942
MOUNT STURT,152.20634574,-28.1692852
BIGGERA WATERS,153.3941352,-27.93008411
MENA CREEK,145.91679527,-17.67367841
PELHAM,150.28784748,-26.29184949
SARABAH,153.11900882,-28.11806887
PALLARENDA,146.76706544,-19.19975465
AIRDMILLAN,147.48121726,-19.52648976
BINGIL BAY,146.09078379,-17.82702137
HALIDAY BAY,148.98356707,-20.90727586
GREEN HILL,145.83287943,-17.03088108
COLEYVILLE,152.58456594,-27.79804288
COOLUM BEACH,153.06952825,-26.53055571
BUNJURGEN,152.61738523,-28.04093386
BANGALEE,150.76437177,-23.07506519
WATERFORD WEST,153.12706076,-27.69249388
PALMTREE,152.14802881,-27.40525516
GWAMBEGWINE,149.55059426,-25.30661945
HIGHVALE,152.81179296,-27.37210555
GHINGHINDA,149.7647046,-25.21994857
HOWITT,141.53680961,-17.18714673
WHITE PATCH,153.12382328,-27.03181271
PIKEDALE,151.65799369,-28.63118348
WARRABER ISLET,142.82400053,-10.2075459
THANE,151.70701355,-28.15690654
HUDSON,145.99996517,-17.52542349
EAST CREEK,141.74318819,-19.07936631
GEMINI MOUNTAINS,147.8610398,-22.45138288
CANNINGVALE,152.07254044,-28.24849845
TOWERS HILL,146.2505189,-20.09046954
INSKIP,153.05671001,-25.84479253
HORN,142.31943029,-10.61311346
PINNACLE,148.68570186,-21.21522306
NERANWOOD,153.30725035,-28.12077665
TOOMULLA,146.46294535,-19.07963703
JEEBROPILLY,152.65593791,-27.65089394
MILTON,153.0051689,-27.46861584
GURGEENA,151.38599995,-25.45967477
GLASTONBURY,152.52927332,-26.20377387
MOUNT ARCHER,150.5816326,-23.32598796
GLEN ALLYN,145.66221634,-17.37538032
PRAWLE,152.77272132,-25.490277
LEICHHARDT,152.73396091,-27.6231202
TOKO,138.5831728,-22.91442306
GERMANTOWN,145.9672055,-17.64280235
GLADSTONE HARBOUR,151.34079663,-23.81482425
BELMUNDA,149.01716609,-20.95018269
SOMERSET DAM,152.5416334,-27.12041621
DEDIN,145.18697744,-16.27081959
CONWAY BEACH,148.75000755,-20.47242112
DUNK,146.1683996,-17.95400277
THORNDALE,151.85687596,-28.70396972
TOWEN MOUNTAIN,152.92338682,-26.64928092
WEST IPSWICH,152.74858514,-27.62003402
DAINTREE,145.32980589,-16.25846621
COOMBABAH,153.36973643,-27.90974692
WARNOAH,149.89690938,-24.69120252
RYAN,139.499908,-20.70058372
BONSHAW,151.32649487,-29.00518964
ST AGNES,151.93015082,-25.13701953
MARCUS BEACH,153.09442205,-26.44607839
SPRING CREEK,150.03071155,-25.40224151
MAIDENHEAD,151.39148235,-29.11900712
KIA ORA,152.77005612,-26.01624653
BRACEWELL,150.91359658,-23.9239625
WANJURU,146.06268506,-17.4482121
COOROO LANDS,145.90096808,-17.52413615
HURRICANE,144.62549035,-16.53141112
GOOD NIGHT,151.90065284,-25.24970638
MACALISTER,151.07207912,-27.02828678
ALABAMA HILL,146.24838293,-20.08220007
JUBILEE HEIGHTS,146.0367423,-17.476896
MACLEAY ISLAND,153.35801098,-27.60938548
GORANBA,150.62930599,-27.27539992
BELLBIRD PARK,152.88660384,-27.63670386
DOWNSFIELD,152.7267395,-26.04966164
BUARABA SOUTH,152.23325819,-27.41647535
ISIS CENTRAL,152.17672583,-25.19403435
EUKEY,151.98197889,-28.78581721
ELAMAN CREEK,152.77891191,-26.71920022
NEUSA VALE,152.84159085,-26.1980068
KUNIOON,151.89213805,-26.66993813
GARGETT,148.75643682,-21.15195661
YAMANTO,152.74084814,-27.65308322
COAL CREEK,152.43338638,-27.180107
STURT,138.33135122,-23.39322036
DUNNROCK,149.18202505,-21.26380724
MACKAY HARBOUR,149.21340637,-21.11328695
BROOKWATER,152.89581018,-27.65783326
WALTERHALL,150.3833783,-23.62748391
AUGATHELLA,146.57990975,-25.80450931
ROOKWOOD,144.24716953,-17.01712639
LYNDSIDE,143.57530755,-16.94782454
SOUTHERN MORETON BAY ISLANDS,153.39446724,-27.77824644
LEYDENS HILL,150.41136993,-23.60991911
WEST MACKAY,149.16177847,-21.15093105
FOULDEN,149.14711,-21.13795641
COWLEY CREEK,146.03356896,-17.69772052
CERATODUS,151.10470896,-25.26785818
NERADA,145.87215995,-17.54844172
CAUSEWAY LAKE,150.78559926,-23.19896129
COOROY MOUNTAIN,152.95097391,-26.42949426
HINCHINBROOK,146.24402555,-18.29214957
PEEL ISLAND,153.35529013,-27.49879221
NYCHUM,144.49519843,-16.76537474
EAGLEBY,153.2193679,-27.69849604
BONOGIN,153.35337423,-28.13906011
WATERANGA,151.84426272,-25.39115267
TOOLAKEA,146.58585645,-19.14758199
PIKES CREEK,151.54299119,-28.72478833
KOWGURAN,150.12363697,-26.49901766
WIDGEEGOARA,146.31440088,-28.35854692
JULATTEN,145.37630723,-16.58616542
FLYING FOX,153.17212755,-28.09979707
SWAN CREEK,152.14155193,-28.19753283
JIMBOUR WEST,151.09852789,-26.88813479
MOUNT PLEASANT,152.76362027,-27.14887717
CHERRY GULLY,152.05849623,-28.41853488
TERRICA,151.49314318,-28.50104698
YANGAN,152.20269887,-28.19860249
FOREST RIDGE,151.02603142,-27.96142199
MACKAY,149.18216577,-21.14248203
CHARLEVILLE,146.29614744,-26.39538305
TOPAZ,145.71435864,-17.41801054
THE GLEN,151.92325598,-28.34279937
CUTELLA,151.82029509,-27.45383282
WAMURAN BASIN,152.82084635,-27.04778981
RANGES BRIDGE,151.08099906,-27.14864025
MILORA,152.68835188,-27.84929171
FLETCHER CREEK,150.43410107,-23.78935073
GAYNDAH,151.6362758,-25.62039235
BOYNE ISLAND,151.32485314,-23.9320315
SHORNCLIFFE,153.08159995,-27.32738818
OAK BEACH,145.52101138,-16.58801628
GEORGINA,139.22154255,-22.48077007
WELCOME CREEK,152.26561555,-24.77156936
COLEVALE,147.34161074,-19.45314706
BAJOOL,150.5886953,-23.69260588
BUNGUNDARRA,150.63878659,-23.04878466
LAIDLEY CREEK WEST,152.35425804,-27.67048044
GODWIN BEACH,153.09827729,-27.08623806
BENOWA,153.38582472,-28.00768467
DAYBORO,152.82307441,-27.20161967
TANNYMOREL,152.23999534,-28.30132501
POINT ARKWRIGHT,153.09813204,-26.54644826
RULES BEACH,152.03220073,-24.49279113
BARNEY POINT,151.26897733,-23.84320223
YIMBUN,152.3602536,-27.02848601
DUCKLO,151.03517785,-27.27640444
ROCHE CREEK,150.13757303,-26.0577715
MUNDUBBERA,151.29818969,-25.58290697
SOUTHPORT,153.40175078,-27.97305803
DIXIE,143.27370142,-15.41525265
BONNIE DOON,145.40651971,-16.46212124
COLES CREEK,152.74215892,-26.35574406
DARTS CREEK,150.95043796,-23.719842
TOWN COMMON,146.7426544,-19.2129884
BARRAMORNIE,150.09495329,-27.06966892
WALLACES CREEK,152.65543999,-28.06683339
KINGS SIDING,151.78989096,-27.45374157
BALMORAL RIDGE,152.89232756,-26.74457873
KINKA BEACH,150.79219775,-23.2199792
OYSTER CREEK,151.86094653,-24.42285554
TWIN WATERS,153.08694562,-26.63200018
CLINTONVALE,152.11812638,-28.0944074
KARUMBA,140.87163263,-17.48783296
KENMORE HILLS,152.92785184,-27.49471695
MOUNT COOLUM,153.08304163,-26.56670986
RODGERS CREEK,151.83268531,-28.2223136
TOORBUL,153.08105182,-27.04166453
LINDEN,146.39715022,-27.82471
DALLARNIL,152.04053178,-25.36136384
