Locality,Longitude,Latitude
BEAUCHAMP,143.62503359,-35.62573262
TOOLONDO,141.8916118,-37.02080674
KALPIENUNG,143.26329096,-35.83748989
YANDOIT,144.10512232,-37.20232086
ST ARNAUD NORTH,143.16626015,-36.59168244
GERANG GERUNG,141.87883178,-36.38153561
YAAPEET,142.08383399,-35.67893894
STONY CREEK,143.68713812,-37.22655828
BOLINDA,144.77695923,-37.43811501
WARNE,143.11436659,-35.78455236
MORTON PLAINS,142.9047676,-36.07792499
CHIRRIP,143.12803303,-36.16804152
CHINANGIN,143.18318099,-35.52357118
KENMARE,142.2047962,-35.93439403
GLADFIELD,143.95469233,-36.05870347
DUNACH,143.73464228,-37.22062687
LORQUON,141.7723579,-36.14625015
DOCTORS FLAT,147.73821887,-37.30083734
SHEEP HILLS,142.54431671,-36.34314635
PERONNE,141.37220139,-36.66067451
ULTIMA,143.27936675,-35.48169816
BOGONG,147.21992234,-36.79923723
TANDARRA,144.21165508,-36.43326127
REEDY LAKE,143.87577427,-35.66383806
TRESCO WEST,143.63236671,-35.50855212
KALKEE,142.22261985,-36.55012726
DELATITE,146.16083905,-37.12958637
CALIVIL,144.08417798,-36.25307855
MIRALIE,143.32303018,-35.12788993
CORACK EAST,143.05817291,-36.1529637
LAH,142.42345351,-36.12857453
GIL GIL,143.04093293,-36.32165221
MININERA,142.95021122,-37.60446411
MOUNT COLE CREEK,143.12431492,-37.21998884
YARRAWONGA SOUTH,146.0261909,-36.0844386
SEA LAKE,142.89444739,-35.49658513
CRYMELON,142.23652041,-36.15191023
SUTTON,142.97358988,-35.73285202
JIL JIL,142.97617529,-35.82187516
ANGLERS REST,147.46747654,-37.01632044
JEFFCOTT NORTH,143.06805316,-36.2628361
YANDOIT HILLS,144.05162426,-37.21242653
NULLAWIL,143.14066747,-35.85774244
NOWHERE CREEK,143.29263675,-37.12521678
GRASS FLAT,141.82739605,-36.65486819
BAMAWM,144.62869475,-36.26122665
CARALULUP,143.64927444,-37.20416345
CAMPBELLTOWN,143.95232039,-37.2081729
BULGANA,142.99483018,-37.12973436
TATYOON,142.99409825,-37.50811909
WATCHUPGA,142.68992692,-35.76940954
BIMBOURIE,142.75978094,-35.34033348
KARYRIE,142.85014022,-35.92606703
GOLDEN POINT,143.76121245,-37.09060571
LILLIPUT,146.4551379,-36.13032568
WAAIA,145.31116488,-36.04440588
NYAH WEST,143.33577475,-35.18351434
PYRAMID HILL,144.13201443,-36.04938833
MURRINDAL,148.21199589,-37.41616459
ENSAY NORTH,147.8571162,-37.30064755
GOOROC,143.20756925,-36.46741659
NORMANVILLE,143.73222984,-35.80000636
STRATEN,142.57636078,-35.37973579
WALLALOO,142.87644232,-36.74713868
MOUNT GLASGOW,143.75861891,-37.20433757
MARNOO EAST,142.9564017,-36.65689065
BUTCHERS RIDGE,148.25703539,-37.26239754
BOOMAHNOOMOONAH,146.0991238,-36.12412358
BULLUMWAAL,147.58441669,-37.64308499
APPIN SOUTH,143.86429387,-35.93068879
WOODSIDE NORTH,146.82210321,-38.41989009
KINNABULLA,142.71793016,-35.89832064
MYRRHEE,146.30624754,-36.74787809
POLISBET,143.14877763,-35.27503075
MOYSTON,142.73729749,-37.29093147
KOOLOONONG,143.11962719,-34.85785282
NYARRIN,142.67077365,-35.38650811
REEDY DAM,142.64531013,-35.95793876
ROSEBERY,142.42147909,-35.83346203
GRANYA,147.3062484,-36.09632814
BUNGEET WEST,146.00063282,-36.34007157
KARNAK,141.49921295,-36.83836718
ST JAMES,145.8876757,-36.25742685
KOTTA,144.52472381,-36.19158715
GRANITE FLAT,143.13163843,-36.21410787
BROOKVILLE,147.65561583,-37.35134323
LAWLER,142.75568534,-36.36389989
SAWMILL SETTLEMENT,146.36627496,-37.12193926
LIMA EAST,145.96506823,-36.81216356
COPE COPE,143.07245584,-36.46589924
HAVILAH,146.8942116,-36.62004501
SPEED,142.43096788,-35.40987964
LAEN EAST,142.90225838,-36.39814142
MARLBED,142.85770585,-35.81510952
PINE VIEW,143.66480123,-35.80864282
BOLTON,142.93321406,-34.96252237
MEATIAN,143.35540364,-35.57202728
WALLAGARAUGH,149.741749,-37.43391073
SWANWATER WEST,143.01904957,-36.5182192
WARMUR,142.75496308,-36.08627456
AREEGRA,142.67626804,-36.24601959
SOUTH GEELONG,144.36122088,-38.1667446
CALLAWADDA,142.79404106,-36.82283592
GATEWAY ISLAND,146.89610768,-36.09657044
STREATHAM,143.08243075,-37.64480055
ST KILDA WEST,144.97121338,-37.85805273
MACKS CREEK,146.62195164,-38.46447993
BRADVALE,143.37091159,-37.78872994
TABBERABBERA,147.371041,-37.55651487
BLACK ROCK,145.02165139,-37.97112493
MCMAHONS CREEK,145.85009685,-37.70020337
BONEGILLA,146.99217055,-36.13643577
COLDSTREAM,145.40873044,-37.70368949
DRUNG,142.3283274,-36.76557967
CARAMUT,142.52190568,-37.95227646
YARRAWONGA,146.0017898,-36.03704952
ABBEYARD,146.7640703,-37.02131257
EDI UPPER,146.52161694,-36.75185902
LAVERTON,144.76749332,-37.85917612
KILLAWARRA,146.2082701,-36.24796084
MOUNT ALFRED,147.63130807,-36.00066076
CHELTENHAM,145.06031317,-37.96356461
SHOREHAM,145.03275121,-38.42177505
EBDEN,147.03593256,-36.16542859
BUNDALONG,146.1292975,-36.05833604
FOXHOW,143.47753211,-38.05367521
BUDGERUM EAST,143.65185022,-35.77018233
YIELIMA,145.18644475,-35.90291771
YALCA,145.28421443,-35.92809479
CABBAGE TREE CREEK,148.71271298,-37.65527191
RIPPLEBROOK,145.76425777,-38.19880552
GNARWARRE,144.14302571,-38.15686974
LOWER NORTON,142.07965648,-36.81228761
GRAYTOWN,144.94189953,-36.82654467
NANGANA,145.53595815,-37.87759472
RIVERSIDE,142.24688029,-36.72109391
BEARII,145.34526009,-35.88571891
WHOROULY SOUTH,146.59665455,-36.59366113
CASTLEMAINE,144.21850679,-37.05812236
CHURCHILL,146.42325711,-38.31632494
REEFTON,145.91481976,-37.6708428
GREAT WESTERN,142.88193619,-37.1666986
LOY YANG,146.57665166,-38.25135823
BARFOLD,144.50387932,-37.10261129
DOCKERS PLAINS,146.33614962,-36.2853911
CALULU,147.51003645,-37.78161576
RAYMOND ISLAND,147.74781615,-37.92072468
HAVEN,142.19207288,-36.75942904
PATYAH,141.27053362,-36.90743999
BENAMBRA,147.80682301,-36.8846686
JERUK,143.42607741,-36.01383274
HORFIELD,144.21344467,-35.89166187
HUMEVALE,145.18560226,-37.50197185
EAGLEMONT,145.06374717,-37.76370446
BEVERIDGE,144.97191534,-37.47615486
BRUNSWICK,144.96128808,-37.76637246
GLADSTONE PARK,144.89370214,-37.68999428
WEST MELBOURNE,144.92536471,-37.80913678
DANDENONG NORTH,145.21407603,-37.95583742
ARDEER,144.80152979,-37.77620112
OAK PARK,144.91699469,-37.71749375
LALOR,145.00747564,-37.6658354
MONT ALBERT NORTH,145.11080914,-37.80330984
KALKALLO,144.96035666,-37.52591467
FAWCETT,145.71824666,-37.09746149
WOODFIELD,145.79030737,-37.05679341
LYSTERFIELD,145.30083275,-37.93532252
LYSTERFIELD SOUTH,145.26696579,-37.95248162
THOMASTOWN,145.00815203,-37.68377986
BULDAH,149.11925794,-37.24440764
PERCYDALE,143.38913878,-37.07874194
GREENHILL,144.44397346,-37.17206339
ROBINVALE,142.75404881,-34.61904099
ASPENDALE,145.10255368,-38.02193539
KEW,145.03320088,-37.80341447
TRAWOOL,145.23787185,-37.1223822
SUNSHINE,144.8343417,-37.7892906
FOOTSCRAY,144.89719898,-37.79813977
KINGLAKE WEST,145.25015017,-37.47866593
SUNSHINE NORTH,144.83641761,-37.76396716
HEIDELBERG,145.06991161,-37.75250608
MALVERN EAST,145.06540291,-37.8766211
DANDENONG,145.21197101,-37.98515231
IVANHOE,145.04369306,-37.76782855
BONANG,148.64804695,-37.16697321
MURRAY-SUNSET,141.47590733,-34.70940724
MAFFRA,146.99384234,-37.95759523
CARBOOR,146.54739819,-36.65408456
MILAWA,146.44130547,-36.45562986
HAVELOCK,143.78518102,-36.9673911
BAILIESTON,145.08090775,-36.74949797
ESKDALE,147.22802819,-36.50411902
KIEWA,147.0065587,-36.2726029
LACEBY,146.29736803,-36.45436879
JARKLIN,143.95797185,-36.25319996
FLINDERS,144.97840607,-38.45879756
COHUNA,144.24293744,-35.77605174
LOCKSLEY,145.3189193,-36.84210777
ARCHDALE JUNCTION,143.51490717,-36.88552958
LITTLE RIVER,144.46680273,-37.9319736
BEECH FOREST,143.5925897,-38.63470679
TANTARABOO,144.82374069,-37.23760001
ALBION,144.81628133,-37.77650896
ABBOTSFORD,144.99970654,-37.80435387
BULLEEN,145.08696722,-37.76864666
KEILOR EAST,144.85682364,-37.73877493
HEIDELBERG WEST,145.04351165,-37.73815197
DONCASTER,145.12408527,-37.78478379
TOORA NORTH,146.3370449,-38.60169226
LONGFORD,147.0923163,-38.21706146
LITTLE DESERT,141.7612331,-36.50257146
WHEELERS HILL,145.1870082,-37.90752269
WAHGUNYAH,146.42126045,-36.00463913
TORQUAY,144.32254729,-38.30812182
BARANDUDA,146.95731662,-36.18266847
PENTAL ISLAND,143.69109855,-35.40339809
OVENS,146.78443371,-36.60435296
DRIK DRIK,141.26443725,-38.01107346
LUBECK,142.5335718,-36.73974651
COTSWOLD,143.89426482,-37.14461096
GOLDIE,144.80237552,-37.25667305
HARKNESS,144.54720953,-37.65378224
EVERTON,146.554082,-36.43910984
ROSE RIVER,146.58235219,-36.90836012
WILLUNG,146.83830413,-38.2686307
CAIRNLEA,144.78786493,-37.75946086
DUTSON DOWNS,147.31939312,-38.20328066
DANDONGADALE,146.70401462,-36.83957184
WOODSTOCK,145.05533053,-37.54552352
TEMPLESTOWE LOWER,145.11219829,-37.76383171
DERRINAL,144.60927129,-36.89400009
WULGULMERANG EAST,148.30965352,-37.10331907
NARRE WARREN,145.30593639,-38.01908021
GREENSBOROUGH,145.10712373,-37.69890514
KANGAROO FLAT,144.24184055,-36.80668512
TONIMBUK,145.71339477,-38.01505553
TALLANGATTA,147.18609633,-36.23146486
DOOBOOBETIC,143.20100599,-36.37876836
DEDDICK VALLEY,148.47258214,-37.05832102
MAUDE,144.18831234,-37.9466065
WERRIBEE SOUTH,144.69702735,-37.93831414
PRINCES HILL,144.96659162,-37.78180688
WARRANWOOD,145.24978167,-37.77261721
WATSONIA,145.08356765,-37.71050943
WILLOWMAVIN,144.86722409,-37.2485535
JACANA,144.91008862,-37.68752126
MIA MIA,144.60799324,-36.9900384
GRE GRE NORTH,143.06571503,-36.60439414
BEALIBA,143.56396699,-36.76740981
MERBEIN,142.04750971,-34.16132067
RYANS,147.47445059,-37.55195075
POMONAL,142.61844398,-37.23301903
UPPER FERNTREE GULLY,145.30926587,-37.89808617
KALIMNA WEST,147.9398643,-37.81528034
WATERHOLES,147.6932836,-37.64794835
CLAYTON,145.13043131,-37.91816786
STRATHMORE HEIGHTS,144.89693501,-37.71336721
COIMADAI,144.48664454,-37.5909856
KANAGULK,141.83583859,-37.11131747
BARWON HEADS,144.48810327,-38.27481273
ENOCHS POINT,146.1186231,-37.41853429
DENISON,146.86319678,-38.03221819
MALLACOOTA,149.79889222,-37.50980863
BILLABONG,146.82798541,-37.25887011
COBURG,144.96430352,-37.74485608
MOUNT ELIZA,145.09271611,-38.19501962
TOORA,146.31545548,-38.65426911
BARINGHUP,143.97575254,-36.97219629
GUNYAH,146.29154322,-38.54023001
ARBUCKLE,146.82916415,-37.36901349
MANNS BEACH,146.79399248,-38.66371937
GOORNONG,144.4985323,-36.61496723
MOUNT BUFFALO,146.78406278,-36.73131651
TIMBARRA,147.93333763,-37.49118998
ADA,145.85186823,-37.84220581
MOROKA,146.93882909,-37.48990591
AIRE VALLEY,143.56599093,-38.69226047
SARGOOD,146.73896416,-37.58634625
STEELS CREEK,145.38122632,-37.57966198
KINGLAKE,145.35685938,-37.51079184
YARRA GLEN,145.38153622,-37.64678748
TALLAROOK,145.13075913,-37.12815126
GUNBOWER,144.35494364,-35.94941544
ESSENDON,144.91092982,-37.74979298
CHRISTMAS HILLS,145.31414241,-37.65785653
MITCHAM,145.19900832,-37.81816277
DONVALE,145.19131206,-37.78978669
MOONEE PONDS,144.92143477,-37.76561153
MACLEOD,145.07046973,-37.72119999
KINGLAKE CENTRAL,145.32036741,-37.47031942
SPOTSWOOD,144.88784458,-37.82960211
DARLINGTON,143.03023066,-37.98772018
LANCE CREEK,145.67426239,-38.54811219
BASALT,144.10348161,-37.30786266
EVERSLEY,143.17576044,-37.19377148
BULLA,144.79188883,-37.6343291
KEILOR,144.82717768,-37.70725566
MORTLAKE,142.80895735,-38.0576957
VINIFERA,143.39998021,-35.21157128
HATTAH,142.33152077,-34.72000562
LOCKWOOD,144.16934381,-36.81148501
VERMONT SOUTH,145.1878211,-37.85437097
TARRA VALLEY,146.56236179,-38.46880414
PLENTY,145.1123599,-37.66739947
ESMOND,146.18457357,-36.06390297
ALTONA,144.81379622,-37.86016815
GEORGES CREEK,147.25815196,-36.15061165
GLENGOWER,143.87337119,-37.21445486
GRANTVILLE,145.54464921,-38.41833039
SANDY CREEK,147.12186585,-36.36298904
LANGSBOROUGH,146.67051791,-38.65093956
SEBASTIAN,144.19793453,-36.59450426
BUNGALALLY,142.2546569,-36.80624329
BALLARAT NORTH,143.86645845,-37.53912958
LANCASTER,145.14255446,-36.31016593
SHELBOURNE,144.06370015,-36.84706771
LONGLEA,144.42426247,-36.75994874
MITCHELL PARK,143.77979922,-37.50690068
TYENNA,142.57587284,-35.32431789
LEICHARDT,144.07607014,-36.68721209
KYABRAM,145.03640401,-36.32707394
NERRINA,143.89561926,-37.53785005
JUNORTOUN,144.36424157,-36.77057554
SULKY,143.8542159,-37.46272829
BOINKA,141.56649067,-35.15493624
BIG HILL,144.22959427,-36.83552119
BOXWOOD,145.8067304,-36.324675
GERAHMIN,142.79978422,-35.17249319
ECHUCA VILLAGE,144.82058893,-36.140174
KOORLONG,142.04590295,-34.31475109
ZEERUST,145.39680158,-36.27396867
WEATHERBOARD,143.67245739,-37.4355604
GONG GONG,143.93732247,-37.54898619
SAILORS GULLY,144.23235255,-36.70560163
CRESWICK,143.89124214,-37.4241093
YELTA,142.00807041,-34.12698803
ORRVALE,145.44684592,-36.41157261
BELGRAVE,145.35529755,-37.91238692
PORT WELSHPOOL,146.48276276,-38.69281466
NORTH BENDIGO,144.28044117,-36.7374477
WINNINDOO,146.75426237,-38.07706331
EMU CREEK,144.34970474,-36.84595732
DRUMANURE,145.48693246,-36.1692365
THREE BRIDGES,145.68998083,-37.84817484
BYRNESIDE,145.16470837,-36.41206204
MILLOO,144.37701675,-36.35595759
YABBA SOUTH,145.68158393,-36.28071238
WILSONS HILL,144.0906778,-36.72897935
COOMA,145.07123196,-36.41106676
MCLOUGHLINS BEACH,146.90368362,-38.60532081
LONG GULLY,144.25821976,-36.74308387
PINE LODGE,145.54773985,-36.35515353
RUSHWORTH,144.99877808,-36.58124706
YACKANDANDAH,146.86800341,-36.33564213
HIAWATHA,146.44612394,-38.5378889
WOORINEN NORTH,143.43137422,-35.23972738
RAVENSWOOD SOUTH,144.21120189,-36.94582091
CROYDON NORTH,145.2839227,-37.77185052
LAKE GARDENS,143.81653151,-37.54627111
CARINA,141.09511644,-35.21415053
ANNUELLO,142.82666575,-34.86598062
COOMOORA,144.19761636,-37.33071185
WEMEN,142.66744222,-34.80416105
MUSK,144.20032145,-37.36752789
WALHALLA EAST,146.58078749,-37.93253882
BUNDARA,147.33976999,-36.97780977
WABONGA,146.55100378,-37.03325209
MARTHAVALE,147.50760327,-37.44430924
KERRISDALE,145.25430226,-37.17379132
HADFIELD,144.95008145,-37.7101478
MICKLEHAM,144.90063568,-37.5398145
PASCOE VALE SOUTH,144.93837141,-37.74312867
CAPEL SOUND,144.87409422,-38.37223581
TINAMBA WEST,146.83073778,-37.92469457
WAIL,142.08672155,-36.52994416
CHINTIN,144.83189824,-37.39306144
MITTA MITTA,147.39851606,-36.63001481
NAREEN,141.53679699,-37.3862232
MAIDSTONE,144.87414736,-37.78191642
BUDGEE BUDGEE,147.09564899,-37.54591955
NELSE,147.36034905,-36.83247097
LAKE WELLINGTON,147.31747148,-38.09048194
BURAGWONDUC,146.77064774,-37.49087099
REYNARD,146.62526886,-37.35593037
GRAMPIANS,142.32995285,-37.3489627
HOWITT PLAINS,146.6858926,-37.20629672
SELWYN,146.99989152,-37.06709847
EXFORD,144.5430706,-37.73066
BACCHUS MARSH,144.4462448,-37.67639527
CLONBINANE,145.15750941,-37.35671378
TOOLERN VALE,144.58984285,-37.60466302
MOUNT EMU,143.40049711,-37.60386329
PATHO,144.41452141,-36.02603736
IRAAK,142.29380012,-34.42718912
GAPSTED,146.69918667,-36.50241451
WEIR VIEWS,144.56834147,-37.72869089
WILSONS PROMONTORY,146.3682322,-38.95884436
MINJAH,142.46839134,-38.04980692
BULLENGAROOK,144.49637616,-37.47620365
MELBOURNE AIRPORT,144.83802397,-37.67374411
BUCHAN SOUTH,148.1038708,-37.5646742
NEWMERELLA,148.45136117,-37.75226967
ORBOST,148.51474796,-37.65147317
CARLTON NORTH,144.96853488,-37.78655038
WORROWING,146.74198184,-37.66887571
CHAPEL FLAT,143.8946207,-37.47797661
SNAKE ISLAND,146.50020556,-38.74348695
ALBACUTYA,141.96618985,-35.73954904
WRIXON,146.85124482,-37.68350747
DOOEN,142.23524173,-36.64539828
CORAL BANK,147.10837304,-36.61913611
YULECART,141.89356855,-37.75646284
HEYFIELD,146.77490437,-37.97803991
COLBINABBIN,144.80045795,-36.60046417
INVERLOCH,145.72428331,-38.61523618
MOOROOPNA NORTH,145.31135352,-36.32489798
CHETWYND,141.37584686,-37.29606531
SHEPPARTON,145.39781134,-36.37263142
COOMBOONA,145.29768466,-36.27376351
MOUTAJUP,142.21674877,-37.67481117
NELSON,141.10981704,-38.06584774
HAWTHORN,145.03208102,-37.82479779
CLAYTON SOUTH,145.12519069,-37.94366077
WARRANDYTE SOUTH,145.24404518,-37.76022843
CROOKAYAN,146.62143772,-37.48410034
TAMBORITHA,146.71011259,-37.43346293
GILLUM,146.73530742,-37.75353626
NAP NAP MARRA,146.84589254,-37.5785931
YORK PLAINS,142.91670029,-36.58742313
WRATHUNG,146.94923802,-37.59552612
PORT FRANKLIN,146.26842063,-38.68556899
HOWES CREEK,146.00494863,-37.14226638
ALLANS FLAT,146.9367829,-36.29602036
PEARSONDALE,147.03308267,-38.13684313
ANAKIE,144.28560707,-37.93560748
POUND CREEK,145.84539662,-38.61686911
WHITTLESEA,145.13109367,-37.46564792
LYAL,144.45660841,-36.92224521
ARCHERTON,146.20748394,-36.86922629
DARGO,147.29347211,-37.33431538
CRAIGIEBURN,144.92737039,-37.58614841
YANGOURA,146.56775282,-37.82194031
TOORONGO,146.0868912,-37.77551729
TOOLOME,147.05344669,-37.61643856
WONNANGATTA,146.81567666,-37.1382287
GOWANBRAE,144.89765968,-37.70302938
YALLAMBIE,145.09336809,-37.72504001
DOREEN,145.14325667,-37.5970472
ALPHINGTON,145.03082742,-37.78041948
DOVETON,145.23848714,-37.98848751
RESERVOIR,145.00689726,-37.71200115
TOORAK,145.01751223,-37.84154753
GHIN GHIN,145.35265768,-37.14251387
ENDEAVOUR HILLS,145.25627717,-37.97019023
MOUNT BEAUTY,147.22539623,-36.75129266
WAHRING,145.25382674,-36.69931207
KIRWANS BRIDGE,145.14690796,-36.72888897
NEWLANDS ARM,147.69109369,-37.92821367
WINLATON,143.75155243,-35.48283253
MOUNT WALLACE,144.20970448,-37.73032209
EILDON,145.99810462,-37.38782588
WULGULMERANG WEST,148.1086161,-37.22493855
ST HELENS PLAINS,142.43199559,-36.78555978
NEWPORT,144.88042878,-37.84357543
TARWIN LOWER,145.91189501,-38.77331867
KARDELLA,145.87955889,-38.42003546
RYE,144.81217197,-38.38525422
ROWVILLE,145.24393896,-37.92434215
BOX HILL NORTH,145.12957607,-37.8055864
BALMORAL,141.82560987,-37.22232354
KEILOR PARK,144.85189704,-37.71909927
YARRAVILLE,144.88198237,-37.8179304
LOWER PLENTY,145.11617837,-37.73880676
MANGALORE,145.16476053,-36.92597644
MARIBYRNONG,144.88777051,-37.77268092
TULLAMARINE,144.87228519,-37.70539889
YARRAMBAT,145.1350317,-37.63744148
BURNLEY,145.01741904,-37.82960268
DONNYBROOK,144.99399783,-37.54027701
BUNDOORA,145.05964233,-37.6985917
GLENROY,144.92730215,-37.70261904
BALWYN NORTH,145.08433919,-37.7917458
SUNSHINE WEST,144.81108236,-37.7980876
AVONDALE HEIGHTS,144.86261126,-37.7615382
PASCOE VALE,144.93817594,-37.725006
NORTHCOTE,145.00056873,-37.7725192
PORT MELBOURNE,144.92177594,-37.8331904
CALLIGNEE SOUTH,146.60354797,-38.38047148
TOWONG,147.97111114,-36.12948539
BURNSIDE,144.75305329,-37.74920983
BATESFORD,144.28052545,-38.09258096
BARJARG,146.00381177,-36.91988511
LILYDALE,145.36781865,-37.75565129
ELDORADO,146.55449241,-36.323963
CONNEWIRRICOO,141.46755662,-37.19435821
WARRNAMBOOL,142.49821499,-38.3686648
LEITCHVILLE,144.29122935,-35.91299558
VIEWBANK,145.09323585,-37.73967245
BRUNSWICK WEST,144.94284505,-37.76311279
PARWAN,144.4684664,-37.74279342
STRATHMORE,144.91695919,-37.73325387
HOPETOUN PARK,144.50164068,-37.69501699
REEDY CREEK,145.15399765,-37.25579428
BROOKFIELD,144.54122932,-37.69937389
NORTHWOOD,145.10078222,-36.94876462
CAMPBELLFIELD,144.95950838,-37.66372462
TOOTGAROOK,144.85017482,-38.37775467
CLIFTON HILL,144.99766471,-37.79020405
STRATH CREEK,145.23063096,-37.24751909
ASHBURTON,145.08018839,-37.86728545
FAIRFIELD,145.01579543,-37.78460198
ROMSEY,144.72896935,-37.35258729
KIALLA,145.41313431,-36.44877206
KEW EAST,145.05254398,-37.79061393
WOORNDOO,142.81666383,-37.87945454
HASTINGS,145.18518908,-38.29723542
CAPE CONRAN,148.72659605,-37.78988181
OCEAN GRANGE,147.68937935,-37.99683722
WANDO VALE,141.49464516,-37.48615546
BRAYBROOK,144.85484182,-37.7866707
LONG FOREST,144.50695836,-37.65578936
PARKINS REEF,144.05424618,-37.01337677
MYALL,144.00178633,-35.58053676
HAZELDENE,145.30215181,-37.37775155
ROBINVALE IRRIGATION DISTRICT SECTION B,142.78703039,-34.61519586
ROBINVALE IRRIGATION DISTRICT SECTION C,142.72722204,-34.62290508
ROBINVALE IRRIGATION DISTRICT SECTION D,142.75775557,-34.63831388
ROBINVALE IRRIGATION DISTRICT SECTION E,142.75837754,-34.66549523
SMOKEY TOWN,143.92214551,-37.39999723
MERRIJIG,146.31280957,-37.07808261
CAMPASPE WEST,144.73521746,-36.1292197
MOONLIGHT FLAT,144.24646292,-37.06216126
ROSEBUD WEST,144.87542038,-38.37361698
REEDY CREEK,147.9477623,-37.40525259
ASCOT,144.33541514,-36.71223217
BIG HILL,144.00793445,-38.47819635
BIG HILL,144.229594,-36.8355209
SPRINGFIELD,144.82026976,-37.33133799
ECHUCA EAST,144.76529002,-36.12991244
KILLARA,141.40001512,-37.75192336
HAPPY VALLEY,143.59553417,-37.72757296
GLEN FALLOCH,146.62965181,-37.69371148
KINYPANIAL,143.79119378,-36.35487273
PAINSWICK,143.72843658,-36.79647254
NAGAMBIE,145.21537477,-36.78330631
HAMPTON,145.00926445,-37.9378673
CHEWTON,144.26792403,-37.09578311
WILLANGIE,142.81266004,-35.71592443
CHESHUNT,146.43820619,-36.84612451
JILPANGER,141.74620834,-36.90998779
BIRCHIP WEST,142.81835229,-36.0132428
WOODSIDE BEACH,146.9753032,-38.54554884
HOPETOUN,142.35200136,-35.70901633
WESTBY,143.96828306,-35.63968034
EASTVILLE,143.954775,-36.88069399
TYRRELL DOWNS,142.93339072,-35.31347916
CHEPSTOWE,143.49031104,-37.59684038
GERMANTOWN,147.07313885,-36.73819579
LANDSBOROUGH,143.14769697,-37.01593458
SHAYS FLAT,143.0871442,-37.06681587
PICOLA WEST,145.05073177,-35.96364065
CARAPOOEE WEST,143.24427788,-36.70389535
GOONGERAH,148.70123854,-37.34671787
RICH AVON,142.90773453,-36.44497496
BOIGBEAT,142.94988424,-35.56369787
BINGO MUNJIE,147.56420269,-37.00884942
WAL WAL,142.62119011,-36.80987473
WILLENABRINA,142.22540958,-36.05316232
TOSTAREE,148.19082207,-37.78082907
SWANPOOL,145.99981984,-36.72702093
TALBOT,143.69522707,-37.17869498
CRAIGIE,143.76998926,-37.10942682
BANGERANG,142.58004381,-36.20385623
BERRINGAMA,147.66409303,-36.20028737
NUG NUG,146.72767474,-36.66461874
THALIA,143.0759287,-36.09928628
SWIFTS CREEK,147.72321233,-37.25133295
WOMBELANO,141.58592382,-37.01819102
DAISY HILL,143.72339869,-37.11153413
LITCHFIELD,142.83489793,-36.29597801
BANYAN,142.79468505,-35.61826875
MONTGOMERY,147.06079626,-38.03738742
MIRAM,141.37922161,-36.37405772
BOORHAMAN EAST,146.3307706,-36.16358207
SAMARIA,146.07741878,-36.80385692
BANNERTON,142.79758573,-34.73959072
SPRINGHURST,146.46290708,-36.20752037
BAYINDEEN,143.18077051,-37.30302314
CHEROKEE,144.64437169,-37.39569343
BARWITE,146.21661923,-37.01100453
TOWAN,143.22336753,-35.14975882
DONALD,142.98530464,-36.33208823
CLEAR LAKE,141.89348834,-36.93657981
NYRRABY,143.22383256,-35.22160222
NOORINBEE,149.21528631,-37.5154639
ROCKY POINT,142.85242364,-37.33662892
ROSSBRIDGE,142.86169826,-37.51868741
PASTORIA EAST,144.63436571,-37.1776107
BEAZLEYS BRIDGE,143.15055687,-36.71062015
AUBREY,142.21812538,-36.22621703
THE HEART,147.17246843,-38.11793007
RUNNING CREEK,147.05638392,-36.55039287
FAIRLEY,143.81312732,-35.68330864
SPEEWA,143.51451761,-35.22082478
TUROAR,143.08357978,-35.1800709
GORMANDALE,146.69283542,-38.30297256
ROSLYNMEAD,144.52943965,-36.13459504
WAIREWA,148.16604336,-37.69135038
NAMBROK,146.84925473,-38.08409046
POOTILLA,143.95807248,-37.52882179
NEWLYN NORTH,144.00816017,-37.39489624
MOORILIM,145.3045034,-36.63067623
DEVON NORTH,146.61317329,-38.52311716
NORTH GEELONG,144.3491743,-38.11572659
NANGILOC,142.30102715,-34.47846727
MOUNT BECKWORTH,143.69745764,-37.30739202
YUNDOOL,145.81579633,-36.27828261
GLENDARUEL,143.73090142,-37.34681367
DIGGORA,144.5388553,-36.36159857
FLORA HILL,144.29563473,-36.78116978
STANHOPE SOUTH,145.04102457,-36.4916833
WANDIN NORTH,145.42638026,-37.78089008
RAVENSWOOD,144.19961092,-36.89190308
WARGAN,141.83276793,-34.18967992
TOOBORAC,144.79374602,-37.04500682
MARAMINGO CREEK,149.6201479,-37.39737488
BARKLY,143.21731236,-36.93826943
MOORABBIN,145.05778652,-37.94144518
QUANTONG,142.04510518,-36.74991302
LAKE POWELL,142.93616337,-34.72208738
PIANGIL,143.21736142,-35.05417138
MANSFIELD,146.0797494,-37.0581026
MERRIJIG,146.31280957,-37.0780829
GRETA SOUTH,146.25108283,-36.65449105
POOLAIJELO,141.0841003,-37.19230699
BLACKBURN SOUTH,145.14654633,-37.83934722
DINGEE,144.21257313,-36.3651731
MYALL,144.01976207,-35.60070162
JARVIS CREEK,147.19532711,-36.18165761
CARAPOOEE,143.33724681,-36.71324499
WINDSOR,144.99266734,-37.85453622
ARMADALE,145.02017781,-37.85667421
CAULFIELD EAST,145.04200486,-37.88121066
FLAMINGO BEACH,147.31368679,-38.26996241
MCKINNON,145.03865768,-37.91072919
SOUTH WHARF,144.95208912,-37.82527085
LANGI LOGAN,142.92561487,-37.39213888
BUNGEET,146.05469425,-36.28057588
RINGWOOD NORTH,145.23120183,-37.79304167
INDENTED HEAD,144.70198618,-38.13771298
NATIMUK,141.93594804,-36.73533364
MURRABIT WEST,143.88260584,-35.50998818
LANGKOOP,141.06114598,-37.09905175
WERONA,144.02337514,-37.24444186
HOWQUA HILLS,146.29754014,-37.1850103
CLYDEBANK,147.19165596,-38.04541983
MONT ALBERT,145.10778355,-37.81767029
PARKVILLE,144.95130149,-37.78683182
LAKE CHARM,143.81774133,-35.59434628
COCAMBA,142.90531608,-35.11079253
MAROONA,142.86271997,-37.42850991
JEPARIT,141.97423123,-36.10044469
BOX HILL SOUTH,145.12337998,-37.83660617
BALACLAVA,144.99499136,-37.87034859
MITIAMO,144.23970852,-36.21545104
DEVON MEADOWS,145.30903524,-38.17634193
CARNEGIE,145.05560162,-37.89336926
FRANKLINFORD,144.09310801,-37.24193812
TOTTINGTON,143.10317853,-36.76872457
MIGA LAKE,141.64086426,-36.85910814
YALMY,148.41432712,-37.41556458
W TREE,148.29341515,-37.33762108
ERRINUNDRA,148.75059302,-37.46484804
LEOPOLD,144.46709841,-38.19443079
STRATHEWEN,145.27014858,-37.53874885
DIAMOND CREEK,145.15668469,-37.66792712
HAWKHURST,147.16947619,-37.44488233
CANNONS CREEK,145.31203996,-38.20631186
NARRE WARREN SOUTH,145.30251506,-38.05530003
BALWYN,145.08333169,-37.80899066
ORMOND,145.04175981,-37.90390176
CRANBOURNE,145.27525433,-38.11282226
BOTANIC RIDGE,145.26684797,-38.14363499
FOREST HILL,145.17105747,-37.83985525
ALMONDS,146.06070282,-36.22495527
GLENHOPE EAST,144.70111875,-37.07347584
TRAFALGAR EAST,146.1925116,-38.17228297
VITE VITE NORTH,143.20336031,-37.79054868
WURDIBOLUC,144.05125467,-38.28988771
BERRYBANK,143.49038677,-37.97127122
KOORNALLA,146.52534241,-38.34807207
YEODENE,143.70698892,-38.39495007
GLENORMISTON NORTH,142.99015816,-38.13914345
HAMPTON PARK,145.26866765,-38.03861912
SANDHURST,145.2086932,-38.08208117
SUNDERLAND BAY,145.27164714,-38.50305783
CURDIES RIVER,142.94592345,-38.44295556
NIRRANDA EAST,142.85380803,-38.48343589
ONDIT,143.61763782,-38.2426351
BARRYS REEF,144.31116442,-37.45539809
NEWFIELD,143.01051168,-38.56253981
OUTTRIM,145.77127786,-38.52874829
COLAC EAST,143.61736371,-38.33292962
SCOTTS CREEK,143.08677917,-38.46144818
MADDINGLEY,144.41952146,-37.69745749
WARRONG,142.32124007,-38.19786639
STONYFORD,143.30744351,-38.33084841
WINGEEL,143.81307852,-38.08752667
LILLICO,145.96532648,-38.12361619
TOWER HILL,142.35787279,-38.32667668
ARARAT,142.97561639,-37.26244024
HAWKESDALE,142.28639454,-38.08716807
DREEITE SOUTH,143.47718465,-38.19818871
MOUNTAIN VIEW,145.86646535,-38.30274499
DRIFFIELD,146.3086718,-38.26925165
TARWIN,145.95330942,-38.60376125
WONGA,146.25700214,-38.60105531
KANUMBRA,145.68228923,-37.05335264
TANJIL BREN,146.15955548,-37.85358297
HAZELWOOD,146.37488114,-38.28856339
APOLLO BAY,143.64146129,-38.72778805
ALBANVALE,144.76866379,-37.74593686
SEAHOLME,144.84406446,-37.86421179
SEDDON,144.89167555,-37.80662685
WERRIBEE,144.64218431,-37.90680357
GRITJURK,141.79786043,-37.56675801
MELTON,144.61176602,-37.67562844
ROKEWOOD JUNCTION,143.68823214,-37.84849262
CERES,144.27280615,-38.16456785
CASTELLA,145.42281558,-37.51766656
CLARKES HILL,143.9789805,-37.49588564
YARRA JUNCTION,145.62538223,-37.79389691
WHITE HILLS,144.30198157,-36.72838603
UPWEY,145.32904479,-37.90548588
WARBURTON,145.69813867,-37.72834214
KYABRAM SOUTH,145.06792509,-36.38480931
LEMNOS,145.474957,-36.34428426
LAWRENCE,143.89820734,-37.32548152
KAMAROOKA,144.37180368,-36.49680596
HODDLES CREEK,145.593996,-37.85092637
MUNDOONA,145.35277889,-36.16407083
MUSK VALE,144.14620857,-37.38297841
POWELLTOWN,145.76581208,-37.85705861
MOOROOPNA NORTH WEST,145.2512859,-36.34722087
HORSHAM,142.19623515,-36.71884511
SEVILLE,145.47554161,-37.79262867
HUNTLY,144.32422866,-36.65642538
TUTYE,141.48021729,-35.18998253
JACK RIVER,146.55586013,-38.56817927
CROSSLEY,142.31333948,-38.31703434
LAHARUM,142.34148948,-36.91418039
LINDENOW,147.46643735,-37.79912203
BOWENVALE,143.69816764,-36.99785792
ASHBOURNE,144.45793382,-37.40395525
BEAUFORT,143.34521031,-37.44142687
STRATHBOGIE,145.76057421,-36.87963141
CORRYONG,147.90166129,-36.18315199
BRUTHEN,147.86263962,-37.70710192
BOOSEY,145.79162153,-36.05052225
GRANITE ROCK,147.67198905,-37.75693185
WATTLE BANK,145.7081015,-38.57575728
LOCH,145.69574039,-38.37598525
KAWARREN,143.61281654,-38.4967914
NORVAL,142.86253494,-37.25355523
JUMBUK,146.42264817,-38.40026003
TRAFALGAR,146.14716828,-38.16962944
THORPDALE SOUTH,146.12187015,-38.33256777
BOOROOL,146.0529553,-38.44938629
HILL END,146.1438792,-38.01240031
DREEITE,143.50494842,-38.15564525
DROUIN,145.84874996,-38.13537065
KILCUNDA,145.49568349,-38.5490062
NULLAWARRE NORTH,142.79642063,-38.43794635
WINCHELSEA,143.95019414,-38.23837493
DUNDONNELL,142.96881051,-37.88756949
WOODFORD,142.48203441,-38.31596992
YALLOURN,146.3446421,-38.1919583
WOORARRA WEST,146.21948437,-38.59268189
BENA,145.73754733,-38.43508736
MOE,146.25033483,-38.17859397
DOLLAR,146.17831468,-38.55431801
SMITHS BEACH,145.25780273,-38.50126664
KNEBSWORTH,141.87168257,-37.98881555
CARLISLE RIVER,143.41734949,-38.56550176
COLBROOK,144.22567647,-37.53126651
DOBIE,143.0299141,-37.33426809
MALDON,144.07031259,-36.99792239
RATHSCAR,143.54872248,-36.97362716
MOGLONEMBY,145.54225676,-36.65806114
TAMBO UPPER,147.87043887,-37.76509105
CULLEN,144.15739396,-35.7838405
WUNGHNU,145.42415879,-36.16746946
WEHLA,143.6277797,-36.60892153
DRUMMOND NORTH,144.31624462,-37.19590536
INKERMAN,143.67742871,-36.79196301
MACARTHUR,142.01857553,-38.04793703
ALLANSFORD,142.61177527,-38.39351955
NOORAT EAST,142.97740977,-38.20150271
KILLARNEY,142.3192714,-38.34442389
SANDY POINT,146.11931521,-38.81152166
HAZELWOOD NORTH,146.47872323,-38.27053481
HALLORA,145.83964443,-38.25809106
CAPE WOOLAMAI,145.34398324,-38.54293875
DIXIE,142.93009669,-38.30558821
SOUTHERN CROSS,142.40601926,-38.28737731
NAYOOK,145.9323642,-37.91373859
MORRISONS,144.11917198,-37.76889857
TETOORA ROAD,145.88868991,-38.27759028
TANYBRYN,143.71433191,-38.65668089
KARDELLA SOUTH,145.87384927,-38.4575287
FAIRBANK,145.92577351,-38.40696787
NULLAWARRE,142.76472464,-38.4760715
TANJIL SOUTH,146.26722393,-38.10344389
WESTBURY,146.22126365,-38.14180262
BALLAN,144.21462506,-37.60681435
ST CLAIR,145.6520256,-38.58139478
ALLAMBEE RESERVE,146.05521924,-38.30666499
KROWERA,145.6683781,-38.44607197
POREPUNKAH,146.91996202,-36.68061023
GOLDSBOROUGH,143.65403561,-36.81481842
CATUMNAL,143.61833681,-36.07631091
NEWSTEAD,144.05399609,-37.10567861
NINE MILE,143.46728653,-36.44854668
GLENISLA,142.26980696,-37.22555717
NUMURKAH,145.43430908,-36.08609743
MALMSBURY,144.3939551,-37.18199573
ST ARNAUD,143.24891208,-36.61860257
STOCKYARD HILL,143.29789721,-37.53704634
CHILTERN VALLEY,146.54804035,-36.14644384
CHUTE,143.40933141,-37.30886938
NEWHAM,144.60395128,-37.29963337
BURKES FLAT,143.56048318,-36.63963639
WOORARRA EAST,146.38225784,-38.60522577
THORPDALE,146.17191942,-38.30160622
NYORA,145.68368356,-38.30864754
MERRIMU,144.47682525,-37.65715208
WILLOWVALE,143.46472514,-37.84308873
GLEN FORBES,145.52586175,-38.45098228
STRZELECKI,145.9011449,-38.34344263
VESPER,146.06906791,-37.87161138
JUMBUNNA,145.76038451,-38.47197719
WOOLAMAI,145.51625213,-38.50982722
GOBUR,145.62008793,-37.01413879
BLAKEVILLE,144.2111686,-37.47886976
COLAC WEST,143.5432223,-38.33262973
GNOTUK,143.0792989,-38.19991173
KILMORE EAST,145.01123308,-37.27826964
TESBURY,143.16671509,-38.29059043
MARENGO,143.65514124,-38.77837324
RYANSTON,145.58905592,-38.50832519
SOUTH PURRUMBETE,143.21360788,-38.34366591
CAPE CLEAR,143.61144166,-37.78109422
SHE OAKS,144.14465707,-37.89735923
BARRABOOL,144.22632216,-38.16663691
INVERLEIGH,144.00128243,-38.10903663
COOLAROO,144.93493409,-37.65640068
BLAIRGOWRIE,144.77224943,-38.36852599
RUSSELLS BRIDGE,144.1817166,-38.00426668
MERRICKS NORTH,145.07674406,-38.34515161
WOOTONG VALE,141.74180585,-37.51748508
BURNSIDE HEIGHTS,144.75566315,-37.73217409
MCCRAE,144.93252453,-38.35593437
SPRINGVALE,145.1579738,-37.94569578
BUCKLEY,144.08737408,-38.21757284
STEIGLITZ,144.18868661,-37.86367012
OFFICER SOUTH,145.42303763,-38.10093501
WINCHELSEA SOUTH,143.98921893,-38.32456954
MORGIANA,141.83809302,-37.72876836
AIREYS INLET,144.09716142,-38.43549888
CAVENDISH,142.05601887,-37.49954431
MOUNT BURNETT,145.5085758,-37.97428058
SOMERTON,144.95073494,-37.63460029
PORTSEA,144.70016395,-38.3226661
BAHGALLAH,141.3126863,-37.69590894
CLYDE NORTH,145.35873959,-38.10189359
IONA,145.68745281,-38.15235899
DORODONG,141.04818996,-37.31190994
MODEWARRE,144.127322,-38.26887787
MERINO,141.54810649,-37.72836764
BUNYIP NORTH,145.72512138,-38.06098808
FYANSFORD,144.2894937,-38.13026634
TAHARA,141.71884142,-37.73973921
FRANKSTON SOUTH,145.12900661,-38.17598466
FRANKSTON,145.14568453,-38.1481534
MIRRANATWA,142.38814475,-37.40438811
DIGBY,141.5282985,-37.81091927
LYNDHURST,145.2307028,-38.06847933
CONNEWARRE,144.42323873,-38.25759599
WATERWAYS,145.13052287,-38.01475028
SHELFORD,143.93045118,-37.96794546
GREENVALE,144.8797437,-37.6365282
TARRENLEA,141.74274146,-37.67897499
HILLCREST,143.63482531,-37.61595192
GARFIELD,145.6697878,-38.10035144
PORTLAND,141.60412211,-38.36088187
GATUM,141.95320578,-37.38238098
MYAMYN,141.7138876,-38.00386161
RYTHDALE,145.46260577,-38.13954523
KOO WEE RUP,145.48763175,-38.18781162
DUNKELD,142.35903733,-37.67648825
CORA LYNN,145.6171352,-38.14576313
LETHBRIDGE,144.09657885,-37.95596945
MOUNT MORIAC,144.19172263,-38.21268508
ROSEBUD,144.91360031,-38.37370858
TAYLORS HILL,144.75291252,-37.71514756
CREMORNE,144.99305526,-37.82901427
VICTORIA VALLEY,142.32451021,-37.51760227
NEWTOWN,143.65935093,-37.702744
COLERAINE,141.67517412,-37.59055733
GRANGEFIELDS,144.63869504,-37.70236571
HAPPY VALLEY,143.59553461,-37.72757293
CRANBOURNE WEST,145.24951306,-38.09941751
NOBLE PARK NORTH,145.19060004,-37.95126625
TARNEIT,144.66467179,-37.83546749
PAKENHAM,145.48515783,-38.07356414
DELAHEY,144.77748158,-37.71978513
DINGLEY VILLAGE,145.12590755,-37.97619961
TEESDALE,144.05490381,-38.02364739
PLUMPTON,144.68900565,-37.66911326
BANNOCKBURN,144.15416894,-38.04497148
ENFIELD,143.77654251,-37.7496275
CRANBOURNE SOUTH,145.2521542,-38.15495153
DALLAS,144.9352871,-37.67054912
MELVILLE FOREST,141.85790229,-37.48681696
GHERINGHAP,144.22635593,-38.0772989
PEARCEDALE,145.24775351,-38.19776304
CALDER PARK,144.76105223,-37.67613148
BOLWARRA,141.61157209,-38.27998698
COBBLEBANK,144.60086027,-37.70730712
BRANXHOLME,141.80606124,-37.84636996
HMAS CERBERUS,145.198312,-38.38121874
ATTWOOD,144.88459337,-37.66703902
KURUNJANG,144.59148637,-37.66089054
GLEN IRIS,145.06499614,-37.85596271
ASPENDALE GARDENS,145.11983101,-38.02209609
BURWOOD EAST,145.15042171,-37.85357329
HENTY,141.52669568,-37.65899113
ASHWOOD,145.10232098,-37.86653017
MOUNT NAPIER,142.06176356,-37.90399366
RICHMOND,145.00246345,-37.82032239
ROKEWOOD,143.7482545,-37.92720147
DUTTON WAY,141.6240652,-38.29830184
STRATHTULLOH,144.59691512,-37.73397653
CLARINDA,145.10608841,-37.94367893
COLLINGWOOD,144.98817027,-37.80194257
AINTREE,144.6682539,-37.71980962
KOO WEE RUP NORTH,145.5390554,-38.15117206
BRIT BRIT,141.74168703,-37.41236128
ST ANDREWS BEACH,144.83127042,-38.42006793
YUROKE,144.86402997,-37.58027446
HUGHESDALE,145.08114252,-37.89946402
PIGEON PONDS,141.68237679,-37.28823319
LANGWARRIN,145.19739512,-38.15455928
DRUMBORG,141.49394274,-38.09802267
MURRUMBEENA,145.07015454,-37.89668183
SEABROOK,144.75866153,-37.88090189
CAROLINE SPRINGS,144.73721933,-37.73445832
FITZROY,144.97916306,-37.80089516
TYNONG NORTH,145.62795379,-38.02813431
BAMGANIE,143.99404621,-37.93777195
MONOMEITH,145.53377098,-38.21158509
DEREEL,143.75827044,-37.82137483
PAKENHAM SOUTH,145.50211489,-38.13752804
BERRINGA,143.6741758,-37.77290744
MOOROODUC,145.11897139,-38.24706502
TYNONG,145.62628104,-38.09528079
BUCKLEY SWAMP,142.08680134,-37.85887098
DROMANA,145.00978835,-38.33203319
CORNDALE,141.25468871,-37.54080134
BONNIE BROOK,144.66989399,-37.69607588
MERRICKS BEACH,145.1069984,-38.39391135
HOTSPUR,141.56017794,-37.94308169
TAHARA BRIDGE,141.64957503,-37.68851097
MELTON SOUTH,144.57077212,-37.70687213
GUYS HILL,145.3916766,-38.01373347
GARFIELD NORTH,145.67917825,-38.0404161
SPRINGVALE SOUTH,145.14802007,-37.97075742
STAFFORDSHIRE REEF,143.68758634,-37.73392399
KARABEAL,142.18792477,-37.60119388
KNOXFIELD,145.24938568,-37.89055081
ARMSTRONG CREEK,144.37079235,-38.23412701
MANOR LAKES,144.58123627,-37.8669287
CARRUM,145.12802361,-38.07665274
HAZEL PARK,146.38489558,-38.63465148
FUMINA,146.08939751,-37.91033454
FORREST,143.69998559,-38.51000109
LAVERTON NORTH,144.78700375,-37.83003778
YARCK,145.60474266,-37.09153093
CODRINGTON,141.96822395,-38.25179962
CROSSOVER,145.96901962,-38.0591448
MOLESWORTH,145.52449005,-37.15923788
CONDAH,141.70966652,-37.94505065
NEWHAVEN,145.33236473,-38.51568387
YANGERY,142.43599344,-38.31690288
BARWON DOWNS,143.788519,-38.50829394
NAROGHID,143.06716507,-38.25245618
ARCHIES CREEK,145.5668574,-38.54798873
CARPENDEIT,143.25010181,-38.38757044
GLENAIRE,143.49191979,-38.74231802
MURROON,143.80603782,-38.42060789
KILLINGWORTH,145.43187921,-37.18120165
BOSTOCKS CREEK,143.12628832,-38.3024359
CARINGAL,146.33806525,-37.94788701
COWLEYS CREEK,143.04051832,-38.49898868
GERANGAMETE,143.69478622,-38.45295223
COWES,145.2353965,-38.47086299
ELLERSLIE,142.65382222,-38.1281472
JANCOURT EAST,143.18856837,-38.41835106
MEREDITH,144.04167814,-37.86230202
CLOVERLEA,145.99460362,-38.24034103
MILLBROOK,144.04830314,-37.60417164
CATHKIN,145.60321582,-37.15562057
SPARGO CREEK,144.14679723,-37.48819105
GAZETTE,142.15130769,-37.91513014
OMBERSLEY,143.81412888,-38.2001165
POMBORNEIT EAST,143.39627984,-38.29134019
LANG LANG,145.58200866,-38.29539904
COROROOKE,143.5282295,-38.29638002
NIRRANDA,142.77046242,-38.50604557
ST HELENS,142.05267354,-38.24669474
KOROBEIT,144.34310965,-37.58125701
BULLAHARRE,143.14041932,-38.34964363
TURTONS CREEK,146.22734157,-38.55012563
TYAAK,145.13852951,-37.21816314
MEPUNGA EAST,142.70861374,-38.44581284
PIONEER BAY,145.54928927,-38.38064962
TANDAROOK,143.19343017,-38.31222583
PIRRON YALLOCK,143.41873233,-38.35314562
BOLWARRAH,144.10950964,-37.51205761
WALKERVILLE,145.98854737,-38.81103757
CHURCHILL ISLAND,145.33877581,-38.50010202
MEADOW HEIGHTS,144.91820964,-37.65117995
WOOD WOOD,143.33287519,-35.10149438
CHINKAPOOK,142.94840514,-35.18521754
TRAYNORS LAGOON,142.98324788,-36.58277264
YAMBUNA,144.97083971,-36.15022098
MARNOO,142.8896621,-36.68971441
BLACKWARRY,146.62795108,-38.4102415
MOLOGA,144.12951685,-36.16087273
GOROKE,141.48887797,-36.67134171
MOORA,144.94543148,-36.60387824
BOOLITE,142.67923673,-36.34197069
CORACK,143.02625166,-36.18423732
MOOLERR,143.17179886,-36.64368782
LIMA,145.94797537,-36.75123223
CASSILIS,147.60518295,-37.20479007
BELLBIRD CREEK,148.81479194,-37.63818213
LODDON VALE,143.94640084,-35.99747972
BROUGHTON,141.32258627,-36.14806593
JUNG,142.33880059,-36.57666151
NATHALIA,145.19539484,-36.05749036
GIFFARD WEST,146.99709995,-38.3823682
RIACHELLA,142.71212507,-36.83313185
KANIVA,141.26487032,-36.38286001
GLENROWAN WEST,146.16491168,-36.51357104
WILLAURA NORTH,142.74539587,-37.38724457
MONOMAK,146.82501217,-37.78388085
BALLAPUR,142.75039388,-35.97215532
BENAYEO,141.04304272,-36.84075092
FIERY FLAT,143.81058695,-36.41138551
STRADBROKE,147.03465743,-38.27945986
TARNOOK,145.86526334,-36.535584
KANCOONA,147.01045336,-36.60385445
TAMBO CROSSING,147.83247766,-37.49808494
SERVICETON,141.01823493,-36.37636135
CLUB TERRACE,148.93198845,-37.53245454
OMEO VALLEY,147.61572657,-36.94710491
LASCELLES,142.60662977,-35.55601462
PELLUEBLA,145.98192073,-36.20588177
WALLUP,142.26296551,-36.35659083
KELVIN VIEW,145.66428111,-36.82845204
THOONA,146.07723662,-36.34464505
GRAYS BRIDGE,142.89975691,-36.61839212
SHANNONVALE,147.42325547,-36.93106483
DUNNEWORTHY,143.04992213,-37.20262893
YARRABERB,144.06399597,-36.57458679
GLEN CREEK,146.95016277,-36.43320166
MORRL MORRL,142.8949527,-36.86637109
YARRAWALLA,144.02722261,-36.15570118
CHESHUNT SOUTH,146.4220141,-36.92148515
LALBERT,143.44428093,-35.65158997
WHITLANDS,146.3454084,-36.82247324
BAMAWM EXTENSION,144.60142041,-36.18094508
MEADOW CREEK,146.45349243,-36.60251178
KEILOR LODGE,144.80016366,-37.69843557
TAYLORS LAKES,144.78639377,-37.69856354
PANTON HILL,145.2464472,-37.64278672
CLIFTON SPRINGS,144.57271615,-38.15308541
KENLEY,143.30484801,-34.83397702
WANGIE,143.26081631,-35.69180995
NOORINBEE NORTH,149.22501657,-37.43914923
RHYMNEY,142.78125688,-37.2218018
KUNAT,143.53798454,-35.51399452
MOKEPILLY,142.64481346,-37.0928934
WHITTINGTON,144.39207159,-38.17709021
HEIDELBERG HEIGHTS,145.05349245,-37.74323715
CHARLEMONT,144.36880818,-38.20970068
ESSENDON NORTH,144.90083457,-37.73801952
ROSANNA,145.06968744,-37.7396277
DRYSDALE,144.59988232,-38.17548868
TRAVANCORE,144.93547185,-37.78076856
EAST GEELONG,144.38015604,-38.15531383
ELTHAM NORTH,145.14166789,-37.69786684
MARSHALL,144.35726842,-38.19751167
ABERFELDIE,144.89732116,-37.75953611
ESSENDON FIELDS,144.90110968,-37.7267329
MORDIALLOC,145.09608095,-37.99938366
NUTFIELD,145.18550838,-37.60210903
MANNERIM,144.60344468,-38.21836473
POINT LONSDALE,144.60190482,-38.26819446
ESSENDON WEST,144.88510137,-37.75406107
WATSONS CREEK,145.26191426,-37.66212372
GEELONG,144.36172462,-38.149905
WALLINGTON,144.5119041,-38.22636584
GROVEDALE,144.33184114,-38.20306981
OCEAN GROVE,144.53821157,-38.25953426
ST ALBANS PARK,144.39078133,-38.19386805
SMITHS GULLY,145.28834804,-37.62698605
HURSTBRIDGE,145.19476986,-37.63779101
HEATHERTON,145.09288076,-37.95601698
MENTONE,145.06941311,-37.98157499
KINGSBURY,145.03406236,-37.71617919
DRUMCONDRA,144.35406724,-38.13020958
MARCUS HILL,144.57173386,-38.24022248
COTTLES BRIDGE,145.22330968,-37.60700574
MOOLAP,144.4248316,-38.1798619
HIGHTON,144.3114804,-38.17044519
BELLARINE,144.62173008,-38.13621536
PARKDALE,145.08129939,-37.99180688
ROCKBANK,144.64906063,-37.7338795
CALDERMEADE,145.53890703,-38.24344816
SEAFORD,145.13849537,-38.10468016
OAKLANDS JUNCTION,144.84100345,-37.58931638
FIELDSTONE,144.64994194,-37.75044351
BELLBRAE,144.23630192,-38.33764987
YATCHAW,142.14059062,-37.84107105
SOMERS,145.1609739,-38.38138705
MUMBANNAR,141.08848115,-37.92036934
HEATHMERE,141.62522969,-38.21283493
LINTON,143.55102406,-37.6890553
NOBLE PARK,145.17690561,-37.96949556
WAURN PONDS,144.27514231,-38.20331451
LANGWARRIN SOUTH,145.19100737,-38.18906395
BURWOOD,145.11132746,-37.849592
MARYKNOLL,145.60429093,-38.03392557
TARRINGTON,142.12055741,-37.7679376
LINDSAY,141.05733792,-37.6147549
CRIB POINT,145.20298136,-38.35249668
FRESHWATER CREEK,144.24958691,-38.27028199
WYNDHAM VALE,144.60798423,-37.86010197
MAIN RIDGE,144.9689487,-38.40146059
CHADSTONE,145.10017821,-37.88212697
NARRAWONG,141.70771439,-38.23901086
BIG HILL,144.00793505,-38.47819695
WARRAYURE,142.17934671,-37.71683334
GRINGEGALGONA,141.80767765,-37.4080878
WANNON,141.83146784,-37.65195186
RED HILL,145.01608379,-38.36346634
PORTLAND NORTH,141.56966903,-38.30213201
TYABB,145.18447904,-38.26512953
EASTERN VIEW,144.04184241,-38.45025821
COOJAR,141.67072171,-37.35893628
BAYLES,145.58057953,-38.1760633
MUNTHAM,141.54433935,-37.57335504
HILLSIDE,144.74169777,-37.69043778
SMYTHESDALE,143.68206774,-37.63920914
KONONGWOOTONG,141.66954577,-37.48049803
FINGAL,144.8546357,-38.41663947
TARRAYOUKYAN,141.55692692,-37.29668486
PARAPARAP,144.18280135,-38.29720633
OAKLEIGH,145.09568102,-37.90067085
GHERANG,144.10301483,-38.31115661
NINTINGBOOL,143.72101444,-37.61048242
DUNROBIN,141.37843893,-37.5195195
WENSLEYDALE,144.05347329,-38.37380512
MILLTOWN,141.70984752,-38.05086758
MOGGS CREEK,144.06693667,-38.45606162
ALLESTREE,141.6515055,-38.27134498
MAMBOURIN,144.55315757,-37.8997421
SOUTH YARRA,144.99186548,-37.83921837
FRANKSTON NORTH,145.1638627,-38.12391087
HOPPERS CROSSING,144.69466589,-37.86648824
HUNTINGDALE,145.10847935,-37.90764362
BENTLEIGH EAST,145.06704918,-37.92209826
KINGSVILLE,144.87943798,-37.80884151
YANNATHAN,145.64396256,-38.22526297
FAIRHAVEN,144.08521561,-38.45747636
CORINDHAP,143.75401417,-37.86766264
CASTERTON,141.33179599,-37.60311364
CASHMORE,141.49493923,-38.30706162
POINT LEO,145.0698252,-38.41547818
BROADMEADOWS,144.93132998,-37.68255423
KEYSBOROUGH,145.16735492,-38.00530628
MOUNT RICHMOND,141.33239346,-38.15435864
CARLTON,144.96815465,-37.8004373
DEANSIDE,144.70534829,-37.73192784
TUERONG,145.0967952,-38.29871901
PIGGOREET,143.63532264,-37.72402449
BALNARRING,145.12188167,-38.35318141
MOUNT WAVERLEY,145.12850255,-37.87836713
VICTORIA POINT,142.22233839,-37.50918841
SANDFORD,141.45195804,-37.64715468
NANGEELA,141.33948643,-37.47892333
VERVALE,145.65981695,-38.13784159
LAKE MUNDI,141.08104092,-37.49916659
GORAE,141.55180998,-38.23678104
WEST FOOTSCRAY,144.87089837,-37.80051862
SKYE,145.21621551,-38.10505149
DANDENONG SOUTH,145.220877,-38.02793299
GISBORNE SOUTH,144.62450046,-37.54876343
BONEO,144.90355422,-38.40989592
BYADUK NORTH,141.97845244,-37.86069916
STRATHDOWNIE,141.11160155,-37.73323892
WESTMEADOWS,144.89276179,-37.67524512
STRATHKELLAR,142.11568495,-37.70154171
NAR NAR GOON,145.56895934,-38.10592591
SCARSDALE,143.66695455,-37.67949981
MOUNT DUNEED,144.31279449,-38.24981904
SNAKE VALLEY,143.58604284,-37.61469188
BREAMLEA,144.38795112,-38.2939179
RED HILL SOUTH,145.03940343,-38.38772778
RAVENHALL,144.7365886,-37.7754745
THORNHILL PARK,144.62490255,-37.73027651
TABOR,142.19223182,-37.82863552
ROXBURGH PARK,144.92540148,-37.62575497
ARTHURS SEAT,144.95981171,-38.36325859
HEYWOOD,141.64699108,-38.13433766
BORNES HILL,142.47925601,-37.53473932
NOTTING HILL,145.14175687,-37.90474215
BAMBRA,143.95502799,-38.36288262
CARAPOOK,141.55503332,-37.51649185
TOTTENHAM,144.85290105,-37.80464015
BRIMBOAL,141.40578507,-37.39329215
FITZROY NORTH,144.98429846,-37.78388186
SPRINGDALLAH,143.62914969,-37.74660543
BALNARRING BEACH,145.11986578,-38.39037257
CARDINIA,145.41817612,-38.1427533
OAKLEIGH EAST,145.11533035,-37.90389453
FRASER RISE,144.71262742,-37.70480866
KILLARA,141.40001522,-37.75192356
OFFICER,145.41254027,-38.05422611
VERMONT,145.19918393,-37.83844492
ENGLEFIELD,141.81291028,-37.32367019
BRUNSWICK EAST,144.97743275,-37.76886491
TRUGANINA,144.71201185,-37.79967763
STONEHAVEN,144.2234471,-38.12203124
BOONAH,143.97969481,-38.4287405
SYDENHAM,144.76533557,-37.69973868
GORAE WEST,141.47418149,-38.24867676
MOORALLA,142.11765255,-37.39403642
MORIAC,144.17477309,-38.24606204
CLOVER FLAT,141.56259846,-37.60778255
HERNE HILL,144.32400981,-38.13423978
BRIAR HILL,145.12108372,-37.7062203
BELMONT,144.34211589,-38.17843089
PORTARLINGTON,144.66362811,-38.1376551
EDITHVALE,145.1150113,-38.03748925
LOVELY BANKS,144.32236021,-38.04068464
AIRPORT WEST,144.88190597,-37.72371239
ALTONA NORTH,144.83431981,-37.83783036
BONBEACH,145.12761739,-38.06309304
HAMPTON EAST,145.03063324,-37.93879797
WATSONIA NORTH,145.08515304,-37.69583827
THOMSON,144.37893641,-38.16949782
ST HELENA,145.12948447,-37.68948631
BRAESIDE,145.12295476,-38.00046567
BOORHAMAN,146.31662696,-36.22523621
NORTH WARRANDYTE,145.21612991,-37.72545137
CURLEWIS,144.52391845,-38.1771166
STIRLING,147.71010976,-37.45187621
EPPING,145.01044881,-37.63791598
RIPPLESIDE,144.35574374,-38.12379173
MANIFOLD HEIGHTS,144.33370079,-38.13760079
MOORABBIN AIRPORT,145.0997744,-37.97742127
NEWCOMB,144.3953485,-38.16312214
WANDANA HEIGHTS,144.29965958,-38.17761643
NORTH SHORE,144.37337918,-38.09500434
BELL POST HILL,144.32070406,-38.09433718
SWAN ISLAND,144.67391594,-38.25020682
SOUTH KINGSVILLE,144.87140825,-37.83068135
CLEMATIS,145.41934796,-37.93246226
SPRING GULLY,144.28608998,-36.80019575
CANADIAN,143.88527799,-37.5844749
BRADFORD,144.06391014,-36.91989407
GLEN PARK,143.92194329,-37.50680086
COSTERFIELD,144.7999829,-36.87343275
OLINDA,145.37988101,-37.85255294
BEVERFORD,143.46725521,-35.22266731
COCKATOO,145.50809588,-37.92593107
LEARMONTH,143.72199964,-37.42075887
EUREKA,143.88252299,-37.56470682
EAST BENDIGO,144.32233462,-36.73980549
MOLLONGGHIP,144.04557031,-37.46810807
WAGGARANDALL,145.76691128,-36.24489519
ALFREDTON,143.80063673,-37.55590037
LEIGH CREEK,143.96062311,-37.56027828
CARDROSS,142.12536917,-34.30720024
TARRAVILLE,146.74346233,-38.62635342
MURRAWEE,143.51336036,-35.29960023
STACEYS BRIDGE,146.51074895,-38.55780816
SCOTSBURN,143.93656537,-37.68410255
TYNTYNDER,143.54523878,-35.24050532
CHUM CREEK,145.48735913,-37.60530422
CAMBRIAN HILL,143.81868319,-37.64022868
GILDEROY,145.71406624,-37.86345984
SHEPHERDS FLAT,144.10552877,-37.27489529
BEENAK,145.63707066,-37.89900162
MOUNT PROSPECT,144.04641801,-37.39405823
COSGROVE SOUTH,145.63330325,-36.41033582
BENDIGO,144.27939607,-36.75700296
WENDOUREE,143.82843482,-37.53081381
KATANDRA WEST,145.55847934,-36.24375307
MOOROOPNA,145.34511314,-36.39768233
HARKAWAY,145.36002941,-37.99418214
NAVIGATORS,143.9343017,-37.61278361
LOCKWOOD SOUTH,144.1428565,-36.87230439
BALD HILLS,143.83435076,-37.4425917
WOODSTOCK ON LODDON,144.00461366,-36.76494444
WANDIN EAST,145.45489002,-37.81232135
MURCHISON NORTH,145.26951866,-36.56585275
MOORMBOOL WEST,144.85895252,-36.80283213
MOUNT MAJOR,145.69901157,-36.36501519
SMOKEYTOWN,143.92214653,-37.39999744
ROCHESTER,144.68055203,-36.36138367
DHURRINGILE,145.2131637,-36.53185732
BUNKERS HILL,143.74597826,-37.57154878
MONTROSE,145.34714931,-37.81249489
SHEPPARTON EAST,145.48304957,-36.39709651
GIRGARRE EAST,145.06663239,-36.44921654
TOOLAMBA WEST,145.2688914,-36.4835894
BO PEEP,143.66834486,-37.5462247
TATURA,145.21714074,-36.44176166
OAKLEIGH SOUTH,145.09428787,-37.9243789
GILLIESTON,145.20740662,-36.33425749
MERINGUR,141.28384918,-34.39632348
MITTYACK,142.62227532,-35.15425978
HUON CREEK,146.82121521,-36.15609557
SPRINGMOUNT,143.93615228,-37.41291299
GOLDEN GULLY,144.26590935,-36.79187234
BAKERY HILL,143.86574812,-37.56321453
HUNTLY NORTH,144.33949138,-36.59045081
TYNTYNDER SOUTH,143.51180737,-35.27373899
ARCADIA SOUTH,145.38113037,-36.59378421
GOLDEN POINT,143.86499462,-37.57368051
GLENDONALD,143.84435972,-37.36044231
BROOMFIELD,143.90684901,-37.38444638
IRONBARK,144.26367379,-36.75478822
SASSAFRAS,145.34768234,-37.86352014
BIG PATS CREEK,145.76264951,-37.76366188
MERBEIN WEST,142.00727252,-34.16725736
TINAMBA,146.87515839,-37.9689527
MARYSVILLE,145.79517552,-37.51797166
WYUNA EAST,145.09075473,-36.24003372
DRUMMARTIN,144.40757061,-36.4358797
LENEVA,146.86614532,-36.20970283
WHROO,145.0359961,-36.68253227
GOLDEN SQUARE,144.25278585,-36.77381908
MOUNT TOOLEBEWONG,145.5603947,-37.7198801
MARUNGI,145.52559341,-36.19559525
STANHOPE,144.98194627,-36.46266576
NORTH BLACKWOOD,144.36320455,-37.41761604
MOUNT ROWAN,143.84133854,-37.50083687
WOORINEN,143.46906623,-35.26707076
AVONMORE,144.5361539,-36.53701431
LAUNCHING PLACE,145.57617467,-37.77802588
NOOJEE,145.96924796,-37.84521782
KENNINGTON,144.30295286,-36.7712261
DRY DIGGINGS,144.16011636,-37.29741904
AVONSLEIGH,145.48433164,-37.91184836
KALORAMA,145.38324442,-37.81811966
INVERMAY,143.8753277,-37.5019786
QUARRY HILL,144.2802547,-36.77642023
KAMAROOKA NORTH,144.31375823,-36.40402007
MAJOR PLAINS,145.7809037,-36.36744345
NEWBURY,144.28556511,-37.42143298
AXEDALE,144.52405323,-36.76590776
MILDURA,142.12456014,-34.20800367
ADDINGTON,143.66788137,-37.39571927
KAARIMBA,145.28770718,-36.14535678
WATTLE FLAT,143.9480286,-37.48088787
MERRINEE,141.85005189,-34.40121748
SWAN HILL WEST,143.4038433,-35.36596615
WHEATSHEAF,144.24338025,-37.33896971
SEATON,146.68400497,-37.93859415
HEATHCOTE,144.72249087,-36.91535289
PANITYA,141.02012137,-35.12069762
KULWIN,142.59362189,-34.98681481
DENVER,144.29247778,-37.28461446
KIALLA EAST,145.49893174,-36.4648776
MOUNT CAMEL,144.74685066,-36.80777715
MOUNT HELEN,143.88562657,-37.62806524
GLADYSDALE,145.64249872,-37.83893363
BLACKWOOD,144.29817375,-37.49224175
NEILBOROUGH,144.27425982,-36.56482992
WOODVALE,144.1955406,-36.65283726
KYVALLEY,145.00558255,-36.28070142
BINGINWARRI,146.44791928,-38.5890556
GIRGARRE,144.94970682,-36.39984162
TORRITA,141.93557337,-35.136769
BULLARTO,144.22114508,-37.38828753
FERNTREE GULLY,145.28043523,-37.88435027
BLOWHARD,143.78466719,-37.43574025
BELGRAVE SOUTH,145.35731473,-37.94246879
TEMPY,142.45046854,-35.29253921
DAYLESFORD,144.14955496,-37.34520086
ARGYLE,144.71698929,-36.96746941
LYONVILLE,144.26444196,-37.3955926
KATANDRA,145.60593962,-36.25073788
NANDALY,142.67958976,-35.31193769
FERNY CREEK,145.33533725,-37.87671618
PORT ALBERT,146.69000553,-38.66983697
MURRAYDALE,143.56549662,-35.28114656
LEONARDS HILL,144.13935985,-37.41136586
CARDIGAN VILLAGE,143.70972696,-37.51746528
BONN,144.71998975,-36.41205787
MOUNT DANDENONG,145.35021018,-37.83626501
SMEATON,143.95657249,-37.30372381
GOULBURN WEIR,145.17468716,-36.71497179
BALLARAT CENTRAL,143.85026178,-37.56214501
WHIPSTICK,144.26909166,-36.65046245
COGHILLS CREEK,143.75270614,-37.38400587
GRAHAMVALE,145.43660149,-36.34782938
EAGLEHAWK NORTH,144.25672448,-36.68835264
WYUNA,145.0681327,-36.20630647
THE PATCH,145.40090092,-37.89141443
OUYEN,142.29540073,-35.04872198
EAGLEHAWK,144.26569693,-36.70662223
UNDERBOOL,141.82492918,-35.15320412
WARRENHEIP,143.92447893,-37.57490642
DELACOMBE,143.81599168,-37.58068231
BADGER CREEK,145.54007174,-37.69004475
BULLAROOK,144.00646427,-37.51134144
KILSYTH SOUTH,145.31098132,-37.83146956
WOORINEN SOUTH,143.44843618,-35.29404459
COWANGIE,141.36527016,-35.18810178
WINTER VALLEY,143.79280531,-37.58011476
EPPALOCK,144.46059632,-36.85244189
EMERALD,145.43601104,-37.94607334
HUNTER,144.51394859,-36.43120178
ALBERTON,146.66267914,-38.61709187
MARIONVALE,145.52638589,-36.26368376
JACKASS FLAT,144.28437962,-36.71847848
WOODSIDE,146.89137408,-38.53051468
HUNTERSTON,146.81196451,-38.61767948
KILLARA,146.9495655,-36.14041982
KORWEINGUBOORA,144.13882921,-37.44254585
MADALYA,146.50952609,-38.50521017
CABBAGE TREE,143.90456281,-37.4639259
GRUYERE,145.46551994,-37.73011512
NEWINGTON,143.82760785,-37.56405375
BULLARTO SOUTH,144.22264458,-37.42704289
SELBY,145.3785787,-37.91855917
NEWLYN,143.98399371,-37.41671084
MAIDEN GULLY,144.20759756,-36.75510757
WERRIMULL,141.56221863,-34.40882897
BALLARAT EAST,143.88702617,-37.56480836
SAILORS HILL,144.12538321,-37.35994364
MERBEIN SOUTH,142.01805986,-34.21976115
CHIRNSIDE PARK,145.31419369,-37.7386451
ARDMONA,145.30104633,-36.38017268
STRATHFIELDSAYE,144.35578846,-36.80425459
WEST BENDIGO,144.24701903,-36.75305881
RUNNYMEDE,144.67024712,-36.54451495
LOCH VALLEY,146.00864494,-37.81160589
FERNSHAW,145.63836779,-37.61610215
TOURELLO,143.78898393,-37.35436075
MERRIGUM,145.15019883,-36.36823619
MYERS FLAT,144.18186582,-36.70433701
HEATHCOTE SOUTH,144.71391946,-37.00873145
EGANSTOWN,144.09116117,-37.35997562
CONGUPNA,145.46913102,-36.29456527
BOWSER,146.36178595,-36.3080968
TATURA EAST,145.29332176,-36.43961957
THE BASIN,145.31906854,-37.85540082
PIER MILAN,142.6920314,-35.23729829
MANDURANG,144.29476919,-36.82753433
HEDLEY,146.55127872,-38.66306573
DURHAM LEAD,143.88807013,-37.69785697
MURRAYVILLE,141.20627823,-35.19754642
TRENTHAM,144.33043537,-37.38103894
REDCASTLE,144.82943212,-36.74439854
NALINGA,145.72854124,-36.42794623
CARWARP,142.13587893,-34.53000536
YARRAM,146.71996185,-38.55918064
ARCADIA,145.37423469,-36.53726656
LERDERDERG,144.40594145,-37.50047334
CLUNES,143.78819718,-37.28825663
NARRE WARREN NORTH,145.31326334,-37.98191271
CANIAMBO,145.59812199,-36.46506119
WALPEUP,142.04585476,-35.09915584
COBAINS,147.13781373,-38.0760664
SMYTHES CREEK,143.76727622,-37.60458165
MURCHISON EAST,145.25321508,-36.61504005
KNOWSLEY,144.60097,-36.82913169
DOOKIE COLLEGE,145.69980521,-36.39398429
STRATHDALE,144.31547623,-36.76589742
PIRA,143.3635424,-35.24892158
LITTLE HAMPTON,144.29118755,-37.36124923
BROWN HILL,143.91302948,-37.5488635
DOOKIE,145.70733764,-36.32515702
LINGA,141.68361496,-35.17363165
ROSS CREEK,143.76419277,-37.6461721
WELLSFORD,144.37349247,-36.71377977
RAYWOOD,144.18506248,-36.51752815
MYRTLEBANK,147.02715151,-38.06339374
ROCKLYN,144.05363631,-37.43649792
TOOLLEEN,144.67411342,-36.72083823
REDAN,143.83845641,-37.57642726
MANANGATANG,142.90028278,-35.052811
HEPBURN SPRINGS,144.14477243,-37.31461131
MOUNT CLEAR,143.87159205,-37.60355013
MILLGROVE,145.65070948,-37.74483471
ALLENDALE,143.91514211,-37.3620502
KINGSTON,143.95680046,-37.37822693
EPSOM,144.30934717,-36.69985587
CASTLE DONNINGTON,143.5694482,-35.42530487
YERING,145.36892084,-37.68723658
CALROSSIE,146.67072805,-38.49996969
WALDARA,146.2844356,-36.31992251
ALBERTON WEST,146.57705197,-38.60368202
CALIFORNIA GULLY,144.26081126,-36.72864297
PATCHEWOLLOCK,142.18751045,-35.43527661
COSGROVE,145.6271581,-36.34726709
LUCAS,143.76909076,-37.554098
MOUNT PLEASANT,143.85484142,-37.58199144
TOL TOL,142.82578331,-34.65134557
MAGPIE,143.84703363,-37.63171096
INVERMAY PARK,143.85909866,-37.52918545
BAGSHOT,144.39329582,-36.65273756
BIRDWOODTON,142.06915772,-34.20163204
MINERS REST,143.79750976,-37.48005513
LADYS PASS,144.69243307,-36.82065353
ULLINA,143.88800728,-37.27628322
DEAN,143.98353666,-37.45541069
SHERBROOKE,145.35930603,-37.88840537
PORCUPINE RIDGE,144.19286751,-37.27639375
ASCOT,143.81307559,-37.39645878
BONSHAW,143.81370168,-37.60333433
GELLIONDALE,146.60387189,-38.62582068
BAGSHOT NORTH,144.41377607,-36.58638964
ELEVATED PLAINS,144.13334188,-37.29401413
AXE CREEK,144.38910578,-36.86057025
CABARITA,142.08550869,-34.2064925
CRESWICK NORTH,143.87613239,-37.36120186
GOWANGARDIE,145.69779164,-36.47162486
CASTLE CREEK,146.82488911,-36.18348584
YOUANMITE,145.69218972,-36.16895362
KARRAMOMUS,145.4918293,-36.53054229
HADDON,143.69591144,-37.58916501
LAKE WENDOUREE,143.83402068,-37.5501428
ASCOT,144.33457198,-36.70843437
MANDURANG SOUTH,144.27692936,-36.86162529
SAILORS FALLS,144.1128581,-37.39314457
WINNAMBOOL,142.76756294,-34.96051164
MOUNT BOLTON,143.6959453,-37.35920498
WURRUK,147.02338516,-38.1127238
BUNINYONG,143.89680282,-37.65169645
WARANGA SHORES,145.09120239,-36.54805247
SOLDIERS HILL,143.85871908,-37.54944324
YABBA NORTH,145.68225652,-36.23100041
MARONG,144.10359142,-36.75141448
BARKSTEAD,144.10267105,-37.47482237
KIALLA WEST,145.38990671,-36.47904681
SEBASTOPOL,143.83564293,-37.60018612
HARSTON,145.11830031,-36.46657675
WARANGA,145.06831982,-36.49175133
WON WRON,146.73951872,-38.46261941
BLACK HILL,143.87249504,-37.5499752
LANGDONS HILL,144.06620293,-37.41298626
BLAMPIED,144.0266963,-37.35230811
KALIMNA,147.96708329,-37.86982966
PEECHELBA,146.18725429,-36.16540306
BOORHAMAN NORTH,146.24398003,-36.09895137
MIOWERA,147.07483418,-37.47113627
LIMA SOUTH,146.02099598,-36.83981805
EAST WARBURTON,145.7767212,-37.70428831
NERRING,143.44599585,-37.49798532
BROKEN CREEK,145.88685557,-36.4396358
MYRTLEFORD,146.73952987,-36.57229547
TERRICK TERRICK,144.26336379,-36.12010915
RED CLIFFS,142.24712218,-34.3427539
LILLICUR,143.59644625,-37.16816157
WANDILIGONG,146.97637553,-36.79223276
LAKE BOLAC,142.84543275,-37.71724066
NIRRANDA SOUTH,142.80043911,-38.54350767
EARLSTON,145.68163864,-36.531158
HAZELWOOD SOUTH,146.46190952,-38.31790427
FERN HILL,144.41102959,-37.36959112
MARKWOOD,146.50799675,-36.47150823
KNOCKWOOD,146.25949516,-37.42570186
LEXTON,143.51629796,-37.2581977
HAMILTON,142.01790414,-37.74555767
NICHOLS POINT,142.21454926,-34.21195864
BOOLE POOLE,147.79024136,-37.89931242
CROXTON EAST,142.22854963,-37.77680324
PORTLAND WEST,141.53318024,-38.36608122
AVENEL,145.28241194,-36.92483048
MONBULK,145.42782287,-37.87398786
WOORI YALLOCK,145.53570066,-37.78107568
BELLS BEACH,144.25640708,-38.37527614
BOISDALE,146.94131207,-37.85203474
SOMERVILLE,145.20066154,-38.23212292
PEECHELBA EAST,146.26162015,-36.1536063
KYNETON,144.46162625,-37.2274516
BRIDGEWATER NORTH,144.00563611,-36.55191994
TOOLAMBA,145.32350255,-36.49403085
BOOKAAR,143.09262365,-38.11651099
KOONDROOK,144.1093252,-35.64347218
CORINELLA,145.46617248,-38.42373372
GENOA,149.54370572,-37.48239499
FALLS CREEK,147.23973176,-36.87278922
DAWSON,146.68870178,-37.97412726
BARINGHUP WEST,143.90290112,-36.95618434
NEW GISBORNE,144.61528075,-37.45235136
PASCHENDALE,141.60421679,-37.66028254
CLARKEFIELD,144.80359491,-37.48669107
GONN CROSSING,143.92749126,-35.51094818
BERWICK,145.34846904,-38.03991097
NARRE WARREN EAST,145.35948455,-37.96317606
BARRAKEE,143.45227175,-36.26365388
GLENLYON,144.2424326,-37.26511536
SEYMOUR,145.16199466,-37.01606668
MYOLA,144.63895892,-36.62806785
BUCHAN,148.14469778,-37.41609945
KIRKSTALL,142.27804074,-38.26799657
MOORABOOL,144.27968658,-38.04177823
NARRAPUMELAP SOUTH,142.63569301,-37.75295638
ELMHURST,143.25845589,-37.17529737
DERGHOLM,141.19074303,-37.35120422
LEONGATHA SOUTH,145.87535137,-38.53962759
LAKE TYRRELL,142.83217922,-35.34796767
SWAN BAY,144.65093595,-38.22680182
QUANDONG,144.50297087,-37.84385161
GOUGHS BAY,146.06380047,-37.14843058
NUNNIONG,147.95417209,-37.22414148
OMEO,147.58567527,-37.1104224
LONGWARRY,145.77196726,-38.12255044
MERNDA,145.08367624,-37.59164585
APPIN,143.86844115,-35.87958873
ALTONA MEADOWS,144.78426985,-37.88082423
SMOKO,147.07072735,-36.81882398
WAITCHIE,143.10810845,-35.38036406
MELWOOD,147.50524718,-37.74138263
GERMANIA,142.75850013,-36.97658476
WANGARATTA,146.31722081,-36.36826478
LUCYVALE,147.60836611,-36.30282591
BROOKLYN,144.84148975,-37.81607908
TOM GROGGIN,148.08054126,-36.59552723
PURA PURA,143.06858605,-37.83191272
JAN JUC,144.29527438,-38.34464435
DARTMOOR,141.28910489,-37.87179544
IVANHOE EAST,145.06182246,-37.77346492
BERRYS CREEK,146.07065273,-38.41573224
MERRICKS,145.08113063,-38.39108577
FRENCH ISLAND,145.36481845,-38.34988929
POOWONG,145.77342341,-38.3387728
STAWELL,142.77053982,-37.05815576
MACORNA NORTH,144.0817904,-35.84471476
DUCHEMBEGARRA,141.91400517,-36.60693297
CAPE BRIDGEWATER,141.41493753,-38.32704632
MOUNT MARTHA,145.0306542,-38.27546769
GARVOC,142.800789,-38.29043937
SKIPTON,143.33901803,-37.69427274
PERRY BRIDGE,147.27455692,-37.9912246
COBAW,144.64119376,-37.26931648
BLACK RANGE,142.76415497,-37.13486389
CROSS ROADS,143.21253162,-37.5004447
MOUNT DRYDEN,142.5318658,-37.04637398
BINDI,147.83521653,-37.12060448
WUK WUK,147.42669511,-37.74506602
MOUNT MERCER,143.86953546,-37.83758864
GOORAMBAT,145.95121092,-36.41439069
BETHANGA,147.10595644,-36.14899007
BUCKLAND,146.89285329,-36.87617174
MCKENZIE CREEK,142.16284273,-36.80739627
YEA,145.41130875,-37.27441049
PITFIELD,143.59610572,-37.8262946
WODONGA,146.88176978,-36.12408101
LYONS,141.48214882,-37.99727831
WARRENMANG,143.28316195,-37.0663268
POWERS CREEK,141.24663086,-37.22195079
MULGRAVE,145.17598025,-37.92567326
JAM JERRUP,145.5371604,-38.33041881
DURHAM OX,143.91420657,-36.12225598
GLENMAGGIE,146.66820955,-37.81395138
CORRINGLE,148.44832694,-37.78787625
KALLISTA,145.40421354,-37.900224
MERRIANG,146.68648161,-36.56461468
SAFETY BEACH,145.00014601,-38.31536753
EUMEMMERRING,145.24685788,-37.99855031
CALLIGNEE,146.57900475,-38.32284189
PIEDMONT,145.94165224,-37.89557521
FLYNNS CREEK,146.64201295,-38.25253613
MIDDLE TARWIN,145.92717305,-38.66469806
MOUNT BEST,146.29583959,-38.58846517
BARRAPORT,143.67154406,-36.00115624
THOWGLA VALLEY,147.93751297,-36.27340396
KINGOWER,143.75226793,-36.62266552
MUCKLEFORD,144.1535697,-37.05239538
WOOSANG,143.47316792,-36.3269661
KYNETON SOUTH,144.43656694,-37.28587401
NOWA NOWA,148.02012982,-37.6932839
DUNOLLY,143.71756691,-36.86082442
BENALLA,145.99675701,-36.57886218
MURTOA,142.47914626,-36.60144484
FLAGSTAFF,143.77337398,-37.04849805
BERRIMAL,143.46420632,-36.50097085
MINMINDIE,143.75032807,-36.02152748
CLIFTON CREEK,147.66504102,-37.70710201
DROUIN EAST,145.8910593,-38.1202884
WAARRE,143.04951361,-38.57585287
YARPTURK,142.43317608,-38.28601381
MINHAMITE,142.33674652,-37.9876063
COBDEN,143.08879241,-38.33841207
BROADFORD,145.06309499,-37.21103969
LAVERS HILL,143.37873004,-38.66803097
BUNDING,144.16769686,-37.53918829
MOYARRA,145.7233439,-38.48172256
LAL LAL,144.02952753,-37.67305684
NEWBOROUGH,146.29302341,-38.17599636
BALINTORE,143.56901509,-38.2829235
MEENIYAN,146.01407396,-38.5801539
BEREMBOKE,144.22827665,-37.78961626
MOUNT ECCLES SOUTH,145.99378983,-38.41353634
BRAVINGTON,145.92261846,-38.08300481
WEERITE,143.25927306,-38.22661107
DUNNSTOWN,143.9721612,-37.59405224
ILLOWA,142.39889909,-38.33620328
DARLEY,144.42603155,-37.63742355
HEYTESBURY LOWER,142.90325237,-38.56752188
IRREWILLIPE,143.41808997,-38.45318518
BALLANGEICH,142.61759548,-38.18614823
GARIBALDI,143.85851609,-37.73152607
GLENAROUA,144.95590281,-37.11629661
BOOLA,146.46056768,-38.04855565
ST ANDREWS,145.28751703,-37.58331156
WYELANGTA,143.45491598,-38.65547182
ADAMS ESTATE,145.5318693,-38.42518872
NEERIM,145.96085303,-37.95508083
MOUNT SABINE,143.74388254,-38.63408101
DENNINGTON,142.43364628,-38.35520135
MOUNT LONARCH,143.38045519,-37.26559296
MIDDLE CREEK,143.24182445,-37.39896843
CHEWTON BUSHLANDS,144.2919377,-37.07758078
LAURISTON,144.35520241,-37.25288171
COONOOER WEST,143.21946604,-36.42476278
BUANGOR,143.17137623,-37.37068211
EUROA,145.56183084,-36.76862436
INGLEWOOD,143.85441437,-36.59711736
SPRING HILL,144.34792831,-37.30301444
NAREEWILLOCK,143.4352798,-36.1567696
TRAWALLA,143.48691699,-37.44447116
FLAGGY CREEK,147.48023298,-37.7534622
GLENFALLOCH,146.62965261,-37.69371193
COBRICO,143.0170731,-38.29116673
CAPE OTWAY,143.55940929,-38.79753829
WARNCOORT,143.71526499,-38.31846545
WHANREGARWEN,145.61964986,-37.21891799
KENNEDYS CREEK,143.25092072,-38.59865715
CLARETOWN,144.03326604,-37.51934416
CATHCART,142.87659968,-37.30888048
BARONGAROOK,143.61541091,-38.42820315
MINGAY,143.32201719,-37.84271551
CLARENDON,143.97467003,-37.70211205
YINNAR,146.31893975,-38.33280956
WEERING,143.69494696,-38.09767357
SOUTH DUDLEY,145.57510297,-38.59360011
BENWERRIN,143.90018014,-38.48452682
HESSE,143.88347306,-38.08220298
THALLOO,146.3086604,-38.08560426
WHOOREL,143.83595534,-38.37034806
LONGWARRY NORTH,145.78188129,-38.08047931
LAANG,142.8150162,-38.36807585
LAKE GOLDSMITH,143.38720112,-37.53482581
BELLFIELD,142.48933705,-37.22497666
MOLIAGUL,143.66449683,-36.7473279
COBRAM,145.64076483,-35.93386349
SPRINGFIELD,144.82027029,-37.3313378
BUMBERRAH,147.83214307,-37.79087189
LAKE BUNGA,148.03619264,-37.86287735
WARTOOK,142.38703356,-37.01499163
ARNOLD,143.85957477,-36.67517687
SUTTON GRANGE,144.36141914,-36.98777214
ILLAWARRA,142.69137759,-37.06739293
WYCHEPROOF SOUTH,143.17971097,-36.13809429
PIPERS CREEK,144.54793653,-37.25010519
ELINGAMITE NORTH,142.98326387,-38.34623799
PENNYROYAL,143.87278054,-38.44184177
WILLATOOK,142.223523,-38.15109702
SKENES CREEK,143.7102498,-38.71316098
YAMBUK,142.07542702,-38.31371869
BAROMI,146.17751671,-38.40303206
NILMA NORTH,146.00391324,-38.12778504
KARIAH,143.22776583,-38.13820108
DROUIN WEST,145.86409226,-38.08201907
BUNYIP,145.71894542,-38.10003773
PRINCETOWN,143.17201441,-38.65133118
INGLISTON,144.313121,-37.6595497
WALLAN,144.96390628,-37.40812104
LORNE,143.92577532,-38.53328975
NARRACAN,146.23665802,-38.27103012
WELSHPOOL,146.43243345,-38.66640011
FUMINA SOUTH,146.1213275,-37.95958455
NERRENA,146.01742006,-38.50706027
GLENMORE,144.29820422,-37.71539507
BONNIE DOON,145.88103497,-37.01717398
CARRUM DOWNS,145.17595996,-38.09279739
WARRION,143.55720607,-38.22502602
BULN BULN EAST,146.01243809,-38.07175339
WOODHOUSE,142.42023883,-37.80010309
WALHALLA,146.47434176,-37.93400106
BOOLARONG,146.25752685,-38.5680628
CORNISHTOWN,146.57021363,-36.10290221
TARILTA,144.19122403,-37.17781703
RATHSCAR WEST,143.49271885,-37.01152616
NUGGETTY,144.05505648,-36.95277584
TERRAPPEE,143.57528009,-36.15498616
LANCEFIELD,144.71149663,-37.26124064
WINTON NORTH,146.09823765,-36.45936752
SEDGWICK,144.32294253,-36.90235019
REDBANK,143.30873881,-36.90912776
ERCILDOUNE,143.58920443,-37.41480403
BATHUMI,146.0852778,-36.02807953
RIGGS CREEK,145.59375385,-36.65279682
BARRAPORT WEST,143.53446895,-36.01758308
HIGH CAMP,144.87225884,-37.19359742
NARINGAL EAST,142.79211329,-38.40839681
KILMORE,144.94972929,-37.30164362
TYRENDARRA EAST,141.89536619,-38.24995633
SUGARLOAF,143.79736296,-38.69092726
FISH CREEK,146.07274723,-38.72839461
RUBICON,145.84690971,-37.39399085
WIMBLEDON HEIGHTS,145.23471923,-38.48027768
TRAFALGAR SOUTH,146.15957752,-38.24401316
TERANG,142.87885802,-38.23869013
YARRAGON,146.07452689,-38.18693015
LESLIE MANOR,143.36086613,-38.11484771
SUMMERLANDS,145.13841971,-38.50988179
CARGERIE,143.95292261,-37.80357168
MOONDARRA,146.35459295,-38.04877982
MORWELL,146.41460722,-38.22759164
CAMPERDOWN,143.15019553,-38.23856891
HERNES OAK,146.31248771,-38.22091161
BUFFALO,146.01554398,-38.67016525
THOMSON,146.34508654,-37.75599826
CHILDERS,146.10199468,-38.30027084
ATHLONE,145.78649666,-38.24148511
WEST CREEK,145.61277895,-38.55265111
LANG LANG EAST,145.65695087,-38.27182305
DROUIN SOUTH,145.82142382,-38.19010698
BOOLARRA,146.27289113,-38.38322655
TERIP TERIP,145.55716398,-37.00899724
TAGGERTY,145.72454096,-37.34590348
JEERALANG,146.47495027,-38.37183845
GLEN ALVIE,145.65187092,-38.50287134
STAUGHTON VALE,144.25505769,-37.84037218
WOOLSHED FLAT,143.65938374,-36.32748229
MAJORCA,143.82040794,-37.12791622
MIEPOLL,145.48069082,-36.60943593
YAWONG HILLS,143.38675411,-36.47150053
VIOLET TOWN,145.71113512,-36.60963341
FYANS CREEK,142.57661975,-37.09379883
AMPHITHEATRE,143.4148224,-37.18795596
FARADAY,144.30141879,-37.04678315
WISELEIGH,147.79237506,-37.71160683
CARLYLE,146.48578293,-36.00246397
MOUNT HOOGHLY,143.65835616,-36.9141557
KATUNGA,145.46544464,-35.99973477
JEETHO,145.72793943,-38.402405
DARNUM,146.02103723,-38.17622175
FLOWERDALE,145.30275353,-37.33204309
ICY CREEK,146.09728832,-37.8843726
MOUNT TASSIE,146.5619032,-38.38861466
LARRALEA,143.2411674,-38.05646534
CATANI,145.65007163,-38.19441049
AYRFORD,142.85236484,-38.43753051
MIRBOO,146.23773578,-38.47923145
BARUNAH PARK,143.82497934,-38.00431722
DERRINALLUM,143.18220711,-37.96193697
FRAMLINGHAM EAST,142.71213021,-38.20065011
BAW BAW,146.30686918,-37.8320424
WARRABKOOK,142.07161404,-37.98613607
UPPER PLENTY,145.05462123,-37.41973003
WALLINDUC,143.5191766,-37.87257334
WERNETH,143.60558155,-37.92909005
MOUNT DORAN,144.04106588,-37.72169371
STRATHALLAN,144.76229869,-36.25575176
CURYO,142.71034395,-35.83639582
DEVENISH,145.89862421,-36.33358147
MOYREISK,143.39053272,-36.87325169
BIRCHIP,142.9255748,-35.99335053
AVON PLAINS,142.9279676,-36.5437231
MITRE,141.77274099,-36.71829286
CHARAM,141.51742829,-36.95269704
WOMBAT CREEK,148.25530924,-37.76226054
WEE WEE RUP,144.29139408,-35.86206569
MOUNT COLE,143.21472889,-37.25549593
NEUARPURR,141.0462176,-36.70290882
WATTLE CREEK,143.08801205,-36.96280236
NANNEELLA,144.79359206,-36.33032203
TENNYSON,144.375696,-36.29115027
PINE GROVE,144.40160808,-36.20975425
GLENLOGIE,143.29480913,-37.23932827
MOUNT FRANKLIN,144.15453969,-37.25966966
BOOROLITE,146.2064103,-37.15239598
WILLUNG SOUTH,146.82521023,-38.32561228
WILKUR,142.66200238,-36.07253843
MYALL,142.75571288,-35.53649191
HINNOMUNJIE,147.65377145,-37.01250328
MOONLIGHT FLAT,143.64959473,-37.04768498
NOWIE,143.2781684,-35.3305491
BOLANGUM,142.99351379,-36.72168564
EDENHOPE,141.30512747,-37.06691366
EMU,143.44507389,-36.73590628
AMHERST,143.65302795,-37.13618973
GLENLEE,141.83252845,-36.23331095
LURG,146.12477856,-36.58293472
TAMINICK,146.16531392,-36.38631139
LAEN NORTH,142.82981097,-36.37861195
BEULAH,142.42267761,-35.91993178
BOHO SOUTH,145.81643307,-36.77230247
MANORINA,148.79949907,-37.69234997
WOOMELANG,142.6313923,-35.68071161
NURCOUNG,141.67686574,-36.62103463
MAFFRA WEST UPPER,146.82149549,-37.87542896
MINCHA,144.06326248,-35.99060762
GLENPATRICK,143.33147588,-37.14618801
WOODGLEN,147.38504511,-37.77346365
JUNGABURRA,144.28696175,-36.05640745
BOBINAWARRAH,146.48734363,-36.53616349
TELFORD,145.94835592,-36.10238176
MARRAWEENEY,145.73235914,-36.76267635
IGUANA CREEK,147.34855679,-37.69500264
ANCONA,145.80935862,-36.96191906
KOOROOL,146.9425912,-37.72616261
BELLELLEN,142.69251544,-37.13782634
RED LION,143.75934849,-37.17037621
YOUARANG,145.77201456,-36.14715072
MYWEE,145.50886474,-35.84226082
WONWONDAH,142.1901737,-36.88550822
PRAHRAN,145.000343,-37.85174788
DEEPDENE,145.06586545,-37.81140077
HALLAM,145.26892255,-38.0075537
JUNCTION VILLAGE,145.29143107,-38.13601217
ST ALBANS,144.8052834,-37.74536136
NATYA,143.20027682,-34.95434602
SOUTHBANK,144.96227816,-37.82586063
CAULFIELD SOUTH,145.02492847,-37.89465354
BRUARONG,146.86381209,-36.42029784
GLEN VALLEY,147.52417864,-36.90901204
BRIGHTON EAST,145.01667839,-37.91732963
CAMBERWELL,145.07362622,-37.8384505
CANTERBURY,145.0756952,-37.82359236
TIMMERING,144.87808839,-36.34785844
WHARPARILLA,144.63338827,-36.09279736
WATTLE GLEN,145.18839422,-37.66732826
HAMLYN HEIGHTS,144.32399087,-38.12098853
NARRUNG,143.22223347,-34.78123259
GYMBOWEN,141.62094204,-36.75091997
ST KILDA EAST,145.00212681,-37.86678876
ELWOOD,144.98548584,-37.88077935
BLACKBURN,145.15226237,-37.82168169
KEILOR DOWNS,144.80413027,-37.72058934
MURRABIT,143.93904397,-35.54322932
NAVARRE,143.09796425,-36.90552383
GLEN HUNTLY,145.04135797,-37.89235693
LYNBROOK,145.25612516,-38.05581331
NORTH MELBOURNE,144.94482109,-37.79843875
HOWQUA,146.19329883,-37.24253268
FISH POINT,143.73059443,-35.45157111
BERRIWILLOCK,142.96107437,-35.64704479
TULKARA,143.04844243,-36.94386097
ST KILDA,144.98179855,-37.86368633
MEAD,144.11501733,-35.81077457
TONGALA,144.95778968,-36.24556598
NUNAWADING,145.1765331,-37.81734766
ELSTERNWICK,145.00701303,-37.88583832
BENTLEIGH,145.03858436,-37.92264066
COBUNGRA,147.3771519,-37.08630707
CRANBOURNE NORTH,145.29878122,-38.07751044
BOWEYA,146.12063999,-36.27478368
TALLANGATTA EAST,147.28443756,-36.21372839
CULGOA,143.12098713,-35.70849043
EVANSFORD,143.64988535,-37.26600778
UPPER LURG,146.19122747,-36.58420465
CROYDON HILLS,145.26691635,-37.77561598
KANGAROO GROUND,145.23197349,-37.68936141
RIPPONLEA,144.99528196,-37.87775794
MALVERN,145.03502037,-37.85680884
GARDENVALE,145.00913401,-37.89811245
CAULFIELD NORTH,145.02158433,-37.87203311
KENSINGTON,144.92707323,-37.79433352
BUNDALAGUAH,147.0175203,-38.02805521
CAPELS CROSSING,143.91636628,-35.60897387
KOOYONG,145.03584225,-37.84136127
LONGWOOD EAST,145.45596159,-36.83821924
PARADISE,143.07388291,-36.83206295
TALLANDOON,147.22071225,-36.40131207
LLOWALONG,147.03767352,-37.9061832
PRAIRIE,144.21100894,-36.29958783
CAULFIELD,145.02633919,-37.88405122
SURREY HILLS,145.09822561,-37.82673031
HAWTHORN EAST,145.05007851,-37.83118944
TARRANYURK,142.10041553,-36.22363638
BOX HILL,145.12610078,-37.8215089
WOOLENOOK,147.04462884,-37.69782232
CROYDON SOUTH,145.27783229,-37.81516714
SPRINGFIELD,143.11431682,-35.57473549
TAHARA WEST,141.63086039,-37.73593548
ALMA,143.67810141,-37.02205675
CAPE SCHANCK,144.90318505,-38.46023358
ELTHAM,145.15909924,-37.71743485
AGNES,146.38768689,-38.68148603
HEALESVILLE,145.55093485,-37.66023833
HOTHAM HEIGHTS,147.15838034,-37.01193954
GOOMALIBEE,145.87520808,-36.48860557
ARMSTRONG,142.88213707,-37.21248516
GOON NURE,147.5467848,-37.98467042
TEAL POINT,144.05091155,-35.68003666
POMBORNEIT NORTH,143.33662958,-38.21668188
TARRENGOWER,144.0147741,-37.00487926
CAMPBELLS FOREST,144.1167593,-36.61314013
CHARLEROI,147.15314903,-36.30793914
YALLA-Y-POORA,143.13151706,-37.52619804
COCHRANES CREEK,143.58039034,-36.6944811
FRYERSTOWN,144.26517502,-37.13933366
KURRACA WEST,143.56330185,-36.51054627
BALLYROGAN,143.08266263,-37.42525869
BANKSIA PENINSULA,147.67543913,-37.95034393
TOORADIN,145.38379573,-38.2007793
ROCKLANDS,142.05072138,-37.27490838
CARLSRUHE,144.51458631,-37.28970005
CAMPBELLS BRIDGE,142.7959953,-36.92540991
MACS COVE,146.14596931,-37.20514376
EAST MELBOURNE,144.98259039,-37.81442411
BRIDGEWATER,143.95984455,-36.63867395
ECKLIN SOUTH,142.89987448,-38.38754184
LICOLA,146.59288198,-37.60277056
SEAVIEW,145.9577024,-38.28159098
REEDY FLAT,147.91656802,-37.40605493
POWLETT PLAINS,143.86782984,-36.47134874
TARCOMBE,145.37125534,-36.97833175
MELBOURNE,144.97151194,-37.82503942
TOLMIE,146.28316269,-36.93319174
DALYENONG,143.41801216,-36.80616604
CANNIE,143.49840284,-35.75102156
HARROW,141.60153301,-37.14439066
BOORCAN,143.01571017,-38.2274944
BAYSWATER,145.26473007,-37.84517001
MOORNAPA,147.17042019,-37.699146
LINDSAY POINT,141.01411912,-34.11910155
MARYBOROUGH,143.7445995,-37.04731986
REDESDALE,144.48425717,-37.00907368
COBURG NORTH,144.96806245,-37.72701556
SAN REMO,145.41080091,-38.52801391
BRIGHTON,144.99569211,-37.90840678
POINT WILSON,144.52684248,-38.0257624
WULGULMERANG,148.29923562,-37.02732017
BROADLANDS,147.68737764,-37.85974001
WINGAN RIVER,149.48884762,-37.63660349
EAGLE POINT,147.68111451,-37.90080852
GRASSDALE,141.64528414,-37.82493
WINJALLOK,143.1916332,-36.84583169
KOLORA,142.91676449,-38.12395763
TYLDEN,144.41097324,-37.32838364
BYLANDS,144.93866249,-37.35423948
LONGERENONG,142.344566,-36.68411979
WY YUNG,147.60725419,-37.79093207
LAKE LONSDALE,142.62504266,-37.0334924
RAGLAN,143.30709482,-37.34066761
DUNLUCE,143.58891279,-36.87940185
MAINDAMPLE,145.9588462,-37.02513376
METCALFE,144.43553688,-37.09004662
KOONWARRA,145.95176595,-38.55900766
SILVAN,145.43346077,-37.83651341
QUAMBATOOK,143.52955124,-35.84674813
DEER PARK,144.77170305,-37.76935363
WESBURN,145.65352982,-37.77405954
BEND OF ISLANDS,145.28447093,-37.69767482
TAWONGA,147.20062863,-36.68576009
FAWKNER,144.96928458,-37.70463213
DOCKER,146.36661792,-36.50957942
JAMIESON,146.11368326,-37.27886898
RINGWOOD,145.23341414,-37.81150624
VALENCIA CREEK,146.98973252,-37.7832629
CORNELLA,144.7721939,-36.68610773
TOONGABBIE,146.59203559,-38.03587421
MINCHA WEST,144.12917804,-35.91442534
WARROCK,141.29409109,-37.43043506
BUNDALONG SOUTH,146.17491663,-36.10700854
BENDOC,148.89403439,-37.20847896
KELLALAC,142.40298951,-36.36678686
METCALFE EAST,144.45571686,-37.14587849
SUTHERLANDS CREEK,144.22183086,-38.0067212
COWA,147.18041702,-37.38887448
GELANTIPY,148.23901505,-37.19270051
HOWQUA INLET,146.1339588,-37.23160958
GLENTHOMPSON,142.52467417,-37.69412364
GIPSY POINT,149.69064451,-37.48655985
HIGHETT,145.0404501,-37.95036349
WROXHAM,149.48608231,-37.34171352
LIPAROO,142.57303217,-34.81828889
MARNOO WEST,142.7794518,-36.71150976
WARNEET,145.31956687,-38.22581496
CORIO,144.37400004,-38.06717979
SILVERLEAVES,145.27389851,-38.45309055
NARINGAL,142.71917704,-38.39702934
STUART MILL,143.28042461,-36.79432962
HILGAY,141.63249747,-37.62351243
VASEY,141.89138382,-37.33691207
MUNRO,147.22016541,-37.90510841
MOONAMBEL,143.30314423,-36.9866413
SUGGAN BUGGAN,148.3280732,-36.92430355
BAYNTON,144.64106875,-37.13581027
RINGWOOD EAST,145.2535641,-37.81331501
MURGHEBOLUC,144.13886373,-38.10038449
ELAINE,144.01250472,-37.76435619
INDIGO VALLEY,146.73977947,-36.18619317
BARNADOWN,144.52622877,-36.64783105
BRODRIBB RIVER,148.59142377,-37.69522203
MOOLORT,143.92373098,-37.06503239
COBBERAS,148.09183936,-36.85153095
COLIGNAN,142.33945047,-34.53902795
LAKE MERAN,143.79368319,-35.89475488
MCINTYRE,143.67764716,-36.6894575
WELSHMANS REEF,144.0356571,-37.0617483
WANDO BRIDGE,141.42388077,-37.43927201
TONGIO,147.69602876,-37.16875732
WIRRATE,144.98204696,-36.77042153
KEALBA,144.82814241,-37.73731045
KERGUNYAH,146.99337996,-36.35241951
BURKES BRIDGE,144.33831578,-35.83000933
OXLEY FLATS,146.39159975,-36.39850372
ENSAY,147.82141973,-37.37648445
LAMPLOUGH,143.51827697,-37.14990573
MOUNTAIN BAY,146.09878281,-37.1969072
MOONLIGHT FLAT,144.24646196,-37.06216617
STRATFORD,147.11202876,-37.95605403
BRIAGOLONG,147.08709868,-37.80465469
BOWMANS FOREST,146.62419808,-36.46830975
TAROON,142.87014938,-38.33071268
BALLIANG EAST,144.43688487,-37.80868971
NAPOLEONS,143.80765058,-37.69009077
DEANS MARSH,143.90233166,-38.40254704
BREWSTER,143.53344158,-37.49799501
SHEPPARTON NORTH,145.39041162,-36.31944831
HARCOURT,144.25833375,-36.9934591
BEACONSFIELD UPPER,145.42379499,-37.99819294
DINGWALL,143.8420176,-35.81115869
MONGANS BRIDGE,147.12186662,-36.5891196
NORTH WANGARATTA,146.3438431,-36.32574925
BURROWYE,147.53466026,-36.03631507
BEMM RIVER,148.9275154,-37.71384071
TELANGATUK EAST,142.01563077,-37.1293648
WARRANDYTE,145.20959079,-37.74777541
CARRAJUNG SOUTH,146.79999697,-38.38121788
SWAN HILL,143.51180912,-35.36216462
FREEBURGH,147.05888947,-36.77074868
YEUNGROON,143.35437227,-36.39781627
WARRAGUL,145.92978813,-38.15373863
BUFFALO RIVER,146.657364,-36.6716041
BRANDY CREEK,145.91276692,-38.10202178
MORNINGTON,145.06007995,-38.23027911
BET BET,143.75271275,-36.92487917
CANARY ISLAND,143.87334201,-36.01045749
BARNAWARTHA,146.67329484,-36.07897026
NERRIN NERRIN,143.01904531,-37.75888123
TALGARNO,147.1628951,-36.07449006
KIMBOLTON,144.5036397,-36.91949782
YAN YEAN,145.12929988,-37.55060493
YELLINGBO,145.5302972,-37.84635189
WANDELLA,143.82364381,-35.73724368
WINTON,146.09804267,-36.52132954
GLENLOTH EAST,143.46783818,-36.0541097
WOODEND NORTH,144.52819488,-37.32330384
PURNIM WEST,142.55453787,-38.29667559
MOOROOLBARK,145.32551079,-37.78125534
DIGGERS REST,144.69621509,-37.62012238
WOOL WOOL,143.40905499,-38.22766098
MCMILLANS,144.16320155,-35.84888535
ANGLESEA,144.15435771,-38.38081588
WONYIP,146.38277589,-38.54587048
HAPPY VALLEY,142.7162543,-34.69803352
DUVERNEY,143.55889375,-38.02832162
CHELSEA,145.12140374,-38.04971663
HARMERS HAVEN,145.57817679,-38.65395842
TELOPEA DOWNS,141.10784706,-36.01982143
KOONDA,145.75097705,-36.48876493
BOHO,145.78359544,-36.67931071
WOOREEN,146.02046989,-38.40505166
PAYNESVILLE,147.71233874,-37.91124465
PIRIES,146.12696022,-37.17873289
WOLLERT,145.00557191,-37.59201147
STONY CREEK,146.09114306,-38.59271022
CARRANBALLAC,143.18022638,-37.68992655
GRAND RIDGE,146.39866018,-38.4793642
CROYDON,145.2840491,-37.79493972
HILLDENE,145.04579497,-37.03703034
BAXTER,145.15666446,-38.20093209
ROSEDALE,146.82919383,-38.18325554
KERGUNYAH SOUTH,147.02840795,-36.42878582
SIDONIA,144.56022981,-37.16358457
GOBARUP,144.8712697,-36.67767901
BENGWORDEN,147.44460246,-37.96377923
FLYNN,146.67590613,-38.19651006
GRE GRE SOUTH,143.01718344,-36.67858805
PANMURE,142.72227847,-38.33160883
HARCOURT NORTH,144.27617273,-36.95107372
NYAH,143.36374153,-35.14870462
TONGHI CREEK,149.07158687,-37.60736443
MOSSIFACE,147.81811591,-37.74230018
MUCKLEFORD SOUTH,144.12374444,-37.10545761
CHILTERN,146.61611122,-36.19929556
HALLS GAP,142.52766542,-37.12367006
UNDERA,145.21395224,-36.24537859
FERNDALE,145.94095761,-38.30700169
WALPA,147.39417295,-37.79434229
PARADISE BEACH,147.41585096,-38.19365667
BAEL BAEL,143.73821746,-35.68707261
KINGS PARK,144.77197453,-37.73370384
WALKERVILLE NORTH,145.99934971,-38.84260135
SALISBURY WEST,143.93664692,-36.5154884
ARTHURS CREEK,145.21011126,-37.56499335
GOLDEN BEACH,147.36280761,-38.2292137
GLENALBYN,143.72373785,-36.48747676
GREENS CREEK,142.94450734,-36.9324375
WHOROULY,146.57829358,-36.51691216
BUNBARTHA,145.33131657,-36.23545765
CARRAJUNG,146.68237055,-38.37691298
KING VALLEY,146.40477929,-36.6946023
TOWONG UPPER,148.00817947,-36.2110412
GOORAM,145.60464001,-36.90019936
TERRICK TERRICK EAST,144.38008644,-36.11637318
KOOREH,143.40283089,-36.64956932
LOCH SPORT,147.5627742,-38.05956859
COLAC COLAC,147.84814989,-36.22346714
FRAMLINGHAM,142.6939951,-38.26041293
WYE RIVER,143.84939689,-38.62495918
CREIGHTONS CREEK,145.51973795,-36.85268747
GORDON,144.11241814,-37.56755732
NEERIM NORTH,146.02681937,-37.92439908
WALLALOO EAST,142.90897638,-36.80558059
AUCHMORE,144.09608346,-36.46867291
WAUBRA,143.61883992,-37.33362879
GOLDEN POINT,144.27435149,-37.06369276
BUNGULUKE,143.36357646,-36.05610137
EVERTON UPPER,146.56809254,-36.38397146
LONGWOOD,145.39462736,-36.8015617
MERRIANG SOUTH,146.66551961,-36.60117538
BLACKBURN NORTH,145.15435592,-37.80536979
EDI,146.40841245,-36.64992247
HARRIETVILLE,147.04642432,-36.90078155
BARWIDGEE,146.7720892,-36.51544236
STRATHMERTON,145.44997962,-35.91153793
GISBORNE,144.56957927,-37.51046544
NORLANE,144.35370136,-38.09185497
GLENGARRY,146.63532486,-38.12768423
LARA,144.40189273,-38.00477687
ULLSWATER,141.39973196,-36.92054396
LAKE TYERS,148.1256722,-37.83995877
EAST BAIRNSDALE,147.66281125,-37.8440433
BARMAH,144.99109243,-35.95627303
WINDERMERE,143.71706343,-37.48304797
OXLEY,146.37717351,-36.4487845
BELGRAVE HEIGHTS,145.34370835,-37.92622434
MURCHISON,145.17970429,-36.62517167
NULLA VALE,144.76465524,-37.17198908
NINYEUNOOK,143.42134134,-35.95737565
SOUTH MELBOURNE,144.95747163,-37.83392841
CAMBARVILLE,146.01298514,-37.61051413
BENJEROOP,143.82657067,-35.49294181
STEWARTON,145.81417433,-36.41458251
WILLIAMS LANDING,144.74301565,-37.86198427
TINTALDRA,147.91272772,-36.05957246
BLIND BIGHT,145.33991746,-38.21385035
WILLIAMSTOWN,144.89009225,-37.86128768
LAKE EILDON,145.96795752,-37.18270335
FORGE CREEK,147.62935595,-37.93208629
PETERBOROUGH,142.88219018,-38.58799127
LAANECOORIE,143.91654593,-36.82760498
TORRUMBARRY,144.52768035,-36.04631358
FERNIHURST,143.86683584,-36.22689012
RESEARCH,145.18778661,-37.70680234
BENNISON,146.27001596,-38.66697957
DOUBLE BRIDGES,147.88564239,-37.59522678
BYAWATHA,146.4667566,-36.28878641
BROWNS PLAINS,146.62494779,-36.04598147
DINNER PLAIN,147.27776573,-37.03029354
GEMBROOK,145.63905772,-37.94502864
BULART,141.91938962,-37.57604402
CARRAJUNG LOWER,146.73912369,-38.39233014
NIDDRIE,144.88465772,-37.73946394
TALLANGATTA SOUTH,147.28153627,-36.32410602
SANDRINGHAM,145.01463238,-37.95361065
TOOLANGI,145.50057504,-37.52156212
WANTIRNA SOUTH,145.22194081,-37.8738775
WEST WODONGA,146.82188723,-36.11103752
PRANJIP,145.38257115,-36.73206213
KILSYTH,145.31849534,-37.81437399
BANDIANA,146.93076263,-36.13589679
GLENORCHY,142.64526019,-36.9078368
MOUNT MACEDON,144.59438251,-37.39353239
KERANG EAST,144.01403553,-35.77981578
STAGHORN FLAT,146.94302332,-36.24110498
TRAGOWEL,143.97242994,-35.84483406
MUDGEGONGA,146.86737567,-36.49413613
BROADWATER,142.07787468,-38.12046906
TARADALE,144.34971544,-37.14147218
JARRAHMOND,148.4019421,-37.66150486
KERANG,143.94550487,-35.72458805
TIMOR,143.73445001,-36.97765435
BARNAWARTHA NORTH,146.7480352,-36.08707343
MEERLIEU,147.39443283,-38.01623925
MURMUNGEE,146.68080994,-36.44327693
DEVILS RIVER,145.83586926,-37.17347354
BEAUMARIS,145.0389373,-37.9823912
VECTIS,142.07561522,-36.7008126
FULHAM,146.96996664,-38.08135217
DON VALLEY,145.59135603,-37.73856907
SOUTH MORANG,145.08470014,-37.63229697
KEVINGTON,146.16985858,-37.36027251
PASTORIA,144.58621486,-37.21524386
WANDONG,145.03145849,-37.35216851
MOUNT COTTRELL,144.62052377,-37.78979709
TARRONE,142.20330441,-38.22415724
BALLIANG,144.34496851,-37.81836966
OSBORNES FLAT,146.90913911,-36.32061547
BOOLARRA SOUTH,146.28495988,-38.44684907
WANGANDARY,146.22674823,-36.32530226
WEDDERBURN JUNCTION,143.70813296,-36.42941066
HEPBURN,144.12765935,-37.31188511
RIDDELLS CREEK,144.68321415,-37.44376746
TARRAWINGEE,146.47542726,-36.38274581
CUDGEE,142.65485711,-38.34015363
AVOCA,143.47011558,-37.08197945
DONCASTER EAST,145.16391985,-37.7789624
WANTIRNA,145.22588593,-37.85234166
KONGWAK,145.71274902,-38.51202503
FOSTERVILLE,144.47929756,-36.69685914
BOORT,143.74192277,-36.13364791
OLD TALLANGATTA,147.24996268,-36.20192006
BESSIEBELLE,141.93262637,-38.15935177
MILL PARK,145.06425715,-37.66418583
COMBIENBAR,149.01504467,-37.3711457
VENUS BAY,145.79110169,-38.67655866
WINNAP,141.38706036,-37.90081168
FOSTER NORTH,146.16399122,-38.6062231
NATTE YALLOCK,143.45637166,-36.94539783
EYNESBURY,144.54289699,-37.78831801
HOLLANDS LANDING,147.46409974,-38.0499221
MURRINDINDI,145.57687715,-37.38648707
KEILOR NORTH,144.79328428,-37.68164223
KADNOOK,141.38669522,-37.16829887
BETLEY,143.79451752,-36.9178486
GLENHOPE,144.61227593,-37.07435299
BRIMIN,146.25980711,-36.05322878
CRANBOURNE EAST,145.30541545,-38.10999904
STRANGWAYS,144.09549764,-37.14417576
BAIRNSDALE,147.58894919,-37.85955363
MENZIES CREEK,145.40118584,-37.92316734
RUPANYUP,142.6752922,-36.63392078
SEPARATION CREEK,143.87322585,-38.59195549
JOYCES CREEK,143.98806804,-37.08853915
AVALON,144.45170235,-38.05195125
LUCKNOW,147.66743335,-37.80701386
CULLULLERAINE,141.64876676,-34.20087877
BOCHARA,141.9090236,-37.68737613
THOLOGOLONG,147.42792081,-35.99098151
NEWBRIDGE,143.91883424,-36.74485537
SEASPRAY,147.16994868,-38.32553331
SORRENTO,144.74196733,-38.34461348
NEERIM EAST,146.05361797,-37.99616209
GOSCHEN,143.44341962,-35.49073494
MYSTIC PARK,143.73208992,-35.56484219
MELTON WEST,144.5411304,-37.67913578
LAKE FYANS,142.62872669,-37.13387777
WARRACKNABEAL,142.43030354,-36.22518263
FRENCHMANS,143.20505375,-37.00564319
ARCHDALE,143.51025148,-36.83734343
CUDGEWA,147.79878148,-36.14713199
TALLANGATTA VALLEY,147.45964265,-36.33457057
TRARALGON,146.51979289,-38.20338568
GUNDOWRING,147.07193895,-36.37616858
TRARALGON EAST,146.5893585,-38.18715216
TANGAMBALANGA,147.03842483,-36.23954899
UPOTIPOTPON,145.78257524,-36.50815804
GEELONG WEST,144.34488917,-38.13936488
LAKE EPPALOCK,144.57133566,-36.87347581
BAYSWATER NORTH,145.28366402,-37.82688124
FLEMINGTON,144.91929735,-37.7867387
ULTIMA EAST,143.37414492,-35.43229198
METUNG,147.84353467,-37.8686162
COCOROC,144.62147921,-37.96865696
LONDRIGAN,146.4440086,-36.34324161
THE HONEYSUCKLES,147.23355757,-38.33424682
ILLABAROOK,143.6515641,-37.82059473
MARLO,148.68766924,-37.77159772
MOUNT EVELYN,145.38803017,-37.78744675
KOTUPNA,145.1118088,-36.13516508
MEPUNGA WEST,142.65166314,-38.43588921
BULLIOH,147.36916025,-36.17367767
ELMORE,144.58074856,-36.46628047
SEVILLE EAST,145.50319997,-37.7785701
NEEREMAN,143.95346129,-36.91918145
MYSIA,143.75326082,-36.22489345
MERRIJIG,147.44200017,-37.65551289
PUCKAPUNYAL,144.94867746,-36.93563179
PIMPINIO,142.08593507,-36.6138553
HOMEBUSH,143.53277131,-37.03750377
MUCKATAH,145.65117214,-36.00316166
BRIDGEWATER ON LODDON,143.94076642,-36.60359563
GREDGWIN,143.61656682,-35.96012996
QUEENSCLIFF,144.64583905,-38.26910371
MITCHELLSTOWN,145.04605693,-36.83499686
CHATSWORTH,142.65856654,-37.84798659
BELLFIELD,145.03844923,-37.75305272
COONGULLA,146.77007548,-37.87118849
EDDINGTON,143.8612363,-36.90672392
CLYDESDALE,144.09725207,-37.17164159
SKINNERS FLAT,143.58459441,-36.353233
KURTING,143.80560287,-36.53786512
CHESNEY VALE,146.05138934,-36.41248005
DEWHURST,145.46690252,-37.98007453
MACCLESFIELD,145.48914759,-37.87828383
BORUNG,143.78017845,-36.29421049
WENTWORTH,147.48844351,-37.30860437
MATLOCK,146.18388975,-37.57225525
WALWA,147.73150293,-35.99242698
TARRAWARRA,145.44422361,-37.6559091
WHITEHEADS CREEK,145.26487379,-37.05754593
ALBERT PARK,144.95883088,-37.84443821
AIRLY,147.09745765,-38.03075629
DADSWELLS BRIDGE,142.49481587,-36.8981267
RUFFY,145.48541782,-36.9543362
ROBERTSONS BEACH,146.72921553,-38.65626697
DUMBALK NORTH,146.17796359,-38.51225765
SHELLEY,147.55415786,-36.20314102
TREMONT,145.31625997,-37.87909368
DERRIMUT,144.77606152,-37.79969729
THORNBURY,145.00580105,-37.75817285
ECHUCA,144.76083237,-36.17260371
CHERRYPOOL,142.16733961,-37.13325261
DELEGATE RIVER,148.81273239,-37.10935127
SCORESBY,145.21885283,-37.90172912
NAR NAR GOON NORTH,145.56517268,-38.03543739
FOSTER,146.19930768,-38.67252766
TECOMA,145.34388947,-37.90460155
WONGUNGARRA,147.04508377,-37.25561988
HOMEWOOD,145.31124354,-37.20146946
IRYMPLE,142.16878233,-34.25256109
BIGGARA,147.99443426,-36.35670477
BITTERN,145.16923416,-38.33677473
TAMLEUGH NORTH,145.57840193,-36.52628584
DIXONS CREEK,145.42748338,-37.59357539
WARRENBAYNE,145.88938989,-36.70458408
PAKENHAM UPPER,145.50775453,-38.00779505
MACEDON,144.55567932,-37.42814598
POMPAPIEL,144.08208363,-36.36884217
KURRACA,143.61424056,-36.5199282
MCKENZIE HILL,144.18279236,-37.06894947
GREEN GULLY,144.09809584,-37.11699747
EAST WANGARATTA,146.38096952,-36.3633043
CANN RIVER,149.15882335,-37.58903186
KOROOP,144.07009581,-35.73541444
NEWRY,146.89559508,-37.89635134
WYCHITELLA NORTH,143.62979648,-36.2050168
DALMORE,145.42611096,-38.18412906
CROOKED RIVER,146.99233537,-37.38787784
TAMLEUGH,145.58328174,-36.59030996
LICOLA NORTH,146.53449929,-37.52365361
CARDIGAN,143.73485252,-37.53659971
NEDS CORNER,141.38926908,-34.21289464
BELL PARK,144.3383545,-38.10517703
MUSKERRY,144.58326051,-36.68907904
HENSLEY PARK,142.05695365,-37.62447182
BURRAMINE,145.88274431,-36.00971467
PINE MOUNTAIN,147.83275911,-36.01187741
MOUNT BULLER,146.43615646,-37.26159972
PARK ORCHARDS,145.21477019,-37.77699125
COBBANNAH,147.27229192,-37.64850057
TUBBUT,148.59494678,-37.05776846
WICKLIFFE,142.71730014,-37.69808314
ASCOT VALE,144.91369882,-37.77696479
VITE VITE,143.14493019,-37.86011144
MEPUNGA,142.67585414,-38.45794815
LEAGHUR,143.79893534,-35.98156774
MONTMORENCY,145.12513045,-37.71890472
TATONG,146.15291809,-36.76192851
TRENTHAM EAST,144.40178728,-37.41095228
SUNDAY CREEK,145.04489471,-37.24784154
LEONGATHA,145.9436721,-38.47401972
KORIELLA,145.65207988,-37.16331491
COBRAM EAST,145.73649099,-35.97462738
DALTONS BRIDGE,144.28414367,-35.82330362
GLENBRAE,143.55699869,-37.34812912
GOWAR EAST,143.3934587,-36.54810891
ROCHFORD,144.66645158,-37.31296233
NARING,145.58296133,-36.06293125
OAKVALE,143.54326982,-35.93005382
GLENLOTH,143.3403003,-36.13248813
WEDDERBURN,143.59646973,-36.41936375
ARNOLD WEST,143.78529578,-36.66915486
BADDAGINNIE,145.86307421,-36.60413151
KENNETT RIVER,143.80490328,-38.63845821
BONA VISTA,145.9638979,-38.20506698
DOCKLANDS,144.9407338,-37.81837791
ALLAMBEE SOUTH,146.10067548,-38.35108021
DURDIDWARRAH,144.18681496,-37.82080158
WARRAK,143.11444635,-37.28431485
BYADUK,141.96782565,-37.94615304
BRUCKNELL,142.89878316,-38.45947226
MOUNT ECCLES,145.9690142,-38.38032944
TYERS,146.47117005,-38.13917497
WOODLEIGH,145.61206467,-38.3937262
NAREEB,142.54812084,-37.83117513
SURF BEACH,145.2951954,-38.50808435
PENSHURST,142.3168789,-37.86892883
MARYVALE,146.42711455,-38.18590143
ERICA,146.38002217,-37.97730271
CUNDARE NORTH,143.56118113,-38.10307457
WARRAGUL SOUTH,145.91082472,-38.21467912
PYALONG,144.85891492,-37.11356647
MIRBOO NORTH,146.14984686,-38.39504745
THORNTON,145.81089616,-37.26549363
BUNGADOR,143.3288728,-38.42541119
LISMORE,143.35066868,-37.96817452
BENLOCH,144.67764873,-37.19987003
MAIN LEAD,143.37702224,-37.38586536
MOUNT TAYLOR,147.57687083,-37.72557145
BRIGHT,147.02667926,-36.70380098
TARNAGULLA,143.83161596,-36.77732607
BRIMPAEN,142.20381839,-37.04932232
STANLEY,146.77459929,-36.39023748
RHEOLA,143.70247356,-36.65312989
LAKE TYERS BEACH,148.06158088,-37.85863265
LANGI KAL KAL,143.49728767,-37.37974366
CADELLO,144.53063995,-37.3031227
SARSFIELD,147.73619036,-37.75672475
KITHBROOK,145.72174218,-36.80694733
BEARS LAGOON,143.95145259,-36.33167126
CHARLTON,143.33568036,-36.28783002
ELLIMINYT,143.58005845,-38.37113782
DENICULL CREEK,142.93943348,-37.34079263
CORONET BAY,145.44378741,-38.43495349
AMOR,146.40368928,-37.94025144
DALES CREEK,144.30179616,-37.5232205
PETTICOAT CREEK,143.73118517,-38.7134821
CRESSY,143.66540103,-38.0331943
CAPE PATERSON,145.6161892,-38.66068253
MAILORS FLAT,142.46478693,-38.28800586
DARLIMURLA,146.21486542,-38.39106693
ORFORD,142.1048631,-38.19505139
BUNGAL,144.13261782,-37.70323361
COALVILLE,146.26480129,-38.24027848
ALVIE,143.4941701,-38.2365567
MARDAN,146.12693842,-38.47123808
ELLINBANK,145.93368173,-38.25225201
TIMBOON,142.97616272,-38.48924795
YINNAR SOUTH,146.35518482,-38.36713433
ROKEBY,145.93533989,-38.06947245
MINYIP,142.63815732,-36.45746394
BURRUMBEET,143.62527663,-37.49353208
FAIRY DELL,147.7573677,-37.68872955
TANWOOD,143.38516981,-37.00524911
WATERLOO,143.43943581,-37.36249881
CARISBROOK,143.8405743,-37.02735964
DUMOSA,143.18327794,-35.94232998
LINDENOW SOUTH,147.42259805,-37.86835056
YEUNGROON EAST,143.43140435,-36.3590024
GLENLUCE,144.24526668,-37.18322516
FENTONS CREEK,143.53107659,-36.55615231
THE GURDIES,145.56613385,-38.38680344
COORIEMUNGLE,143.1362608,-38.55967052
SKENES CREEK NORTH,143.71760044,-38.69169725
KORUMBURRA SOUTH,145.83791167,-38.48420562
TORWOOD,145.87429244,-38.25782098
MOE SOUTH,146.24659442,-38.21487185
WATERFORD PARK,145.06684485,-37.30021951
BUSHFIELD,142.51691269,-38.32504477
THE SISTERS,142.78516369,-38.18303265
TANJIL,146.2293922,-37.944751
TENBY POINT,145.4748778,-38.41415744
WARATAH BAY,146.05841981,-38.80232726
GERRIGERRUP,142.19809495,-37.99191459
EURACK,143.72981725,-38.15319162
DALYSTON,145.54562881,-38.56891425
DELBURN,146.24187629,-38.33413174
PENTLAND HILLS,144.37785261,-37.65653736
WINSLOW,142.45857741,-38.24115785
CORUNNUN,143.48843374,-38.28264456
BUXTON,145.71072476,-37.43810906
YUULONG,143.30835375,-38.72594423
BULN BULN,145.95315103,-38.09482732
BALOOK,146.56175969,-38.42984723
NOORAT,142.91948697,-38.19281867
DRUMMOND,144.30581974,-37.24012127
TABILK,145.1692921,-36.84495736
ELLASWOOD,147.56520707,-37.78020438
RICHMOND PLAINS,143.4785679,-36.39916074
MEERING WEST,143.70754069,-35.88554458
KATAMATITE EAST,145.7528152,-36.03728663
DEEP LEAD,142.71106728,-36.99997977
GUILDFORD,144.16555236,-37.1880703
YAPEEN,144.17063044,-37.11826055
LAKE MARMAL,143.52422009,-36.11324461
KOOROOMAN,146.02536083,-38.46517891
GLENFYNE,143.00748474,-38.4087274
PHEASANT CREEK,145.29255349,-37.47117597
WALKERVILLE SOUTH,145.99613927,-38.86044119
CONDAH SWAMP,141.83612382,-37.97108654
LARPENT,143.50659764,-38.35620783
BREAKAWAY CREEK,141.81900034,-38.03202037
MERTON,145.70966548,-36.9780131
CAVEAT,145.49972052,-37.05912786
COOPERS CREEK,146.42805229,-37.98730259
WONTHAGGI,145.591621,-38.61651317
MOUNT EGERTON,144.11171223,-37.64758246
EDEN PARK,145.06681301,-37.49545891
BEEAC,143.66442345,-38.18126783
JINDIVICK,145.89106942,-38.0295906
NEERIM SOUTH,145.98379239,-38.01310317
SUGARLOAF CREEK,145.02770704,-37.12837874
GREENDALE,144.32225055,-37.54034297
TYRENDARRA,141.79602823,-38.21025905
SWAN MARSH,143.35102714,-38.37483487
WATTLE HILL,143.25340515,-38.75548444
RANCEBY,145.86087018,-38.37155475
BARONGAROOK WEST,143.54558596,-38.43211143
MORANDING,144.95240788,-37.23362587
MAINTONGOON,145.77811421,-37.13111737
BRENANAH,143.7059508,-36.55937284
YARROWEYAH,145.56817396,-35.94724887
INVERGORDON,145.5849665,-36.14607522
TEDDYWADDY,143.32402865,-36.1950711
NUNGURNER,147.8955251,-37.85461957
WOODEND,144.52442995,-37.36130745
LLANELLY,143.83084402,-36.72545375
WYCHEPROOF,143.2323163,-36.05654422
BELLBRIDGE,147.06020405,-36.09707402
KOONOOMOO,145.56030622,-35.86287025
LEDCOURT,142.55406996,-36.98482066
DARRAWEIT GUIM,144.8699274,-37.4217275
CHOCOLYN,143.19988115,-38.20253544
TRIDA,145.97158973,-38.32357811
GELLIBRAND LOWER,143.2271557,-38.71282538
BARRAMUNGA,143.71509338,-38.58421625
FISKVILLE,144.23190679,-37.68034097
MYRNIONG,144.35987265,-37.60474143
BAW BAW VILLAGE,146.25800727,-37.84144841
CHAPPLE VALE,143.29606381,-38.63371507
YEO,143.64672897,-38.3677458
THE COVE,142.69707538,-38.49032448
LIMESTONE,145.55788893,-37.277284
YENDON,143.97928859,-37.64096779
KERNOT,145.61243459,-38.43892444
GLENBURN,145.4294423,-37.40474705
CUNDARE,143.59233862,-38.14623668
HORDERN VALE,143.49328345,-38.79361503
TAYLOR BAY,145.88022833,-37.20793573
MANNIBADAR,143.51068661,-37.77320965
JANCOURT,143.09127958,-38.36709802
JEERALANG JUNCTION,146.41302817,-38.34788233
GREY RIVER,143.83454575,-38.6801637
PAARATTE,142.96789887,-38.55373507
SHADY CREEK,146.07010984,-38.10008299
HOMERTON,141.80955642,-38.13468515
COLAC,143.59203318,-38.31322912
WILLOW GROVE,146.1642921,-38.07317936
IRREWARRA,143.67608636,-38.27049278
NORTH WONTHAGGI,145.59417094,-38.57950418
ALLAMBEE,146.02351827,-38.29635664
ABERFELDY,146.3784359,-37.69978748
SIMPSON,143.25187531,-38.50352759
BUCKRABANYULE,143.52466867,-36.26359377
RUTHERGLEN,146.49342094,-36.05889462
JOHNSONVILLE,147.81058468,-37.82042648
KATAMATITE,145.69203189,-36.0753298
BALMATTUM,145.65950379,-36.7073035
ZUMSTEINS,142.3842417,-37.11877382
EDGECOMBE,144.46335349,-37.18509247
EASTWOOD,147.63451596,-37.81287839
TALLYGAROOPNA,145.44006554,-36.2313116
WALLACEDALE,141.82086062,-37.92954808
HALLSTON,146.03668564,-38.35730483
ANDERSON,145.44930095,-38.52172443
POMBORNEIT,143.28831547,-38.29217966
ELINGAMITE,143.01272369,-38.37333636
IRREWILLIPE EAST,143.48514911,-38.43080218
GELLIBRAND,143.56472942,-38.53477182
ARAWATA,145.87784288,-38.39271508
TRARALGON SOUTH,146.5462391,-38.28995471
VENTNOR,145.19532459,-38.49242679
WILD DOG VALLEY,145.94273319,-38.36825201
ACHERON,145.6993267,-37.26893154
LARDNER,145.8733946,-38.21757786
SKIBO,143.12851051,-38.20430545
BUNGAREE,144.00320014,-37.55880314
WANGOOM,142.58186916,-38.33123599
NILMA,145.97319923,-38.16949317
SUNSET STRIP,145.26650627,-38.49526339
POOWONG EAST,145.83291357,-38.33004042
MOUNT BUTE,143.40924555,-37.8771502
MURPHYS CREEK,143.74805705,-36.73552544
NICHOLSON,147.74776991,-37.81308258
SWAN REACH,147.8686309,-37.81317751
TOWANINNY SOUTH,143.33404636,-35.94193083
SIMSON,143.77484327,-36.99820861
GOWER,144.09890418,-37.02849465
STRATHLEA,143.97295324,-37.1526412
WYCHITELLA,143.61744987,-36.26689383
CREEK JUNCTION,145.89467656,-36.84846678
TEDDYWADDY WEST,143.2226736,-36.19665986
PURDEET,142.39639287,-37.93471523
PATTERSON LAKES,145.14328131,-38.06949122
BARUNAH PLAINS,143.77269582,-38.04452452
NEERIM JUNCTION,145.96547026,-37.92371553
WHITELAW,145.77581025,-38.43590216
MODELLA,145.72236747,-38.17784989
GLENGARRY NORTH,146.55552674,-38.08484385
KOROIT,142.37271602,-38.27360953
GLENGARRY WEST,146.51182113,-38.11883392
YALLOURN NORTH,146.37225706,-38.13277026
TOOMBON,146.43932209,-37.72117932
ROSEBROOK,142.27020863,-38.34490709
LAKE CONDAH,141.81671203,-38.09109509
WONGARRA,143.78491297,-38.67691328
BAYNTON EAST,144.71150904,-37.12356673
WOOLSTHORPE,142.46326362,-38.14810874
QUEENSFERRY,145.50111711,-38.41875329
KOALLAH,143.23890517,-38.29216497
ALEXANDRA,145.73673063,-37.19809568
YARRAGON SOUTH,146.07298285,-38.24982622
JACOB CREEK,146.40183829,-38.00370006
YANAKIE,146.19890378,-38.80444424
RAWSON,146.40729384,-37.9613855
TIMBOON WEST,142.92399154,-38.53628794
NALANGIL,143.45922595,-38.32247699
ST ARNAUD EAST,143.32484507,-36.62711608
COONOOER BRIDGE,143.31283021,-36.46409712
ROSES GAP,142.45619005,-36.97418296
TIMOR WEST,143.67883313,-36.95651653
IRISHTOWN,144.22939753,-37.14920439
KEELY,144.24617857,-35.85581892
CLYDE,145.35381551,-38.14821021
HILLSIDE,147.51557091,-37.84077686
CAMPBELLS CREEK,144.21135424,-37.10462922
WALMER,144.16036198,-36.97806922
STONELEIGH,143.22308489,-37.58899454
TOOLONG,142.23779399,-38.31532932
WALLACE,144.05497645,-37.56179767
CURDIEVALE,142.86441155,-38.51853666
FERGUSON,143.51624931,-38.62563114
CORAGULAC,143.53663707,-38.26234317
KORUMBURRA,145.81509122,-38.43782365
GAINSBOROUGH,145.97597295,-38.22729237
BANGHOLME,145.17208364,-38.0483933
ALMURTA,145.58387032,-38.45901146
JOHANNA,143.39428797,-38.73431435
WEEAPROINAH,143.49495189,-38.63386507
PORT CAMPBELL,143.02497508,-38.6095976
HEATH HILL,145.70860171,-38.24373141
HEATHCOTE JUNCTION,145.04377308,-37.38235564
WARRAGUL WEST,145.88202144,-38.16898114
ROWSLEY,144.36769317,-37.72506061
BUDGEREE,146.36260432,-38.42120466
NORADJUHA,141.91950957,-36.84798649
LAKE BOGA,143.64691497,-35.44442588
WOOROONOOK,143.20901901,-36.26201044
MOUNT BRUNO,146.15641417,-36.320672
NARRAPORT,143.06654831,-36.01958634
DOUGLAS,141.71075812,-37.03894673
SIMPSONS CREEK,148.36340733,-37.76593562
MURRA WARRA,142.22412487,-36.43896967
COKUM,143.25690831,-35.75471773
NURRABIEL,142.04677153,-36.95030761
BURRAMINE SOUTH,145.85669081,-36.0731716
MASSEY,142.86352152,-36.21982698
LOCKINGTON,144.50515003,-36.26810589
BUSHY PARK,147.01778393,-37.8591934
BETE BOLONG NORTH,148.29615038,-37.59952505
WATCHEM WEST,142.73718448,-36.18373142
LANDSBOROUGH WEST,143.0700827,-37.01002557
GRETA,146.28873963,-36.53988772
MOLKA,145.40914114,-36.67547198
ARAPILES,141.84478561,-36.74285106
BETE BOLONG,148.30073857,-37.68596995
GLEN WILLS,147.47677762,-36.83389488
BRINGALBERT,141.16909388,-36.83586696
BORALMA,146.3975628,-36.23686433
BALLENDELLA,144.66920236,-36.29343983
CHILLINGOLLAH,143.04372379,-35.27627937
MOCKINYA,142.17796637,-36.96017193
SWANWATER,143.10319648,-36.54105395
DERBY,144.02390665,-36.65217509
KIATA,141.7828376,-36.35746451
KEWELL,142.42470715,-36.46719088
GOWANFORD,143.19068708,-35.41324203
RAINBOW,141.96318776,-35.90562654
ROSTRON,143.18076332,-36.76077188
BOUNDARY BEND,143.09473636,-34.7383303
HANSONVILLE,146.29206411,-36.61079305
TITTYBONG,143.36344153,-35.75268196
ADELAIDE LEAD,143.66842984,-37.08179275
CROWLANDS,143.10652276,-37.12458255
LILLIMUR,141.11852991,-36.46841393
BULGA,143.34508937,-35.30480334
BANYENA,142.82652171,-36.58539825
LAKE WONGAN,143.15316718,-37.60885195
ECHUCA WEST,144.67135999,-36.17563419
GLENLOFTY,143.20314419,-37.1250503
SYLVATERRE,144.23054642,-36.07703125
BUNG BONG,143.58471633,-37.09491845
ANTWERP,141.97095193,-36.26746949
DIMBOOLA,142.06378867,-36.38619396
WHIRILY,142.99284274,-35.91998218
WOORAGEE,146.74282648,-36.28940526
SHEANS CREEK,145.65198967,-36.77276295
UPPER RYANS CREEK,146.2083453,-36.67469732
MINIMAY,141.20392821,-36.69913165
TYRRELL,142.99117296,-35.4333336
WAYGARA,148.32026333,-37.76764426
ROSEWHITE,146.88915566,-36.57427609
NETHERBY,141.64776609,-36.07394133
LAKE ROWAN,145.98489867,-36.26097479
GRETA WEST,146.23125414,-36.53483665
DARRIMAN,146.92854566,-38.41497146
TAWONGA SOUTH,147.13768276,-36.76619595
FAIRY DELL,144.73243034,-36.32400603
NORONG,146.34964325,-36.09971774
CANNUM,142.26997581,-36.26421965
SUTHERLAND,143.19458161,-36.53277847
BRIM,142.44494689,-36.06540926
MOYHU,146.36441546,-36.59470713
TURRIFF,142.45227036,-35.47090056
MOORNGAG,146.05627696,-36.73414388
TOOAN,141.78102902,-36.80950461
KANYA,142.98607763,-36.77317534
ELIZABETH ISLAND,145.36875018,-38.41569727
CARRON,142.75005374,-36.27982461
WANDOWN,142.94276823,-34.82230823
APSLEY,141.08411824,-36.96670712
YANAC,141.40833,-36.08580317
DEDERANG,147.00127471,-36.48257435
MOLYULLAH,146.1544482,-36.6751733
WILBY,146.04844098,-36.15521961
BOWEYA NORTH,146.10722828,-36.23037397
GLENALADALE,147.31419165,-37.75293839
JEFFCOTT,143.13836998,-36.3190095
WATCHEM,142.87518424,-36.15161325
MIRIMBAH,146.39858911,-37.11470144
TUNGAMAH,145.87558474,-36.16165542
JOEL SOUTH,142.99948405,-37.06313568
WANGARABELL,149.48584916,-37.39168886
TYLDEN SOUTH,144.37428298,-37.35375551
TRESCO,143.6898595,-35.50429723
EUROBIN,146.84352659,-36.63932509
SANDON,144.03298915,-37.16935394
WOODSTOCK WEST,143.98972306,-36.82188383
MACORNA,143.99504516,-35.92553981
BLACKHEATH,142.28992447,-36.47114966
LAEN,142.7918308,-36.43235419
GLENROWAN,146.2150094,-36.45934942
OZENKADNOOK,141.35655636,-36.83016095
UPTON HILL,145.40347117,-36.89546574
KOYUGA,144.88104148,-36.23177876
CREEK VIEW,144.65139134,-36.60097676
COROP,144.78381375,-36.45909072
HIAMDALE,146.74877327,-38.26491705
GUYS FOREST,147.68141425,-36.09190349
CARAG CARAG,144.89381426,-36.46004961
JOEL JOEL,142.99087781,-37.01479315
TURRIFF EAST,142.58407601,-35.44757573
BURRAMBOOT,144.83173164,-36.53002286
FRAMLINGHAM,142.6420063,-38.30738669
LAKE TYERS COMMUNITY,148.09900539,-37.84008707
WHITFIELD,146.41306399,-36.75223789
ST GERMAINS,145.15153773,-36.20826074
PICOLA,145.09048215,-35.95736003
WANALTA,144.90634924,-36.59959902
HEXHAM,142.67963569,-37.98293667
EAST SALE,147.14144212,-38.10360469
WONGA PARK,145.2696944,-37.73554203
KOETONG,147.48532788,-36.15059641
CULLA,141.57644827,-37.23781017
FERNBANK,147.32171686,-37.86165429
HUON,147.08227782,-36.22905409
BARKERS CREEK,144.23439757,-37.02059021
VAUGHAN,144.21462747,-37.16037123
STOCKDALE,147.18277974,-37.82975452
MAFEKING,142.55188755,-37.38736813
LOGAN,143.48392603,-36.62779039
MONEGEETTA,144.77648467,-37.40104407
SEACOMBE,147.42637926,-38.13718457
NEWTOWN,144.33505607,-38.15398409
BURNBANK,143.58765554,-37.22955618
RICH AVON WEST,142.81498448,-36.5052491
BURNEWANG,144.66686877,-36.47796814
GIFFARD,147.09976089,-38.38409809
BREAKWATER,144.37352454,-38.18237268
BIRREGURRA,143.8200933,-38.33550411
WILLIAMSTOWN NORTH,144.86891928,-37.85263147
JERICHO,146.22889565,-37.66620035
GRE GRE,143.08754657,-36.67424746
RUBY,145.91774761,-38.43736836
STAVELY,142.62743494,-37.60680329
CONCONGELLA,142.87400533,-37.04622728
RICH AVON EAST,142.8927612,-36.51747489
SALE,147.07303207,-38.10258716
KANYAPELLA,144.89122466,-36.13145043
POINT COOK,144.7516097,-37.90559622
GAFFNEYS CREEK,146.27965372,-37.49135035
BASS,145.46641088,-38.47739852
ELPHINSTONE,144.35759223,-37.07212558
COWWARR,146.6714859,-38.01409136
BEECHWORTH,146.65741493,-36.3381596
DARTMOUTH,147.62526734,-36.59765555
SANDHILL LAKE,143.68944863,-35.73858308
CHANDLERS CREEK,149.29805938,-37.32645112
YANDO,143.81204596,-36.07381643
MILNES BRIDGE,144.08238667,-35.78601097
RIVERSLEA,146.94506009,-38.00373623
LANGLEY,144.50108558,-37.15005248
DEPTFORD,147.68839087,-37.56619461
HEATHMONT,145.24408735,-37.83078125
WAREEK,143.61219704,-36.99676222
HESKET,144.62996164,-37.35258281
DUTSON,147.23722824,-38.17706544
GANNAWARRA,144.14026745,-35.71748803
FORBES,144.89040533,-37.31351657
WILLAURA,142.70970987,-37.51990351
NARIEL VALLEY,147.83982823,-36.50678937
TEMPLESTOWE,145.14875308,-37.75398577
ULUPNA,145.45169369,-35.83586259
BROMLEY,143.78728497,-36.88729419
KOOROOCHEANG,144.04444227,-37.30058885
MURNUNGIN,143.24112682,-35.61435003
TAMBOON,149.20583753,-37.69509685
BIG DESERT,141.48519709,-35.62091918
MOUNT CAMERON,143.81401371,-37.20413488
BUNGIL,147.4041189,-36.06917114
WILDWOOD,144.80021867,-37.55888629
GREENWALD,141.39859115,-37.99849068
CARNGHAM,143.58407624,-37.56165365
LEONGATHA NORTH,145.97477819,-38.42372221
SERPENTINE,143.98281973,-36.42487811
GENTLE ANNIE,145.83662092,-37.93838488
LAWLOIT,141.45041835,-36.45349073
SPRINGBANK,144.06229977,-37.52113182
MYRTLE CREEK,144.40592823,-36.93635684
LAKES ENTRANCE,148.00093242,-37.85388268
TOORLOO ARM,148.06191023,-37.79270441
GLOMAR BEACH,147.27877531,-38.2985372
PRESTON,145.00803234,-37.74167026
CALLIGNEE NORTH,146.62009389,-38.32791931
ST LEONARDS,144.68545247,-38.17820978
GRENVILLE,143.89512336,-37.75779568
KORONG VALE,143.70289515,-36.357483
SLATY CREEK,143.29752249,-36.53803912
KERRIE,144.67436664,-37.38230283
MENA PARK,143.47488881,-37.53905356
WOODS POINT,146.35269422,-37.56229003
BORONIA,145.2860238,-37.856191
WESTMERE,142.96721547,-37.67654772
DUMBALK,146.10686782,-38.52810886
MIDDLE PARK,144.96233955,-37.85121437
PURNIM,142.62046438,-38.27078258
BRIDGE CREEK,146.10361263,-36.90857031
LOWER MOIRA,144.95562497,-36.0863963
GLEN WAVERLEY,145.16818189,-37.88158988
SUNBURY,144.71508514,-37.54702151
POOWONG NORTH,145.78162579,-38.28623517
TOWANINNY,143.35467888,-35.84636272
GRASSMERE,142.54666324,-38.24789874
KILMANY,146.92038085,-38.12172299
HIGHLANDS,145.41923712,-37.08657947
BRUMBY,148.06970364,-37.01611039
DROPMORE,145.43909231,-37.04116952
WHOROULY EAST,146.63678923,-36.54511414
NHILL,141.59119769,-36.3007444
TIDAL RIVER,146.3213108,-39.03171022
CHELSEA HEIGHTS,145.13410102,-38.04081911
PORT FAIRY,142.17988054,-38.33522203
GOORAMADDA,146.57058683,-35.99684251
NYERIMILANG,147.91914793,-37.88957201
BEACONSFIELD,145.38298849,-38.04092396
NARBETHONG,145.63292617,-37.53040996
PITTONG,143.47647048,-37.67495777
NINDA,142.72472403,-35.44220798
WAANYARRA,143.81788334,-36.81989019
SCOTCHMANS LEAD,143.84774285,-37.66494591
LABERTOUCHE,145.79328536,-38.02994299
NURRAN,148.58119955,-37.49579771
GLENORMISTON SOUTH,142.9646268,-38.16453972
UPPER GUNDOWRING,147.09526778,-36.52034176
WANGARATTA SOUTH,146.24874796,-36.39191833
RHYLL,145.28072148,-38.47691363
