locality,loc_pid,state
ACTON,,ACT
AINSLIE,,ACT
AMAROO,,ACT
ARANDA,,ACT
BANKS,,ACT
BARTON,,ACT
BEARD,,ACT
BELCONNEN,,ACT
BELCONNEN,,ACT
BELCONNEN,,ACT
BONNER,,ACT
BONYTHON,,ACT
BOOTH,,ACT
BRADDON,,ACT
BRUCE,,ACT
CALWELL,,ACT
CAMPBELL,,ACT
CANBERRA AIRPORT,,ACT
CANBERRA CENTRAL,,ACT
CAPITAL HILL,,ACT
CASEY,,ACT
CHAPMAN,,ACT
CHARNWOOD,,ACT
CHIFLEY,,ACT
CHISHOLM,,ACT
CITY,,ACT
CONDER,,ACT
COOK,,ACT
COOMBS,,ACT
COREE,,ACT
COTTER RIVER,,ACT
CRACE,,ACT
CURTIN,,ACT
DEAKIN,,ACT
DENMAN PROSPECT,,ACT
DICKSON,,ACT
DOWNER,,ACT
DUFFY,,ACT
DUNLOP,,ACT
EVATT,,ACT
FADDEN,,ACT
FARRER,,ACT
FISHER,,ACT
FLOREY,,ACT
FLYNN,,ACT
FORDE,,ACT
FORREST,,ACT
FRANKLIN,,ACT
FRASER,,ACT
FYSHWICK,,ACT
GARRAN,,ACT
GILMORE,,ACT
GIRALANG,,ACT
GORDON,,ACT
GOWRIE,,ACT
GREENWAY,,ACT
GRIFFITH,,ACT
GUNGAHLIN,,ACT
GUNGAHLIN,,ACT
GUNGAHLIN,,ACT
HACKETT,,ACT
HALL,,ACT
HALL,,ACT
HARRISON,,ACT
HAWKER,,ACT
HIGGINS,,ACT
HOLDER,,ACT
HOLT,,ACT
HUGHES,,ACT
HUME,,ACT
ISAACS,,ACT
ISABELLA PLAINS,,ACT
JACKA,,ACT
JERRABOMBERRA,,ACT
KALEEN,,ACT
KAMBAH,,ACT
KENNY,,ACT
KINGSTON,,ACT
KOWEN,,ACT
LATHAM,,ACT
LAWSON,,ACT
LYNEHAM,,ACT
LYONS,,ACT
MACARTHUR,,ACT
MACGREGOR,,ACT
MACNAMARA,,ACT
MACQUARIE,,ACT
MAJURA,,ACT
MAWSON,,ACT
MCKELLAR,,ACT
MELBA,,ACT
MITCHELL,,ACT
MOLONGLO,,ACT
MOLONGLO VALLEY,,ACT
MONASH,,ACT
MONCRIEFF,,ACT
MOUNT CLEAR,,ACT
NARRABUNDAH,,ACT
NGUNNAWAL,,ACT
NICHOLLS,,ACT
O'CONNOR,,ACT
O'MALLEY,,ACT
OAKS ESTATE,,ACT
OXLEY,,ACT
PADDYS RIVER,,ACT
PAGE,,ACT
PALMERSTON,,ACT
PARKES,,ACT
PEARCE,,ACT
PHILLIP,,ACT
PIALLIGO,,ACT
RED HILL,,ACT
REID,,ACT
RENDEZVOUS CREEK,,ACT
RICHARDSON,,ACT
RIVETT,,ACT
RUSSELL,,ACT
SCULLIN,,ACT
SPENCE,,ACT
STIRLING,,ACT
STRATHNAIRN,,ACT
STROMLO,,ACT
SYMONSTON,,ACT
TAYLOR,,ACT
TENNENT,,ACT
THARWA,,ACT
THEODORE,,ACT
THROSBY,,ACT
TORRENS,,ACT
TUGGERANONG,,ACT
TURNER,,ACT
URIARRA VILLAGE,,ACT
WANNIASSA,,ACT
WARAMANGA,,ACT
WATSON,,ACT
WEETANGERA,,ACT
WESTON,,ACT
WESTON CREEK,,ACT
WHITLAM,,ACT
WODEN VALLEY,,ACT
WRIGHT,,ACT
YARRALUMLA,,ACT
AARONS PASS,NSW1,NSW
ABBOTSBURY,NSW2,NSW
ABBOTSFORD,NSW3,NSW
ABERCROMBIE,NSW4,NSW
ABERCROMBIE RIVER,NSW5,NSW
ABERDARE,NSW6,NSW
ABERDEEN,NSW8,NSW
ABERFOYLE,NSW9,NSW
ABERGLASSLYN,NSW10,NSW
ABERMAIN,NSW11,NSW
ABERNETHY,NSW12,NSW
ABINGTON,NSW13,NSW
ACACIA CREEK,NSW5028,NSW
ACACIA GARDENS,NSW14,NSW
ADAMINABY,NSW15,NSW
ADAMSTOWN,NSW16,NSW
ADAMSTOWN HEIGHTS,NSW17,NSW
ADELONG,NSW18,NSW
ADJUNGBILLY,NSW19,NSW
AFTERLEE,NSW20,NSW
AGNES BANKS,NSW21,NSW
AIRDS,NSW22,NSW
AKOLELE,NSW23,NSW
ALBERT,NSW24,NSW
ALBION PARK,NSW25,NSW
ALBION PARK RAIL,NSW26,NSW
ALBURY,NSW27,NSW
ALDAVILLA,NSW28,NSW
ALECTOWN,NSW29,NSW
ALEXANDRIA,NSW30,NSW
ALFORDS POINT,NSW31,NSW
ALFREDTOWN,NSW32,NSW
ALICE,NSW33,NSW
ALICE EDWARDS VILLAGE,,NSW
ALISON,NSW34,NSW
ALISON,NSW34,NSW
ALLAMBIE HEIGHTS,NSW36,NSW
ALLANDALE,NSW37,NSW
ALLAWAH,NSW38,NSW
ALLEENA,NSW39,NSW
ALLGOMERA,NSW40,NSW
ALLWORTH,NSW41,NSW
ALLYNBROOK,NSW42,NSW
ALMA PARK,NSW43,NSW
ALPINE,NSW44,NSW
ALSTONVALE,NSW45,NSW
ALSTONVILLE,NSW46,NSW
ALUMY CREEK,NSW47,NSW
AMAROO,NSW48,NSW
AMBARVALE,NSW49,NSW
AMOSFIELD,NSW5031,NSW
ANABRANCH NORTH,NSW5049,NSW
ANABRANCH SOUTH,NSW5048,NSW
ANAMBAH,NSW51,NSW
ANDO,NSW52,NSW
ANEMBO,NSW53,NSW
ANGLEDALE,NSW55,NSW
ANGLEDOOL,NSW56,NSW
ANGLERS REACH,NSW57,NSW
ANGOURIE,NSW58,NSW
ANGUS,,NSW
ANNA BAY,NSW59,NSW
ANNANDALE,NSW60,NSW
ANNANGROVE,NSW61,NSW
APPIN,NSW62,NSW
APPLE TREE FLAT,NSW63,NSW
APPLEBY,NSW64,NSW
APPLETREE FLAT,NSW65,NSW
APSLEY,NSW66,NSW
ARABLE,NSW67,NSW
ARAKOON,NSW68,NSW
ARALUEN,NSW69,NSW
ARATULA,NSW70,NSW
ARCADIA,NSW71,NSW
ARCADIA VALE,NSW72,NSW
ARDGLEN,NSW73,NSW
ARDING,NSW74,NSW
ARDLETHAN,NSW75,NSW
ARGALONG,NSW76,NSW
ARGENTON,NSW77,NSW
ARGENTS HILL,NSW78,NSW
ARGOON,NSW79,NSW
ARGYLE,,NSW
ARIAH PARK,NSW81,NSW
ARKELL,NSW82,NSW
ARKSTONE,NSW83,NSW
ARMATREE,NSW84,NSW
ARMIDALE,NSW85,NSW
ARNCLIFFE,NSW86,NSW
ARNDELL PARK,NSW87,NSW
ARRAWARRA,NSW88,NSW
ARRAWARRA HEADLAND,NSW89,NSW
ARTARMON,NSW90,NSW
ARTHURVILLE,NSW91,NSW
ARUMPO,NSW92,NSW
ASHBURY,NSW93,NSW
ASHBY,NSW94,NSW
ASHBY HEIGHTS,NSW95,NSW
ASHBY ISLAND,NSW96,NSW
ASHCROFT,NSW97,NSW
ASHFIELD,NSW98,NSW
ASHFORD,NSW99,NSW
ASHLEY,NSW100,NSW
ASHMONT,NSW101,NSW
ASHTONFIELD,NSW102,NSW
ASQUITH,NSW103,NSW
ATHOLWOOD,NSW104,NSW
ATTUNGA,NSW105,NSW
AUBURN,NSW106,NSW
AUBURN VALE,NSW107,NSW
AUDLEY,,NSW
AUSTINMER,NSW108,NSW
AUSTRAL,NSW109,NSW
AUSTRAL EDEN,NSW110,NSW
AVALON,,NSW
AVALON BEACH,NSW5090,NSW
AVISFORD,NSW112,NSW
AVOCA,NSW113,NSW
AVOCA BEACH,NSW114,NSW
AVON,NSW115,NSW
AVONDALE,NSW116,NSW
AVONSIDE,NSW117,NSW
AWABA,NSW118,NSW
AYLMERTON,NSW119,NSW
BAAN BAA,NSW120,NSW
BABINDA,NSW121,NSW
BABYL CREEK,NSW122,NSW
BACK CREEK,NSW125,NSW
BACK CREEK,NSW125,NSW
BACK CREEK,NSW125,NSW
BACK CREEK,NSW125,NSW
BACK CREEK,NSW125,NSW
BACK CREEK,NSW125,NSW
BACK FOREST,NSW127,NSW
BACKMEDE,NSW128,NSW
BACKWATER,NSW129,NSW
BADAGARANG,,NSW
BADGERYS CREEK,NSW130,NSW
BADJA,NSW131,NSW
BAERAMI,NSW132,NSW
BAERAMI CREEK,NSW133,NSW
BAGNOO,NSW134,NSW
BAGO,NSW135,NSW
BAGOTVILLE,NSW136,NSW
BAKERS CREEK,NSW137,NSW
BAKERS CREEK,NSW137,NSW
BAKERS CREEK,NSW137,NSW
BAKERS CREEK,NSW137,NSW
BAKERS SWAMP,NSW140,NSW
BALACLAVA,NSW5064,NSW
BALALA,NSW141,NSW
BALCOLYN,NSW142,NSW
BALD BLAIR,NSW143,NSW
BALD HILLS,NSW144,NSW
BALD NOB,NSW145,NSW
BALD RIDGE,NSW146,NSW
BALDERSLEIGH,NSW147,NSW
BALDRY,NSW148,NSW
BALFOURS PEAK,NSW149,NSW
BALGOWLAH,NSW150,NSW
BALGOWLAH HEIGHTS,NSW151,NSW
BALGOWNIE,NSW152,NSW
BALICKERA,NSW153,NSW
BALLADORAN,NSW154,NSW
BALLALABA,NSW155,NSW
BALLDALE,NSW156,NSW
BALLENGARRA,NSW157,NSW
BALLIMORE,NSW158,NSW
BALLINA,NSW159,NSW
BALLYROE,NSW160,NSW
BALMAIN,NSW161,NSW
BALMAIN EAST,NSW162,NSW
BALMORAL,NSW164,NSW
BALMORAL,NSW164,NSW
BALMORAL VILLAGE,,NSW
BALRANALD,NSW165,NSW
BALRANALD RESERVE,,NSW
BAMARANG,NSW166,NSW
BANDA BANDA,NSW167,NSW
BANDON,,NSW
BANDON GROVE,NSW169,NSW
BANGADANG,NSW170,NSW
BANGALEE,NSW172,NSW
BANGALOW,NSW173,NSW
BANGHEET,NSW174,NSW
BANGO,NSW175,NSW
BANGOR,NSW176,NSW
BANKSIA,NSW177,NSW
BANKSMEADOW,NSW178,NSW
BANKSTOWN,NSW179,NSW
BANKSTOWN AERODROME,NSW180,NSW
BANNABY,NSW181,NSW
BANNISTER,NSW182,NSW
BANOON,NSW183,NSW
BANORA POINT,NSW184,NSW
BANYABBA,NSW185,NSW
BAR BEACH,NSW186,NSW
BAR POINT,NSW187,NSW
BARA,NSW188,NSW
BARADINE,NSW189,NSW
BARANGAROO,NSW5006,NSW
BARBIGAL,,NSW
BARCOONGERE,NSW191,NSW
BARDEN RIDGE,NSW192,NSW
BARDIA,NSW5065,NSW
BARDWELL PARK,NSW193,NSW
BARDWELL VALLEY,NSW194,NSW
BARELLAN,NSW195,NSW
BARGO,NSW196,NSW
BARHAM,NSW197,NSW
BARIGAN,NSW198,NSW
BARKERS VALE,NSW199,NSW
BARMEDMAN,NSW200,NSW
BARNEYS REEF,NSW202,NSW
BARNSLEY,NSW203,NSW
BAROOGA,NSW204,NSW
BARRABA,NSW205,NSW
BARRACK HEIGHTS,NSW206,NSW
BARRACK POINT,NSW207,NSW
BARRAGANYATTI,NSW208,NSW
BARRAGGA BAY,NSW209,NSW
BARRATTA,NSW210,NSW
BARREN GROUNDS,NSW211,NSW
BARRENGARRY,NSW212,NSW
BARRETTS CREEK,NSW213,NSW
BARRINGELLA,NSW214,NSW
BARRINGTON,NSW215,NSW
BARRINGTON TOPS,NSW216,NSW
BARRINGUN,NSW5119,NSW
BARRY,NSW218,NSW
BARRY,NSW218,NSW
BARWANG,NSW5096,NSW
BARWON,,NSW
BARWON FOUR,,NSW
BARYULGIL,NSW220,NSW
BARYULGIL,NSW220,NSW
BASIN VIEW,NSW221,NSW
BASS HILL,NSW222,NSW
BASSENDEAN,NSW223,NSW
BATAR CREEK,NSW224,NSW
BATEAU BAY,NSW225,NSW
BATEHAVEN,NSW226,NSW
BATEMANS BAY,NSW227,NSW
BATHAMPTON,NSW228,NSW
BATHURST,NSW229,NSW
BATLOW,NSW230,NSW
BAULKHAM HILLS,NSW231,NSW
BAW BAW,NSW232,NSW
BAWLEY POINT,NSW233,NSW
BAXTERS RIDGE,NSW234,NSW
BAYVIEW,NSW235,NSW
BEACON HILL,NSW236,NSW
BEACONSFIELD,NSW237,NSW
BEAN CREEK,NSW238,NSW
BEARBONG,NSW239,NSW
BEAUMONT,NSW240,NSW
BEAUMONT HILLS,NSW241,NSW
BECKOM,NSW242,NSW
BECTIVE,NSW243,NSW
BECTRIC,NSW244,NSW
BEDGERABONG,NSW5079,NSW
BEDGEREBONG,,NSW
BEECHWOOD,NSW246,NSW
BEECROFT,NSW247,NSW
BEECROFT PENINSULA,NSW248,NSW
BEELBANGERA,NSW249,NSW
BEEMUNNEL,NSW250,NSW
BEGA,NSW251,NSW
BEGGAN BEGGAN,NSW5097,NSW
BELANGLO,NSW252,NSW
BELBORA,NSW253,NSW
BELFIELD,NSW254,NSW
BELFORD,NSW255,NSW
BELFRAYDEN,NSW256,NSW
BELGRAVIA,NSW257,NSW
BELIMBLA PARK,NSW259,NSW
BELL,NSW260,NSW
BELLA VISTA,NSW261,NSW
BELLAMBI,NSW262,NSW
BELLANGRY,NSW263,NSW
BELLATA,NSW264,NSW
BELLAWONGARAH,NSW265,NSW
BELLBIRD,NSW266,NSW
BELLBIRD HEIGHTS,NSW267,NSW
BELLBROOK,NSW268,NSW
BELLBROOK MISSION,,NSW
BELLEVUE HILL,NSW269,NSW
BELLIMBOPINNI,NSW270,NSW
BELLINGEN,NSW271,NSW
BELLMOUNT FOREST,NSW272,NSW
BELLTREES,NSW273,NSW
BELLWOOD,,NSW
BELMONT,NSW274,NSW
BELMONT NORTH,NSW275,NSW
BELMONT SOUTH,NSW276,NSW
BELMORE,NSW277,NSW
BELMORE RIVER,NSW278,NSW
BELOKA,NSW279,NSW
BELOON,,NSW
BELOWRA,NSW280,NSW
BELROSE,NSW281,NSW
BEMBOKA,NSW282,NSW
BEN BULLEN,NSW284,NSW
BEN LOMOND,NSW285,NSW
BENANDARAH,NSW286,NSW
BENDALONG,NSW288,NSW
BENDEMEER,NSW289,NSW
BENDICK MURRELL,NSW290,NSW
BENDOLBA,NSW291,NSW
BENDOURA,NSW292,NSW
BENEREMBAH,NSW293,NSW
BENGALLA,NSW294,NSW
BENI,,NSW
BENNETTS GREEN,NSW296,NSW
BENOLONG,NSW5098,NSW
BENSVILLE,NSW298,NSW
BENTLEY,NSW299,NSW
BERALA,NSW300,NSW
BERAMBING,NSW301,NSW
BERESFIELD,NSW302,NSW
BERGALIA,NSW303,NSW
BERKELEY,NSW304,NSW
BERKELEY VALE,NSW305,NSW
BERKSHIRE PARK,NSW306,NSW
BERLANG,NSW307,NSW
BERMAGUI,NSW308,NSW
BEROWRA,NSW309,NSW
BEROWRA CREEK,NSW310,NSW
BEROWRA HEIGHTS,NSW311,NSW
BEROWRA WATERS,NSW312,NSW
BERRAMBOOL,NSW313,NSW
BERRARA,NSW314,NSW
BERREMANGRA,NSW315,NSW
BERRICO,NSW316,NSW
BERRIDALE,NSW317,NSW
BERRIGAL,NSW318,NSW
BERRIGAN,NSW319,NSW
BERRILEE,NSW320,NSW
BERRIMA,NSW321,NSW
BERRINGER LAKE,NSW322,NSW
BERRY,NSW323,NSW
BERRY JERRY,NSW324,NSW
BERRY MOUNTAIN,NSW325,NSW
BERRY PARK,NSW326,NSW
BERTHONG,NSW327,NSW
BERYL,NSW328,NSW
BETHUNGRA,NSW329,NSW
BEVENDALE,NSW330,NSW
BEVERLEY PARK,NSW331,NSW
BEVERLY HILLS,NSW332,NSW
BEWONG,NSW333,NSW
BEXHILL,NSW334,NSW
BEXLEY,NSW335,NSW
BEXLEY NORTH,NSW336,NSW
BIALA,NSW337,NSW
BIBBENLUKE,NSW338,NSW
BICKLEY VALE,NSW339,NSW
BIDDON,NSW340,NSW
BIDGEEMIA,NSW341,NSW
BIDWILL,NSW342,NSW
BIELSDOWN HILLS,NSW343,NSW
BIG HILL,NSW344,NSW
BIG JACKS CREEK,NSW345,NSW
BIG RIDGE,NSW346,NSW
BIG SPRINGS,NSW347,NSW
BIG YENGO,,NSW
BIGGA,NSW349,NSW
BILAMBIL,NSW350,NSW
BILAMBIL HEIGHTS,NSW351,NSW
BILBUL,NSW352,NSW
BILGOLA,,NSW
BILGOLA BEACH,NSW5093,NSW
BILGOLA PLATEAU,NSW5094,NSW
BILLEROY,NSW354,NSW
BILLILINGRA,NSW355,NSW
BILLIMARI,NSW356,NSW
BILLINUDGEL,NSW357,NSW
BILLYS CREEK,NSW358,NSW
BILLYWILLINGA,NSW359,NSW
BILPIN,NSW360,NSW
BIMBERI,NSW361,NSW
BIMBI,NSW362,NSW
BIMBIMBIE,NSW363,NSW
BIMLOW,,NSW
BINALONG,NSW364,NSW
BINDA,NSW365,NSW
BINDERA,NSW366,NSW
BINDOOK,,NSW
BINGARA,NSW367,NSW
BINGEEBEEBRA CREEK,NSW368,NSW
BINGIE,NSW369,NSW
BINGLEBURRA,NSW370,NSW
BINIGUY,NSW371,NSW
BINJURA,NSW372,NSW
BINNA BURRA,NSW373,NSW
BINNAWAY,NSW374,NSW
BINYA,NSW375,NSW
BIRAGANBIL,,NSW
BIRCHGROVE,NSW377,NSW
BIRDWOOD,NSW378,NSW
BIRGANBIGIL,NSW379,NSW
BIRMINGHAM GARDENS,NSW380,NSW
BIRRABANG,,NSW
BIRRIWA,NSW381,NSW
BIRRONG,NSW382,NSW
BISHOPS BRIDGE,NSW383,NSW
BITHRAMERE,NSW384,NSW
BLACK CREEK,NSW385,NSW
BLACK CREEK,NSW385,NSW
BLACK HEAD,NSW387,NSW
BLACK HILL,NSW388,NSW
BLACK HOLLOW,NSW389,NSW
BLACK MOUNTAIN,NSW390,NSW
BLACK RANGE,NSW391,NSW
BLACK SPRINGS,NSW392,NSW
BLACKALLS PARK,NSW394,NSW
BLACKBUTT,NSW395,NSW
BLACKETT,NSW396,NSW
BLACKHEATH,NSW397,NSW
BLACKMANS FLAT,NSW398,NSW
BLACKMANS POINT,NSW399,NSW
BLACKSMITHS,NSW400,NSW
BLACKTOWN,NSW401,NSW
BLACKVILLE,NSW402,NSW
BLACKWALL,NSW403,NSW
BLAIR ATHOL,NSW404,NSW
BLAIRMOUNT,NSW405,NSW
BLAKEBROOK,NSW406,NSW
BLAKEHURST,NSW407,NSW
BLAKNEY CREEK,NSW408,NSW
BLAND,NSW409,NSW
BLANDFORD,NSW410,NSW
BLAXLAND,NSW411,NSW
BLAXLANDS CREEK,NSW412,NSW
BLAXLANDS RIDGE,NSW413,NSW
BLAYNEY,NSW414,NSW
BLIGH PARK,NSW415,NSW
BLIGHTY,NSW416,NSW
BLOWERING,NSW417,NSW
BLUE BAY,NSW418,NSW
BLUE COW,NSW5137,NSW
BLUE HAVEN,NSW419,NSW
BLUE KNOB,NSW420,NSW
BLUE LABYRINTH,,NSW
BLUE MOUNTAINS NATIONAL PARK,NSW421,NSW
BLUE NOBBY,NSW422,NSW
BLUE VALE,NSW423,NSW
BLUEYS BEACH,NSW424,NSW
BOAMBEE,NSW426,NSW
BOAMBEE EAST,NSW427,NSW
BOAMBOLO,NSW428,NSW
BOAT HARBOUR,NSW430,NSW
BOAT HARBOUR,NSW430,NSW
BOAT HARBOUR,NSW430,NSW
BOBADAH,NSW431,NSW
BOBIN,NSW432,NSW
BOBS CREEK,NSW433,NSW
BOBS FARM,NSW434,NSW
BOBUNDARA,NSW435,NSW
BOCO,NSW436,NSW
BOCOBLE,NSW437,NSW
BOCOBRA,NSW438,NSW
BODALLA,NSW439,NSW
BODANGORA,NSW440,NSW
BOEILL CREEK,NSW5058,NSW
BOGAN,NSW442,NSW
BOGAN GATE,NSW443,NSW
BOGANGAR,NSW444,NSW
BOGEE,NSW445,NSW
BOGGABILLA,NSW446,NSW
BOGGABRI,NSW447,NSW
BOGONG PEAKS WILDERNESS,NSW448,NSW
BOHENA CREEK,NSW449,NSW
BOHNOCK,NSW450,NSW
BOLARO,NSW451,NSW
BOLIVIA,NSW452,NSW
BOLONG,NSW453,NSW
BOLTON POINT,NSW454,NSW
BOLWARRA,NSW455,NSW
BOLWARRA HEIGHTS,NSW456,NSW
BOM BOM,NSW457,NSW
BOMADERRY,NSW458,NSW
BOMBAH POINT,NSW459,NSW
BOMBALA,NSW460,NSW
BOMBAY,NSW461,NSW
BOMBIRA,NSW462,NSW
BOMBO,NSW463,NSW
BOMBOWLEE,NSW464,NSW
BOMBOWLEE CREEK,NSW465,NSW
BOMEN,NSW466,NSW
BOMERA,,NSW
BONALBO,NSW468,NSW
BONDI,NSW469,NSW
BONDI BEACH,NSW470,NSW
BONDI FOREST,NSW471,NSW
BONDI JUNCTION,NSW472,NSW
BONNELLS BAY,NSW473,NSW
BONNET BAY,NSW474,NSW
BONNIE VALE,,NSW
BONNY HILLS,NSW475,NSW
BONNYRIGG,NSW476,NSW
BONNYRIGG HEIGHTS,NSW477,NSW
BONSHAW,NSW478,NSW
BONVILLE,NSW479,NSW
BOOERIE CREEK,NSW480,NSW
BOOK BOOK,NSW481,NSW
BOOKER BAY,NSW482,NSW
BOOKHAM,NSW483,NSW
BOOKOOKOORARA,NSW5032,NSW
BOOKRAM,NSW484,NSW
BOOLAMBAYTE,NSW485,NSW
BOOLAROO,NSW486,NSW
BOOLCARROLL,NSW487,NSW
BOOLIGAL,NSW488,NSW
BOOLIJAH,NSW489,NSW
BOOMANOOMANA,NSW490,NSW
BOOMERANG BEACH,NSW491,NSW
BOOMEY,NSW492,NSW
BOOMI,NSW493,NSW
BOOMI CREEK,NSW494,NSW
BOONA MOUNT,NSW495,NSW
BOONA ROAD,,NSW
BOONAL,NSW496,NSW
BOONOO BOONOO,NSW497,NSW
BOORABEE PARK,NSW498,NSW
BOORAGUL,NSW499,NSW
BOORAL,NSW500,NSW
BOORGA,NSW501,NSW
BOORGANNA,NSW502,NSW
BOOROLONG,NSW503,NSW
BOOROOK,NSW504,NSW
BOOROOMA,NSW505,NSW
BOOROORBAN,NSW506,NSW
BOOROWA,NSW507,NSW
BOOTAWA,NSW508,NSW
BOOTHENBA,,NSW
BOOTI BOOTI,NSW510,NSW
BOOYONG,NSW511,NSW
BORA RIDGE,NSW512,NSW
BORAH CREEK,NSW513,NSW
BORAMBIL,NSW514,NSW
BORAMBOLA,NSW515,NSW
BORDER RANGES,NSW516,NSW
BOREE,NSW517,NSW
BOREE CREEK,NSW518,NSW
BORENORE,NSW519,NSW
BORO,NSW520,NSW
BOSSLEY PARK,NSW521,NSW
BOSTOBRICK,NSW522,NSW
BOTANY,NSW523,NSW
BOTANY BAY,NSW524,NSW
BOTOBOLAR,NSW525,NSW
BOTTLE CREEK,NSW526,NSW
BOUDDI,NSW527,NSW
BOURBAH,NSW528,NSW
BOURKE,NSW529,NSW
BOURKELANDS,NSW530,NSW
BOURNDA,NSW531,NSW
BOURNEWOOD,NSW532,NSW
BOW BOWING,NSW533,NSW
BOWAN PARK,NSW534,NSW
BOWEN MOUNTAIN,NSW535,NSW
BOWENFELS,NSW536,NSW
BOWLING ALLEY POINT,NSW537,NSW
BOWMAN,NSW538,NSW
BOWMAN FARM,NSW539,NSW
BOWMANS CREEK,NSW540,NSW
BOWNA,NSW541,NSW
BOWNING,NSW542,NSW
BOWRAL,NSW543,NSW
BOWRAVILLE,NSW544,NSW
BOWRAVILLE MISSION,,NSW
BOX HEAD,NSW545,NSW
BOX HILL,NSW546,NSW
BOX RIDGE,NSW547,NSW
BOX RIDGE RESERVE,,NSW
BOXERS CREEK,NSW548,NSW
BOYDTOWN,NSW549,NSW
BRADBURY,NSW550,NSW
BRADFIELD,,NSW
BRAEFIELD,NSW551,NSW
BRAEMAR,NSW552,NSW
BRAEMAR BAY,NSW553,NSW
BRAIDWOOD,NSW554,NSW
BRANDY HILL,NSW555,NSW
BRANXTON,NSW556,NSW
BRAUNSTONE,NSW557,NSW
BRAWBOY,NSW558,NSW
BRAY PARK,NSW559,NSW
BRAYS CREEK,NSW560,NSW
BRAYTON,NSW561,NSW
BREADALBANE,NSW562,NSW
BREAKFAST CREEK,NSW563,NSW
BREAKFAST POINT,NSW564,NSW
BREAM BEACH,NSW565,NSW
BREDBO,NSW566,NSW
BREELONG,NSW567,NSW
BREEZA,NSW568,NSW
BRERETON,,NSW
BRETTI,NSW569,NSW
BREWARRINA,NSW570,NSW
BREWARRINA WEST,,NSW
BREWONGLE,NSW571,NSW
BRIARBROOK,NSW572,NSW
BRIBBAREE,NSW573,NSW
BRIDGMAN,NSW574,NSW
BRIERFIELD,NSW575,NSW
BRIGHTON-LE-SANDS,NSW576,NSW
BRIGHTWATERS,NSW577,NSW
BRIL BRIL,NSW578,NSW
BRIMBIN,NSW579,NSW
BRINDABELLA,NSW580,NSW
BRINERVILLE,NSW581,NSW
BRINGELLY,NSW582,NSW
BRINGENBRONG,NSW583,NSW
BRISBANE GROVE,NSW584,NSW
BROADMEADOW,NSW585,NSW
BROADWATER,NSW587,NSW
BROADWATER,NSW587,NSW
BROADWATER,NSW587,NSW
BROADWAY,NSW588,NSW
BROBENAH,NSW589,NSW
BROCKLEHURST,NSW590,NSW
BROCKLESBY,NSW591,NSW
BROCKLEY,NSW592,NSW
BRODIES PLAINS,NSW593,NSW
BROGANS CREEK,NSW594,NSW
BROGERS CREEK,NSW595,NSW
BROGO,NSW596,NSW
BROKE,NSW597,NSW
BROKEN DAM,NSW5134,NSW
BROKEN HEAD,NSW598,NSW
BROKEN HILL,NSW599,NSW
BROMBIN,NSW600,NSW
BRONTE,NSW601,NSW
BROOKDALE,NSW602,NSW
BROOKFIELD,NSW603,NSW
BROOKLANA,NSW604,NSW
BROOKLET,NSW605,NSW
BROOKLYN,NSW606,NSW
BROOKONG,NSW607,NSW
BROOKVALE,NSW608,NSW
BROOMAN,NSW609,NSW
BROOMS HEAD,NSW610,NSW
BROUGHAMS GATE,NSW611,NSW
BROUGHTON,NSW612,NSW
BROUGHTON VALE,NSW613,NSW
BROUGHTON VILLAGE,NSW614,NSW
BROULEE,NSW615,NSW
BROWNLOW HILL,NSW616,NSW
BROWNS CREEK,NSW617,NSW
BROWNS MOUNTAIN,NSW618,NSW
BROWNSVILLE,NSW619,NSW
BRUAH,,NSW
BRUCEDALE,NSW621,NSW
BRUIE PLAINS,NSW622,NSW
BRUINBUN,NSW623,NSW
BRUMBY PLAINS,NSW624,NSW
BRUNDEE,NSW625,NSW
BRUNGLE,NSW626,NSW
BRUNGLE CREEK,NSW627,NSW
BRUNGLE MISSION,,NSW
BRUNKERVILLE,NSW628,NSW
BRUNSWICK HEADS,NSW629,NSW
BRUSHGROVE,NSW630,NSW
BRUSHY CREEK,NSW631,NSW
BUANGLA,NSW633,NSW
BUCCA,NSW634,NSW
BUCCA WAUKA,NSW635,NSW
BUCCARUMBI,NSW636,NSW
BUCHANAN,NSW637,NSW
BUCKAJO,NSW638,NSW
BUCKAROO,NSW639,NSW
BUCKENBOWRA,NSW640,NSW
BUCKENDERRA,NSW641,NSW
BUCKENDOON,NSW642,NSW
BUCKETTY,NSW643,NSW
BUCKRA BENDINNI,NSW644,NSW
BUDAWANG,NSW645,NSW
BUDDABADAH,NSW646,NSW
BUDDEN,NSW647,NSW
BUDDEROO,NSW648,NSW
BUDDONG,NSW649,NSW
BUDGEE BUDGEE,NSW650,NSW
BUDGEWOI,NSW651,NSW
BUDGEWOI PENINSULA,NSW652,NSW
BUDGONG,NSW653,NSW
BUFF POINT,NSW654,NSW
BUGALDIE,NSW655,NSW
BUKALONG,NSW656,NSW
BUKKULLA,NSW657,NSW
BULAHDELAH,NSW658,NSW
BULEE,NSW659,NSW
BULGA,NSW660,NSW
BULGA FOREST,NSW661,NSW
BULGARY,NSW662,NSW
BULLA,NSW663,NSW
BULLA CREEK,NSW664,NSW
BULLABURRA,NSW665,NSW
BULLAGREEN,NSW666,NSW
BULLARAH,NSW667,NSW
BULLATALE,NSW668,NSW
BULLAWA CREEK,NSW669,NSW
BULLDOG,NSW670,NSW
BULLI,NSW671,NSW
BULLIAC,NSW672,NSW
BULLIO,NSW673,NSW
BULLOCKS FLAT,NSW5121,NSW
BULYEROI,NSW674,NSW
BUMBALDRY,NSW675,NSW
BUMBALONG,NSW676,NSW
BUMBERRY,NSW677,NSW
BUNDABAH,NSW678,NSW
BUNDABURRAH,,NSW
BUNDAGEN,NSW680,NSW
BUNDANOON,NSW681,NSW
BUNDARRA,NSW682,NSW
BUNDEENA,NSW683,NSW
BUNDELLA,NSW684,NSW
BUNDEMAR,NSW685,NSW
BUNDEWALLAH,NSW686,NSW
BUNDOOK,NSW688,NSW
BUNDURE,NSW689,NSW
BUNGABA,NSW690,NSW
BUNGABBEE,NSW691,NSW
BUNGALORA,NSW692,NSW
BUNGARBY,NSW693,NSW
BUNGARRIBEE,NSW5084,NSW
BUNGAWALBIN,NSW694,NSW
BUNGENDORE,NSW695,NSW
BUNGLEGUMBIE,,NSW
BUNGONIA,NSW697,NSW
BUNGOWANNAH,NSW698,NSW
BUNGWAHL,NSW700,NSW
BUNNALOO,NSW701,NSW
BUNNAN,NSW702,NSW
BUNYAH,NSW703,NSW
BUNYAN,NSW704,NSW
BURCHER,NSW705,NSW
BUREEN,NSW706,NSW
BURNT BRIDGE,NSW707,NSW
BURNT YARDS,NSW708,NSW
BURONGA,NSW709,NSW
BURRA,NSW710,NSW
BURRA,NSW710,NSW
BURRA CREEK,NSW712,NSW
BURRABADINE,,NSW
BURRABOI,NSW714,NSW
BURRADOO,NSW715,NSW
BURRAGA,NSW716,NSW
BURRAGATE,NSW717,NSW
BURRAGORANG VALLEY,,NSW
BURRAMOKO,,NSW
BURRANDANA,NSW718,NSW
BURRANEER,NSW5021,NSW
BURRANGONG,NSW719,NSW
BURRAPINE,NSW720,NSW
BURRAWANG,NSW721,NSW
BURRELL CREEK,NSW722,NSW
BURREN JUNCTION,NSW723,NSW
BURRIER,NSW724,NSW
BURRILL LAKE,NSW725,NSW
BURRINGBAR,NSW726,NSW
BURRINJUCK,NSW727,NSW
BURROWAY,NSW728,NSW
BURRUMBUTTOCK,NSW729,NSW
BURRUNDULLA,NSW730,NSW
BURRUNGUBUGGE,NSW5122,NSW
BURWOOD,NSW731,NSW
BURWOOD HEIGHTS,NSW732,NSW
BUSBY,NSW733,NSW
BUSBYS FLAT,NSW734,NSW
BUSHELLS RIDGE,NSW735,NSW
BUTLERS FALLS,,NSW
BUTTABA,NSW737,NSW
BUTTAI,NSW738,NSW
BUTTERWICK,NSW739,NSW
BUXTON,NSW740,NSW
BYABARRA,NSW741,NSW
BYADBO WILDERNESS,NSW742,NSW
BYANGUM,NSW743,NSW
BYLONG,NSW744,NSW
BYNG,NSW745,NSW
BYROCK,NSW746,NSW
BYRON BAY,NSW747,NSW
BYRRILL CREEK,NSW748,NSW
BYWONG,NSW749,NSW
CABARITA,NSW750,NSW
CABARITA,NSW750,NSW
CABARITA BEACH,NSW751,NSW
CABBAGE TREE,,NSW
CABBAGE TREE ISLAND,NSW753,NSW
CABBAGE TREE ISLAND,NSW753,NSW
CABRAMATTA,NSW754,NSW
CABRAMATTA WEST,NSW755,NSW
CABRAMURRA,NSW756,NSW
CADDENS,NSW5101,NSW
CADGEE,NSW757,NSW
CADIA,NSW758,NSW
CAERLEON,NSW759,NSW
CAFFREYS FLAT,NSW760,NSW
CAIRNCROSS,NSW761,NSW
CALALA,NSW762,NSW
CALAMIA,NSW763,NSW
CALARIE,,NSW
CALDERWOOD,NSW765,NSW
CALDWELL,NSW766,NSW
CALGA,NSW767,NSW
CALIFAT,NSW768,NSW
CALIMO,NSW769,NSW
CALLAGHAN,NSW770,NSW
CALLAGHANS CREEK,NSW771,NSW
CALLALA BAY,NSW772,NSW
CALLALA BEACH,NSW773,NSW
CALLIOPE,NSW774,NSW
CALOOLA,NSW775,NSW
CAMBALONG,NSW776,NSW
CAMBERWELL,NSW777,NSW
CAMBEWARRA,NSW778,NSW
CAMBEWARRA VILLAGE,NSW779,NSW
CAMBOON,NSW780,NSW
CAMBRA,NSW781,NSW
CAMBRIDGE GARDENS,NSW782,NSW
CAMBRIDGE PARK,NSW783,NSW
CAMBRIDGE PLATEAU,NSW784,NSW
CAMDEN,NSW785,NSW
CAMDEN HEAD,NSW786,NSW
CAMDEN PARK,NSW787,NSW
CAMDEN SOUTH,NSW788,NSW
CAMELLIA,NSW789,NSW
CAMERON PARK,NSW790,NSW
CAMERONS CREEK,NSW791,NSW
CAMIRA,NSW792,NSW
CAMMERAY,NSW793,NSW
CAMP CREEK,NSW794,NSW
CAMPBELLTOWN,NSW795,NSW
CAMPERDOWN,NSW796,NSW
CAMPSIE,NSW797,NSW
CAMPVALE,NSW798,NSW
CAMS WHARF,NSW799,NSW
CANADA BAY,NSW800,NSW
CANADIAN LEAD,NSW801,NSW
CANBELEGO,NSW802,NSW
CANDELO,NSW803,NSW
CANGAI,NSW804,NSW
CANIABA,NSW805,NSW
CANLEY HEIGHTS,NSW806,NSW
CANLEY VALE,NSW807,NSW
CANOBOLAS,NSW808,NSW
CANOELANDS,NSW809,NSW
CANONBA,NSW810,NSW
CANOWINDRA,NSW811,NSW
CANTERBURY,NSW812,NSW
CANTON BEACH,NSW813,NSW
CANYONLEIGH,NSW814,NSW
CAPARRA,NSW815,NSW
CAPEEN CREEK,NSW816,NSW
CAPERTEE,NSW817,NSW
CAPOOMPETA,NSW818,NSW
CAPTAINS FLAT,NSW819,NSW
CARABOST,NSW820,NSW
CARAGABAL,NSW821,NSW
CARCALGONG,NSW822,NSW
CARCOAR,NSW823,NSW
CARDIFF,NSW824,NSW
CARDIFF HEIGHTS,NSW825,NSW
CARDIFF SOUTH,NSW826,NSW
CAREY BAY,NSW827,NSW
CARGO,NSW828,NSW
CARINDA,NSW829,NSW
CARINGBAH,NSW830,NSW
CARINGBAH SOUTH,NSW5022,NSW
CARLAMINDA,NSW831,NSW
CARLINGFORD,NSW832,NSW
CARLTON,NSW833,NSW
CARMARTHEN,,NSW
CARNES HILL,NSW5073,NSW
CARNHAM,NSW834,NSW
CAROOL,NSW835,NSW
CAROONA,NSW836,NSW
CARRABOLLA,NSW837,NSW
CARRAI,NSW838,NSW
CARRAMAR,NSW839,NSW
CARRATHOOL,NSW840,NSW
CARRAWABBITY,,NSW
CARRICK,NSW842,NSW
CARRINGTON,NSW844,NSW
CARRINGTON,NSW844,NSW
CARRINGTON FALLS,NSW845,NSW
CARROLL,NSW846,NSW
CARROLLS CREEK,NSW5036,NSW
CARROWBROOK,NSW847,NSW
CARRS CREEK,NSW848,NSW
CARRS ISLAND,NSW849,NSW
CARRS PENINSULA,NSW850,NSW
CARSS PARK,NSW851,NSW
CARTWRIGHT,NSW852,NSW
CARTWRIGHTS HILL,NSW853,NSW
CARWELL,NSW854,NSW
CARWOOLA,NSW855,NSW
CASCADE,NSW856,NSW
CASINO,NSW857,NSW
CASSILIS,NSW858,NSW
CASTLE COVE,NSW859,NSW
CASTLE DOYLE,NSW860,NSW
CASTLE HILL,NSW861,NSW
CASTLE ROCK,NSW862,NSW
CASTLECRAG,NSW863,NSW
CASTLEREAGH,NSW864,NSW
CASUARINA,NSW865,NSW
CASULA,NSW866,NSW
CATALINA,NSW867,NSW
CATARACT,NSW868,NSW
CATHCART,NSW869,NSW
CATHERINE FIELD,NSW870,NSW
CATHERINE HILL BAY,NSW871,NSW
CATHUNDRAL,NSW872,NSW
CATTAI,NSW873,NSW
CATTLE CREEK,NSW874,NSW
CAVAN,NSW875,NSW
CAVES BEACH,NSW876,NSW
CAWDOR,NSW877,NSW
CAWONGLA,NSW878,NSW
CECIL HILLS,NSW879,NSW
CECIL PARK,NSW880,NSW
CEDAR BRUSH CREEK,NSW881,NSW
CEDAR CREEK,NSW883,NSW
CEDAR CREEK,NSW883,NSW
CEDAR CREEK,NSW883,NSW
CEDAR PARTY,NSW884,NSW
CEDAR POINT,NSW885,NSW
CELLS RIVER,NSW886,NSW
CENTENNIAL PARK,NSW887,NSW
CENTRAL COLO,NSW888,NSW
CENTRAL MACDONALD,NSW889,NSW
CENTRAL MANGROVE,NSW890,NSW
CENTRAL TILBA,NSW891,NSW
CESSNOCK,NSW892,NSW
CHAELUNDI,NSW893,NSW
CHAIN VALLEY BAY,NSW894,NSW
CHAKOLA,NSW895,NSW
CHAMBIGNE,NSW896,NSW
CHARBON,NSW897,NSW
CHARLES STURT UNIVERSITY,NSW898,NSW
CHARLESTOWN,NSW899,NSW
CHARLEYS FOREST,NSW900,NSW
CHARLOTTE BAY,NSW901,NSW
CHARLOTTE PASS,NSW5132,NSW
CHARLTON,NSW902,NSW
CHARMHAVEN,NSW903,NSW
CHATHAM VALLEY,NSW904,NSW
CHATSBURY,NSW905,NSW
CHATSWOOD,NSW906,NSW
CHATSWOOD WEST,NSW907,NSW
CHATSWORTH,NSW908,NSW
CHEERO POINT,NSW909,NSW
CHELTENHAM,NSW910,NSW
CHERRY TREE HILL,NSW911,NSW
CHERRYBROOK,NSW912,NSW
CHESTER HILL,NSW913,NSW
CHICHESTER,NSW914,NSW
CHIFLEY,NSW915,NSW
CHILCOTTS CREEK,NSW916,NSW
CHILCOTTS GRASS,NSW917,NSW
CHILLINGHAM,NSW918,NSW
CHINDERAH,NSW919,NSW
CHINNOCK,NSW920,NSW
CHIPPENDALE,NSW921,NSW
CHIPPING NORTON,NSW922,NSW
CHISHOLM,NSW5007,NSW
CHISWICK,NSW923,NSW
CHITTAWAY BAY,NSW924,NSW
CHITTAWAY POINT,NSW925,NSW
CHOWAN CREEK,NSW926,NSW
CHULLORA,NSW927,NSW
CHURCH POINT,NSW928,NSW
CLANDULLA,NSW929,NSW
CLARE,NSW930,NSW
CLAREMONT MEADOWS,NSW931,NSW
CLARENCE,NSW932,NSW
CLARENCE TOWN,NSW933,NSW
CLARENDON,NSW934,NSW
CLARENZA,NSW935,NSW
CLAREVILLE,NSW5095,NSW
CLAYMORE,NSW936,NSW
CLEAR CREEK,NSW937,NSW
CLEAR RANGE,NSW938,NSW
CLEARFIELD,NSW939,NSW
CLEMTON PARK,NSW940,NSW
CLERGATE,NSW941,NSW
CLEVELAND,NSW942,NSW
CLIFDEN,NSW943,NSW
CLIFTLEIGH,NSW944,NSW
CLIFTON,NSW945,NSW
CLIFTON GROVE,NSW946,NSW
CLONTARF,NSW947,NSW
CLOTHIERS CREEK,NSW948,NSW
CLOUDS CREEK,NSW949,NSW
CLOVASS,NSW950,NSW
CLOVELLY,NSW951,NSW
CLUNES,NSW952,NSW
CLYBUCCA,NSW953,NSW
CLYDE,NSW954,NSW
CLYDESDALE,NSW955,NSW
COAL POINT,NSW956,NSW
COALCLIFF,NSW957,NSW
COALDALE,NSW958,NSW
COASTERS RETREAT,NSW959,NSW
COBAKI,NSW960,NSW
COBAKI LAKES,NSW961,NSW
COBAR,NSW962,NSW
COBAR PARK,NSW963,NSW
COBARGO,NSW964,NSW
COBARK,NSW965,NSW
COBBADAH,NSW966,NSW
COBBITTY,NSW967,NSW
COBBORA,NSW5143,NSW
COBRAMUNGA,NSW968,NSW
COCKWHY,NSW969,NSW
CODRINGTON,NSW970,NSW
COFFEE CAMP,NSW971,NSW
COFFS HARBOUR,NSW972,NSW
COGGAN,NSW973,NSW
COGRA BAY,NSW974,NSW
COILA,NSW975,NSW
COLDSTREAM,NSW976,NSW
COLEAMBALLY,NSW977,NSW
COLEBEE,NSW978,NSW
COLEDALE,NSW979,NSW
COLINROOBIE,NSW980,NSW
COLINTON,NSW981,NSW
COLLARENEBRI,NSW982,NSW
COLLARENEBRI RESERVE,,NSW
COLLAROY,NSW983,NSW
COLLAROY PLATEAU,NSW5081,NSW
COLLECTOR,NSW984,NSW
COLLENDINA,NSW985,NSW
COLLERINA,NSW986,NSW
COLLIE,NSW987,NSW
COLLINGULLIE,NSW988,NSW
COLLINGWOOD,NSW989,NSW
COLLINS CREEK,NSW990,NSW
COLLOMBATTI,NSW991,NSW
COLLUM COLLUM,NSW992,NSW
COLLY BLUE,NSW993,NSW
COLO,NSW994,NSW
COLO,NSW994,NSW
COLO,NSW994,NSW
COLO HEIGHTS,NSW996,NSW
COLO VALE,NSW997,NSW
COLONGRA,NSW998,NSW
COLYTON,NSW999,NSW
COMARA,NSW1000,NSW
COMBANING,NSW1001,NSW
COMBARA,NSW1002,NSW
COMBERTON,NSW1003,NSW
COMBO,NSW1004,NSW
COMBOYNE,NSW1005,NSW
COME BY CHANCE,NSW1006,NSW
COMERONG ISLAND,NSW1007,NSW
COMMISSIONERS CREEK,NSW1008,NSW
COMO,NSW1009,NSW
COMOBELLA,NSW1010,NSW
CONARGO,NSW1011,NSW
CONCORD,NSW1012,NSW
CONCORD WEST,NSW1013,NSW
CONDELL PARK,NSW1014,NSW
CONDOBOLIN,NSW1015,NSW
CONDONG,NSW1016,NSW
CONEAC,NSW1017,NSW
CONGARINNI,NSW1018,NSW
CONGARINNI NORTH,NSW1019,NSW
CONGEWAI,NSW1020,NSW
CONGO,NSW1021,NSW
CONIMBIA,NSW1022,NSW
CONISTON,NSW1023,NSW
CONJOLA,NSW1024,NSW
CONJOLA PARK,NSW1025,NSW
CONNELLS POINT,NSW1026,NSW
CONSTITUTION HILL,NSW1027,NSW
COOGEE,NSW1028,NSW
COOKAMIDGERA,NSW1029,NSW
COOKARDINIA,NSW1030,NSW
COOKS GAP,NSW1031,NSW
COOKS HILL,NSW1032,NSW
COOKS MYALLS,NSW1033,NSW
COOLABAH,NSW1034,NSW
COOLAC,NSW1035,NSW
COOLAGOLITE,NSW1036,NSW
COOLAH,NSW1037,NSW
COOLAMON,NSW1038,NSW
COOLANGATTA,NSW1039,NSW
COOLANGUBRA,NSW1040,NSW
COOLATAI,NSW1041,NSW
COOLBAGGIE,,NSW
COOLEMAN,NSW1043,NSW
COOLEYS CREEK,NSW1044,NSW
COOLGARDIE,NSW1045,NSW
COOLONGOLOOK,NSW1046,NSW
COOLRINGDON,NSW1047,NSW
COOLUMBOOKA,NSW1048,NSW
COOLUMBURRA,NSW1049,NSW
COOMA,NSW1050,NSW
COOMADITCHIE,,NSW
COOMBA BAY,NSW1051,NSW
COOMBA PARK,NSW1052,NSW
COOMBADJHA,NSW1053,NSW
COOMBELL,NSW1054,NSW
COOMEALLA,NSW5055,NSW
COOMOO COOMOO,NSW1055,NSW
COONABARABRAN,NSW1056,NSW
COONAMBLE,NSW1057,NSW
COONEYS CREEK,NSW5099,NSW
COONGBAR,NSW1058,NSW
COOPERABUNG,NSW1059,NSW
COOPERNOOK,NSW1060,NSW
COOPERS GULLY,NSW1061,NSW
COOPERS SHOOT,NSW1062,NSW
COOPLACURRIPA,NSW1063,NSW
COORABELL,NSW1064,NSW
COORANBONG,NSW1065,NSW
COOTAMUNDRA,NSW1066,NSW
COOTRALANTRA,NSW1067,NSW
COOYAL,NSW1068,NSW
COPACABANA,NSW1069,NSW
COPE,NSW1070,NSW
COPELAND,NSW1071,NSW
COPETON,NSW1072,NSW
COPMANHURST,NSW1073,NSW
COPPABELLA,NSW1074,NSW
COPPERHANNIA,NSW1075,NSW
CORAKI,NSW1076,NSW
CORALVILLE,NSW1077,NSW
CORAMBA,NSW1078,NSW
CORANG,NSW1079,NSW
CORANGULA,NSW1080,NSW
CORBIE HILL,NSW1081,NSW
CORDEAUX,NSW1082,NSW
CORDEAUX HEIGHTS,NSW1083,NSW
COREE,NSW1084,NSW
COREEN,NSW1085,NSW
CORINDI,,NSW
CORINDI BEACH,NSW1086,NSW
CORINELLA,NSW1087,NSW
CORLETTE,NSW1088,NSW
CORNDALE,NSW1089,NSW
CORNEY TOWN,NSW1090,NSW
CORNWALLIS,NSW1091,NSW
COROBIMILLA,NSW1092,NSW
COROWA,NSW1093,NSW
CORRABARE,NSW1094,NSW
CORRIMAL,NSW1095,NSW
CORRONG,NSW1096,NSW
CORROWONG,NSW1097,NSW
CORUNNA,NSW1098,NSW
COTTAGE POINT,NSW1099,NSW
COTTONVALE,NSW5025,NSW
COUGAL,NSW1100,NSW
COUNTEGANY,NSW1101,NSW
COURABYRA,NSW1102,NSW
COURADDA,NSW1103,NSW
COURAGAGO,NSW1104,NSW
COURIDJAH,NSW1105,NSW
COUTTS CROSSING,NSW1106,NSW
COW FLAT,NSW1107,NSW
COWABBIE,NSW1108,NSW
COWAN,NSW1109,NSW
COWPER,NSW1110,NSW
COWRA,NSW1111,NSW
COXS CREEK,NSW1112,NSW
COXS CROWN,NSW1113,NSW
CRABBES CREEK,NSW1114,NSW
CRACKENBACK,NSW1115,NSW
CRAIGIE,NSW1116,NSW
CRANEBROOK,NSW1117,NSW
CRANGAN BAY,NSW1118,NSW
CRAVEN,NSW1119,NSW
CRAVEN PLATEAU,NSW1120,NSW
CRAWFORD RIVER,NSW1121,NSW
CRAWNEY,NSW1122,NSW
CREEL BAY,NSW5125,NSW
CREEWAH,NSW1123,NSW
CREMORNE,NSW1124,NSW
CREMORNE POINT,NSW1125,NSW
CRESCENT HEAD,NSW1126,NSW
CRESCENT HEAD,NSW1126,NSW
CRESTWOOD,NSW1127,NSW
CRINGILA,NSW1128,NSW
CROKI,NSW1129,NSW
CROMER,NSW1130,NSW
CRONULLA,NSW1131,NSW
CROOBLE,NSW1132,NSW
CROOBYAR,NSW1133,NSW
CROOKED CORNER,NSW1134,NSW
CROOKWELL,NSW1135,NSW
CROOM,NSW1136,NSW
CROPPA CREEK,NSW1137,NSW
CROSS ROADS,NSW1138,NSW
CROSSLANDS,NSW1139,NSW
CROUDACE BAY,NSW1140,NSW
CROWDY BAY,NSW5141,NSW
CROWDY HEAD,NSW1142,NSW
CROWS NEST,NSW1143,NSW
CROWTHER,NSW1144,NSW
CROWTHER ISLAND,NSW1145,NSW
CROYDON,NSW1146,NSW
CROYDON PARK,NSW1147,NSW
CRUDINE,NSW1148,NSW
CRYON,NSW1149,NSW
CRYSTAL CREEK,NSW1150,NSW
CUBBA,NSW1151,NSW
CUDAL,NSW1152,NSW
CUDGEGONG,NSW1153,NSW
CUDGEL,NSW1154,NSW
CUDGEN,NSW1155,NSW
CUDGERA CREEK,NSW1156,NSW
CUDMIRRAH,NSW1157,NSW
CULBURRA BEACH,NSW1158,NSW
CULCAIRN,NSW1159,NSW
CULLEN BULLEN,NSW1160,NSW
CULLENBONE,NSW1161,NSW
CULLENDORE,NSW1162,NSW
CULLERIN,NSW1163,NSW
CULLIVEL,NSW1164,NSW
CULMARAN CREEK,NSW1165,NSW
CUMBALUM,NSW1166,NSW
CUMBANDRY,NSW1167,NSW
CUMBERLAND REACH,NSW1168,NSW
CUMBIJOWA,,NSW
CUMBO,NSW1170,NSW
CUMBOOGLE,,NSW
CUMBORAH,NSW1171,NSW
CUMMERAGUNJA,,NSW
CUMNOCK,NSW1172,NSW
CUNDLE FLAT,NSW1173,NSW
CUNDLETOWN,NSW1174,NSW
CUNDUMBUL,NSW1175,NSW
CUNJURONG POINT,NSW1176,NSW
CUNNINGAR,NSW5100,NSW
CUNNINYEUK,NSW1177,NSW
CURBAN,NSW1178,NSW
CURL CURL,NSW1179,NSW
CURLEW WATERS,NSW1180,NSW
CURLEWIS,NSW1181,NSW
CURLWAA,NSW1182,NSW
CURRA CREEK,NSW1183,NSW
CURRABUBULA,NSW1184,NSW
CURRAGH,NSW1185,NSW
CURRAMORE,NSW1186,NSW
CURRANS HILL,NSW1187,NSW
CURRARONG,NSW1188,NSW
CURRAWANG,NSW1189,NSW
CURRAWARNA,NSW1190,NSW
CURRAWEELA,NSW5030,NSW
CURRAWONG BEACH,NSW5091,NSW
CURRICABARK,NSW1191,NSW
CURROWAN,NSW1192,NSW
CUTTABRI,NSW1193,NSW
CUTTAGEE,NSW1194,NSW
DABEE,NSW1195,NSW
DACEYVILLE,NSW1196,NSW
DAIRY ARM,NSW5113,NSW
DAIRY FLAT,NSW1197,NSW
DAIRYMANS PLAINS,NSW1198,NSW
DALEYS POINT,NSW1199,NSW
DALGETY,NSW1200,NSW
DALMENY,NSW1201,NSW
DALMORTON,NSW1202,NSW
DALSWINTON,NSW1203,NSW
DALTON,NSW1204,NSW
DALWOOD,NSW1206,NSW
DALWOOD,NSW1206,NSW
DANDALOO,NSW1207,NSW
DANDRY,NSW1208,NSW
DANGAR ISLAND,NSW1209,NSW
DANGARSLEIGH,NSW1210,NSW
DANGELONG,NSW1211,NSW
DAPTO,NSW1212,NSW
DARAWANK,NSW1213,NSW
DARBALARA,NSW1214,NSW
DARBYS FALLS,NSW1215,NSW
DARETON,NSW5077,NSW
DARGAN,NSW1217,NSW
DARK CORNER,NSW1218,NSW
DARKES FOREST,NSW1219,NSW
DARKWOOD,NSW1220,NSW
DARLING POINT,NSW1221,NSW
DARLINGHURST,NSW1222,NSW
DARLINGTON,NSW1223,NSW
DARLINGTON,NSW1223,NSW
DARLINGTON POINT,NSW1225,NSW
DARLOW,NSW1226,NSW
DAROOBALGIE,NSW1227,NSW
DARTBROOK,NSW1228,NSW
DARUKA,NSW1229,NSW
DAVIDSON,NSW1230,NSW
DAVIS CREEK,NSW1231,NSW
DAVISTOWN,NSW1232,NSW
DAWES POINT,NSW1233,NSW
DAYSDALE,NSW1234,NSW
DEAN PARK,NSW1235,NSW
DEAUVILLE,NSW1236,NSW
DEBENHAM,NSW1237,NSW
DEE WHY,NSW1238,NSW
DEEP CREEK,NSW1240,NSW
DEEP CREEK,NSW1240,NSW
DEEP CREEK,NSW1240,NSW
DEEP CREEK,NSW1240,NSW
DEEPWATER,NSW1242,NSW
DEER VALE,NSW1243,NSW
DELEGATE,NSW1244,NSW
DELROY HEIGHTS,,NSW
DELUNGRA,NSW1246,NSW
DENHAM COURT,NSW1247,NSW
DENHAMS BEACH,NSW1248,NSW
DENILIQUIN,NSW1249,NSW
DENISTONE,NSW1250,NSW
DENISTONE EAST,NSW1251,NSW
DENISTONE WEST,NSW1252,NSW
DENMAN,NSW1253,NSW
DEPOT BEACH,NSW1254,NSW
DERRIWONG,NSW1255,NSW
DEUA,NSW1256,NSW
DEUA RIVER VALLEY,NSW1257,NSW
DEVILS HOLE,NSW1258,NSW
DEWITT,NSW1259,NSW
DHARRUK,NSW1260,NSW
DHULURA,NSW5108,NSW
DHURAGOON,NSW1261,NSW
DIAMOND BEACH,NSW1262,NSW
DIAMOND HEAD,NSW1263,NSW
DIEHARD,NSW1264,NSW
DIGGERS CAMP,NSW1265,NSW
DIGNAMS CREEK,NSW1266,NSW
DILKOON,NSW1267,NSW
DILPURRA,NSW1269,NSW
DINGO FOREST,NSW1270,NSW
DINOGA,NSW1271,NSW
DIRNASEER,NSW1272,NSW
DIRTY CREEK,NSW1273,NSW
DOBIES BIGHT,NSW1274,NSW
DOCTOR GEORGE MOUNTAIN,NSW1275,NSW
DOCTORS GAP,NSW1276,NSW
DODSWORTH,,NSW
DOG ROCKS,NSW1277,NSW
DOLANS BAY,NSW1278,NSW
DOLLS POINT,NSW1279,NSW
DOLLYS FLAT,NSW1280,NSW
DOLPHIN POINT,NSW1281,NSW
DOMBARTON,NSW1282,NSW
DONALD CREEK,NSW1283,NSW
DONDINGALONG,NSW1284,NSW
DONNELLYVILLE,NSW1285,NSW
DOON DOON,NSW1286,NSW
DOONBAH,NSW1287,NSW
DOONSIDE,NSW1288,NSW
DOORALONG,NSW1289,NSW
DORA CREEK,NSW1290,NSW
DORRIGO,NSW1291,NSW
DORRIGO MOUNTAIN,NSW1292,NSW
DORROUGHBY,NSW1293,NSW
DOUBLE BAY,NSW1294,NSW
DOUBTFUL CREEK,NSW1295,NSW
DOUGLAS PARK,NSW1296,NSW
DOVER HEIGHTS,NSW1297,NSW
DOWNSIDE,NSW1298,NSW
DOYALSON,NSW1299,NSW
DOYALSON NORTH,NSW1300,NSW
DOYLES CREEK,NSW1301,NSW
DOYLES RIVER,NSW1302,NSW
DRAKE,NSW1303,NSW
DRAKE VILLAGE,NSW1304,NSW
DRILDOOL,NSW1305,NSW
DRIPSTONE,NSW1306,NSW
DRUMMOYNE,NSW1307,NSW
DRY CREEK,NSW1308,NSW
DRY PLAIN,NSW1309,NSW
DUBBO,NSW1310,NSW
DUCK CREEK,NSW1311,NSW
DUCKENFIELD,NSW1312,NSW
DUCKMALOI,NSW1313,NSW
DUDLEY,NSW1314,NSW
DUFFYS FOREST,NSW1315,NSW
DULGUIGAN,NSW1316,NSW
DULWICH HILL,NSW1317,NSW
DUM DUM,NSW1318,NSW
DUMARESQ,NSW1319,NSW
DUMARESQ ISLAND,NSW1320,NSW
DUMARESQ VALLEY,NSW5023,NSW
DUMBUDGERY,NSW1321,NSW
DUNBIBLE,NSW1322,NSW
DUNBOGAN,NSW1323,NSW
DUNCANS CREEK,NSW1324,NSW
DUNDAS,NSW1325,NSW
DUNDAS VALLEY,NSW1326,NSW
DUNDEE,NSW1327,NSW
DUNDURRABIN,NSW1329,NSW
DUNEDOO,NSW1330,NSW
DUNGARUBBA,NSW1331,NSW
DUNGAY,NSW1333,NSW
DUNGEREE,NSW1334,NSW
DUNGOG,NSW1335,NSW
DUNGOWAN,NSW1336,NSW
DUNKELD,NSW1337,NSW
DUNMORE,NSW1338,NSW
DUNOLLY,NSW1339,NSW
DUNOON,NSW1340,NSW
DUNS CREEK,NSW1341,NSW
DUNVILLE LOOP,NSW1342,NSW
DURAL,NSW1344,NSW
DURAL,NSW1344,NSW
DURAMANA,NSW1345,NSW
DURANBAH,NSW1346,NSW
DURI,NSW1347,NSW
DUROBY,NSW1348,NSW
DURRAN DURRA,NSW1349,NSW
DURRAS NORTH,NSW1350,NSW
DURREN DURREN,NSW1352,NSW
DUVAL,NSW1353,NSW
DYERS CROSSING,NSW1354,NSW
DYRAABA,NSW1355,NSW
DYRRING,NSW1356,NSW
EAGLE VALE,NSW1357,NSW
EAGLETON,NSW1358,NSW
EARLWOOD,NSW1359,NSW
EAST ALBURY,NSW1360,NSW
EAST BALLINA,NSW1361,NSW
EAST BRANXTON,NSW1363,NSW
EAST CORAKI,NSW1364,NSW
EAST CORRIMAL,NSW1365,NSW
EAST GOSFORD,NSW1366,NSW
EAST GRESFORD,NSW1367,NSW
EAST HILLS,NSW1368,NSW
EAST JINDABYNE,NSW1369,NSW
EAST KANGALOON,NSW1370,NSW
EAST KEMPSEY,NSW1371,NSW
EAST KILLARA,NSW1372,NSW
EAST KURRAJONG,NSW1373,NSW
EAST LINDFIELD,NSW1374,NSW
EAST LISMORE,NSW1375,NSW
EAST LYNNE,NSW1376,NSW
EAST MAITLAND,NSW1377,NSW
EAST RYDE,NSW1378,NSW
EAST SEAHAM,NSW1379,NSW
EAST TAMWORTH,NSW1380,NSW
EAST WAGGA WAGGA,NSW1381,NSW
EAST WARDELL,NSW1382,NSW
EASTERN CREEK,NSW1383,NSW
EASTGARDENS,NSW1384,NSW
EASTLAKES,NSW1385,NSW
EASTWOOD,NSW1386,NSW
EATONSVILLE,NSW1387,NSW
EBENEZER,NSW1388,NSW
EBOR,NSW1389,NSW
ECCLESTON,NSW1390,NSW
EDDERTON,NSW1391,NSW
EDEN,NSW1392,NSW
EDEN CREEK,NSW1393,NSW
EDENSOR PARK,NSW1394,NSW
EDENVILLE,NSW1395,NSW
EDGECLIFF,NSW1396,NSW
EDGEROI,NSW1397,NSW
EDGEWORTH,NSW1398,NSW
EDITH,NSW1399,NSW
EDMONDSON PARK,NSW1400,NSW
EDROM,NSW1401,NSW
EENAWEENA,NSW1402,NSW
EGLINTON,NSW1403,NSW
EIGHTEEN MILE,NSW1404,NSW
ELANDS,NSW1405,NSW
ELANORA HEIGHTS,NSW1406,NSW
ELCOMBE,NSW1407,NSW
ELDERSLIE,NSW1409,NSW
ELDERSLIE,NSW1409,NSW
ELEEBANA,NSW1410,NSW
ELERMORE VALE,NSW1411,NSW
ELIZABETH BAY,NSW1412,NSW
ELIZABETH BEACH,NSW1413,NSW
ELIZABETH HILLS,NSW5068,NSW
ELLALONG,NSW1414,NSW
ELLAND,NSW1415,NSW
ELLANGOWAN,NSW1416,NSW
ELLENBOROUGH,NSW1417,NSW
ELLERSLIE,NSW1418,NSW
ELLERSLIE,NSW1418,NSW
ELLERSLIE,NSW1418,NSW
ELLERSTON,NSW1419,NSW
ELLIS LANE,NSW1420,NSW
ELONG ELONG,NSW1421,NSW
ELRINGTON,NSW1422,NSW
ELSMORE,NSW1423,NSW
ELTHAM,NSW1424,NSW
ELVINA BAY,NSW1425,NSW
EMERALD BEACH,NSW1426,NSW
EMERALD HILL,NSW1427,NSW
EMERTON,NSW1428,NSW
EMMAVILLE,NSW1429,NSW
EMPIRE BAY,NSW1430,NSW
EMPIRE VALE,NSW1431,NSW
EMU HEIGHTS,NSW1432,NSW
EMU PLAINS,NSW1433,NSW
EMU SWAMP,NSW1434,NSW
ENDRICK,NSW1435,NSW
ENFIELD,NSW1436,NSW
ENGADINE,NSW1437,NSW
ENGLORIE PARK,NSW1438,NSW
ENMORE,NSW1439,NSW
ENMORE,NSW1439,NSW
ENMORE,NSW1439,NSW
ENNGONIA,NSW1441,NSW
ENNGONIA RESERVE,,NSW
ENVIRONA,NSW1442,NSW
EPPING,NSW1443,NSW
ERAMBIE,,NSW
ERARING,NSW1444,NSW
EREMERANG,NSW1445,NSW
ERIGOLIA,NSW1446,NSW
ERIN VALE,NSW1447,NSW
ERINA,NSW1448,NSW
ERINA HEIGHTS,NSW1449,NSW
ERMINGTON,NSW1450,NSW
EROWAL BAY,NSW1451,NSW
ERROWANBANG,NSW1452,NSW
ERSKINE PARK,NSW1454,NSW
ERSKINEVILLE,NSW1455,NSW
ERUDGERE,NSW1456,NSW
ESCHOL,,NSW
ESCHOL PARK,NSW1458,NSW
ESK,NSW1459,NSW
ESSINGTON,NSW1460,NSW
ESTELLA,NSW1461,NSW
ETTALONG BEACH,NSW1462,NSW
ETTAMOGAH,NSW1463,NSW
ETTREMA,NSW1464,NSW
ETTRICK,NSW1465,NSW
EUABALONG,NSW1466,NSW
EUABALONG WEST,NSW1467,NSW
EUBERTA,NSW1468,NSW
EUCHAREENA,NSW1469,NSW
EUCUMBENE,NSW1470,NSW
EUGOWRA,NSW1471,NSW
EULAH CREEK,NSW1472,NSW
EULOMOGO,,NSW
EUMUNGERIE,NSW1474,NSW
EUNANOREENYA,NSW1475,NSW
EUNGAI CREEK,NSW1476,NSW
EUNGAI RAIL,NSW1477,NSW
EUNGELLA,NSW1478,NSW
EUREKA,NSW1479,NSW
EURIMBLA,NSW1480,NSW
EUROBODALLA,NSW1481,NSW
EUROKA,NSW1482,NSW
EUROLEY,NSW1483,NSW
EURONGILLY,NSW1484,NSW
EURUNDEREE,NSW1485,NSW
EUSTON,NSW1486,NSW
EVANS HEAD,NSW1487,NSW
EVANS PLAINS,NSW1488,NSW
EVELEIGH,NSW1489,NSW
EVIRON,NSW1490,NSW
EWINGAR,NSW1491,NSW
EWINGSDALE,NSW1492,NSW
EXETER,NSW1493,NSW
FAILFORD,NSW1494,NSW
FAIRFIELD,NSW1495,NSW
FAIRFIELD EAST,NSW1496,NSW
FAIRFIELD HEIGHTS,NSW1497,NSW
FAIRFIELD WEST,NSW1498,NSW
FAIRHOLME,NSW1499,NSW
FAIRLIGHT,NSW1500,NSW
FAIRY HILL,NSW1501,NSW
FAIRY MEADOW,NSW1502,NSW
FALBROOK,NSW1503,NSW
FALCONER,NSW1504,NSW
FALLS CREEK,NSW1505,NSW
FAR MEADOW,NSW1506,NSW
FARGUNYAH,NSW1507,NSW
FARLEY,NSW1508,NSW
FARMBOROUGH HEIGHTS,NSW1509,NSW
FARNHAM,NSW1510,NSW
FARRANTS HILL,NSW1511,NSW
FARRINGDON,NSW1512,NSW
FASSIFERN,NSW1513,NSW
FAULCONBRIDGE,NSW1514,NSW
FAULKLAND,NSW1515,NSW
FAWCETTS PLAIN,NSW1516,NSW
FEDERAL,NSW1517,NSW
FENNELL BAY,NSW1518,NSW
FERN BAY,NSW1519,NSW
FERN GULLY,NSW1520,NSW
FERNANCES,NSW1521,NSW
FERNANCES CROSSING,NSW5112,NSW
FERNBANK CREEK,NSW1522,NSW
FERNBROOK,NSW1523,NSW
FERNHILL,NSW1524,NSW
FERNLEIGH,NSW1525,NSW
FERNMOUNT,NSW1526,NSW
FERNSIDE,NSW1527,NSW
FERNVALE,NSW1528,NSW
FERODALE,NSW1529,NSW
FIDDLETOWN,NSW1530,NSW
FIFIELD,NSW1531,NSW
FIGTREE,NSW1532,NSW
FINDON CREEK,NSW1533,NSW
FINE FLOWER,NSW1534,NSW
FINGAL BAY,NSW1535,NSW
FINGAL HEAD,NSW1536,NSW
FINLEY,NSW1537,NSW
FIREFLY,NSW1538,NSW
FISHERMANS BAY,NSW1540,NSW
FISHERMANS PARADISE,NSW1541,NSW
FISHERMANS REACH,NSW1542,NSW
FISHERS HILL,NSW1543,NSW
FISHING POINT,NSW1544,NSW
FITZGERALDS MOUNT,NSW1545,NSW
FITZGERALDS VALLEY,NSW1546,NSW
FITZROY FALLS,NSW1547,NSW
FIVE DOCK,NSW1548,NSW
FIVE WAYS,NSW1549,NSW
FLAT TOPS,NSW1550,NSW
FLETCHER,NSW1551,NSW
FLINDERS,NSW1552,NSW
FLORAVILLE,NSW1553,NSW
FORBES,NSW1554,NSW
FORBES CREEK,NSW1555,NSW
FORBES RIVER,NSW1556,NSW
FORBESDALE,NSW1557,NSW
FORDS BRIDGE,NSW1558,NSW
FORDWICH,NSW1559,NSW
FOREST GLEN,NSW1560,NSW
FOREST GROVE,NSW1561,NSW
FOREST HILL,NSW1562,NSW
FOREST LAND,NSW1563,NSW
FOREST LODGE,NSW1564,NSW
FOREST REEFS,NSW1565,NSW
FORESTVILLE,NSW1566,NSW
FORRESTERS BEACH,NSW1567,NSW
FORSTER,NSW1568,NSW
FORTIS CREEK,NSW1569,NSW
FOSTERS VALLEY,NSW1570,NSW
FOSTERTON,NSW1571,NSW
FOUNTAINDALE,NSW1572,NSW
FOUR CORNERS,NSW1573,NSW
FOUR MILE CREEK,NSW1574,NSW
FOUR MILE CREEK,NSW1574,NSW
FOUR MILE CREEK,NSW1574,NSW
FOWLERS GAP,NSW1576,NSW
FOXGROUND,NSW1577,NSW
FRAZER PARK,NSW1578,NSW
FRAZERS CREEK,NSW1579,NSW
FREDERICKTON,NSW1580,NSW
FREEBURN ISLAND,NSW1581,NSW
FREEMANS,NSW1582,NSW
FREEMANS REACH,NSW1583,NSW
FREEMANS WATERHOLE,NSW1584,NSW
FREEMANTLE,NSW1585,NSW
FRENCH PARK,NSW1586,NSW
FRENCHS FOREST,NSW1587,NSW
FRESHWATER,NSW1868,NSW
FROG ROCK,NSW1588,NSW
FROGMORE,NSW1589,NSW
FROGS HOLLOW,NSW1590,NSW
FRYING PAN,NSW1591,NSW
FULLERTON,NSW1592,NSW
FULLERTON COVE,NSW1593,NSW
FURRACABAD,NSW1594,NSW
GABLES,,NSW
GADARA,NSW1595,NSW
GALA VALE,NSW1596,NSW
GALAMBINE,NSW1597,NSW
GALONG,NSW1598,NSW
GALORE,NSW1599,NSW
GALSTON,NSW1600,NSW
GANBENANG,NSW1601,NSW
GANGAT,NSW1602,NSW
GANMAIN,NSW1603,NSW
GARAH,NSW1604,NSW
GARDEN SUBURB,NSW1605,NSW
GAREMA,NSW1606,NSW
GARIE,,NSW
GARLAND,NSW1607,NSW
GARLAND VALLEY,NSW1608,NSW
GARLANDTOWN,,NSW
GAROO,NSW1609,NSW
GARRA,NSW1610,NSW
GARTHOWEN,NSW1611,NSW
GATESHEAD,NSW1612,NSW
GEARYS FLAT,NSW1613,NSW
GEEHI,NSW1614,NSW
GELSTON PARK,NSW1615,NSW
GEMALLA,NSW1616,NSW
GENEVA,NSW1617,NSW
GEORGES CREEK,NSW1618,NSW
GEORGES HALL,NSW1619,NSW
GEORGES PLAINS,NSW1620,NSW
GEORGETOWN,NSW1621,NSW
GEORGICA,NSW1622,NSW
GEROGERY,NSW1623,NSW
GERRINGONG,NSW1624,NSW
GERROA,NSW1625,NSW
GEURIE,NSW1626,NSW
GHINNI GHI,NSW1627,NSW
GHINNI GHINNI,NSW1628,NSW
GHOOLENDAADI,NSW1629,NSW
GIANTS CREEK,NSW1630,NSW
GIBBERAGEE,NSW1631,NSW
GIBRALTAR RANGE,NSW1632,NSW
GIDGINBUNG,NSW1633,NSW
GIDLEY,NSW1634,NSW
GILEAD,NSW1635,NSW
GILGAI,NSW1636,NSW
GILGANDRA,NSW1637,NSW
GILGOOMA,NSW1638,NSW
GILGUNNIA,NSW1639,NSW
GILLENBAH,NSW1640,NSW
GILLETTS RIDGE,NSW1641,NSW
GILLIESTON HEIGHTS,NSW1642,NSW
GILMANDYKE,NSW1643,NSW
GILMORE,NSW1644,NSW
GIN GIN,NSW1645,NSW
GINEROI,NSW1646,NSW
GINGHI,NSW1647,NSW
GINGIE RESERVE,,NSW
GINGKIN,NSW1648,NSW
GIRARDS HILL,NSW1649,NSW
GIRILAMBONE,NSW1650,NSW
GIRO,NSW1651,NSW
GIRRAL,NSW1652,NSW
GIRRALONG,NSW1653,NSW
GIRRAWEEN,NSW1654,NSW
GIRVAN,NSW1655,NSW
GLADESVILLE,NSW1656,NSW
GLADSTONE,NSW1657,NSW
GLANMIRE,NSW1658,NSW
GLEBE,NSW1659,NSW
GLEDSWOOD HILLS,NSW5087,NSW
GLEN ALICE,NSW1660,NSW
GLEN ALLEN,NSW1661,NSW
GLEN ALPINE,NSW1662,NSW
GLEN DAVIS,NSW1664,NSW
GLEN ELGIN,NSW1665,NSW
GLEN FERGUS,NSW1666,NSW
GLEN INNES,NSW1667,NSW
GLEN MARTIN,NSW1668,NSW
GLEN NEVIS,NSW1669,NSW
GLEN OAK,NSW1670,NSW
GLEN WARD,NSW1671,NSW
GLEN WILLIAM,NSW1672,NSW
GLENBAWN,NSW1673,NSW
GLENBROOK,NSW1674,NSW
GLENCOE,NSW1675,NSW
GLENDALE,NSW1676,NSW
GLENDENNING,NSW1677,NSW
GLENDON,NSW1678,NSW
GLENDON BROOK,NSW1679,NSW
GLENELG,NSW1680,NSW
GLENELLEN,NSW1681,NSW
GLENFIELD,NSW1682,NSW
GLENFIELD PARK,NSW1683,NSW
GLENGARRIE,NSW1684,NSW
GLENGERRA,,NSW
GLENHAVEN,NSW1685,NSW
GLENIFFER,NSW1686,NSW
GLENMORE,NSW1687,NSW
GLENMORE PARK,NSW1688,NSW
GLENNIES CREEK,NSW1689,NSW
GLENNING VALLEY,NSW1690,NSW
GLENORIE,NSW1691,NSW
GLENQUARRY,NSW1692,NSW
GLENREAGH,NSW1693,NSW
GLENRIDDING,NSW1694,NSW
GLENROCK,NSW1695,NSW
GLENROY,NSW1697,NSW
GLENROY,NSW1697,NSW
GLENTHORNE,NSW1698,NSW
GLENUGIE,NSW1699,NSW
GLENWOOD,NSW1700,NSW
GLENWORTH VALLEY,NSW1701,NSW
GLOSSODIA,NSW1702,NSW
GLOUCESTER,NSW1703,NSW
GLOUCESTER TOPS,NSW1704,NSW
GOARRA,,NSW
GOAT ISLAND,NSW1706,NSW
GOBARRALONG,NSW1707,NSW
GOBBAGOMBALIN,NSW1708,NSW
GOCUP,NSW1709,NSW
GODFREYS CREEK,NSW1710,NSW
GOGELDRIE,NSW1711,NSW
GOL GOL,NSW1712,NSW
GOLLAN,NSW1713,NSW
GOLSPIE,NSW1714,NSW
GONGOLGON,NSW1715,NSW
GONN,NSW1716,NSW
GOOANDRA,NSW5131,NSW
GOOBARRAGANDRA,NSW1717,NSW
GOOD FOREST,NSW5076,NSW
GOOD HOPE,NSW1718,NSW
GOODMANS FORD,NSW5062,NSW
GOODNIGHT,NSW1719,NSW
GOODOOGA,NSW1720,NSW
GOODOOGA RESERVE,,NSW
GOODWOOD ISLAND,NSW1721,NSW
GOOGONG,NSW1722,NSW
GOOLGOWI,NSW1723,NSW
GOOLHI,NSW1724,NSW
GOOLMA,NSW1725,NSW
GOOLMANGAR,NSW1726,NSW
GOOLOOGONG,NSW1727,NSW
GOOMBARGANA,NSW1728,NSW
GOONELLABAH,NSW1729,NSW
GOONENGERRY,NSW1730,NSW
GOONOO FOREST,NSW5011,NSW
GOONOO GOONOO,NSW1731,NSW
GOONUMBLA,NSW1732,NSW
GOORANGOOLA,NSW1733,NSW
GOORIANAWA,NSW1734,NSW
GORDON,NSW1735,NSW
GORGE CREEK,NSW1736,NSW
GORMANS HILL,NSW1737,NSW
GOROKAN,NSW1738,NSW
GOSFORD,NSW1739,NSW
GOSFORTH,NSW1740,NSW
GOSTWYCK,NSW1741,NSW
GOULBURN,NSW1742,NSW
GOULDSVILLE,NSW1743,NSW
GOVETTS,,NSW
GOWAN,NSW1744,NSW
GOWANG,NSW1745,NSW
GOWRIE,NSW1746,NSW
GOWRIE,NSW1746,NSW
GRABBEN GULLEN,NSW1748,NSW
GRADYS CREEK,NSW1750,NSW
GRAFTON,NSW1751,NSW
GRAGIN,NSW1752,NSW
GRAHAMSTOWN,NSW1753,NSW
GRAMAN,NSW1754,NSW
GRANTHAM FARM,,NSW
GRANTS BEACH,NSW1755,NSW
GRANVILLE,NSW1756,NSW
GRASMERE,NSW1757,NSW
GRASSY HEAD,NSW1758,NSW
GRATTAI,NSW1759,NSW
GRAVESEND,NSW1760,NSW
GRAWIN OPAL FIELDS,NSW5105,NSW
GRAWLIN,,NSW
GRAYS POINT,NSW1762,NSW
GREAT MACKEREL BEACH,NSW1763,NSW
GREAT MARLOW,NSW1764,NSW
GREEN CAPE,NSW1765,NSW
GREEN CREEK,NSW1766,NSW
GREEN FOREST,NSW1767,NSW
GREEN GULLY,NSW1768,NSW
GREEN HILLS,NSW1770,NSW
GREEN HILLS,NSW1770,NSW
GREEN PIGEON,NSW1771,NSW
GREEN POINT,NSW1772,NSW
GREEN POINT,NSW1772,NSW
GREEN VALLEY,NSW1774,NSW
GREENACRE,NSW1775,NSW
GREENDALE,NSW1776,NSW
GREENDALE,NSW1776,NSW
GREENETHORPE,NSW1778,NSW
GREENFIELD PARK,NSW1779,NSW
GREENGROVE,NSW1780,NSW
GREENHILL,NSW1781,NSW
GREENHILL,NSW1781,NSW
GREENHILLS BEACH,NSW5085,NSW
GREENLANDS,NSW1783,NSW
GREENLANDS,NSW1783,NSW
GREENLEIGH,NSW1784,NSW
GREENRIDGE,NSW1785,NSW
GREENWELL POINT,NSW1786,NSW
GREENWICH,NSW1787,NSW
GREENWICH PARK,NSW1788,NSW
GREG GREG,NSW1789,NSW
GREGADOO,NSW1790,NSW
GREGORY HILLS,NSW5029,NSW
GREIGS FLAT,NSW1791,NSW
GRENFELL,NSW1792,NSW
GRESFORD,NSW1793,NSW
GRETA,NSW1794,NSW
GRETA MAIN,NSW1795,NSW
GREVILLIA,NSW1796,NSW
GREYSTANES,NSW1797,NSW
GRIFFITH,NSW1798,NSW
GROGAN,NSW1799,NSW
GRONG GRONG,NSW1800,NSW
GROSE VALE,NSW1801,NSW
GROSE WOLD,NSW1802,NSW
GROSSES PLAIN,NSW1803,NSW
GROWEE,NSW1804,NSW
GUERILLA BAY,NSW1805,NSW
GUILDFORD,NSW1806,NSW
GUILDFORD WEST,NSW1807,NSW
GULARGAMBONE,NSW1808,NSW
GULF CREEK,NSW1809,NSW
GULGONG,NSW1810,NSW
GULMARRAD,NSW1811,NSW
GUM FLAT,NSW1812,NSW
GUM SCRUB,NSW1813,NSW
GUMBALIE,NSW1814,NSW
GUMBLE,NSW1815,NSW
GUMLY GUMLY,NSW1816,NSW
GUMMA,NSW1817,NSW
GUNBAR,NSW1818,NSW
GUNDAGAI,NSW1819,NSW
GUNDAMULDA,NSW1820,NSW
GUNDAROO,NSW1821,NSW
GUNDARY,NSW1822,NSW
GUNDERBOOKA,NSW1823,NSW
GUNDERMAN,NSW1824,NSW
GUNDURIMBA RESERVE,,NSW
GUNDY,NSW1825,NSW
GUNGAL,NSW1826,NSW
GUNGALMAN,NSW1827,NSW
GUNNEDAH,NSW1828,NSW
GUNNEDAH HILL,,NSW
GUNNING,NSW1829,NSW
GUNNING GAP,NSW1830,NSW
GUNNINGBLAND,NSW1831,NSW
GUNNINGRAH,NSW1832,NSW
GUNTAWANG,NSW5071,NSW
GURLEY,NSW1833,NSW
GURNANG,NSW1834,NSW
GURRANANG,NSW1835,NSW
GURRUNDAH,NSW1836,NSW
GUTHEGA,NSW5136,NSW
GUYONG,NSW1837,NSW
GUYRA,NSW1838,NSW
GWABEGAR,NSW1839,NSW
GWANDALAN,NSW1840,NSW
GWYNNEVILLE,NSW1841,NSW
GYMEA,NSW1842,NSW
GYMEA BAY,NSW1843,NSW
HABERFIELD,NSW1844,NSW
HACKS FERRY,NSW1845,NSW
HALEKULANI,NSW1846,NSW
HALFWAY CREEK,NSW1847,NSW
HALLIDAYS POINT,NSW1848,NSW
HALLORAN,NSW1849,NSW
HALLS CREEK,NSW1850,NSW
HALLSVILLE,NSW1851,NSW
HALTON,NSW1852,NSW
HAMBLEDON HILL,NSW1853,NSW
HAMILTON,NSW1854,NSW
HAMILTON EAST,NSW1855,NSW
HAMILTON NORTH,NSW1856,NSW
HAMILTON SOUTH,NSW1857,NSW
HAMILTON VALLEY,NSW1858,NSW
HAMLYN TERRACE,NSW1859,NSW
HAMMONDVILLE,NSW1860,NSW
HAMPDEN HALL,NSW1861,NSW
HAMPTON,NSW1862,NSW
HANGING ROCK,NSW1863,NSW
HANLEYS CREEK,NSW1865,NSW
HANNAM VALE,NSW1866,NSW
HANWOOD,NSW1867,NSW
HARDEN,NSW1869,NSW
HARDYS BAY,NSW1870,NSW
HAREFIELD,NSW1871,NSW
HARGRAVES,NSW1872,NSW
HAROLDS CROSS,NSW1873,NSW
HARPARARY,NSW1874,NSW
HARPERS HILL,NSW1875,NSW
HARRINGTON,NSW1876,NSW
HARRINGTON PARK,NSW1877,NSW
HARRIS PARK,NSW1878,NSW
HARTLEY,NSW1879,NSW
HARTLEY VALE,NSW1880,NSW
HARTWOOD,NSW1881,NSW
HARTYS PLAINS,NSW1882,NSW
HARWOOD,NSW1883,NSW
HASSALL GROVE,NSW1884,NSW
HASSANS WALLS,NSW1885,NSW
HASTINGS POINT,NSW1886,NSW
HAT HEAD,NSW1887,NSW
HATFIELD,NSW1888,NSW
HAVILAH,NSW1889,NSW
HAWKESBURY HEIGHTS,NSW1890,NSW
HAWKS NEST,NSW1891,NSW
HAY,NSW1892,NSW
HAY SOUTH,NSW1893,NSW
HAYES GAP,NSW1894,NSW
HAYMARKET,NSW1895,NSW
HAYSTACK,NSW1896,NSW
HAYTERS HILL,NSW1897,NSW
HAYWARDS BAY,NSW1898,NSW
HAZELBROOK,NSW1899,NSW
HAZELGROVE,NSW1900,NSW
HEATHCOTE,NSW1901,NSW
HEATHERBRAE,NSW1902,NSW
HEBDEN,NSW1903,NSW
HEBERSHAM,NSW1904,NSW
HECKENBERG,NSW1905,NSW
HEDDON GRETA,NSW1906,NSW
HEIFER STATION,NSW1907,NSW
HELENSBURGH,NSW1908,NSW
HENLEY,NSW1909,NSW
HENTY,NSW1910,NSW
HEREFORD HALL,NSW1911,NSW
HERMIDALE,NSW1912,NSW
HERMITAGE FLAT,NSW1913,NSW
HERNANI,NSW1914,NSW
HERONS CREEK,NSW1915,NSW
HEXHAM,NSW1916,NSW
HICKEYS CREEK,NSW1917,NSW
HIGH RANGE,NSW1918,NSW
HIGHER MACDONALD,NSW1919,NSW
HIGHFIELDS,NSW1920,NSW
HILL END,NSW1921,NSW
HILL TOP,NSW1922,NSW
HILL TOP,NSW1922,NSW
HILL TOP,NSW1922,NSW
HILLCREST,,NSW
HILLDALE,NSW1924,NSW
HILLGROVE,NSW1926,NSW
HILLGROVE,NSW1926,NSW
HILLSBOROUGH,NSW1928,NSW
HILLSBOROUGH,NSW1928,NSW
HILLSBOROUGH,NSW1928,NSW
HILLSDALE,NSW1929,NSW
HILLSTON,NSW1930,NSW
HILLVILLE,NSW1931,NSW
HILLVUE,NSW1932,NSW
HINCHINBROOK,NSW1933,NSW
HINTON,NSW1934,NSW
HOBARTVILLE,NSW1935,NSW
HOBBYS YARDS,NSW1936,NSW
HOGARTH RANGE,NSW1937,NSW
HOLBROOK,NSW1938,NSW
HOLGATE,NSW1939,NSW
HOLLISDALE,NSW1940,NSW
HOLLYDEEN,NSW1941,NSW
HOLMESVILLE,NSW1942,NSW
HOLROYD,NSW1943,NSW
HOLSWORTHY,NSW1944,NSW
HOLTS FLAT,NSW1945,NSW
HOME RULE,NSW1946,NSW
HOMEBUSH,NSW1947,NSW
HOMEBUSH WEST,NSW1949,NSW
HOMELEIGH,NSW1950,NSW
HONEYBUGLE,NSW1952,NSW
HOPEFIELD,NSW1953,NSW
HOPKINS CREEK,NSW1954,NSW
HORNINGSEA PARK,NSW1955,NSW
HORNSBY,NSW1956,NSW
HORNSBY HEIGHTS,NSW1957,NSW
HORSE STATION CREEK,NSW1958,NSW
HORSESHOE BEND,NSW1959,NSW
HORSESHOE CREEK,NSW1960,NSW
HORSFIELD BAY,NSW1961,NSW
HORSLEY,NSW1962,NSW
HORSLEY PARK,NSW1963,NSW
HOSKINSTOWN,NSW1964,NSW
HOVELLS CREEK,NSW1965,NSW
HOWARDS GRASS,NSW1966,NSW
HOWELL,NSW1967,NSW
HOWES VALLEY,NSW1968,NSW
HOWICK,NSW1969,NSW
HOWLONG,NSW1970,NSW
HOXTON PARK,NSW1971,NSW
HUMULA,NSW1972,NSW
HUNGERFORD,NSW1973,NSW
HUNTERS HILL,NSW1974,NSW
HUNTERVIEW,NSW1975,NSW
HUNTINGDON,NSW1976,NSW
HUNTINGWOOD,NSW1977,NSW
HUNTLEY,NSW1978,NSW
HUNTLEY,NSW1978,NSW
HUNTLEYS COVE,NSW1980,NSW
HUNTLEYS POINT,NSW1981,NSW
HUONBROOK,NSW1982,NSW
HURLSTONE PARK,NSW1983,NSW
HURSTVILLE,NSW1984,NSW
HURSTVILLE GROVE,NSW1985,NSW
HUSKISSON,NSW1986,NSW
HYAMS BEACH,NSW1987,NSW
HYDES CREEK,NSW5142,NSW
HYLAND PARK,NSW1989,NSW
HYNDMANS CREEK,NSW1990,NSW
ILARWILL,NSW1991,NSW
ILFORD,NSW1992,NSW
ILLABO,NSW1993,NSW
ILLAROO,NSW1994,NSW
ILLAWONG,NSW1995,NSW
ILUKA,NSW1996,NSW
INDI,NSW1997,NSW
INGAR,,NSW
INGEBIRAH,NSW1998,NSW
INGEEGOODBEE,NSW5123,NSW
INGLEBURN,NSW1999,NSW
INGLESIDE,NSW2000,NSW
INNES VIEW,NSW2001,NSW
INVERELL,NSW2002,NSW
INVERGORDON,NSW2003,NSW
INVERGOWRIE,NSW2004,NSW
IRON POT CREEK,NSW2006,NSW
IRONBARK,NSW2007,NSW
IRONMUNGY,NSW2008,NSW
IRVINGTON,NSW2009,NSW
IRYMPLE,NSW2010,NSW
ISABELLA,NSW2011,NSW
ISLINGTON,NSW2012,NSW
IVANHOE,NSW2013,NSW
JACKADGERY,NSW2014,NSW
JACKS CREEK,NSW2015,NSW
JACKSONS FLAT,NSW2016,NSW
JACKY BULBIN FLAT,NSW2017,NSW
JACOBS RIVER,NSW5124,NSW
JAGUMBA,NSW2018,NSW
JAGUNGAL WILDERNESS,NSW2019,NSW
JAMBEROO,NSW2020,NSW
JAMES CREEK,NSW2021,NSW
JAMISON VALLEY,,NSW
JAMISONTOWN,NSW2022,NSW
JANNALI,NSW2023,NSW
JASPERS BRUSH,NSW2024,NSW
JAUNTER,NSW2025,NSW
JEIR,NSW2027,NSW
JELLAT JELLAT,NSW2028,NSW
JEMALONG,NSW2029,NSW
JEMBAICUMBENE,NSW2030,NSW
JENNINGS,NSW2031,NSW
JENOLAN,NSW2032,NSW
JEOGLA,NSW2033,NSW
JERANGLE,NSW2034,NSW
JEREMADRA,NSW2035,NSW
JEREMY,NSW2036,NSW
JERILDERIE,NSW2037,NSW
JERRABATTGULLA,NSW2038,NSW
JERRABOMBERRA,NSW2039,NSW
JERRARA,NSW2040,NSW
JERRAWA,NSW2041,NSW
JERRAWANGALA,NSW2042,NSW
JERRONG,NSW2043,NSW
JERRYS PLAINS,NSW2044,NSW
JERSEYVILLE,NSW2045,NSW
JERVIS BAY,NSW2046,NSW
JESMOND,NSW2047,NSW
JEWELLS,NSW2048,NSW
JEWS LAGOON,NSW2049,NSW
JIBBON,,NSW
JIGGI,NSW2050,NSW
JILLIBY,NSW2051,NSW
JIMENBUEN,NSW2052,NSW
JINCUMBILLY,NSW2053,NSW
JINDABYNE,NSW2054,NSW
JINDEN,NSW2055,NSW
JINDERA,NSW2056,NSW
JINGELLIC,NSW2057,NSW
JINGERA,NSW2058,NSW
JOADJA,NSW2059,NSW
JOES BOX,NSW2060,NSW
JOHNS RIVER,NSW2061,NSW
JOLLY NOSE,NSW2062,NSW
JONES BRIDGE,NSW2063,NSW
JONES CREEK,,NSW
JONES ISLAND,NSW2065,NSW
JOORILAND,,NSW
JORDAN SPRINGS,NSW5086,NSW
JUBULLUM VILLAGE,,NSW
JUDDS CREEK,NSW2066,NSW
JUGIONG,NSW2067,NSW
JUNCTION HILL,NSW2068,NSW
JUNEE,NSW2069,NSW
JUNEE REEFS,NSW2070,NSW
KAHIBAH,NSW2071,NSW
KAINS FLAT,NSW2072,NSW
KALANG,NSW2073,NSW
KALARU,NSW2074,NSW
KALKITE,NSW2075,NSW
KAMARAH,NSW2076,NSW
KAMERUKA,NSW2077,NSW
KANAHOOKA,NSW2078,NSW
KANANGRA,NSW2079,NSW
KANDOS,NSW2080,NSW
KANGALOON,NSW2081,NSW
KANGAROO CREEK,NSW2082,NSW
KANGAROO POINT,NSW2083,NSW
KANGAROO VALLEY,NSW2084,NSW
KANGAROOBIE,NSW2085,NSW
KANGIARA,NSW2086,NSW
KANGY ANGY,NSW2087,NSW
KANIMBLA,NSW2088,NSW
KANOONA,NSW2089,NSW
KANWAL,NSW2090,NSW
KAPOOKA,NSW2091,NSW
KAPUTAR,NSW2092,NSW
KARAAK FLAT,NSW2093,NSW
KARABAR,NSW2094,NSW
KARANGI,NSW2095,NSW
KAREELA,NSW2096,NSW
KARIONG,NSW2097,NSW
KARIWOGA,,NSW
KARS SPRINGS,NSW2098,NSW
KARUAH,NSW2099,NSW
KARUAH ABORIGINAL RESERVE,,NSW
KATOOMBA,NSW2100,NSW
KAYUGA,NSW2101,NSW
KEARNS,NSW2102,NSW
KEARSLEY,NSW2103,NSW
KEDUMBA,,NSW
KEEPIT,NSW2104,NSW
KEERA,NSW2105,NSW
KEERRONG,NSW2106,NSW
KEINBAH,NSW2107,NSW
KEIRAVILLE,NSW2108,NSW
KEITH HALL,NSW2109,NSW
KELGOOLA,NSW2110,NSW
KELLYS PLAINS,NSW2111,NSW
KELLYVILLE,NSW2112,NSW
KELLYVILLE RIDGE,NSW2113,NSW
KELSO,NSW2114,NSW
KELVIN,NSW2115,NSW
KEMBLA GRANGE,NSW2116,NSW
KEMBLA HEIGHTS,NSW2117,NSW
KEMPS CREEK,NSW2118,NSW
KEMPSEY,NSW2119,NSW
KENDALL,NSW2120,NSW
KENEBRI,NSW2121,NSW
KENNAICLE CREEK,NSW2122,NSW
KENSINGTON,NSW2123,NSW
KENTHURST,NSW2124,NSW
KENTLYN,NSW2125,NSW
KENTUCKY,NSW2126,NSW
KENTUCKY SOUTH,NSW2127,NSW
KEREWONG,NSW2128,NSW
KERI KERI,NSW2129,NSW
KERRABEE,NSW2130,NSW
KERRIGUNDI,NSW2131,NSW
KERRS CREEK,NSW2132,NSW
KEW,NSW2133,NSW
KEYBARBIN,NSW2134,NSW
KHANCOBAN,NSW2135,NSW
KHATAMBUHL,NSW2136,NSW
KIA ORA,NSW2137,NSW
KIACATOO,NSW2138,NSW
KIAH,NSW2139,NSW
KIAMA,NSW2140,NSW
KIAMA DOWNS,NSW2141,NSW
KIAMA HEIGHTS,NSW2142,NSW
KIANDRA,NSW5130,NSW
KIANGA,NSW2143,NSW
KIAR,NSW2144,NSW
KICKABIL,NSW2145,NSW
KIELVALE,NSW2146,NSW
KIKIAMAH,NSW2147,NSW
KIKOIRA,NSW2148,NSW
KILABEN BAY,NSW2149,NSW
KILGIN,NSW2150,NSW
KILGRA,NSW2151,NSW
KILLABAKH,NSW2152,NSW
KILLARA,NSW2153,NSW
KILLARNEY HEIGHTS,NSW2154,NSW
KILLARNEY VALE,NSW2155,NSW
KILLAWARRA,NSW2156,NSW
KILLCARE,NSW2157,NSW
KILLCARE HEIGHTS,NSW2158,NSW
KILLIEKRANKIE,NSW2159,NSW
KILLIMICAT,NSW2160,NSW
KILLINGWORTH,NSW2161,NSW
KILLONGBUTTA,NSW2162,NSW
KIMBRIKI,NSW2163,NSW
KINCHELA,NSW2164,NSW
KINCUMBER,NSW2165,NSW
KINCUMBER SOUTH,NSW2166,NSW
KINDEE,NSW2167,NSW
KINDERVALE,NSW2168,NSW
KING CREEK,NSW2169,NSW
KINGFISHER SHORES,NSW2170,NSW
KINGHORNE,NSW2171,NSW
KINGS FOREST,NSW2172,NSW
KINGS HILL,NSW5118,NSW
KINGS LANGLEY,NSW2173,NSW
KINGS PARK,NSW2174,NSW
KINGS PLAINS,NSW2176,NSW
KINGS PLAINS,NSW2176,NSW
KINGS POINT,NSW2177,NSW
KINGSCLIFF,NSW2178,NSW
KINGSDALE,NSW2179,NSW
KINGSFORD,NSW2180,NSW
KINGSGATE,NSW2181,NSW
KINGSGROVE,NSW2182,NSW
KINGSLAND,NSW5102,NSW
KINGSTOWN,NSW2183,NSW
KINGSVALE,NSW2184,NSW
KINGSWOOD,NSW2185,NSW
KINGSWOOD,NSW2185,NSW
KINGSWOOD,NSW2185,NSW
KINVARA,NSW5117,NSW
KIOLOA,NSW2188,NSW
KIORA,NSW2189,NSW
KIPPARA,NSW2190,NSW
KIPPAXS,NSW2191,NSW
KIPPENDUFF,NSW2192,NSW
KIRKCONNELL,NSW2193,NSW
KIRKHAM,NSW2194,NSW
KIRRAWEE,NSW2195,NSW
KIRRIBILLI,NSW2196,NSW
KITCHENER,NSW2197,NSW
KIWARRAK,NSW2198,NSW
KLORI,NSW2199,NSW
KNIGHTS HILL,NSW2200,NSW
KNOCKROW,NSW2201,NSW
KNORRIT FLAT,NSW2202,NSW
KNORRIT FOREST,NSW2203,NSW
KOGARAH,NSW2204,NSW
KOGARAH BAY,NSW2205,NSW
KOOBA,NSW2206,NSW
KOOKABOOKRA,NSW2207,NSW
KOOLEWONG,NSW2208,NSW
KOOLKHAN,NSW2209,NSW
KOONAWARRA,NSW2210,NSW
KOONORIGAN,NSW2211,NSW
KOONYUM RANGE,NSW2212,NSW
KOORAGANG,NSW2213,NSW
KOORAINGHAT,NSW2214,NSW
KOORAWATHA,NSW2215,NSW
KOORINGAL,NSW2216,NSW
KOOTINGAL,NSW2217,NSW
KORALEIGH,NSW2218,NSW
KOREELAH,NSW2219,NSW
KORORA,NSW2220,NSW
KOSCIUSZKO,NSW2221,NSW
KOSCIUSZKO NATIONAL PARK,,NSW
KOTARA,NSW2223,NSW
KOTARA SOUTH,NSW2224,NSW
KOWMUNG,,NSW
KRAMBACH,NSW2225,NSW
KRAWARREE,NSW2226,NSW
KREMNOS,NSW2227,NSW
KU-RING-GAI CHASE,NSW2228,NSW
KULNURA,NSW2229,NSW
KULWIN,NSW2230,NSW
KUNAMA,NSW2231,NSW
KUNDABUNG,NSW2232,NSW
KUNDIBAKH,NSW2233,NSW
KUNDLE KUNDLE,NSW2234,NSW
KUNGALA,NSW2235,NSW
KUNGHUR,NSW2236,NSW
KUNGHUR CREEK,NSW2237,NSW
KURMOND,NSW2238,NSW
KURNELL,NSW2239,NSW
KURRABA POINT,NSW5074,NSW
KURRAJONG,NSW2240,NSW
KURRAJONG HEIGHTS,NSW2241,NSW
KURRAJONG HILLS,NSW2242,NSW
KURRI KURRI,NSW2243,NSW
KYALITE,NSW2244,NSW
KYARRAN,NSW2245,NSW
KYBEYAN,NSW2246,NSW
KYEAMBA,NSW2247,NSW
KYEEMAGH,NSW2248,NSW
KYLE BAY,NSW2249,NSW
KYNNUMBOON,NSW2250,NSW
KYOGLE,NSW2251,NSW
LA PEROUSE,NSW2252,NSW
LA PEROUSE RESERVE,,NSW
LACMALAC,NSW2253,NSW
LADE VALE,NSW2254,NSW
LADYSMITH,NSW2255,NSW
LAFFING WATERS,NSW2256,NSW
LAGGAN,NSW2257,NSW
LAGOON GRASS,NSW2258,NSW
LAGUNA,NSW2259,NSW
LAKE ALBERT,NSW2260,NSW
LAKE BATHURST,NSW2261,NSW
LAKE BREWSTER,NSW2262,NSW
LAKE BURRENDONG,NSW2263,NSW
LAKE CARGELLIGO,NSW2264,NSW
LAKE CATHIE,NSW2265,NSW
LAKE CONJOLA,NSW2266,NSW
LAKE COWAL,NSW2267,NSW
LAKE GEORGE,NSW2268,NSW
LAKE HAVEN,NSW2269,NSW
LAKE HEIGHTS,NSW2270,NSW
LAKE HIAWATHA,NSW2271,NSW
LAKE HUME VILLAGE,NSW2272,NSW
LAKE ILLAWARRA,NSW2273,NSW
LAKE INNES,NSW2274,NSW
LAKE MACQUARIE,NSW2275,NSW
LAKE MUNMORAH,NSW2276,NSW
LAKE TABOURIE,NSW2277,NSW
LAKE WYANGAN,NSW2278,NSW
LAKELANDS,NSW2279,NSW
LAKEMBA,NSW2280,NSW
LAKESLAND,NSW2281,NSW
LAKEWOOD,NSW2282,NSW
LALALTY,NSW2283,NSW
LALOR PARK,NSW2284,NSW
LAMBS VALLEY,NSW2286,NSW
LAMBS VALLEY,NSW2286,NSW
LAMBS VALLEY,NSW2286,NSW
LAMBTON,NSW2287,NSW
LANDERVALE,NSW2288,NSW
LANE COVE,NSW2289,NSW
LANE COVE NORTH,NSW2290,NSW
LANE COVE WEST,NSW2291,NSW
LANGLEY VALE,NSW2292,NSW
LANITZA,NSW2293,NSW
LANKEYS CREEK,NSW2294,NSW
LANSDOWNE,NSW2296,NSW
LANSDOWNE,NSW2296,NSW
LANSDOWNE FOREST,NSW2297,NSW
LANSVALE,NSW2298,NSW
LAPSTONE,NSW2299,NSW
LARBERT,NSW2300,NSW
LARGS,NSW2301,NSW
LARNOOK,NSW2302,NSW
LARRAS LEE,NSW2303,NSW
LAUGHTONDALE,NSW2304,NSW
LAUREL HILL,NSW2305,NSW
LAURIETON,NSW2306,NSW
LAVADIA,NSW2307,NSW
LAVENDER BAY,NSW2308,NSW
LAVERSTOCK,NSW2309,NSW
LAVINGTON,NSW2310,NSW
LAWRENCE,NSW2311,NSW
LAWSON,NSW2312,NSW
LEADVILLE,NSW2313,NSW
LECONFIELD,NSW2314,NSW
LEE CREEK,NSW2315,NSW
LEETON,NSW2317,NSW
LEETS VALE,NSW2318,NSW
LEEVILLE,NSW2319,NSW
LEGUME,NSW2320,NSW
LEICHHARDT,NSW2321,NSW
LEMINGTON,NSW2322,NSW
LEMON TREE,NSW2323,NSW
LEMON TREE PASSAGE,NSW2324,NSW
LEN WATERS ESTATE,NSW5066,NSW
LENAGHAN,NSW2325,NSW
LENNOX HEAD,NSW2326,NSW
LEONAY,NSW2327,NSW
LEPPINGTON,NSW2328,NSW
LERIDA,NSW2329,NSW
LETHBRIDGE PARK,NSW2330,NSW
LEUMEAH,NSW2331,NSW
LEURA,NSW2332,NSW
LEVENSTRATH,NSW2333,NSW
LEWINSBROOK,NSW2334,NSW
LEWIS PONDS,NSW2335,NSW
LEWISHAM,NSW2336,NSW
LEYCESTER,NSW2337,NSW
LIBERTY GROVE,NSW2338,NSW
LIDCOMBE,NSW2339,NSW
LIDDELL,NSW2340,NSW
LIDSDALE,NSW2341,NSW
LIDSTER,NSW2342,NSW
LIGHTNING RIDGE,NSW2343,NSW
LILLI PILLI,NSW2345,NSW
LILLI PILLI,NSW2345,NSW
LILLIAN ROCK,NSW2346,NSW
LILYDALE,NSW2347,NSW
LILYFIELD,NSW2348,NSW
LILYVALE,NSW2349,NSW
LIMBRI,NSW2350,NSW
LIMEBURNERS CREEK,NSW2351,NSW
LIMEBURNERS CREEK,NSW2351,NSW
LIMEKILNS,NSW2353,NSW
LIMERICK,NSW2354,NSW
LIMESTONE,NSW2355,NSW
LIMPINWOOD,NSW2356,NSW
LINBURN,NSW2357,NSW
LINDEN,NSW2358,NSW
LINDENDALE,NSW2359,NSW
LINDESAY,NSW2360,NSW
LINDESAY CREEK,NSW2361,NSW
LINDFIELD,NSW2362,NSW
LINDIFFERON,NSW2363,NSW
LINLEY POINT,NSW2364,NSW
LIONSVILLE,NSW2365,NSW
LISAROW,NSW2366,NSW
LISMORE,NSW2367,NSW
LISMORE HEIGHTS,NSW2368,NSW
LISTON,NSW2369,NSW
LITHGOW,NSW2370,NSW
LITTLE BACK CREEK,NSW2371,NSW
LITTLE BAY,NSW2372,NSW
LITTLE BILLABONG,NSW2373,NSW
LITTLE FOREST,NSW2374,NSW
LITTLE HARTLEY,NSW2375,NSW
LITTLE JACKS CREEK,NSW2376,NSW
LITTLE JILLIBY,NSW2377,NSW
LITTLE PELICAN,NSW2378,NSW
LITTLE PLAIN,NSW2379,NSW
LITTLE RIVER,NSW2380,NSW
LITTLE TOPAR,NSW2381,NSW
LITTLE WOBBY,NSW2382,NSW
LITTLETON,NSW2383,NSW
LIVERPOOL,NSW2384,NSW
LLANARTH,NSW2385,NSW
LLANDILO,NSW2386,NSW
LLANGOTHLIN,NSW2387,NSW
LLOYD,NSW2388,NSW
LOADSTONE,NSW2389,NSW
LOCHIEL,NSW2390,NSW
LOCHINVAR,NSW2391,NSW
LOCKHART,NSW2392,NSW
LOCKSLEY,NSW2393,NSW
LOFTUS,NSW2394,NSW
LOFTVILLE,NSW2395,NSW
LOGANS CROSSING,NSW2396,NSW
LOGIE BRAE,NSW2397,NSW
LONDONDERRY,NSW2398,NSW
LONG BEACH,NSW2399,NSW
LONG FLAT,NSW2400,NSW
LONG JETTY,NSW2401,NSW
LONG PLAIN,NSW2402,NSW
LONG PLAIN,NSW2402,NSW
LONG PLAIN,NSW2402,NSW
LONG POINT,NSW2405,NSW
LONG POINT,NSW2405,NSW
LONG POINT,NSW2405,NSW
LONGARM,NSW2406,NSW
LONGREACH,NSW2407,NSW
LONGUEVILLE,NSW2408,NSW
LOOMBAH,,NSW
LOOMBERAH,NSW2410,NSW
LORD HOWE ISLAND,NSW2411,NSW
LORDS HILL,NSW2412,NSW
LORN,NSW2413,NSW
LORNE,NSW2414,NSW
LOST RIVER,NSW2415,NSW
LOSTOCK,NSW2416,NSW
LOUISA CREEK,NSW2417,NSW
LOUTH,NSW2418,NSW
LOUTH PARK,NSW2419,NSW
LOVEDALE,NSW2420,NSW
LOVETT BAY,NSW5092,NSW
LOWANNA,NSW2421,NSW
LOWER ACACIA CREEK,NSW5027,NSW
LOWER BAGO,NSW2422,NSW
LOWER BELFORD,NSW2423,NSW
LOWER BORO,NSW2424,NSW
LOWER BOTTLE CREEK,NSW2425,NSW
LOWER CREEK,NSW2426,NSW
LOWER DUCK CREEK,NSW2427,NSW
LOWER DYRAABA,NSW2428,NSW
LOWER LEWIS PONDS,NSW2429,NSW
LOWER MACDONALD,NSW2430,NSW
LOWER MANGROVE,NSW2431,NSW
LOWER PAPPINBARRA,NSW2432,NSW
LOWER PEACOCK,NSW2433,NSW
LOWER PORTLAND,NSW2434,NSW
LOWER SOUTHGATE,NSW2435,NSW
LOWESDALE,NSW2436,NSW
LOWTHER,NSW2437,NSW
LOXFORD,NSW2438,NSW
LUCAS HEIGHTS,NSW2439,NSW
LUCKNOW,NSW2440,NSW
LUDDENHAM,NSW2441,NSW
LUE,NSW2442,NSW
LUGARNO,NSW2443,NSW
LURNEA,NSW2444,NSW
LUSKINTYRE,NSW2445,NSW
LYNCHS CREEK,NSW2446,NSW
LYNDHURST,NSW2447,NSW
LYNDHURST,NSW2447,NSW
LYNWOOD,NSW2449,NSW
MABINS WELL,NSW2450,NSW
MACDONALDS CREEK,NSW2451,NSW
MACKSVILLE,NSW2452,NSW
MACLEAN,NSW2453,NSW
MACMASTERS BEACH,NSW2454,NSW
MACQUARIE FIELDS,NSW2455,NSW
MACQUARIE HILLS,NSW2456,NSW
MACQUARIE LINKS,NSW2457,NSW
MACQUARIE MARSHES,NSW2458,NSW
MACQUARIE PARK,NSW2459,NSW
MACQUARIE PASS,NSW2460,NSW
MADDENS PLAINS,NSW2461,NSW
MAFFRA,NSW2462,NSW
MAGENTA,NSW2463,NSW
MAGOMETON,NSW2464,NSW
MAIANBAR,NSW2465,NSW
MAIMURU,NSW2466,NSW
MAIN ARM,NSW2467,NSW
MAIN CREEK,NSW2468,NSW
MAIRJIMMY,NSW2469,NSW
MAISON DIEU,NSW2470,NSW
MAITLAND,NSW2471,NSW
MAITLAND BAR,NSW2472,NSW
MAITLAND VALE,NSW2473,NSW
MAJORS CREEK,NSW2474,NSW
MALABAR,NSW2475,NSW
MALABUGILMAH,NSW2476,NSW
MALABUGILMAH,NSW2476,NSW
MALDON,NSW2477,NSW
MALLABULA,NSW2478,NSW
MALLAN,NSW2479,NSW
MALLANGANEE,NSW2480,NSW
MALLEE,NSW5052,NSW
MALLOWA,NSW2481,NSW
MALONEYS BEACH,NSW2482,NSW
MALUA BAY,NSW2483,NSW
MANAR,NSW2484,NSW
MANCHESTER SQUARE,NSW5080,NSW
MANDAGERY,NSW2486,NSW
MANDALONG,NSW2487,NSW
MANDEMAR,NSW5063,NSW
MANDURAMA,NSW2488,NSW
MANGERTON,NSW2489,NSW
MANGOOLA,NSW2490,NSW
MANGOPLAH,NSW2491,NSW
MANGROVE CREEK,NSW2492,NSW
MANGROVE MOUNTAIN,NSW2493,NSW
MANILDRA,NSW2494,NSW
MANILLA,NSW2495,NSW
MANLY,NSW2496,NSW
MANLY VALE,NSW2497,NSW
MANNERING PARK,NSW2498,NSW
MANNING POINT,NSW2499,NSW
MANNUS,NSW2500,NSW
MANOBALAI,NSW2501,NSW
MANTON,NSW2502,NSW
MANYANA,NSW2503,NSW
MARAGLE,NSW2504,NSW
MARAYLYA,NSW2505,NSW
MARAYONG,NSW2506,NSW
MARCH,NSW2507,NSW
MARCHMONT,NSW2508,NSW
MARDI,NSW2509,NSW
MARENGO,NSW2510,NSW
MARES RUN,NSW2511,NSW
MARINNA,NSW2512,NSW
MARKS POINT,NSW2513,NSW
MARKWELL,NSW2514,NSW
MARLEE,NSW2515,NSW
MARLEY,,NSW
MARLO MERRICAN,NSW2516,NSW
MARLOW,NSW2517,NSW
MARLOWE,NSW2518,NSW
MARMONG POINT,NSW2519,NSW
MAROM CREEK,NSW2520,NSW
MAROOTA,NSW2521,NSW
MAROUBRA,NSW2522,NSW
MARRANGAROO,NSW2523,NSW
MARRAR,NSW2524,NSW
MARRICKVILLE,NSW2525,NSW
MARSDEN PARK,NSW2526,NSW
MARSFIELD,NSW2527,NSW
MARSHALL MOUNT,NSW2528,NSW
MARSHDALE,NSW2529,NSW
MARTHAGUY,NSW2530,NSW
MARTINDALE,NSW2531,NSW
MARTINS CREEK,NSW2532,NSW
MARTINSVILLE,NSW2533,NSW
MARULAN,NSW2534,NSW
MARYLAND,NSW2535,NSW
MARYLAND,NSW2535,NSW
MARYLAND,NSW2535,NSW
MARYS MOUNT,NSW2537,NSW
MARYVALE,NSW2538,NSW
MARYVILLE,NSW2539,NSW
MASCOT,NSW2540,NSW
MASSIF RIDGE,,NSW
MATCHAM,NSW2541,NSW
MATHESON,NSW2542,NSW
MATHOURA,NSW2543,NSW
MATONG,NSW2544,NSW
MATRAVILLE,NSW2545,NSW
MAUDE,NSW2546,NSW
MAULES CREEK,NSW2547,NSW
MAXWELL,NSW2548,NSW
MAYBOLE,NSW2549,NSW
MAYERS FLAT,NSW2550,NSW
MAYFIELD,NSW2551,NSW
MAYFIELD,NSW2551,NSW
MAYFIELD,NSW2551,NSW
MAYFIELD,NSW2551,NSW
MAYFIELD,NSW2551,NSW
MAYFIELD EAST,NSW2555,NSW
MAYFIELD NORTH,NSW2556,NSW
MAYFIELD WEST,NSW2557,NSW
MAYRUNG,NSW2558,NSW
MAYS HILL,NSW2559,NSW
MAYVALE,NSW2560,NSW
MCCARRS CREEK,NSW5089,NSW
MCCULLYS GAP,NSW2561,NSW
MCDOUGALLS HILL,NSW2562,NSW
MCGRATHS HILL,NSW2563,NSW
MCKEES HILL,NSW2564,NSW
MCKELLARS PARK,NSW2565,NSW
MCLEANS RIDGES,NSW2566,NSW
MCLEODS SHOOT,NSW2567,NSW
MCMAHONS POINT,NSW2568,NSW
MCMAHONS REEF,NSW2569,NSW
MEADOW FLAT,NSW2570,NSW
MEADOWBANK,NSW2571,NSW
MEBBIN,NSW2572,NSW
MEBUL,NSW2573,NSW
MEDLOW BATH,NSW2574,NSW
MEDOWIE,NSW2575,NSW
MEDWAY,NSW2577,NSW
MEERSCHAUM VALE,NSW2578,NSW
MEGALONG,,NSW
MEGALONG VALLEY,NSW5041,NSW
MEGAN,NSW2580,NSW
MEHI CRESCENT,,NSW
MELBERGEN,NSW2581,NSW
MELINGA,NSW2582,NSW
MELLONG,NSW2583,NSW
MELLOOL,NSW2584,NSW
MELONBA,,NSW
MELROSE PARK,NSW2585,NSW
MELVILLE,NSW2586,NSW
MEMAGONG,NSW2587,NSW
MENAH,NSW2588,NSW
MENAI,NSW2589,NSW
MENANGLE,NSW2590,NSW
MENANGLE PARK,NSW2591,NSW
MENDOORAN,NSW2592,NSW
MENINDEE,NSW2593,NSW
MERAH NORTH,NSW2594,NSW
MEREWETHER,NSW2595,NSW
MEREWETHER HEIGHTS,NSW2596,NSW
MERIMBULA,NSW2597,NSW
MERINGO,NSW2598,NSW
MERNOT,NSW2599,NSW
MEROO,NSW2600,NSW
MEROO MEADOW,NSW2601,NSW
MEROTHERIE,NSW2602,NSW
MERRIANGAAH,NSW2603,NSW
MERRICUMBENE,NSW2604,NSW
MERRIGAL,NSW2605,NSW
MERRILL,NSW2606,NSW
MERRIWA,NSW2607,NSW
MERRIWAGGA,NSW2608,NSW
MERRYGOEN,NSW2609,NSW
MERRYLANDS,NSW2610,NSW
MERRYLANDS WEST,NSW2611,NSW
MERUNGLE HILL,NSW2612,NSW
MERYLA,NSW2613,NSW
METFORD,NSW2614,NSW
METHUL,NSW2615,NSW
METZ,NSW5106,NSW
MIAMLEY,NSW2616,NSW
MIANDETTA,NSW2617,NSW
MICALO ISLAND,NSW2618,NSW
MICHELAGO,NSW2619,NSW
MIDDLE ARM,NSW2620,NSW
MIDDLE BROOK,NSW2621,NSW
MIDDLE BROTHER,NSW2622,NSW
MIDDLE COVE,NSW2623,NSW
MIDDLE DURAL,NSW2624,NSW
MIDDLE FALBROOK,NSW2625,NSW
MIDDLE FLAT,NSW2626,NSW
MIDDLE HARBOUR,NSW2627,NSW
MIDDLE POCKET,NSW2628,NSW
MIDDLETON GRANGE,NSW2629,NSW
MIDDLINGBANK,NSW2630,NSW
MIDGINBIL,NSW2631,NSW
MIHI,NSW2632,NSW
MILA,NSW2633,NSW
MILBRODALE,NSW2634,NSW
MILBRULONG,NSW2635,NSW
MILKERS FLAT,NSW2636,NSW
MILLAH MURRAH,NSW2637,NSW
MILLBANK,NSW2638,NSW
MILLER,NSW2639,NSW
MILLERS FOREST,NSW2640,NSW
MILLERS POINT,NSW2641,NSW
MILLFIELD,NSW2642,NSW
MILLIE,NSW2643,NSW
MILLINGANDI,NSW2644,NSW
MILLTHORPE,NSW2645,NSW
MILPARINKA,NSW2646,NSW
MILPERRA,NSW2647,NSW
MILROY,NSW2649,NSW
MILROY,NSW2649,NSW
MILSONS ARM,,NSW
MILSONS PASSAGE,NSW2650,NSW
MILSONS POINT,NSW2651,NSW
MILTON,NSW2652,NSW
MILVALE,NSW2653,NSW
MIMOSA,NSW2654,NSW
MINCHINBURY,NSW2655,NSW
MINDARIBBA,NSW2656,NSW
MINGOOLA,NSW5024,NSW
MINIMBAH,NSW2657,NSW
MINJARY,NSW2658,NSW
MINMI,NSW2659,NSW
MINNAMURRA,NSW2660,NSW
MINNIE WATER,NSW2661,NSW
MINORE,NSW2662,NSW
MINORE FALLS,,NSW
MINTO,NSW2663,NSW
MINTO HEIGHTS,NSW2664,NSW
MIRADOR,NSW2665,NSW
MIRANDA,NSW2666,NSW
MIRANNIE,NSW2667,NSW
MIRRABOOKA,NSW2668,NSW
MIRRIWINNI GARDENS,,NSW
MIRROOL,NSW2669,NSW
MISSABOTTI,NSW2670,NSW
MITCHELL,NSW2671,NSW
MITCHELLS FLAT,NSW2672,NSW
MITCHELLS ISLAND,NSW2673,NSW
MITTAGONG,NSW2674,NSW
MOAMA,NSW2675,NSW
MODANVILLE,NSW2676,NSW
MOGAREEKA,NSW2677,NSW
MOGENDOURA,NSW2678,NSW
MOGGS SWAMP,NSW2679,NSW
MOGILLA,NSW2680,NSW
MOGO,NSW2681,NSW
MOGO,NSW2681,NSW
MOGO,NSW2681,NSW
MOGO CREEK,NSW2683,NSW
MOGOOD,NSW2684,NSW
MOGRANI,NSW2685,NSW
MOGRIGUY,NSW2686,NSW
MOLE RIVER,NSW2687,NSW
MOLEVILLE CREEK,NSW2688,NSW
MOLLYAN,NSW2689,NSW
MOLLYMOOK,NSW2690,NSW
MOLLYMOOK BEACH,NSW2691,NSW
MOLONG,NSW2692,NSW
MONA VALE,NSW2693,NSW
MONAK,NSW2694,NSW
MONALTRIE,NSW2695,NSW
MONDAYONG,NSW2696,NSW
MONDROOK,NSW2697,NSW
MONGA,NSW2698,NSW
MONGARLOWE,NSW2699,NSW
MONGOGARIE,NSW2700,NSW
MONIA GAP,NSW2701,NSW
MONIVAE,NSW2702,NSW
MONKERAI,NSW2703,NSW
MONTEAGLE,NSW2704,NSW
MONTECOLLUM,NSW2705,NSW
MONTEFIORES,NSW2706,NSW
MONTEREY,NSW2707,NSW
MOOBALL,NSW2708,NSW
MOOBI,NSW2709,NSW
MOOGEM,NSW2710,NSW
MOOKERAWA,NSW2711,NSW
MOOKIMA WYBRA,NSW2712,NSW
MOOLARBEN,NSW2713,NSW
MOOLLATTOO,NSW2714,NSW
MOOLPA,NSW2715,NSW
MOOMBOOLDOOL,NSW2716,NSW
MOONACULLAH,,NSW
MOONAN BROOK,NSW2717,NSW
MOONAN FLAT,NSW2718,NSW
MOONBAH,NSW2719,NSW
MOONBI,NSW2720,NSW
MOONBRIA,NSW2721,NSW
MOONEBA,NSW2722,NSW
MOONEE,NSW2723,NSW
MOONEE BEACH,NSW2724,NSW
MOONEY MOONEY,NSW2726,NSW
MOONEY MOONEY CREEK,NSW2727,NSW
MOONPAR,NSW2728,NSW
MOORAL CREEK,NSW2729,NSW
MOORARA,NSW5054,NSW
MOORBEL,NSW2730,NSW
MOORE CREEK,NSW2731,NSW
MOORE PARK,NSW2732,NSW
MOOREBANK,NSW2733,NSW
MOORILDA,NSW2734,NSW
MOORLAND,NSW2735,NSW
MOORONG,NSW2736,NSW
MOORWATHA,NSW2737,NSW
MOPARRABAH,NSW2738,NSW
MOPPY,NSW2739,NSW
MORAGO,NSW2740,NSW
MORANGARELL,NSW2741,NSW
MORANS CROSSING,NSW2742,NSW
MOREE,NSW2743,NSW
MORISSET,NSW2744,NSW
MORISSET PARK,NSW2745,NSW
MORNING BAY,NSW2746,NSW
MORORO,NSW2747,NSW
MORPETH,NSW2748,NSW
MORTDALE,NSW2749,NSW
MORTLAKE,NSW2750,NSW
MORTON,NSW2751,NSW
MORTONS CREEK,NSW2752,NSW
MORTS ESTATE,NSW2753,NSW
MORUBEN,,NSW
MORUNDAH,NSW2755,NSW
MORUYA,NSW2756,NSW
MORUYA HEADS,NSW2757,NSW
MORVEN,NSW2758,NSW
MORVEN,NSW2758,NSW
MORVEN,NSW2758,NSW
MOSMAN,NSW2760,NSW
MOSS VALE,NSW2761,NSW
MOSSGIEL,NSW2762,NSW
MOSSY POINT,NSW2763,NSW
MOTO,NSW2764,NSW
MOULAMEIN,NSW2765,NSW
MOUNT ADRAH,NSW2766,NSW
MOUNT ANNAN,NSW2767,NSW
MOUNT AQUILA,NSW2768,NSW
MOUNT ARTHUR,NSW2769,NSW
MOUNT AUSTIN,NSW2770,NSW
MOUNT BURRELL,NSW2771,NSW
MOUNT COLAH,NSW2772,NSW
MOUNT COLLINS,NSW2773,NSW
MOUNT COOPER,NSW2774,NSW
MOUNT DARRAGH,NSW2775,NSW
MOUNT DAVID,NSW2776,NSW
MOUNT DEE,NSW2777,NSW
MOUNT DRUITT,NSW2778,NSW
MOUNT ELLIOT,NSW2779,NSW
MOUNT FAIRY,NSW2780,NSW
MOUNT FOSTER,NSW2781,NSW
MOUNT FROME,NSW2782,NSW
MOUNT GEORGE,NSW2783,NSW
MOUNT HARRIS,NSW2784,NSW
MOUNT HOPE,NSW2785,NSW
MOUNT HOREB,NSW2786,NSW
MOUNT HUNTER,NSW2787,NSW
MOUNT HUTTON,NSW2788,NSW
MOUNT IRVINE,NSW2789,NSW
MOUNT KEIRA,NSW2790,NSW
MOUNT KEMBLA,NSW2791,NSW
MOUNT KINGIMAN,NSW2792,NSW
MOUNT KNOWLES,NSW2793,NSW
MOUNT KURING-GAI,NSW2794,NSW
MOUNT LAMBIE,NSW2795,NSW
MOUNT LEWIS,NSW2796,NSW
MOUNT LINDSEY,NSW2797,NSW
MOUNT MARSDEN,NSW2799,NSW
MOUNT MARSH,NSW2800,NSW
MOUNT MITCHELL,NSW2801,NSW
MOUNT MURRAY,NSW2802,NSW
MOUNT OLIVE,NSW2804,NSW
MOUNT OLIVE,NSW2804,NSW
MOUNT OUSLEY,NSW2805,NSW
MOUNT PANORAMA,NSW2806,NSW
MOUNT PLEASANT,NSW2807,NSW
MOUNT PORTAL,,NSW
MOUNT PRITCHARD,NSW2808,NSW
MOUNT RANKIN,NSW2809,NSW
MOUNT RIVERS,NSW2810,NSW
MOUNT RIVERVIEW,NSW2811,NSW
MOUNT ROYAL,NSW2812,NSW
MOUNT RUSSELL,NSW2813,NSW
MOUNT SAINT THOMAS,NSW2814,NSW
MOUNT SEAVIEW,NSW2815,NSW
MOUNT TENANDRA,NSW2816,NSW
MOUNT THORLEY,NSW2817,NSW
MOUNT TOMAH,NSW2818,NSW
MOUNT VERNON,NSW2819,NSW
MOUNT VICTORIA,NSW2820,NSW
MOUNT VIEW,NSW2821,NSW
MOUNT VINCENT,NSW2823,NSW
MOUNT WARNING,NSW2824,NSW
MOUNT WARRIGAL,NSW2825,NSW
MOUNT WERONG,NSW2826,NSW
MOUNT WHITE,NSW2827,NSW
MOUNT WILSON,NSW2828,NSW
MOUNTAIN CREEK,NSW2830,NSW
MOUNTAIN LAGOON,NSW2831,NSW
MOUNTAIN TOP,NSW2832,NSW
MOUNTAIN VIEW,NSW2833,NSW
MOURQUONG,NSW5059,NSW
MOWBRAY PARK,NSW2834,NSW
MOZART,NSW2835,NSW
MUDGEE,NSW2836,NSW
MUGGA DOWNS,,NSW
MULBRING,NSW2838,NSW
MULGOA,NSW2839,NSW
MULGRAVE,NSW2840,NSW
MULGUTHRIE,NSW2841,NSW
MULI MULI,NSW2842,NSW
MULI MULI,NSW2842,NSW
MULLA,NSW2843,NSW
MULLA CREEK,NSW2844,NSW
MULLALEY,NSW2845,NSW
MULLAMUDDY,NSW2846,NSW
MULLAWAY,NSW2847,NSW
MULLENGANDRA,NSW2848,NSW
MULLENGUDGERY,NSW2849,NSW
MULLION,NSW2850,NSW
MULLION CREEK,NSW2851,NSW
MULLOON,NSW2852,NSW
MULLUMBIMBY,NSW2853,NSW
MULLUMBIMBY CREEK,NSW2854,NSW
MULWALA,NSW2855,NSW
MULYANDRY,NSW2856,NSW
MUMBIL,NSW2857,NSW
MUMBLEBONE PLAIN,NSW2858,NSW
MUMBULLA MOUNTAIN,NSW2859,NSW
MUMMEL,NSW2860,NSW
MUMMULGUM,NSW2861,NSW
MUNDAMIA,NSW2862,NSW
MUNDARLO,NSW2863,NSW
MUNDEROO,NSW2864,NSW
MUNDONGO,NSW2865,NSW
MUNGAY CREEK,NSW2866,NSW
MUNGHORN,NSW2867,NSW
MUNGINDI,NSW2868,NSW
MUNGO,NSW2869,NSW
MUNGO BRUSH,NSW2870,NSW
MUNNI,NSW2871,NSW
MUNYABLA,NSW2872,NSW
MUNYANG,NSW5138,NSW
MURGA,NSW2873,NSW
MURONBUNG,,NSW
MURRAH,NSW2874,NSW
MURRAMI,NSW2875,NSW
MURRAWOMBIE,NSW2876,NSW
MURRAY DOWNS,NSW2877,NSW
MURRAY GORGE,NSW2878,NSW
MURRAYS BEACH,NSW2879,NSW
MURRAYS RUN,NSW5111,NSW
MURRENGENBURG,NSW2880,NSW
MURRIN BRIDGE,NSW2881,NSW
MURRIN BRIDGE,NSW2881,NSW
MURRINGO,NSW2882,NSW
MURRULEBALE,NSW2883,NSW
MURRUMBATEMAN,NSW2884,NSW
MURRUMBIDGERIE,,NSW
MURRUMBO,NSW2886,NSW
MURRUMBUCCA,NSW2887,NSW
MURRUMBURRAH,NSW2888,NSW
MURRURUNDI,NSW2889,NSW
MURULLA,NSW2890,NSW
MURWILLUMBAH,NSW2891,NSW
MUSCLE CREEK,NSW2892,NSW
MUSWELLBROOK,NSW2893,NSW
MUTAWINTJI,NSW2894,NSW
MUTTAMA,NSW2895,NSW
MYALL CREEK,NSW2896,NSW
MYALL LAKE,NSW2897,NSW
MYALL PARK,NSW2898,NSW
MYALLA,NSW2899,NSW
MYLESTOM,NSW2900,NSW
MYLNEFORD,NSW2901,NSW
MYOCUM,NSW2902,NSW
MYOLA,NSW2903,NSW
MYRTLE CREEK,NSW2904,NSW
MYRTLE MOUNTAIN,NSW2905,NSW
MYRTLE PARK,NSW2906,NSW
MYRTLEVILLE,NSW2907,NSW
MYSTERY BAY,NSW2908,NSW
MYUNA BAY,NSW2909,NSW
NABIAC,NSW2910,NSW
NADGEE,NSW2911,NSW
NAMATJIRA,,NSW
NAMBUCCA HEADS,NSW2912,NSW
NAMOI RIVER,NSW2913,NSW
NAMOI VILLAGE,,NSW
NANA GLEN,NSW2914,NSW
NANGUS,NSW2915,NSW
NANIMA,NSW2916,NSW
NANIMA RESERVE,,NSW
NAPIER LANE,NSW2918,NSW
NAPOLEON REEF,NSW2919,NSW
NARADHAN,NSW2920,NSW
NARARA,NSW2921,NSW
NARELLAN,NSW2922,NSW
NARELLAN VALE,NSW2923,NSW
NAREMBURN,NSW2924,NSW
NARONE CREEK,,NSW
NAROOMA,NSW2925,NSW
NARRABARBA,NSW2926,NSW
NARRABEEN,NSW2927,NSW
NARRABRI,NSW2928,NSW
NARRABURRA,NSW2929,NSW
NARRAN LAKE,NSW2930,NSW
NARRANDERA,NSW2931,NSW
NARRANGULLEN,NSW2932,NSW
NARRAWA,NSW2933,NSW
NARRAWALLEE,NSW2934,NSW
NARRAWEENA,NSW2935,NSW
NARROMINE,NSW2936,NSW
NARROMINE EAST,,NSW
NARROW NECK,,NSW
NARWEE,NSW2937,NSW
NASHDALE,NSW2938,NSW
NASHUA,NSW2939,NSW
NATTAI,NSW2940,NSW
NAUGHTONS GAP,NSW2941,NSW
NEATH,NSW2942,NSW
NEBEA,NSW2943,NSW
NEILREX,NSW2944,NSW
NELLIGEN,NSW2945,NSW
NELSON,NSW2947,NSW
NELSON,NSW2947,NSW
NELSON BAY,NSW2948,NSW
NELSONS PLAINS,NSW2949,NSW
NELUNGALOO,NSW2950,NSW
NEMINGHA,NSW2951,NSW
NERICON,NSW2952,NSW
NERINGLA,NSW2953,NSW
NERONG,NSW2954,NSW
NERRIGA,NSW2955,NSW
NERRIGUNDAH,NSW2956,NSW
NETHERCOTE,NSW2957,NSW
NEUREA,NSW2958,NSW
NEUTRAL BAY,NSW2959,NSW
NEVER NEVER,NSW2960,NSW
NEVERTIRE,NSW2961,NSW
NEVILLE,NSW2962,NSW
NEW BERRIMA,NSW2963,NSW
NEW BRIGHTON,NSW2964,NSW
NEW BUILDINGS,NSW2965,NSW
NEW ITALY,NSW2966,NSW
NEW LAMBTON,NSW2967,NSW
NEW LAMBTON HEIGHTS,NSW2968,NSW
NEW MERINEE,,NSW
NEW MEXICO,NSW2969,NSW
NEW PARK,NSW2970,NSW
NEW VALLEY,NSW2971,NSW
NEWBOLD,NSW2972,NSW
NEWBRIDGE,NSW2973,NSW
NEWCASTLE,NSW2975,NSW
NEWCASTLE EAST,NSW2976,NSW
NEWCASTLE WEST,NSW2977,NSW
NEWEE CREEK,NSW2978,NSW
NEWINGTON,NSW2979,NSW
NEWNES,NSW2980,NSW
NEWNES PLATEAU,NSW2981,NSW
NEWPORT,NSW2982,NSW
NEWRYBAR,NSW2983,NSW
NEWSTEAD,NSW2984,NSW
NEWTON BOYD,NSW2985,NSW
NEWTOWN,NSW2986,NSW
NGARIGO,NSW5126,NSW
NIAGARA PARK,NSW2987,NSW
NIANGALA,NSW2988,NSW
NIEMUR,NSW2989,NSW
NIGHTCAP,NSW2990,NSW
NIMBIN,NSW2991,NSW
NIMMITABEL,NSW2992,NSW
NIMMO,NSW2993,NSW
NIRIMBA FIELDS,,NSW
NOBBYS CREEK,NSW2994,NSW
NOMBI,NSW2995,NSW
NOONA,NSW2996,NSW
NOORONG,NSW2997,NSW
NOOROO,NSW2998,NSW
NORAH HEAD,NSW2999,NSW
NORAVILLE,NSW3000,NSW
NORDS WHARF,NSW3001,NSW
NORMANHURST,NSW3002,NSW
NORTH ALBURY,NSW3003,NSW
NORTH ARM,NSW3004,NSW
NORTH ARM COVE,NSW3005,NSW
NORTH AVOCA,NSW3006,NSW
NORTH BALGOWLAH,NSW3007,NSW
NORTH BATEMANS BAY,NSW3008,NSW
NORTH BOAMBEE VALLEY,NSW3009,NSW
NORTH BONDI,NSW3010,NSW
NORTH BOURKE,NSW5069,NSW
NORTH BROTHER,NSW3011,NSW
NORTH CASINO,NSW3013,NSW
NORTH CURL CURL,NSW3014,NSW
NORTH DORRIGO,NSW3015,NSW
NORTH EPPING,NSW3017,NSW
NORTH GOSFORD,NSW3018,NSW
NORTH HARBOUR,NSW3019,NSW
NORTH HAVEN,NSW3020,NSW
NORTH KELLYVILLE,NSW5127,NSW
NORTH LAMBTON,NSW3021,NSW
NORTH LISMORE,NSW3022,NSW
NORTH MACKSVILLE,NSW3023,NSW
NORTH MACQUARIE,,NSW
NORTH MANLY,NSW3025,NSW
NORTH NAROOMA,NSW3026,NSW
NORTH NARRABEEN,NSW3027,NSW
NORTH NOWRA,NSW3028,NSW
NORTH PARRAMATTA,NSW3029,NSW
NORTH RICHMOND,NSW3030,NSW
NORTH ROCKS,NSW3031,NSW
NORTH ROTHBURY,NSW3032,NSW
NORTH RYDE,NSW3033,NSW
NORTH SHORE,NSW3034,NSW
NORTH ST MARYS,NSW3035,NSW
NORTH STAR,NSW3036,NSW
NORTH STRATHFIELD,NSW3037,NSW
NORTH SYDNEY,NSW3038,NSW
NORTH TAMWORTH,NSW3039,NSW
NORTH TUMBULGUM,NSW3040,NSW
NORTH TURRAMURRA,NSW3041,NSW
NORTH WAGGA WAGGA,NSW3042,NSW
NORTH WAHROONGA,NSW3043,NSW
NORTH WILLOUGHBY,NSW3044,NSW
NORTH WOLLONGONG,NSW3045,NSW
NORTH WOODBURN,NSW3046,NSW
NORTH YALGOGRIN,NSW3047,NSW
NORTH YEOVAL,NSW3048,NSW
NORTHANGERA,NSW3049,NSW
NORTHBRIDGE,NSW3050,NSW
NORTHMEAD,NSW3051,NSW
NORTHWOOD,NSW3052,NSW
NORWAY,NSW3053,NSW
NORWEST,NSW5120,NSW
NOWENDOC,NSW3054,NSW
NOWLEY,NSW3055,NSW
NOWRA,NSW3056,NSW
NOWRA HILL,NSW3057,NSW
NUBBA,NSW3058,NSW
NUBINGERIE,,NSW
NULKABA,NSW3060,NSW
NULLAMANNA,NSW3061,NSW
NULLICA,NSW3062,NSW
NULLO MOUNTAIN,NSW3063,NSW
NUMBAA,NSW3064,NSW
NUMBER ONE,NSW3065,NSW
NUMBLA VALE,NSW3066,NSW
NUMBUGGA,NSW3067,NSW
NUMERALLA,NSW3068,NSW
NUMINBAH,NSW3069,NSW
NUMULGI,NSW3070,NSW
NUNDERI,NSW3071,NSW
NUNDLE,NSW3072,NSW
NUNGAR,NSW5139,NSW
NUNGATTA,NSW3073,NSW
NUNGATTA SOUTH,NSW3074,NSW
NURENMERENMONG,NSW3075,NSW
NYGURU VILLAGE,,NSW
NYMAGEE,NSW3076,NSW
NYMBOIDA,NSW3077,NSW
NYNGAN,NSW3078,NSW
NYORA,NSW3079,NSW
NYRANG CREEK,NSW3080,NSW
O'CONNELL,NSW3081,NSW
OAK FLATS,NSW3082,NSW
OAKDALE,NSW3083,NSW
OAKEY PARK,NSW5107,NSW
OAKHAMPTON,NSW3085,NSW
OAKHAMPTON HEIGHTS,NSW3086,NSW
OAKHURST,NSW3087,NSW
OAKLANDS,NSW3088,NSW
OAKVILLE,NSW3089,NSW
OAKWOOD,NSW3090,NSW
OAKY PARK,,NSW
OALLEN,NSW3092,NSW
OATLANDS,NSW3093,NSW
OATLEY,NSW3094,NSW
OBAN,NSW3095,NSW
OBANVALE,NSW3096,NSW
OBERNE CREEK,NSW3097,NSW
OBERON,NSW3098,NSW
OBLEY,NSW3099,NSW
OCEAN SHORES,NSW3100,NSW
OGUNBIL,NSW3101,NSW
OLD ADAMINABY,NSW3102,NSW
OLD BAR,NSW3103,NSW
OLD BONALBO,NSW3104,NSW
OLD EROWAL BAY,NSW3105,NSW
OLD GREVILLIA,NSW3106,NSW
OLD GUILDFORD,NSW3107,NSW
OLD JUNEE,NSW3109,NSW
OLD MILL,NSW3110,NSW
OLD STATION,NSW3111,NSW
OLD TOONGABBIE,NSW3112,NSW
OLINDA,NSW3113,NSW
OLNEY,NSW3114,NSW
OMADALE,NSW3115,NSW
ONE MILE,NSW3116,NSW
ONE TREE,NSW3117,NSW
OOLONG,NSW3118,NSW
OOMA,NSW3119,NSW
OOTHA,NSW3120,NSW
OPHIR,NSW3121,NSW
ORAN PARK,NSW3122,NSW
ORANGE,NSW3123,NSW
ORANGE GROVE,NSW3124,NSW
ORANGEVILLE,NSW3125,NSW
ORCHARD HILLS,NSW3126,NSW
ORIENT POINT,NSW3127,NSW
ORIENT POINT,NSW3127,NSW
ORTON PARK,NSW3128,NSW
OSBORNE,NSW3129,NSW
OSTERLEY,NSW3130,NSW
OSWALD,NSW3131,NSW
OTFORD,NSW3132,NSW
OURA,NSW3133,NSW
OURIMBAH,NSW3134,NSW
OURNIE,NSW3135,NSW
OWENS GAP,NSW3136,NSW
OXFORD FALLS,NSW3137,NSW
OXLEY,NSW3138,NSW
OXLEY,NSW3138,NSW
OXLEY ISLAND,NSW3140,NSW
OXLEY PARK,NSW3141,NSW
OXLEY VALE,NSW3142,NSW
OYSTER BAY,NSW3143,NSW
OYSTER COVE,NSW3144,NSW
PACKSADDLE,NSW3145,NSW
PADDINGTON,NSW3146,NSW
PADDYS FLAT,NSW3147,NSW
PADDYS FLAT,NSW3147,NSW
PADDYS FLAT,NSW3147,NSW
PADDYS RIVER,NSW3150,NSW
PADDYS RIVER,NSW3150,NSW
PADSTOW,NSW3151,NSW
PADSTOW HEIGHTS,NSW3152,NSW
PAGANS FLAT,NSW3153,NSW
PAGES CREEK,NSW3154,NSW
PAGES RIVER,NSW3155,NSW
PAGEWOOD,NSW3156,NSW
PALARANG,NSW3157,NSW
PALERANG,NSW3158,NSW
PALING YARDS,NSW5003,NSW
PALING YARDS,NSW5003,NSW
PALING YARDS,NSW5003,NSW
PALLAL,NSW3160,NSW
PALLAMALLAWA,NSW3161,NSW
PALM BEACH,NSW3162,NSW
PALM GROVE,NSW3163,NSW
PALMDALE,NSW3164,NSW
PALMERS CHANNEL,NSW3165,NSW
PALMERS ISLAND,NSW3166,NSW
PALMERS OAKY,NSW3167,NSW
PALMVALE,NSW3168,NSW
PALMWOODS,NSW3169,NSW
PALONA,,NSW
PAMBULA,NSW3170,NSW
PAMBULA BEACH,NSW3171,NSW
PAMPOOLAH,NSW3172,NSW
PAN BAN,NSW3173,NSW
PANANIA,NSW3174,NSW
PANGEE,NSW3175,NSW
PANUARA,NSW3176,NSW
PAPPINBARRA,NSW3177,NSW
PARA,NSW5053,NSW
PARADISE,NSW3178,NSW
PARINGI,NSW5056,NSW
PARKES,NSW3179,NSW
PARKESBOURNE,NSW3180,NSW
PARKLEA,NSW3181,NSW
PARKVILLE,NSW3182,NSW
PARMA,NSW3183,NSW
PARRAMATTA,NSW3184,NSW
PARRAWEENA,NSW3185,NSW
PATCHS BEACH,NSW3186,NSW
PATERSON,NSW3187,NSW
PATONGA,NSW3188,NSW
PAUPONG,NSW3189,NSW
PAXTON,NSW3190,NSW
PAYNES CROSSING,NSW3191,NSW
PAYTENS BRIDGE,NSW5083,NSW
PEACOCK CREEK,NSW3192,NSW
PEAK HILL,NSW3193,NSW
PEAK HILL MISSION,,NSW
PEAK VIEW,NSW3194,NSW
PEAKHURST,NSW3195,NSW
PEAKHURST HEIGHTS,NSW3196,NSW
PEARCES CREEK,NSW3197,NSW
PEARL BEACH,NSW3198,NSW
PEATS RIDGE,NSW3199,NSW
PEBBLY BEACH,NSW3200,NSW
PEEL,NSW3201,NSW
PEELWOOD,NSW3202,NSW
PEJAR,NSW3203,NSW
PELAW MAIN,NSW3204,NSW
PELICAN,NSW3205,NSW
PELTON,NSW3206,NSW
PEMBROOKE,NSW3207,NSW
PEMULWUY,NSW3208,NSW
PENDLE HILL,NSW3209,NSW
PENNANT HILLS,NSW3210,NSW
PENRITH,NSW3211,NSW
PENROSE,NSW3212,NSW
PENROSE,NSW3212,NSW
PENROSE,NSW3212,NSW
PENSHURST,NSW3214,NSW
PERICOE,NSW3215,NSW
PERISHER VALLEY,NSW5133,NSW
PERRYS CROSSING,NSW3216,NSW
PERTHVILLE,NSW3217,NSW
PETERSHAM,NSW3218,NSW
PHEASANTS NEST,NSW3219,NSW
PHEGANS BAY,NSW3220,NSW
PHILLIP BAY,NSW3221,NSW
PHOENIX PARK,NSW3222,NSW
PIALLAMORE,NSW3223,NSW
PIALLAWAY,NSW3224,NSW
PIAMBONG,NSW3225,NSW
PICKETTS VALLEY,NSW3226,NSW
PICNIC POINT,NSW3227,NSW
PICTON,NSW3228,NSW
PIGEONBAH,NSW3229,NSW
PIGGABEEN,NSW3230,NSW
PIKAPENE,NSW3231,NSW
PILLAR VALLEY,NSW3232,NSW
PILLIGA,NSW3233,NSW
PILOT WILDERNESS,NSW3234,NSW
PIMLICO,NSW3235,NSW
PIMLICO ISLAND,NSW3236,NSW
PINBEYAN,NSW3237,NSW
PINDAROI,NSW3238,NSW
PINDIMAR,NSW3239,NSW
PINE CAMP,NSW5051,NSW
PINE CLUMP,NSW3240,NSW
PINE GROVE,NSW3241,NSW
PINE LODGE,NSW3242,NSW
PINE RIDGE,NSW3243,NSW
PINE VALLEY,NSW3244,NSW
PINEY RANGE,NSW3245,NSW
PINKETT,NSW3246,NSW
PINNACLE,NSW3247,NSW
PINNACLE SWAMP,NSW3248,NSW
PINNY BEACH,NSW3249,NSW
PIORA,NSW3250,NSW
PIPECLAY,NSW3251,NSW
PITNACREE,NSW3252,NSW
PITT TOWN,NSW3253,NSW
PITT TOWN BOTTOMS,NSW3254,NSW
PITTWATER,NSW3255,NSW
PLEASANT HILLS,NSW3256,NSW
PLEASURE POINT,NSW3257,NSW
PLUMPTON,NSW3258,NSW
POINT CLARE,NSW3259,NSW
POINT FREDERICK,NSW3260,NSW
POINT PIPER,NSW3261,NSW
POINT WOLSTONCROFT,NSW3262,NSW
POINTER MOUNTAIN,NSW3263,NSW
POKOLBIN,NSW3264,NSW
POLA CREEK,NSW3265,NSW
POLO FLAT,NSW3266,NSW
POMEROY,NSW3267,NSW
POMONA,NSW5057,NSW
PONTO,NSW3268,NSW
POONCARIE,NSW3269,NSW
PORT BOTANY,NSW3270,NSW
PORT HACKING,NSW5042,NSW
PORT KEMBLA,NSW3271,NSW
PORT MACQUARIE,NSW3272,NSW
PORT STEPHENS,NSW3273,NSW
PORTERS CREEK,NSW3274,NSW
PORTERS RETREAT,NSW3275,NSW
PORTLAND,NSW3276,NSW
POSSUM BRUSH,NSW3277,NSW
POSSUM CREEK,NSW3278,NSW
POTATO POINT,NSW3279,NSW
POTTERY ESTATE,NSW3280,NSW
POTTS HILL,NSW3281,NSW
POTTS POINT,NSW3282,NSW
POTTSVILLE,NSW3283,NSW
PRAIRIEWOOD,NSW3284,NSW
PREMER,NSW3285,NSW
PRESTONS,NSW3286,NSW
PRETTY BEACH,NSW3288,NSW
PRETTY BEACH,NSW3288,NSW
PRETTY BEACH,NSW3288,NSW
PRETTY PINE,NSW3289,NSW
PRIMBEE,NSW3290,NSW
PRIMROSE VALLEY,NSW3291,NSW
PROSPECT,NSW3292,NSW
PROVIDENCE PORTAL,NSW3293,NSW
PUCAWAN,NSW3294,NSW
PUDDLEDOCK,NSW3295,NSW
PULGANBAR,NSW3296,NSW
PULLABOOKA,NSW3297,NSW
PULLETOP,NSW3298,NSW
PUMPENBIL,NSW3299,NSW
PUNCHBOWL,NSW3300,NSW
PUNCHBOWL,NSW3300,NSW
PURFLEET,NSW3302,NSW
PURFLEET,NSW3302,NSW
PURLEWAUGH,NSW3303,NSW
PUTNEY,NSW3304,NSW
PUTTA BUCCA,NSW3305,NSW
PUTTY,NSW3306,NSW
PYANGLE,NSW3307,NSW
PYMBLE,NSW3308,NSW
PYRAMUL,NSW3309,NSW
PYREE,NSW3310,NSW
PYRMONT,NSW3311,NSW
QUAAMA,NSW3312,NSW
QUAKERS HILL,NSW3313,NSW
QUAMBONE,NSW3314,NSW
QUANDA,NSW3315,NSW
QUANDARY,NSW3316,NSW
QUANDIALLA,NSW3317,NSW
QUEANBEYAN,NSW3318,NSW
QUEANBEYAN EAST,NSW3319,NSW
QUEANBEYAN WEST,NSW3320,NSW
QUEENS PARK,NSW3321,NSW
QUEENS PINCH,NSW3322,NSW
QUEENSCLIFF,NSW3323,NSW
QUIALIGO,NSW3324,NSW
QUIDONG,NSW3325,NSW
QUIERA,NSW3326,NSW
QUIPOLLY,NSW3327,NSW
QUIRINDI,NSW3328,NSW
QUORROBOLONG,NSW3329,NSW
RABY,NSW3330,NSW
RAGLAN,NSW3331,NSW
RAINBOW FLAT,NSW3332,NSW
RAINBOW REACH,NSW3333,NSW
RALEIGH,NSW3334,NSW
RAMORNIE,NSW3335,NSW
RAMSGATE,NSW3336,NSW
RAMSGATE BEACH,NSW3337,NSW
RAND,NSW3338,NSW
RANDWICK,NSW3339,NSW
RANGARI,NSW3340,NSW
RANGERS VALLEY,NSW3341,NSW
RANKIN PARK,NSW3342,NSW
RANKINS SPRINGS,NSW3343,NSW
RANNOCK,NSW3344,NSW
RAPPVILLE,NSW3345,NSW
RATHMINES,NSW3346,NSW
RAVENSDALE,NSW3347,NSW
RAVENSWOOD,NSW3348,NSW
RAVENSWORTH,NSW3349,NSW
RAWDON ISLAND,NSW3350,NSW
RAWDON VALE,NSW3351,NSW
RAWORTH,NSW3352,NSW
RAWSONVILLE,NSW3353,NSW
RAYMOND TERRACE,NSW3355,NSW
RAZORBACK,NSW3356,NSW
RAZORBACK,NSW3356,NSW
RED HEAD,NSW3358,NSW
RED HILL,NSW5004,NSW
RED HILL,NSW5004,NSW
RED HILL,NSW5004,NSW
RED RANGE,NSW3361,NSW
RED ROCK,NSW3362,NSW
RED ROCKS,NSW3363,NSW
REDBANK,NSW3364,NSW
REDBOURNBERRY,NSW3365,NSW
REDDESTONE,NSW3366,NSW
REDFERN,NSW3367,NSW
REDHEAD,NSW3368,NSW
REDLANDS,NSW3369,NSW
REEDY CREEK,NSW3371,NSW
REEDY SWAMP,NSW3372,NSW
REEFTON,NSW3373,NSW
REGENTS PARK,NSW3374,NSW
REGENTVILLE,NSW3375,NSW
REIDS FLAT,NSW3376,NSW
REIDSDALE,NSW3377,NSW
RENNIE,NSW3378,NSW
RENO,NSW5116,NSW
RENWICK,NSW5067,NSW
REPENTANCE CREEK,NSW3379,NSW
REPTON,NSW3380,NSW
RESERVE CREEK,NSW3381,NSW
RETREAT,NSW3382,NSW
REVESBY,NSW3383,NSW
REVESBY HEIGHTS,NSW3384,NSW
RHINE FALLS,NSW3385,NSW
RHODES,NSW3386,NSW
RICHARDS,,NSW
RICHLANDS,NSW3387,NSW
RICHMOND,NSW3389,NSW
RICHMOND HILL,NSW3390,NSW
RICHMOND LOWLANDS,NSW3391,NSW
RICHMOND VALE,NSW3392,NSW
RILEYS HILL,NSW3393,NSW
RINGWOOD,NSW3394,NSW
RIVERLEA,NSW3395,NSW
RIVERSIDE,NSW3396,NSW
RIVERSTONE,NSW3397,NSW
RIVERTREE,NSW3398,NSW
RIVERVIEW,NSW3399,NSW
RIVERVIEW,NSW3399,NSW
RIVERVIEW,NSW3399,NSW
RIVERWOOD,NSW3401,NSW
RIXS CREEK,NSW3402,NSW
ROB ROY,NSW3403,NSW
ROBERTSON,NSW3404,NSW
ROBIN HILL,NSW3405,NSW
ROCK FLAT,NSW3406,NSW
ROCK FOREST,NSW3407,NSW
ROCK VALLEY,NSW3408,NSW
ROCKDALE,NSW3409,NSW
ROCKLEY,NSW3410,NSW
ROCKLEY MOUNT,NSW3411,NSW
ROCKLILY RIDGE,,NSW
ROCKTON,NSW3412,NSW
ROCKY CREEK,NSW3413,NSW
ROCKY CREEK,NSW3413,NSW
ROCKY CREEK,NSW3413,NSW
ROCKY CREEK,NSW3413,NSW
ROCKY GLEN,NSW3415,NSW
ROCKY HALL,NSW3416,NSW
ROCKY PLAIN,NSW3417,NSW
ROCKY POINT,NSW3418,NSW
ROCKY RIVER,NSW3420,NSW
ROCKY RIVER,NSW3420,NSW
RODD POINT,NSW3422,NSW
ROLLANDS PLAINS,NSW3423,NSW
ROOKHURST,NSW3424,NSW
ROOKWOOD,NSW3425,NSW
ROOTY HILL,NSW3426,NSW
ROPERS ROAD,NSW3427,NSW
ROPES CROSSING,NSW3428,NSW
ROSE BAY,NSW3429,NSW
ROSE VALLEY,NSW3431,NSW
ROSE VALLEY,NSW3431,NSW
ROSEBANK,NSW3432,NSW
ROSEBERG,NSW3433,NSW
ROSEBERRY,NSW3434,NSW
ROSEBERRY CREEK,NSW3435,NSW
ROSEBERY,NSW3436,NSW
ROSEBROOK,NSW3437,NSW
ROSEDALE,NSW3438,NSW
ROSEHILL,NSW3439,NSW
ROSELANDS,NSW3440,NSW
ROSEMEADOW,NSW3441,NSW
ROSEMEATH,NSW3442,NSW
ROSEVILLE,NSW3443,NSW
ROSEVILLE CHASE,NSW3444,NSW
ROSEWOOD,NSW3445,NSW
ROSEWOOD,NSW3445,NSW
ROSLYN,NSW3447,NSW
ROSSGLEN,NSW3448,NSW
ROSSGOLE,NSW3449,NSW
ROSSI,NSW3450,NSW
ROSSMORE,NSW3451,NSW
ROTHBURY,NSW3452,NSW
ROTO,NSW3453,NSW
ROUCHEL,NSW3454,NSW
ROUCHEL BROOK,NSW3455,NSW
ROUGHIT,NSW3456,NSW
ROUND MOUNTAIN,NSW3457,NSW
ROUND SWAMP,NSW3458,NSW
ROUS,NSW3459,NSW
ROUS MILL,NSW3460,NSW
ROUSE HILL,NSW3461,NSW
ROWAN,NSW3462,NSW
ROWENA,NSW3463,NSW
ROWLANDS CREEK,NSW3464,NSW
ROYAL NATIONAL PARK,NSW3465,NSW
ROYALLA,NSW3466,NSW
ROZELLE,NSW3467,NSW
RUBY CREEK,NSW5033,NSW
RUFUS,NSW5050,NSW
RUGBY,NSW3469,NSW
RUKENVALE,NSW3470,NSW
RUN-O-WATERS,NSW3471,NSW
RUNNING STREAM,NSW3472,NSW
RUNNYFORD,NSW3473,NSW
RUSE,NSW3474,NSW
RUSHCUTTERS BAY,NSW3475,NSW
RUSHES CREEK,NSW3476,NSW
RUSHFORTH,NSW3477,NSW
RUSSELL LEA,NSW3478,NSW
RUSSELL VALE,NSW3479,NSW
RUTHERFORD,NSW3480,NSW
RUTHVEN,NSW3481,NSW
RYAN,NSW3482,NSW
RYDAL,NSW3483,NSW
RYDALMERE,NSW3484,NSW
RYDE,NSW3485,NSW
RYE PARK,NSW3486,NSW
RYHOPE,NSW3487,NSW
RYLSTONE,NSW3488,NSW
SACKVILLE,NSW3489,NSW
SACKVILLE NORTH,NSW3490,NSW
SADDLEBACK MOUNTAIN,NSW3491,NSW
SADLEIR,NSW3492,NSW
SAFETY BEACH,NSW3493,NSW
SALAMANDER BAY,NSW3494,NSW
SALISBURY,NSW3495,NSW
SALISBURY PLAINS,NSW3496,NSW
SALLYS FLAT,NSW3497,NSW
SALT ASH,NSW3498,NSW
SALTWATER,NSW3499,NSW
SAN ISIDORE,NSW3500,NSW
SAN REMO,NSW3501,NSW
SANCROX,NSW3502,NSW
SANCTUARY POINT,NSW3503,NSW
SANDBAR,NSW3504,NSW
SANDGATE,NSW3505,NSW
SANDIGO,NSW3506,NSW
SANDILANDS,NSW3507,NSW
SANDON,NSW3508,NSW
SANDRINGHAM,NSW3509,NSW
SANDY BEACH,NSW3510,NSW
SANDY CREEK,NSW3511,NSW
SANDY CREEK,NSW3511,NSW
SANDY CROSSING,NSW3513,NSW
SANDY FLAT,NSW3514,NSW
SANDY GULLY,NSW3515,NSW
SANDY HILL,NSW3516,NSW
SANDY HOLLOW,NSW3517,NSW
SANDY POINT,NSW3518,NSW
SANGER,NSW3519,NSW
SANS SOUCI,NSW3520,NSW
SAPPHIRE,NSW3522,NSW
SAPPHIRE BEACH,NSW3523,NSW
SARATOGA,NSW3524,NSW
SASSAFRAS,NSW3525,NSW
SAUMAREZ,NSW3526,NSW
SAUMAREZ PONDS,NSW3527,NSW
SAVERNAKE,NSW3528,NSW
SAWPIT CREEK,NSW3529,NSW
SAWTELL,NSW3530,NSW
SAWYERS GULLY,NSW3531,NSW
SCARBOROUGH,NSW3532,NSW
SCHEYVILLE,NSW3533,NSW
SCHOFIELDS,NSW3534,NSW
SCONE,NSW3535,NSW
SCOTIA,NSW3536,NSW
SCOTLAND ISLAND,NSW3537,NSW
SCOTTS CREEK,NSW3538,NSW
SCOTTS FLAT,NSW3539,NSW
SCOTTS HEAD,NSW3540,NSW
SEAFORTH,NSW3541,NSW
SEAHAM,NSW3542,NSW
SEAHAMPTON,NSW3543,NSW
SEAL ROCKS,NSW3544,NSW
SEBASTOPOL,NSW3545,NSW
SEDGEFIELD,NSW3546,NSW
SEELANDS,NSW3547,NSW
SEFTON,NSW3548,NSW
SEGENHOE,NSW3549,NSW
SEVEN HILLS,NSW3550,NSW
SEVEN OAKS,NSW3551,NSW
SEXTONVILLE,NSW3552,NSW
SHADFORTH,NSW3553,NSW
SHALLOW BAY,NSW3554,NSW
SHALVEY,NSW3555,NSW
SHANES PARK,NSW3556,NSW
SHANNON BROOK,NSW3557,NSW
SHANNON VALE,NSW3558,NSW
SHANNONDALE,NSW3559,NSW
SHANNONS FLAT,NSW3560,NSW
SHARK CREEK,NSW3561,NSW
SHARPS CREEK,NSW3562,NSW
SHEEDYS GULLY,NSW3563,NSW
SHELL COVE,NSW3564,NSW
SHELLHARBOUR,NSW3565,NSW
SHELLHARBOUR CITY CENTRE,NSW3566,NSW
SHELLY BEACH,NSW3567,NSW
SHERWOOD,NSW3570,NSW
SHERWOOD,NSW3570,NSW
SHERWOOD,NSW3570,NSW
SHOAL BAY,NSW3571,NSW
SHOALHAVEN HEADS,NSW3572,NSW
SHOOTERS HILL,NSW3573,NSW
SHORTLAND,NSW3574,NSW
SILENT GROVE,NSW3575,NSW
SILVERDALE,NSW3576,NSW
SILVERTON,NSW3577,NSW
SILVERWATER,NSW3579,NSW
SILVERWATER,NSW3579,NSW
SIMPKINS CREEK,NSW3580,NSW
SINGLETON,NSW3581,NSW
SINGLETON HEIGHTS,NSW3582,NSW
SINGLETON MILITARY AREA,NSW3583,NSW
SINGLETONS MILL,NSW3584,NSW
SIX MILE SWAMP,NSW3585,NSW
SKENNARS HEAD,NSW3586,NSW
SKILLION FLAT,NSW3587,NSW
SKINNERS SHOOT,NSW3588,NSW
SLEEPY HOLLOW,NSW3589,NSW
SMEATON GRANGE,NSW3590,NSW
SMIGGIN HOLES,NSW5135,NSW
SMITHFIELD,NSW3591,NSW
SMITHS CREEK,NSW3594,NSW
SMITHS CREEK,NSW3594,NSW
SMITHS CREEK,NSW3594,NSW
SMITHS LAKE,NSW3595,NSW
SMITHTOWN,NSW3596,NSW
SNAKES PLAIN,NSW3597,NSW
SNOWBALL,NSW3598,NSW
SNOWY PLAIN,NSW3599,NSW
SODWALLS,NSW3600,NSW
SOFALA,NSW3601,NSW
SOLDIERS POINT,NSW3602,NSW
SOMERSBY,NSW3603,NSW
SOMERTON,NSW3604,NSW
SOUTH ALBURY,NSW3605,NSW
SOUTH ARM,NSW3607,NSW
SOUTH ARM,NSW3607,NSW
SOUTH BALLINA,NSW3608,NSW
SOUTH BATHURST,NSW3609,NSW
SOUTH BOWENFELS,NSW3610,NSW
SOUTH COOGEE,NSW3611,NSW
SOUTH DURRAS,NSW3612,NSW
SOUTH GOLDEN BEACH,NSW3614,NSW
SOUTH GRAFTON,NSW3615,NSW
SOUTH GRANVILLE,NSW3616,NSW
SOUTH GUNDAGAI,NSW3617,NSW
SOUTH GUNDURIMBA,NSW3618,NSW
SOUTH GUYRA,NSW3619,NSW
SOUTH HURSTVILLE,NSW3620,NSW
SOUTH KEMPSEY,NSW3621,NSW
SOUTH LISMORE,NSW3622,NSW
SOUTH LITTLETON,NSW3623,NSW
SOUTH MAITLAND,NSW3624,NSW
SOUTH MAROOTA,NSW3625,NSW
SOUTH MURWILLUMBAH,NSW3626,NSW
SOUTH NOWRA,NSW3627,NSW
SOUTH PAMBULA,NSW3628,NSW
SOUTH PENRITH,NSW3629,NSW
SOUTH TAMWORTH,NSW3630,NSW
SOUTH TURRAMURRA,NSW3631,NSW
SOUTH WENTWORTHVILLE,NSW3632,NSW
SOUTH WEST ROCKS,NSW3633,NSW
SOUTH WINDSOR,NSW3634,NSW
SOUTH WOLUMLA,NSW3635,NSW
SOUTHAMPTON,NSW3636,NSW
SOUTHGATE,NSW3637,NSW
SPEERS POINT,NSW3638,NSW
SPEEWA,NSW3639,NSW
SPENCER,NSW3640,NSW
SPICERS CREEK,NSW3641,NSW
SPICKETTS CREEK,NSW3642,NSW
SPLITTERS CREEK,NSW3643,NSW
SPRING CREEK,NSW3644,NSW
SPRING FARM,NSW3645,NSW
SPRING FLAT,NSW3646,NSW
SPRING GROVE,NSW3647,NSW
SPRING HILL,NSW3649,NSW
SPRING HILL,NSW3649,NSW
SPRING MOUNTAIN,NSW3650,NSW
SPRING PLAINS,NSW3651,NSW
SPRING RIDGE,NSW3652,NSW
SPRING TERRACE,NSW3653,NSW
SPRINGDALE,NSW3654,NSW
SPRINGDALE HEIGHTS,NSW3655,NSW
SPRINGFIELD,NSW3657,NSW
SPRINGFIELD,NSW3657,NSW
SPRINGRANGE,NSW3658,NSW
SPRINGSIDE,NSW3659,NSW
SPRINGVALE,NSW3660,NSW
SPRINGVALE,NSW3660,NSW
SPRINGWOOD,NSW3662,NSW
ST ALBANS,NSW3663,NSW
ST ANDREWS,NSW3664,NSW
ST CLAIR,NSW3666,NSW
ST CLAIR,NSW3666,NSW
ST FILLANS,NSW3667,NSW
ST GEORGE,NSW3668,NSW
ST GEORGES BASIN,NSW3669,NSW
ST HELENS PARK,NSW3670,NSW
ST HUBERTS ISLAND,NSW3671,NSW
ST IVES,NSW3672,NSW
ST IVES CHASE,NSW3673,NSW
ST JOHNS PARK,NSW3674,NSW
ST LEONARDS,NSW3675,NSW
ST MARYS,NSW3676,NSW
ST PETERS,NSW3677,NSW
STANBOROUGH,NSW3678,NSW
STANBRIDGE,NSW3679,NSW
STANFORD MERTHYR,NSW3680,NSW
STANHOPE,NSW3681,NSW
STANHOPE GARDENS,NSW3682,NSW
STANLEY VILLAGE,,NSW
STANMORE,NSW3683,NSW
STANNIFER,NSW3684,NSW
STANNUM,NSW3685,NSW
STANWELL PARK,NSW3686,NSW
STANWELL TOPS,NSW3687,NSW
STATE MINE GULLY,NSW3688,NSW
STEAM PLAINS,NSW3689,NSW
STEEPLE FLAT,NSW3690,NSW
STEWARTS BROOK,NSW3692,NSW
STEWARTS MOUNT,NSW3693,NSW
STEWARTS RIVER,NSW3694,NSW
STOCKINBINGAL,NSW3695,NSW
STOCKRINGTON,NSW3696,NSW
STOCKTON,NSW3697,NSW
STOCKYARD CREEK,NSW3698,NSW
STOKERS SIDING,NSW3699,NSW
STONEHENGE,NSW3700,NSW
STONEQUARRY,NSW5034,NSW
STONY CHUTE,NSW3701,NSW
STONY CREEK,NSW3702,NSW
STONY CREEK,NSW3702,NSW
STONY CROSSING,NSW3704,NSW
STOTTS CREEK,NSW3705,NSW
STRATFORD,NSW3706,NSW
STRATHCEDAR,NSW3707,NSW
STRATHEDEN,NSW3708,NSW
STRATHFIELD,NSW3709,NSW
STRATHFIELD SOUTH,NSW3710,NSW
STREAM HILL,,NSW
STROUD,NSW3711,NSW
STROUD HILL,NSW3712,NSW
STROUD ROAD,NSW3713,NSW
STUART TOWN,NSW3714,NSW
STUARTS POINT,NSW3715,NSW
STUBBO,NSW3716,NSW
STUD PARK,NSW3717,NSW
SUFFOLK PARK,NSW3718,NSW
SUGARLOAF,NSW3719,NSW
SUMMER HILL,NSW3721,NSW
SUMMER HILL,NSW3721,NSW
SUMMER HILL,NSW3721,NSW
SUMMER HILL,NSW3721,NSW
SUMMER HILL CREEK,NSW3722,NSW
SUMMER ISLAND,NSW3723,NSW
SUMMERLAND POINT,NSW3724,NSW
SUMMERVALE,,NSW
SUN VALLEY,NSW3725,NSW
SUNNY CORNER,NSW3726,NSW
SUNSET STRIP,NSW5044,NSW
SUNSHINE,NSW3728,NSW
SUNSHINE BAY,NSW3729,NSW
SUNTOP,NSW3730,NSW
SURF BEACH,NSW3731,NSW
SURFSIDE,NSW3732,NSW
SURRY HILLS,NSW3733,NSW
SUSSEX INLET,NSW3734,NSW
SUTHERLAND,NSW3735,NSW
SUTTON,NSW3736,NSW
SUTTON FOREST,NSW3737,NSW
SWAN BAY,NSW3738,NSW
SWAN BAY,NSW3738,NSW
SWAN CREEK,NSW3740,NSW
SWAN VALE,NSW3741,NSW
SWANBROOK,NSW3742,NSW
SWANHAVEN,NSW3743,NSW
SWANS CROSSING,NSW3744,NSW
SWANSEA,NSW3745,NSW
SWANSEA HEADS,NSW3746,NSW
SWEETMANS CREEK,NSW3747,NSW
SYDENHAM,NSW3748,NSW
SYDNEY,NSW3749,NSW
SYDNEY OLYMPIC PARK,NSW5045,NSW
SYLVANIA,NSW3750,NSW
SYLVANIA WATERS,NSW3751,NSW
TABBIL CREEK,NSW3752,NSW
TABBIMOBLE,NSW3753,NSW
TABBITA,NSW3754,NSW
TABLE TOP,NSW3755,NSW
TABULAM,NSW3756,NSW
TACOMA,NSW3757,NSW
TACOMA SOUTH,NSW3758,NSW
TAHLEE,NSW3759,NSW
TAHMOOR,NSW3760,NSW
TALARM,NSW3761,NSW
TALAWANTA,NSW3762,NSW
TALBINGO,NSW3763,NSW
TALLAWANG,NSW3764,NSW
TALLAWONG,,NSW
TALLIMBA,NSW3765,NSW
TALLONG,NSW3766,NSW
TALLOWAL,NSW3767,NSW
TALLOWWOOD RIDGE,NSW3768,NSW
TALLWOOD,NSW3769,NSW
TALLWOODS VILLAGE,NSW3770,NSW
TALMALMO,NSW3771,NSW
TALOFA,NSW3772,NSW
TALOUMBI,NSW3773,NSW
TAMARAMA,NSW3774,NSW
TAMBAN,NSW3775,NSW
TAMBAR SPRINGS,NSW3776,NSW
TAMBAROORA,NSW3777,NSW
TAMINDA,NSW3778,NSW
TAMWORTH,NSW3779,NSW
TANGLEWOOD,NSW3780,NSW
TANILBA BAY,NSW3781,NSW
TANJA,NSW3782,NSW
TANNABAR,NSW3783,NSW
TANNAS MOUNT,NSW3784,NSW
TANTANGARA,NSW3785,NSW
TANTAWANGALO,NSW3786,NSW
TANTONAN,NSW3787,NSW
TAPITALLEE,NSW3788,NSW
TARA,NSW3789,NSW
TARADALE,NSW3790,NSW
TARAGO,NSW3791,NSW
TARALGA,NSW3792,NSW
TARANA,NSW3793,NSW
TARBAN,NSW3794,NSW
TARBUCK BAY,NSW3795,NSW
TARCUTTA,NSW3796,NSW
TAREE,NSW3797,NSW
TAREE SOUTH,NSW3798,NSW
TAREN POINT,NSW3799,NSW
TARLO,NSW3800,NSW
TARRAGANDA,NSW3801,NSW
TARRAWANNA,NSW3802,NSW
TARRIARO,NSW3803,NSW
TARRO,NSW3804,NSW
TASCOTT,NSW3805,NSW
TATHAM,NSW3806,NSW
TATHRA,NSW3807,NSW
TATTON,NSW3808,NSW
TAYLORS ARM,NSW3809,NSW
TAYLORS BEACH,NSW3810,NSW
TAYLORS FLAT,NSW3811,NSW
TEA GARDENS,NSW3812,NSW
TELARAH,NSW3813,NSW
TELEGRAPH POINT,NSW3814,NSW
TELOPEA,NSW3815,NSW
TEMAGOG,NSW3816,NSW
TEMORA,NSW3817,NSW
TEMPE,NSW3818,NSW
TEN MILE HOLLOW,NSW3819,NSW
TENAMBIT,NSW3820,NSW
TENANDRA,NSW3821,NSW
TENNYSON,NSW3822,NSW
TENNYSON POINT,NSW3823,NSW
TENTERDEN,NSW3824,NSW
TENTERFIELD,NSW3825,NSW
TERALBA,NSW3826,NSW
TERANIA CREEK,NSW3827,NSW
TERARA,NSW3828,NSW
TERIDGERIE,NSW3829,NSW
TERMEIL,NSW3830,NSW
TERRABELLA,NSW3831,NSW
TERRACE CREEK,NSW3832,NSW
TERRAGON,NSW3833,NSW
TERRAMUNGAMINE,NSW3834,NSW
TERRANORA,NSW3835,NSW
TERREEL,NSW3836,NSW
TERREY HILLS,NSW3837,NSW
TERRIGAL,NSW3838,NSW
TERRY HIE HIE,NSW3839,NSW
TESSELATE HILL,,NSW
TEVEN,NSW3840,NSW
TEWINGA,NSW3841,NSW
TEXAS,NSW3842,NSW
THALGARRAH,NSW3843,NSW
THARBOGANG,NSW3844,NSW
THE ANGLE,NSW3845,NSW
THE BASIN,NSW3846,NSW
THE BIGHT,NSW3847,NSW
THE BLOCK,,NSW
THE BRANCH,NSW3848,NSW
THE BROTHERS,NSW3849,NSW
THE CHANNON,NSW3850,NSW
THE DEVILS WILDERNESS,NSW3851,NSW
THE ENTRANCE,NSW3852,NSW
THE ENTRANCE NORTH,NSW3853,NSW
THE FRESHWATER,NSW3854,NSW
THE GAP,NSW3856,NSW
THE GAP,NSW3856,NSW
THE GLEN,NSW3857,NSW
THE GULF,NSW3858,NSW
THE HATCH,NSW3859,NSW
THE HILL,NSW3860,NSW
THE JUNCTION,NSW3861,NSW
THE LAGOON,NSW3862,NSW
THE MALLEE,,NSW
THE MARRA,NSW3863,NSW
THE MEADOWS,NSW3864,NSW
THE OAKS,NSW3865,NSW
THE PILLIGA,NSW3866,NSW
THE PINNACLES,NSW3868,NSW
THE POCKET,NSW3869,NSW
THE PONDS,NSW3870,NSW
THE RIDGEWAY,NSW3871,NSW
THE RISK,NSW3872,NSW
THE ROCK,NSW3873,NSW
THE ROCKS,NSW3874,NSW
THE ROCKS,NSW3874,NSW
THE SANDON,NSW3876,NSW
THE SLOPES,NSW3878,NSW
THE WHITEMAN,NSW3880,NSW
THERESA CREEK,NSW3881,NSW
THERESA PARK,NSW3882,NSW
THIRLDENE,NSW3884,NSW
THIRLMERE,NSW3883,NSW
THIRROUL,NSW3885,NSW
THORA,NSW3886,NSW
THORNLEIGH,NSW3887,NSW
THORNTON,NSW3888,NSW
THREDBO,NSW5140,NSW
THREE WAYS,,NSW
THRUMSTER,NSW3889,NSW
THUDDUNGRA,NSW3890,NSW
THULE,NSW3891,NSW
THUMB CREEK,NSW3892,NSW
THURGOONA,NSW3893,NSW
THYRA,NSW3894,NSW
TIANJARA,NSW3895,NSW
TIBBUC,NSW3896,NSW
TIBOOBURRA,NSW3897,NSW
TICHBORNE,NSW3898,NSW
TICHULAR,NSW3899,NSW
TIGHES HILL,NSW3900,NSW
TILBA TILBA,NSW3901,NSW
TILBUSTER,NSW3902,NSW
TILLIGERRY CREEK,NSW3903,NSW
TILPA,NSW3904,NSW
TIMBARRA,NSW3905,NSW
TIMBILLICA,NSW3906,NSW
TIMBUMBURI,NSW3907,NSW
TIMOR,NSW3908,NSW
TINDAREY,NSW3909,NSW
TINDERRY,NSW3910,NSW
TINGHA,NSW3911,NSW
TINGIRA HEIGHTS,NSW3912,NSW
TINONEE,NSW3913,NSW
TINPOT,NSW3914,NSW
TINTENBAR,NSW3915,NSW
TINTINHULL,NSW3916,NSW
TIONA,NSW3917,NSW
TIPPERARY,NSW3918,NSW
TIRI,NSW3919,NSW
TIRRANNAVILLE,NSW3920,NSW
TITAATEE CREEK,NSW3921,NSW
TOCAL,NSW3922,NSW
TOCUMWAL,NSW3923,NSW
TOLBAR,NSW5128,NSW
TOLLAND,NSW3924,NSW
TOLWONG,NSW3925,NSW
TOMAGO,NSW3926,NSW
TOMAKIN,NSW3927,NSW
TOMALLA,NSW3928,NSW
TOMBONG,NSW3929,NSW
TOMBOYE,NSW3930,NSW
TOMERONG,NSW3931,NSW
TOMEWIN,NSW3932,NSW
TOMINGLEY,NSW3933,NSW
TOMKI,NSW5078,NSW
TOMS CREEK,NSW3934,NSW
TONDERBURINE,NSW3935,NSW
TONGARRA,NSW3936,NSW
TOOGONG,NSW3937,NSW
TOOLEYBUC,NSW3938,NSW
TOOLIJOOA,NSW3939,NSW
TOOLOOM,NSW3940,NSW
TOOLOON,NSW3941,NSW
TOOMA,NSW3942,NSW
TOOMELAH,,NSW
TOONGABBIE,NSW3943,NSW
TOONGI,NSW3944,NSW
TOONUMBAR,NSW3945,NSW
TOORANIE,NSW3946,NSW
TOORAWEENAH,NSW3947,NSW
TOORMINA,NSW3948,NSW
TOOROOKA,NSW3949,NSW
TOOTHDALE,NSW3950,NSW
TOOTOOL,NSW3951,NSW
TOOWOON BAY,NSW3952,NSW
TOPI TOPI,NSW3953,NSW
TORONTO,NSW3954,NSW
TORRINGTON,NSW3955,NSW
TORRYBURN,NSW3956,NSW
TORRYBURN,NSW3956,NSW
TORRYBURN,NSW3956,NSW
TOTNES VALLEY,NSW3958,NSW
TOTTENHAM,NSW3959,NSW
TOUGA,NSW3960,NSW
TOUKLEY,NSW3961,NSW
TOWALLUM,NSW3962,NSW
TOWAMBA,NSW3963,NSW
TOWNSEND,NSW3964,NSW
TOWRADGI,NSW3965,NSW
TOWRANG,NSW3966,NSW
TRALEE,NSW3967,NSW
TRANGIE,NSW3968,NSW
TREGEAGLE,NSW3969,NSW
TREGEAR,NSW3970,NSW
TRENAYR,NSW3971,NSW
TRENTHAM CLIFFS,NSW5060,NSW
TREWILGA,NSW3972,NSW
TRIAMBLE,NSW3973,NSW
TRIANGLE FLAT,NSW3974,NSW
TRUNDLE,NSW3976,NSW
TRUNGLEY HALL,NSW3977,NSW
TRUNKEY CREEK,NSW3978,NSW
TRUSTUMS HILL,,NSW
TUBBAMURRA,NSW3980,NSW
TUBBUL,NSW3981,NSW
TUCABIA,NSW3982,NSW
TUCKI TUCKI,NSW3983,NSW
TUCKOMBIL,NSW3984,NSW
TUCKURIMBA,NSW3985,NSW
TUENA,NSW3986,NSW
TUGGERAH,NSW3987,NSW
TUGGERAWONG,NSW3988,NSW
TUGRABAKH,NSW3989,NSW
TULLAKOOL,NSW3990,NSW
TULLAMORE,NSW3991,NSW
TULLARWALLA,NSW3992,NSW
TULLERA,NSW3993,NSW
TULLIBIGEAL,NSW3994,NSW
TULLIMBAR,NSW3995,NSW
TULLOONA,NSW3996,NSW
TULLYMORGAN,NSW3997,NSW
TUMBARUMBA,NSW3998,NSW
TUMBI UMBI,NSW3999,NSW
TUMBLONG,NSW4000,NSW
TUMBULGUM,NSW4001,NSW
TUMORRAMA,NSW4002,NSW
TUMUT,NSW4003,NSW
TUMUT PLAINS,NSW4004,NSW
TUNCESTER,NSW4005,NSW
TUNCURRY,NSW4006,NSW
TUNGLEBUNG,NSW4007,NSW
TUNTABLE CREEK,NSW4008,NSW
TUPPAL,NSW4009,NSW
TURA BEACH,NSW4010,NSW
TURILL,NSW4011,NSW
TURLINJAH,NSW4012,NSW
TURNERS FLAT,NSW4013,NSW
TURONDALE,NSW4014,NSW
TUROSS,NSW4015,NSW
TUROSS HEAD,NSW4016,NSW
TURRAMURRA,NSW4017,NSW
TURRAWAN,NSW4018,NSW
TURRELLA,NSW4019,NSW
TURVEY PARK,NSW4020,NSW
TWEED HEADS,NSW4021,NSW
TWEED HEADS SOUTH,NSW4022,NSW
TWEED HEADS WEST,NSW4023,NSW
TWELVE MILE,NSW4024,NSW
TWELVE MILE CREEK,NSW4025,NSW
TWELVE MILE PEG,NSW4026,NSW
TWENTY FORESTS,NSW4027,NSW
TWIN RIVERS,NSW4028,NSW
TWO MILE FLAT,NSW5070,NSW
TYAGARAH,NSW4029,NSW
TYALGUM,NSW4030,NSW
TYALGUM CREEK,NSW4031,NSW
TYGALGAH,NSW4032,NSW
TYNDALE,NSW4033,NSW
TYRINGHAM,NSW4034,NSW
UARBRY,NSW4035,NSW
UKI,NSW4036,NSW
ULAMAMBRI,NSW4037,NSW
ULAN,NSW4038,NSW
ULLADULLA,NSW4039,NSW
ULLAMALLA,NSW4040,NSW
ULMARRA,NSW4041,NSW
ULONG,NSW4042,NSW
ULOOLA,,NSW
ULTIMO,NSW4043,NSW
UMINA BEACH,NSW4044,NSW
UNANDERRA,NSW4045,NSW
UNDERBANK,NSW4046,NSW
UNDERCLIFFE,NSW5026,NSW
UNGARIE,NSW4047,NSW
UNUMGAR,NSW4048,NSW
UPPER ALLYN,NSW4049,NSW
UPPER BINGARA,NSW4050,NSW
UPPER BURRINGBAR,NSW4051,NSW
UPPER BYLONG,NSW4052,NSW
UPPER COLO,NSW4053,NSW
UPPER COOPERS CREEK,NSW4054,NSW
UPPER COPMANHURST,NSW4055,NSW
UPPER CORINDI,NSW4056,NSW
UPPER CRYSTAL CREEK,NSW4057,NSW
UPPER DARTBROOK,NSW4058,NSW
UPPER DUCK CREEK,NSW4059,NSW
UPPER DUROBY,NSW4060,NSW
UPPER EDEN CREEK,NSW4061,NSW
UPPER FINE FLOWER,NSW4062,NSW
UPPER GROWEE,NSW4063,NSW
UPPER HORSESHOE CREEK,NSW4064,NSW
UPPER HORTON,NSW4065,NSW
UPPER KANGAROO RIVER,NSW4066,NSW
UPPER KANGAROO VALLEY,NSW4067,NSW
UPPER KARUAH RIVER,NSW4068,NSW
UPPER LANSDOWNE,NSW4069,NSW
UPPER MACDONALD,NSW4070,NSW
UPPER MAIN ARM,NSW4071,NSW
UPPER MANGROVE,NSW4072,NSW
UPPER MANILLA,NSW4073,NSW
UPPER MONGOGARIE,NSW4074,NSW
UPPER MYALL,NSW4075,NSW
UPPER NILE,NSW4076,NSW
UPPER OBLEY,,NSW
UPPER ORARA,NSW4077,NSW
UPPER PAPPINBARRA,NSW4078,NSW
UPPER ROLLANDS PLAINS,NSW4079,NSW
UPPER ROUCHEL,NSW4080,NSW
UPPER TAYLORS ARM,NSW4081,NSW
UPPER TOOLOOM,NSW4082,NSW
UPPER TURON,NSW4083,NSW
UPPER WILSONS CREEK,NSW4084,NSW
UPSALLS CREEK,NSW4085,NSW
URALBA,NSW4086,NSW
URALLA,NSW4087,NSW
URANA,NSW4088,NSW
URANGELINE,NSW4089,NSW
URANGELINE EAST,NSW4090,NSW
URANQUINTY,NSW4091,NSW
URAWILKIE,NSW4092,NSW
URBENVILLE,NSW4093,NSW
URIARRA,NSW4094,NSW
URILA,NSW4095,NSW
URLIUP,NSW4096,NSW
URUNGA,NSW4097,NSW
UTUNGUN,NSW4098,NSW
VACY,NSW4099,NSW
VALE OF CLWYDD,NSW4100,NSW
VALENTINE,NSW4101,NSW
VALERY,NSW4102,NSW
VALLA,NSW4103,NSW
VALLA BEACH,NSW4104,NSW
VALLEY HEIGHTS,NSW4105,NSW
VARROVILLE,NSW4106,NSW
VAUCLUSE,NSW4107,NSW
VERGES CREEK,NSW4108,NSW
VERONA,NSW4109,NSW
VILLAWOOD,NSW4110,NSW
VINCENTIA,NSW4111,NSW
VINEYARD,NSW4112,NSW
VIOLET HILL,NSW4113,NSW
VITTORIA,NSW4114,NSW
VOYAGER POINT,NSW4115,NSW
WADALBA,NSW4116,NSW
WADBILLIGA,NSW4117,NSW
WADEVILLE,NSW4118,NSW
WAGGA WAGGA,NSW4119,NSW
WAGSTAFFE,NSW4120,NSW
WAHROONGA,NSW4121,NSW
WAITARA,NSW4122,NSW
WAITUI,NSW4123,NSW
WAKEFIELD,NSW4124,NSW
WAKELEY,NSW4125,NSW
WAKOOL,NSW4126,NSW
WALANG,NSW4127,NSW
WALBUNDRIE,NSW4128,NSW
WALCHA,NSW4129,NSW
WALCHA ROAD,NSW4130,NSW
WALDEGRAVE,NSW4131,NSW
WALGETT,NSW4132,NSW
WALHALLOW RESERVE,,NSW
WALLA WALLA,NSW4133,NSW
WALLABADAH,NSW4134,NSW
WALLABI POINT,NSW4135,NSW
WALLACETOWN,NSW4136,NSW
WALLACIA,NSW4137,NSW
WALLAGA LAKE,NSW4138,NSW
WALLAGA LAKE,NSW4138,NSW
WALLAGOOT,NSW4139,NSW
WALLALONG,NSW4140,NSW
WALLAMORE,NSW4141,NSW
WALLANBAH,NSW4142,NSW
WALLANGRA,NSW4143,NSW
WALLANTHERY,NSW4144,NSW
WALLARAH,NSW4145,NSW
WALLARINGA,NSW4146,NSW
WALLAROBBA,NSW4147,NSW
WALLAROO,NSW4148,NSW
WALLENDBEEN,NSW4149,NSW
WALLERAWANG,NSW4150,NSW
WALLEROOBIE,NSW4151,NSW
WALLINGAT,NSW4152,NSW
WALLIS LAKE,NSW4153,NSW
WALLSEND,NSW4154,NSW
WALMER,NSW4155,NSW
WAMBA WAMBA RESERVE,,NSW
WAMBAN,NSW4156,NSW
WAMBANGALANG,NSW5018,NSW
WAMBERAL,NSW4157,NSW
WAMBOIN,NSW4158,NSW
WAMBOOL,NSW4159,NSW
WAMBROOK,NSW4160,NSW
WANAARING,NSW4161,NSW
WANDANDIAN,NSW4162,NSW
WANDELLA,NSW4163,NSW
WANDERA,NSW4164,NSW
WANDOOK,NSW4165,NSW
WANDSWORTH,NSW4166,NSW
WANG WAUK,NSW4167,NSW
WANGANELLA,NSW4168,NSW
WANGANUI,NSW4169,NSW
WANGI WANGI,NSW4170,NSW
WANTABADGERY,NSW4171,NSW
WANTAGONG,NSW4172,NSW
WANTIOOL,NSW4173,NSW
WAPENGO,NSW4174,NSW
WARABROOK,NSW4175,NSW
WARATAH,NSW4176,NSW
WARATAH WEST,NSW4177,NSW
WARBURN,NSW4178,NSW
WARDELL,NSW4179,NSW
WARDROP VALLEY,NSW4180,NSW
WARDS MISTAKE,NSW4181,NSW
WARDS RIVER,NSW4182,NSW
WAREEMBA,NSW4183,NSW
WARIALDA,NSW4184,NSW
WARIALDA RAIL,NSW4185,NSW
WARILLA,NSW4186,NSW
WARKWORTH,NSW4187,NSW
WARNERS BAY,NSW4188,NSW
WARNERVALE,NSW4189,NSW
WARRABAH,NSW4190,NSW
WARRADERRY,NSW4191,NSW
WARRAGAI CREEK,NSW4192,NSW
WARRAGAMBA,NSW4193,NSW
WARRAGOON,NSW4194,NSW
WARRAH,NSW4195,NSW
WARRAH CREEK,NSW4196,NSW
WARRAH RIDGE,NSW4197,NSW
WARRAL,NSW4198,NSW
WARRALI MISSION,,NSW
WARRANULLA,NSW4199,NSW
WARRAWEE,NSW4200,NSW
WARRAWIDGEE,NSW4201,NSW
WARRAWONG,NSW4202,NSW
WARRAZAMBIL CREEK,NSW4203,NSW
WARREGAH ISLAND,NSW4204,NSW
WARRELL CREEK,NSW4205,NSW
WARREN,NSW4206,NSW
WARRI,NSW4207,NSW
WARRIEWOOD,NSW4209,NSW
WARRIMOO,NSW4210,NSW
WARROO,NSW4211,NSW
WARRUMBUNGLE,NSW4212,NSW
WARUMBUL,,NSW
WARWICK FARM,NSW4213,NSW
WASHPOOL,NSW4214,NSW
WASHPOOL,NSW4214,NSW
WATAGAN,NSW5115,NSW
WATANOBBI,NSW4216,NSW
WATERFALL,NSW4217,NSW
WATERLOO,NSW4218,NSW
WATERSLEIGH,NSW4219,NSW
WATERVIEW,NSW4220,NSW
WATERVIEW HEIGHTS,NSW4221,NSW
WATSONS BAY,NSW4222,NSW
WATSONS CREEK,NSW4223,NSW
WATTAMOLLA,NSW4224,NSW
WATTAMOLLA,NSW4224,NSW
WATTAMONDARA,NSW4225,NSW
WATTLE FLAT,NSW4226,NSW
WATTLE GROVE,NSW4227,NSW
WATTLE PONDS,NSW4228,NSW
WATTLE RIDGE,NSW4229,NSW
WATTLE SPRINGS,NSW4230,NSW
WATTON,NSW4231,NSW
WAUCHOPE,NSW4232,NSW
WAUGORAH,NSW4233,NSW
WAUKIVORY,NSW4234,NSW
WAVERLEY,NSW4235,NSW
WAVERLY,NSW4236,NSW
WAVERTON,NSW4237,NSW
WAY WAY,NSW4238,NSW
WAYO,NSW4239,NSW
WEABONGA,NSW4240,NSW
WEAN,NSW4241,NSW
WEBBERS CREEK,NSW4242,NSW
WEBBS CREEK,NSW4243,NSW
WEDDERBURN,NSW4244,NSW
WEE JASPER,NSW4245,NSW
WEE WAA,NSW4246,NSW
WEEDALLION,NSW4247,NSW
WEELONG,,NSW
WEEMELAH,NSW4249,NSW
WEETALIBA,NSW4250,NSW
WEETHALLE,NSW4251,NSW
WEILMORINGLE,NSW4252,NSW
WEILMORINGLE,NSW4252,NSW
WEISMANTELS,NSW4253,NSW
WELAREGANG,NSW4254,NSW
WELBY,NSW4255,NSW
WELLINGROVE,NSW4256,NSW
WELLINGTON,NSW4257,NSW
WELLINGTON VALE,NSW4258,NSW
WELLS CROSSING,NSW4259,NSW
WENDOREE PARK,NSW4260,NSW
WENTWORTH,NSW4261,NSW
WENTWORTH FALLS,NSW4262,NSW
WENTWORTH POINT,NSW5046,NSW
WENTWORTHVILLE,NSW4263,NSW
WERAI,NSW4264,NSW
WEREBOLDERA,NSW4265,NSW
WERMATONG,NSW4266,NSW
WEROMBI,NSW4267,NSW
WERRI BEACH,NSW4268,NSW
WERRIKIMBE,NSW4269,NSW
WERRINGTON,NSW4270,NSW
WERRINGTON COUNTY,NSW4271,NSW
WERRINGTON DOWNS,NSW4272,NSW
WERRIS CREEK,NSW4273,NSW
WEST ALBURY,NSW4274,NSW
WEST BALLINA,NSW4275,NSW
WEST BATHURST,NSW4276,NSW
WEST BUNGAWALBIN,NSW5075,NSW
WEST CORAKI,NSW4277,NSW
WEST GOSFORD,NSW4278,NSW
WEST HAVEN,NSW4279,NSW
WEST HOXTON,NSW4280,NSW
WEST KEMPSEY,NSW4281,NSW
WEST NOWRA,NSW4282,NSW
WEST PENNANT HILLS,NSW4283,NSW
WEST PYMBLE,NSW4284,NSW
WEST RYDE,NSW4285,NSW
WEST TAMWORTH,NSW4286,NSW
WEST WALLSEND,NSW4287,NSW
WEST WIANGAREE,NSW4288,NSW
WEST WOLLONGONG,NSW4289,NSW
WEST WYALONG,NSW4290,NSW
WESTBROOK,NSW4291,NSW
WESTDALE,NSW4293,NSW
WESTDALE,NSW4293,NSW
WESTDALE,NSW4293,NSW
WESTDALE,NSW4293,NSW
WESTELLA,,NSW
WESTLEIGH,NSW4295,NSW
WESTMEAD,NSW4296,NSW
WESTON,NSW4297,NSW
WESTWOOD,NSW4298,NSW
WETHERILL PARK,NSW4299,NSW
WETUPPA,NSW4300,NSW
WHALAN,NSW4301,NSW
WHALE BEACH,NSW5088,NSW
WHEELER HEIGHTS,NSW5082,NSW
WHEENY CREEK,NSW4302,NSW
WHEEO,NSW4303,NSW
WHERROL FLAT,NSW4304,NSW
WHIAN WHIAN,NSW4305,NSW
WHIPORIE,NSW4306,NSW
WHITE CLIFFS,NSW4307,NSW
WHITE ROCK,NSW4308,NSW
WHITEBRIDGE,NSW4309,NSW
WHITEMAN CREEK,NSW4310,NSW
WHITLOW,NSW5104,NSW
WHITTINGHAM,NSW4311,NSW
WHITTON,NSW4312,NSW
WHOOTA,NSW4313,NSW
WHYLANDRA,,NSW
WIAGDON,NSW4314,NSW
WIANGAREE,NSW4315,NSW
WIARBOROUGH,NSW4316,NSW
WICKHAM,NSW4317,NSW
WIDDEN,NSW4318,NSW
WIDGELLI,NSW4319,NSW
WILBERFORCE,NSW4320,NSW
WILBETREE,NSW4321,NSW
WILCANNIA,NSW4322,NSW
WILD CATTLE CREEK,NSW4323,NSW
WILDES MEADOW,NSW4324,NSW
WILEY PARK,NSW4325,NSW
WILLALA,NSW4326,NSW
WILLAWARRIN,NSW4327,NSW
WILLBRIGGIE,NSW4328,NSW
WILLI WILLI,NSW4329,NSW
WILLIAMSDALE,NSW4330,NSW
WILLIAMTOWN,NSW4331,NSW
WILLIGOBUNG,NSW4332,NSW
WILLINA,NSW4333,NSW
WILLMOT,NSW4334,NSW
WILLOUGHBY,NSW4335,NSW
WILLOUGHBY EAST,NSW4336,NSW
WILLOW TREE,NSW4337,NSW
WILLOW VALE,NSW4339,NSW
WILLOW VALE,NSW4339,NSW
WILLOWBEND RESERVE,,NSW
WILLSONS DOWNFALL,NSW5035,NSW
WILLURAH,NSW4340,NSW
WILPINJONG,NSW4341,NSW
WILSONS CREEK,NSW4342,NSW
WILSONS VALLEY,NSW5129,NSW
WILTON,NSW4343,NSW
WIMBLEDON,NSW4344,NSW
WIMBORNE,NSW4345,NSW
WINBURNDALE,NSW4346,NSW
WINDALE,NSW4347,NSW
WINDANG,NSW4348,NSW
WINDELLA,NSW4349,NSW
WINDELLAMA,NSW4350,NSW
WINDERA,NSW4351,NSW
WINDERMERE,NSW4352,NSW
WINDERMERE PARK,NSW4353,NSW
WINDEYER,NSW4354,NSW
WINDOWIE,NSW4355,NSW
WINDRADYNE,NSW4356,NSW
WINDSOR,NSW4357,NSW
WINDSOR DOWNS,NSW4358,NSW
WINDY,NSW4359,NSW
WINEGROVE,NSW4360,NSW
WINGADEE,NSW4361,NSW
WINGELLO,NSW4362,NSW
WINGEN,NSW4363,NSW
WINGHAM,NSW4364,NSW
WINIFRED,NSW4365,NSW
WINMALEE,NSW4366,NSW
WINSTON HILLS,NSW4367,NSW
WINTON,NSW4368,NSW
WIRLINGA,NSW4369,NSW
WIRRABA,NSW4370,NSW
WIRRAGULLA,NSW4371,NSW
WIRRIMAH,NSW4372,NSW
WIRRIMBI,NSW4373,NSW
WIRRINYA,NSW4374,NSW
WISEMANS CREEK,NSW4375,NSW
WISEMANS FERRY,NSW4376,NSW
WITTITRIN,NSW4377,NSW
WOG WOG,NSW4379,NSW
WOG WOG,NSW4379,NSW
WOKO,NSW4380,NSW
WOLGAN VALLEY,NSW4381,NSW
WOLLANGAMBE,NSW4382,NSW
WOLLAR,NSW4383,NSW
WOLLEMI,NSW4384,NSW
WOLLI CREEK,NSW4385,NSW
WOLLOGORANG,NSW4386,NSW
WOLLOMBI,NSW4387,NSW
WOLLOMOMBI,NSW4388,NSW
WOLLONGBAR,NSW4389,NSW
WOLLONGONG,NSW4390,NSW
WOLLSTONECRAFT,NSW4391,NSW
WOLLUMBOOLA,NSW4392,NSW
WOLLUN,NSW4393,NSW
WOLUMLA,NSW4394,NSW
WOMBARRA,NSW4395,NSW
WOMBAT,NSW4396,NSW
WOMBAT CREEK,NSW4397,NSW
WOMBEYAN CAVES,NSW4398,NSW
WOMBOOTA,NSW4399,NSW
WOMERAH,NSW4400,NSW
WONBOYN,NSW4401,NSW
WONBOYN NORTH,NSW4402,NSW
WONDABYNE,NSW4403,NSW
WONDALGA,NSW4404,NSW
WONGARBON,NSW4405,NSW
WONGAWILLI,NSW4406,NSW
WONGO CREEK,NSW4407,NSW
WONGWIBINDA,NSW4408,NSW
WOODBERRY,NSW4409,NSW
WOODBINE,NSW4410,NSW
WOODBURN,NSW4411,NSW
WOODBURN,NSW4411,NSW
WOODCROFT,NSW4413,NSW
WOODENBONG,NSW4414,NSW
WOODFORD,NSW4416,NSW
WOODFORD ISLAND,NSW4415,NSW
WOODHILL,NSW4417,NSW
WOODHOUSELEE,NSW4418,NSW
WOODLANDS,NSW4419,NSW
WOODLANDS,NSW4419,NSW
WOODLAWN,NSW4421,NSW
WOODPARK,NSW4422,NSW
WOODRISING,NSW4423,NSW
WOODSIDE,NSW4424,NSW
WOODSREEF,NSW4425,NSW
WOODSTOCK,NSW4427,NSW
WOODSTOCK,NSW4427,NSW
WOODSTOCK,NSW4427,NSW
WOODVIEW,NSW4428,NSW
WOODVILLE,NSW4429,NSW
WOODY HEAD,NSW4430,NSW
WOOLBROOK,NSW4431,NSW
WOOLGARLO,NSW4432,NSW
WOOLGOOLGA,NSW4433,NSW
WOOLI,NSW4434,NSW
WOOLLAHRA,NSW4435,NSW
WOOLLAMIA,NSW4436,NSW
WOOLLOOMOOLOO,NSW4437,NSW
WOOLNERS ARM,NSW4438,NSW
WOOLOMIN,NSW4439,NSW
WOOLOOMA,NSW4440,NSW
WOOLOOWARE,NSW4441,NSW
WOOLOWEYAH,NSW4442,NSW
WOOLWICH,NSW4443,NSW
WOOMARGAMA,NSW4444,NSW
WOOMBAH,NSW4445,NSW
WOONGARRAH,NSW4446,NSW
WOONONA,NSW4447,NSW
WOOTTON,NSW4448,NSW
WOOYUNG,NSW4449,NSW
WORLDS END,NSW4450,NSW
WORONORA,NSW4451,NSW
WORONORA DAM,NSW4452,NSW
WORONORA HEIGHTS,NSW4453,NSW
WORRIGEE,NSW4454,NSW
WORROWING HEIGHTS,NSW4455,NSW
WOY WOY,NSW4456,NSW
WOY WOY BAY,NSW4457,NSW
WRATHALL,NSW4458,NSW
WRIGHTS BEACH,NSW4459,NSW
WRIGHTS CREEK,NSW4460,NSW
WUULUMAN,NSW4461,NSW
WYALONG,NSW4462,NSW
WYAN,NSW4463,NSW
WYANBENE,NSW4464,NSW
WYANGALA,NSW4465,NSW
WYANGLE,NSW4466,NSW
WYBONG,NSW4467,NSW
WYBUNG,NSW4468,NSW
WYEE,NSW4469,NSW
WYEE POINT,NSW4470,NSW
WYLIE CREEK,NSW4471,NSW
WYLIES FLAT,NSW4472,NSW
WYMAH,NSW4473,NSW
WYNDHAM,NSW4474,NSW
WYNEDEN,NSW4475,NSW
WYOMING,NSW4476,NSW
WYONG,NSW4477,NSW
WYONG CREEK,NSW4478,NSW
WYONGAH,NSW4479,NSW
WYRALLAH,NSW4480,NSW
YABBRA,NSW4481,NSW
YADBORO,NSW4482,NSW
YAGON,NSW4483,NSW
YAGOONA,NSW4484,NSW
YALBRAITH,NSW4485,NSW
YALLAH,NSW4486,NSW
YALLAROI,NSW4487,NSW
YALWAL,NSW4488,NSW
YAMBA,NSW4489,NSW
YAMBULLA,NSW4490,NSW
YANCO,NSW4491,NSW
YANDERRA,NSW4492,NSW
YANGA,NSW4493,NSW
YANKEES CREEK,NSW4494,NSW
YANNERGEE,NSW4495,NSW
YANTABULLA,NSW4496,NSW
YAOUK,NSW4497,NSW
YARARA,NSW4499,NSW
YARRA,NSW4500,NSW
YARRABANDAI,NSW4501,NSW
YARRABAR,,NSW
YARRABIN,NSW4502,NSW
YARRAGAL,NSW4503,NSW
YARRAGONG,,NSW
YARRAGRIN,NSW4505,NSW
YARRAGUNDRY,NSW4506,NSW
YARRAHAPINNI,NSW4507,NSW
YARRAMALONG,NSW4508,NSW
YARRAMAN,NSW4509,NSW
YARRAMUNDI,NSW4510,NSW
YARRANBELLA,NSW4511,NSW
YARRANGOBILLY,NSW4512,NSW
YARRAS,NSW4514,NSW
YARRAS,NSW4514,NSW
YARRATT FOREST,NSW4515,NSW
YARRAVEL,NSW4516,NSW
YARRAWA,NSW4517,NSW
YARRAWARRAH,NSW4518,NSW
YARRAWONGA,NSW4519,NSW
YARRAWONGA PARK,NSW4520,NSW
YARRIE LAKE,NSW4521,NSW
YARROW,NSW4522,NSW
YARROWFORD,NSW4523,NSW
YARROWITCH,NSW4524,NSW
YARROWYCK,NSW4525,NSW
YASS,NSW4526,NSW
YASS RIVER,NSW4527,NSW
YATHELLA,NSW4528,NSW
YATTALUNGA,NSW4529,NSW
YATTE YATTAH,NSW4530,NSW
YAVEN CREEK,NSW4531,NSW
YELGUN,NSW4532,NSW
YELLOW DAM,NSW4533,NSW
YELLOW PINCH,NSW4534,NSW
YELLOW ROCK,NSW4536,NSW
YELLOW ROCK,NSW4536,NSW
YELLOW ROCK RIDGE,,NSW
YENABILLI,,NSW
YENDA,NSW4537,NSW
YENGO,,NSW
YENGO NATIONAL PARK,NSW5109,NSW
YENNORA,NSW4538,NSW
YEOVAL,NSW4539,NSW
YERONG CREEK,NSW4540,NSW
YERRANDERIE,NSW5103,NSW
YERRINBOOL,NSW4541,NSW
YERRIYONG,NSW4542,NSW
YESSABAH,NSW4543,NSW
YETHOLME,NSW4544,NSW
YETMAN,NSW4545,NSW
YIPPIN CREEK,NSW4546,NSW
YOOGALI,NSW4547,NSW
YORKLEA,NSW4548,NSW
YOUNG,NSW4549,NSW
YOWIE BAY,NSW4550,NSW
YOWRIE,NSW4551,NSW
YULLUNDRY,NSW4552,NSW
YURAYGIR,NSW4553,NSW
ZARA,NSW4554,NSW
ZETLAND,NSW4555,NSW
10 MILE,,NT
10 MILE OUTSTATION,,NT
16 MILE CAMP,,NT
4 MILE CAMP,,NT
5 MILE BORE,,NT
ACACIA HILLS,NT1,NT
ACACIA LARRAKIA,,NT
ACACIA LARRAKIA,,NT
ADBANAE,,NT
ADELAIDE BORE,,NT
ADELAIDE RIVER,NT2,NT
ADJAMARRAGU,,NT
AKARNENEHE WELL,,NT
AKNGWERTNARRE,,NT
AKWALIRRUMANJA,,NT
ALAMIRRA,,NT
ALATYEYE,,NT
ALAWA,NT3,NT
ALCOOTA STATION,,NT
ALHARRGAN,,NT
ALI CURUNG,NT4,NT
ALI CURUNG,NT4,NT
ALICE SPRINGS,NT5,NT
ALICE WELL,,NT
ALKIPI,,NT
ALKNGARRIINTJA,,NT
ALKUPITJA,,NT
ALPARA,,NT
ALPURRURULAM,NT6,NT
ALPURRURULAM,NT6,NT
ALYANGULA,NT7,NT
ALYINGBERRMA,,NT
ALYUEN,,NT
AMANBIDJI,,NT
AMANBURNUNGA,,NT
AMANGAL,,NT
AMATJATPALK,,NT
AMBURLA STATION,,NT
AMENGERNTERNEAH,,NT
AMIRRABA,,NT
AMOONGUNA,NT8,NT
AMOONGUNA,NT8,NT
AMPILATWATJA,NT9,NT
AMPILATWATJA,NT9,NT
AMPUTJUTA,,NT
AMUNDURNGUA,,NT
ANATYE,NT10,NT
ANDANANGKI,,NT
ANGAS DOWNS,,NT
ANGATYEPE,,NT
ANGKERLE ARRENGE A,,NT
ANGKERLE ARRENGE B,,NT
ANGULA,,NT
ANGURUGU,NT11,NT
ANGURUGU,NT11,NT
ANGWURA,,NT
ANINDILYAKWA,NT12,NT
ANKABADBIRRI,,NT
ANKERRAPW,,NT
ANKWELEYELENGKYE,,NT
ANMATJERE,NT13,NT
ANNERRE,,NT
ANNINGE,,NT
ANTERE,,NT
ANTHELK-EWLPAYE,,NT
ANTHEPE,,NT
ANULA,NT14,NT
APER-ALWERRKNGE,,NT
APMERE MWERRE,,NT
ARALUEN,NT15,NT
ARARLAGU,,NT
ARARU POINT,,NT
ARAWERR,,NT
ARCHER,NT16,NT
AREYONGA,NT17,NT
AREYONGA,NT17,NT
ARKANTA,,NT
ARLPARRA,,NT
ARMORRAN,,NT
ARMSTRONGS,,NT
ARNOLD,NT18,NT
ARRAWAJIN,,NT
ARRGAMURRMURR,,NT
ARRILLHJERE,,NT
ARRKAPA,,NT
ARRUNGE,,NT
ARTEKERR,,NT
ARTEKERRE,,NT
ARUMBERA,NT19,NT
ATHELEY,,NT
ATITJERE,NT20,NT
ATITJERE,NT20,NT
ATJI CREEK,,NT
ATNELTYEY,,NT
ATNWENGERRPE,,NT
AWUMBUNYJI,,NT
BABUNGI,,NT
BADAWARRKA,,NT
BAGHETTI,,NT
BAGOT COMMUNITY,,NT
BAINES,NT21,NT
BAJAMINYI,,NT
BAKEWELL,NT22,NT
BALMA,,NT
BAMBOO SPRINGS,,NT
BANATJARL,,NT
BANIYALA,,NT
BANTHULA,,NT
BARDALUMBA,,NT
BARRAK BARRAK,,NT
BARRAPUNTA,,NT
BARRARATJPI,,NT
BARRIDJOWGEN,,NT
BARRKIRA,,NT
BARUNGA,NT23,NT
BARUNGA,NT23,NT
BATCHELOR,NT24,NT
BAUHINIA DOWNS,,NT
BAWAKA,,NT
BAYAGIDA,,NT
BAYGURRTJI,,NT
BAYVIEW,NT25,NT
BEAGLE GULF,NT26,NT
BEER ST BORE,,NT
BEES CREEK,NT27,NT
BELLAMACK,NT28,NT
BELYUEN,NT29,NT
BELYUEN,NT29,NT
BERRAJA,,NT
BERRIMAH,NT30,NT
BERRY SPRINGS,NT31,NT
BESWICK,NT32,NT
BESWICK,NT32,NT
BESWICK CREEK,NT33,NT
BINJARI,NT34,NT
BINJARI,NT34,NT
BIRANY BIRANY,,NT
BIRDUM,NT35,NT
BISHOPS BORE,,NT
BLACK JUNGLE,NT36,NT
BLACK ROCK LANDING,,NT
BLACK TANK BORE,,NT
BLACKMORE,NT37,NT
BLACKWATER,,NT
BLOODWOOD BORE,,NT
BLUE BUSH,,NT
BOBS YARD,,NT
BODIA,,NT
BOLKDJAM,,NT
BOOMERANG LAGOON,,NT
BOROGOMARRA,,NT
BORROLOOLA,NT38,NT
BRADSHAW,NT39,NT
BRAITLING,NT40,NT
BRINKIN,NT41,NT
BRUMBY PLAINS,,NT
BUBBLE BUBBLE,,NT
BUCHANAN,NT42,NT
BUCKET SPRINGS,,NT
BUDJANGA,,NT
BUFFALO CREEK,NT43,NT
BUFFALO FARM,,NT
BUJAN,,NT
BUKUDAL,,NT
BULARRINY,,NT
BULGUL,,NT
BULLA,,NT
BULLITA,,NT
BULMAN,,NT
BULMAN WEEMOL,NT44,NT
BULUHKADURU,,NT
BUNDATHARRI,,NT
BUNHANURA,,NT
BUNI-INWUNBULUK,,NT
BURRUM,,NT
BURRUMBURRU,,NT
BURRUNDIE,NT45,NT
BURT CREEK,,NT
BURT PLAIN,NT46,NT
BURTA WURTA,,NT
BURUDU,,NT
BUYMARR,,NT
BYNOE,NT47,NT
BYNOE HARBOUR,NT48,NT
CALVERT,NT49,NT
CAMEL CAMP,,NT
CAMEL'S HUMP,,NT
CAMP CREEK,NT50,NT
CANNON HILL,,NT
CANTEEN CREEK,NT51,NT
CANTEEN CREEK,NT51,NT
CASUARINA,NT52,NT
CHANNEL ISLAND,NT53,NT
CHARLES DARWIN,NT54,NT
CHARLOTTE,NT55,NT
CHARLOTTE WATERS,,NT
CHILLA WELL,NT56,NT
CHILLA WELL,NT56,NT
CICCONE,NT57,NT
CLARAVALE,NT58,NT
COBOURG,NT59,NT
COBOURG,NT59,NT
COCONUT GROVE,NT60,NT
COLLETT CREEK,NT61,NT
CONDER POINT,,NT
CONNELLAN,NT62,NT
CONNELLS LAGOON,,NT
COOLALINGA,NT63,NT
COOMALIE CREEK,NT64,NT
COONAWARRA,NT65,NT
CORELLA CREEK,,NT
CORKWOOD BORE,,NT
COSSACK,NT66,NT
COSTELLO,NT67,NT
COSTELLO,NT67,NT
COW LAGOON,,NT
COX PENINSULA,NT68,NT
CRESWELL,NT69,NT
DAGURAGU,NT70,NT
DAGURAGU,NT70,NT
DALIWUY BAY,,NT
DALY,NT71,NT
DALY RIVER,NT72,NT
DALY WATERS,NT73,NT
DAMDAM,,NT
DARRANDARRA,,NT
DARRANGMURMANJA,,NT
DARWIN CITY,NT74,NT
DARWIN HARBOUR,NT75,NT
DARWIN RIVER,NT76,NT
DARWIN RIVER DAM,NT77,NT
DAVENPORT,NT78,NT
DEAF ADDER,,NT
DELAMERE,NT79,NT
DELEYE,,NT
DELNY,,NT
DESERT SPRINGS,NT80,NT
DHALINBUY,,NT
DHAMIYAKA,,NT
DHANIYA,,NT
DHARAWARR,,NT
DHARRNI,,NT
DHAYIRRI,,NT
DHIPIRRINJURA,,NT
DHOLTJI,,NT
DHUDUPU,,NT
DHULMULMIYA,,NT
DHUPUWAMIRRI,,NT
DHURAMBALA,,NT
DHURUPUTJPI,,NT
DILLINYA,,NT
DITCHI,,NT
DJARRAKPI,,NT
DJARRUNG,,NT
DJILIWIRRI,,NT
DJIMALAWA,,NT
DJINKARR,,NT
DJIRRBIYAK,,NT
DJURRANALPI,,NT
DONS BORE,,NT
DONYDJI,,NT
DOOJUM,,NT
DOOLGARINA,,NT
DOUGLAS-DALY,NT81,NT
DRIVER,NT82,NT
DUCK PONDS,,NT
DUNDEE BEACH,NT83,NT
DUNDEE DOWNS,NT84,NT
DUNDEE FOREST,NT85,NT
DURACK,NT86,NT
EAGLE VALLEY,,NT
EAST ARM,NT87,NT
EAST ARNHEM,NT88,NT
EAST POINT,NT89,NT
EAST SIDE,NT90,NT
EATON,NT91,NT
EDITH,NT92,NT
EIGHT MILE,,NT
ELITJIA,,NT
ELLIOTT,NT93,NT
ELLIOTT NORTH CAMP,,NT
ELLIOTT SOUTH CAMP,,NT
ELRUNDIE,NT94,NT
ELSEY,NT95,NT
ELSEY STATION,,NT
EMU BORE,,NT
EMU POINT,,NT
EMUNGALAN,NT96,NT
ENGAWALA,NT97,NT
ENGAWALA,NT97,NT
ERLDUNDA OUTSTATION,,NT
EVA VALLEY,NT98,NT
EWYENPER-ATWATYE,,NT
FANNIE BAY,NT99,NT
FARRAR,NT100,NT
FINKE,NT101,NT
FINKE,NT101,NT
FINNISS VALLEY,NT102,NT
FITZROY STATION,,NT
FIVE MILE,,NT
FLEMING,NT103,NT
FLICKS HOLE,,NT
FLORINA,NT104,NT
FLY CREEK,NT105,NT
FLYING FOX,NT106,NT
FLYNN,NT107,NT
FOSSIL HEAD,,NT
FOXALLS WELL,,NT
FREDS PASS,NT108,NT
GALARU,,NT
GALAWARRA,,NT
GALAWDJAPIN,,NT
GALINGAR,,NT
GALIWINKU,NT109,NT
GALIWINKU,NT109,NT
GALKILA,,NT
GALUPA,,NT
GAMARDI,,NT
GAMARGAWAN,,NT
GANGAN,,NT
GANIYARRANG,,NT
GANPURRA,,NT
GAPUWIYAK,NT110,NT
GAPUWIYAK,NT110,NT
GARANYDJIRR,,NT
GARAWA 1,,NT
GARAWA 2,,NT
GARRINJINNY,,NT
GARRIYAK,,NT
GARRTHALALA,,NT
GATJI,,NT
GAWA,,NT
GHAN,NT111,NT
GIINDA,,NT
GIKAL,,NT
GILBERT SPRINGS,,NT
GILIRRI,,NT
GILLEN,NT112,NT
GILWI,,NT
GIMBAT,,NT
GIRRAWEEN,NT113,NT
GITAN,,NT
GLYDE POINT,NT114,NT
GOCHIN JINY JIRRA,,NT
GONGURUWUY,,NT
GOOLMINYINI,,NT
GORPULYUL,,NT
GORRONG GORRONG,,NT
GRAY,NT115,NT
GREEN VALLEY,,NT
GREGORY,NT116,NT
GUBUMI,,NT
GUDJEKBIN,,NT
GUL GUL,,NT
GULMARRI,,NT
GULNGARRING,,NT
GULUNG MARDRULK,NT117,NT
GULUNGURU,,NT
GUMARRIRNBANG,,NT
GUMERAGI,,NT
GUMULUJI,,NT
GUMURUGURU,,NT
GUNBALANYA,NT118,NT
GUNBALANYA,NT118,NT
GUNN,NT119,NT
GUNN POINT,NT120,NT
GUNYANGARA,NT121,NT
GUNYANGARA,NT121,NT
GUPANGA,,NT
GURDORRKA,,NT
GURINDJI,NT122,NT
GURKAWUY,,NT
GURRUMURU,,NT
GURUNDA,,NT
GUTJANGAN,,NT
HAASTS BLUFF,NT123,NT
HAASTS BLUFF,NT123,NT
HALE,NT124,NT
HALFWAY CAMP,,NT
HART,NT125,NT
HATCHES CREEK,,NT
HAWK DREAMING,,NT
HERBERT,NT126,NT
HERMANNSBURG,NT127,NT
HERMANNSBURG,NT127,NT
HIDDEN VALLEY,NT128,NT
HINGSTONS PLACE,,NT
HODGSON RIVER STATION,,NT
HOLMES,NT129,NT
HOLTZE,NT130,NT
HOPPYS CAMP,,NT
HOTHAM,NT131,NT
HOWARD SPRINGS,NT132,NT
HUGH,NT133,NT
HUGHES,NT134,NT
HUMPTY DOO,NT135,NT
HUMPTY DOO,NT135,NT
HUNTERS CAMP,,NT
IJARRA,,NT
ILEPARRATYE,,NT
ILKARRALALAMA,,NT
ILLEUWURRU,,NT
ILPARPA,NT136,NT
ILPERLE,,NT
ILPERLE-TYATHE,,NT
ILPILI,,NT
ILPIYE-ILPIYE,,NT
ILPURLA,,NT
ILUWURRU,,NT
ILYIPERENYE,,NT
IMANGARA,,NT
IMANGARA,,NT
IMANPA,NT137,NT
IMANPA,NT137,NT
IMPADNA,,NT
IMPERRENTH,,NT
IMPORTNA,,NT
INARLENGE,,NT
INBINA ATWATYE,,NT
INDARINGINYA,,NT
ININTI,,NT
INJILATPARRI,,NT
INJIRRAMURRI,,NT
INJULKAMA,,NT
INKAWENYERRE,,NT
INKWELAYE,,NT
INNGIRNATJ,,NT
INTJARTNAMA,,NT
INYILINGI,,NT
IPALALA,,NT
IPOLERA,,NT
IRGUL POINT,,NT
IRKLANCHA ATWACHA,,NT
IRLPME,NT138,NT
IRON STONE,,NT
IRRERLIRRE,,NT
IRRILTYERE A,,NT
IRRILTYERE B,,NT
IRRMARNE,,NT
IRRULTJA,,NT
ITCHY KOO PARK,,NT
ITEYEPINTYE,,NT
ITPERLYENGE,,NT
ITWIYETHWENGE,,NT
IWUPATAKA,,NT
IYLENTYE,,NT
JABIRU,NT139,NT
JANGIRULU,,NT
JARRA JARRA,,NT
JARRAMAGORNDARRA,,NT
JEMELKE,,NT
JI-BAL BAL,,NT
JI-BENA,,NT
JI-MARDA,,NT
JILKMINGGAN,NT140,NT
JILKMINGGAN,NT140,NT
JILUNDARINA,,NT
JIMILAYA,,NT
JINGALOO,,NT
JINGILI,NT141,NT
JIWARANPA,,NT
JODETLUK,,NT
JOHNSTON,NT142,NT
JOMET,,NT
JOWAR,,NT
JUNGARRAYI WARRNU,,NT
JUNKAJI,,NT
KABALYARRA,,NT
KABULWARNAMYO,,NT
KAKADU,NT143,NT
KAKODBABULDI,,NT
KALINJARRI,,NT
KALKARINDJI,NT144,NT
KALKARINDJI,NT144,NT
KALPITAPTA,,NT
KALTUKATJARA,NT145,NT
KALTUKATJARA,NT145,NT
KALUMBULANI,,NT
KALUMPURLPA,,NT
KANGAROO ISLAND,,NT
KAPALGA,,NT
KAPORILYA,,NT
KARAMA,NT146,NT
KARGARU,,NT
KARNTE,,NT
KARRINYARRA,,NT
KATHERINE,NT147,NT
KATHERINE EAST,NT148,NT
KATHERINE SOUTH,NT149,NT
KATJUTARI,,NT
KELERRK,,NT
KEWULYI,,NT
KIANA STATION,,NT
KILGARIFF,NT313,NT
KINTORE,NT150,NT
KINTORE,NT150,NT
KNEEBONE,,NT
KNUCKEY LAGOON,NT151,NT
KNUCKEYS LAGOON COMMUNITY,,NT
KOLORBIDAHDAH,,NT
KOOLPINYAH,NT152,NT
KUBUYIRR,,NT
KUDANTIGA,,NT
KULALUK,,NT
KULANG,,NT
KULPITHARRA,,NT
KULTCHILL,,NT
KUMUNU,,NT
KUMURRULU,,NT
KUNAPULA,,NT
KUNAYUNGKU,,NT
KUNGARREWARL,,NT
KUNGKAYUNTI,,NT
KUNPARRKA,NT153,NT
KURINELLI,,NT
KURIPPI,,NT
KURKUTJARA,,NT
KURNTAPURRA,,NT
KURRAYA,,NT
KURRURLDUL,,NT
KUWUMA,,NT
KUY,,NT
KWALA,,NT
KWALE KWALE,,NT
KWOMBOM,,NT
KYBROOK FARM,,NT
LABRAPUNTJA,,NT
LAJAMANU,NT154,NT
LAJAMANU,NT154,NT
LAKE BENNETT,NT155,NT
LAKE KATHERINE,,NT
LAKE MACKAY,NT156,NT
LAMBELLS LAGOON,NT157,NT
LANGARRA,,NT
LANSDOWNE,NT158,NT
LARAMBA,NT159,NT
LARAMBA,NT159,NT
LARAPINTA,NT160,NT
LARAPINTA VALLEY,,NT
LARRAKEYAH,NT161,NT
LARRIMAH,NT162,NT
LARRPAYANJI,,NT
LEANYER,NT163,NT
LEE POINT,NT164,NT
LEICHARDT,,NT
LIJA MUKUMPARLA,,NT
LIKKAPARTA,,NT
LIKU,,NT
LILLA,,NT
LILTJERA,,NT
LIMMEN,NT165,NT
LINGARA,,NT
LITCHFIELD OUTSTATION,,NT
LITCHFIELD PARK,NT166,NT
LITTLE WELL,,NT
LIVINGSTONE,NT167,NT
LIZARD BORE,,NT
LLOYD CREEK,NT168,NT
LTIRA,,NT
LUDMILLA,NT169,NT
LULTJU,,NT
LUNTHARRA,,NT
LYILYALANAMA,,NT
LYONS,NT170,NT
MALA,,NT
MALAK,NT171,NT
MALGAWA,,NT
MALKALA,,NT
MALLARRAMI,,NT
MALNJANGARNAK,,NT
MAMADAWERRE,,NT
MAMADI,,NT
MAMUKALA,,NT
MANABADURMA,,NT
MANBULLOO,NT172,NT
MANDEDJKADJANG,,NT
MANDILBARRENG,,NT
MANDORAH,NT173,NT
MANGARDUBU,,NT
MANINGRIDA,NT174,NT
MANINGRIDA,NT174,NT
MANKORLOD,,NT
MANMOYI,,NT
MANTAPAYIKA,,NT
MANTARDI,,NT
MANTARUR,,NT
MANTON,NT175,NT
MANYALLALUK,,NT
MAPERTE,,NT
MAPURU,,NT
MARA,,NT
MARANUNGA,NT176,NT
MARGARET RIVER,NT177,NT
MARIA LAGOON,,NT
MARIAH,,NT
MARINIRI,,NT
MARLA MARLA,,NT
MARLINJA,,NT
MARLOW LAGOON,NT178,NT
MARLWON,,NT
MARRAKAI,NT179,NT
MARRALUM,,NT
MARRAMARRANI,,NT
MARRARA,NT180,NT
MARRAYA,,NT
MARRKALAWA,,NT
MARRKOLIDJBAN,,NT
MARTJANBA,,NT
MATA MATA,,NT
MATARANKA,NT181,NT
MATARANKA TOWN CAMP,,NT
MAWULYUMANJA,,NT
MBALKANAKA,,NT
MBANTARINYA,,NT
MBUNGHARA,,NT
MCARTHUR,NT182,NT
MCDONALDS YARD,,NT
MCMINNS LAGOON,NT312,NT
MENNGEN,,NT
MEREENIE,NT184,NT
MERRAL NTARRAKALA,,NT
MERREPEN,,NT
MEWIRNBI,,NT
MIALI BRUMBY,,NT
MICKET CREEK,NT310,NT
MIDDLE POINT,NT186,NT
MIKGINJ VALLEY,,NT
MILIBUNTHURRA,,NT
MILIKAPITI,NT187,NT
MILIKAPITI,NT187,NT
MILINGIMBI,NT188,NT
MILINGIMBI,NT188,NT
MILLNER,NT189,NT
MILMILNGKAN,,NT
MILYAKBURRA,NT190,NT
MILYAKBURRA,NT190,NT
MIMINA,,NT
MINAMIA,,NT
MINIYERI,NT191,NT
MINIYERI,NT191,NT
MINJILANG,NT192,NT
MINJILANG,NT192,NT
MINMARAMA PARK,,NT
MINYALINNI,,NT
MIRRIDI,,NT
MIRRNGATJA,,NT
MISTAKE CREEK,,NT
MITCHELL,NT193,NT
MIWUL,,NT
MIYIKAMPI,,NT
MOBARN,,NT
MOIL,NT194,NT
MOLE HILL,,NT
MOMOB,,NT
MOOLOOWA,,NT
MOORONGA,,NT
MORRIS GAP,,NT
MOTNA'S,,NT
MOULDEN,NT195,NT
MOUNT BARKLY,,NT
MOUNT BENNETT,,NT
MOUNT BUNDEY,NT196,NT
MOUNT CATT,,NT
MOUNT EAGLEBEAK,,NT
MOUNT JEAN,,NT
MOUNT JOHNS,NT197,NT
MOUNT LIEBIG,NT198,NT
MOUNT LIEBIG,NT198,NT
MOUNT MAIYO,,NT
MOUNT NANCY,,NT
MOUNT PEACHY,,NT
MOUNT TWELLER,,NT
MOUNT ZEIL,NT199,NT
MPAKAPUTA,,NT
MPWETYERRE,,NT
MT LIEBIG,,NT
MU-GURTA,,NT
MUCKATY,,NT
MUDGINBERRI,,NT
MUDHAMUL,,NT
MUDJIGARDART,,NT
MUIRHEAD,NT200,NT
MULGA BORE,,NT
MULGGAN,,NT
MULGURRAM,,NT
MULINGI,,NT
MUMATHUMBURU,,NT
MUMEKA,,NT
MUMPUMAMPU,,NT
MUNGALAWURRU,,NT
MUNGKARTA,,NT
MUNGURRUPA,,NT
MUNJI-MARLA,,NT
MURGENELLA PLAINS,,NT
MURRANJI,,NT
MURRUMUJUK,NT201,NT
MURTULKI,,NT
MURUN MURULA,,NT
MURUNING,,NT
MURWANGI,,NT
MUTITJULU,NT202,NT
MUTITJULU,NT202,NT
MUYIN,,NT
MYATT,,NT
NABBARLA KUNINDABBA,,NT
NADILMUK,,NT
NADIRRI,,NT
NAKARA,NT203,NT
NALIYINDI,,NT
NAMA,,NT
NAMALAWIRRI,,NT
NAMATJIRA,NT204,NT
NAMATJIRA CAMP,,NT
NAMERINNI,,NT
NAMUGARDABU,,NT
NANGAK,,NT
NANGU,,NT
NANYINGBURRA,,NT
NAPAGUNPA,,NT
NARBALEK,,NT
NATJITNAMA,,NT
NAUIYU,NT205,NT
NAUIYU,NT205,NT
NEMARLUK,NT206,NT
NEMARLUK,NT206,NT
NEW BORE,,NT
NEW ILPARPA,,NT
NEWCASTLE WATERS,NT207,NT
NGADUMIYERRKA,,NT
NGALPA NGALPA,,NT
NGANGALALA,,NT
NGANKIRITJA,,NT
NGANMARRIYANGA,NT208,NT
NGANMARRIYANGA,NT208,NT
NGAPPAMILARNU,,NT
NGARDINITCHI,,NT
NGARINTHI,,NT
NGARLU NGARLU,,NT
NGARNKA,,NT
NGAYAWILLI,,NT
NGILIPITJI,,NT
NGIPIN,,NT
NGKWARLERLANEM,,NT
NGUKURR,NT210,NT
NGUKURR,NT210,NT
NGUMAN,,NT
NGUNTHAK,,NT
NGURRARA,,NT
NGUTJUL,,NT
NGUYARRAMINI,,NT
NHULUNBUY,NT211,NT
NICHOLSON,NT212,NT
NIGHTCLIFF,NT213,NT
NIKAWU,,NT
NITJPURRU,,NT
NITMILUK,NT214,NT
NJUDDA,,NT
NOONAMAH,NT215,NT
NORTH ISLAND,,NT
NOURLANGIE,,NT
NTAKARRA,,NT
NTURIYA,,NT
NTURIYA,,NT
NUDJABARRA,,NT
NULAWAN,,NT
NUMBULWAR,NT216,NT
NUMBULWAR,NT216,NT
NUMBURINDI,NT217,NT
NURADIDGEE,,NT
NYEWENTE CAMP,,NT
NYIRRIPI,NT218,NT
NYIRRIPI,NT218,NT
OAK VALLEY,,NT
OLD ANDADO,,NT
OLD MISSION,,NT
OONDALOO,,NT
OORATIPPRA,,NT
ORRTIPA THURRA,,NT
PAKULKI,,NT
PALM PADDOCK,,NT
PALMERSTON CITY,NT219,NT
PAMAYU,NT220,NT
PANDAYAL,,NT
PANTHARRPILENHE,,NT
PANTYINTEME,,NT
PAPUNYA,NT221,NT
PAPUNYA,NT221,NT
PARADISE FARM,,NT
PARAP,NT222,NT
PARNTA,,NT
PARRULYU,,NT
PARTNPARINJI,,NT
PARU,,NT
PATONGA,,NT
PATONGA HOMESTEAD,,NT
PAYEPERRENTYE B,,NT
PELLEW ISLANDS,NT223,NT
PENYEME,,NT
PEPPIMENARTI,NT224,NT
PEPPIMENARTI,NT224,NT
PERREDERR,,NT
PERTARRATENGE,,NT
PERTE THERRE,,NT
PETERMANN,NT225,NT
PETYALE,,NT
PHILLIPSON BORE,,NT
PICININNI BORE,,NT
PIGEON HOLE,NT226,NT
PIKERTARAMOOR,,NT
PILAKATAL,,NT
PINE CREEK,NT227,NT
PINE CREEK COMPOUND,,NT
PINE HILL,,NT
PINELANDS,NT228,NT
PINGALA,,NT
PINJA,,NT
PINPIRNGA,,NT
PIRLANGIMPI,NT229,NT
PIRLANGIMPI,NT229,NT
PIRRULPAKALARINTJA,,NT
PMARA JUTUNTA,,NT
PMARA JUTUNTA,,NT
POINT STUART,NT230,NT
POLICEMANS HOLE,,NT
PULARDI,,NT
PUNGALINDUM,,NT
PUNJARRIJI,,NT
PUNRITJANTA,,NT
PURRUKUWURRU,,NT
PUTA PUTA,,NT
PUTJAMIRRA,,NT
PUTULU,,NT
PUYURRU,,NT
PWERTE MARNTE MARNTE,,NT
PWERTENTYE,,NT
RAILWAY DAM,,NT
RAKULA,NT231,NT
RAMINGINING,NT232,NT
RAMINGINING,NT232,NT
RANKEN,NT233,NT
RAPID CREEK,NT234,NT
RARANGANTJUTA,,NT
RAYMANGIRR,,NT
RED SANDHILL,,NT
RITTARANGU,,NT
ROBIN FALLS,NT235,NT
ROBINSON RIVER,NT236,NT
ROBINSON RIVER,NT236,NT
ROCKHOLE,,NT
RODNA,,NT
RORRUWUY,,NT
ROSEBERY,NT237,NT
ROSS,NT238,NT
RUM JUNGLE,NT239,NT
RURRANGALA,,NT
RUTJINGKA,,NT
SABINA,,NT
SADADEEN,NT240,NT
SALTBUSH BORE,,NT
SANDOVER,NT241,NT
SANDRIDGE,,NT
SANDY BAY,,NT
SANTA TERESA,NT242,NT
SANTA TERESA,NT242,NT
SEVEN EMU STATION,,NT
SHOAL BAY,NT243,NT
SIMPSON,NT244,NT
SNAKE WELL,,NT
SOAKAGE BORE,,NT
SOUTHPORT,NT245,NT
SPIRIT HILL STATION,,NT
SPOTTED TIGER,,NT
SPRING CREEK,,NT
SPRING PEAK,,NT
STAPLETON,NT246,NT
STUART,NT247,NT
STUART PARK,NT248,NT
STURT PLATEAU,NT249,NT
SUBDIVISION,,NT
SUGAR CREEK,,NT
TABLE HILL,,NT
TABLELANDS,NT250,NT
TAKAPIMILIYI,,NT
TANAMI,NT251,NT
TANAMI EAST,NT252,NT
TARA,NT253,NT
TARA,NT253,NT
TARACUMBI,,NT
TARAWARA,,NT
TCHINDI,,NT
TENNANT CREEK,NT254,NT
THAMARRURR,NT255,NT
THE GAP,NT256,NT
THE GARDENS,NT257,NT
THE NARROWS,NT258,NT
TI TREE,NT259,NT
TIGER'S CAMP,,NT
TIMBER CREEK,NT260,NT
TIMOR SPRINGS,,NT
TINDAL,NT261,NT
TINKARLI,,NT
TINKI,,NT
TIPPERARY,NT262,NT
TITJIKALA,NT263,NT
TITJIKALA,NT263,NT
TIVENDALE,NT264,NT
TIWI,NT265,NT
TIWI ISLANDS,NT266,NT
TJAMANGKURRA,,NT
TJAUWATA,,NT
TJINTIRTJINTIRPA,,NT
TJOUNGOURI,,NT
TJULPUNGU,,NT
TJUNTI,,NT
TJUNTINANTA,,NT
TJUWANPA,,NT
TNAWURTA,,NT
TNERTE,,NT
TNYIMIPURTA,,NT
TOMMYHAWK SWAMP,,NT
TOP SPRINGS,NT267,NT
TORTILLA FLATS,NT268,NT
TOWN BORE,,NT
TREE POINT,,NT
TUMBLING WATERS,NT269,NT
TURKEY LAGOON,,NT
TURNER'S CAMP,,NT
TWETYE A,,NT
TWETYE B,,NT
TYWENPE A,,NT
TYWENPE C,,NT
TYWENPE D,,NT
UGUIE,,NT
UKAKA,,NT
UKATJUPU,,NT
ULAMBARA,,NT
ULBULLA,,NT
ULPANYALI,,NT
ULPUNDA,,NT
ULUPERTE,,NT
UMBAKUMBA,NT270,NT
UMBAKUMBA,NT270,NT
UMINYULUK,,NT
UN-MARR,,NT
UNDANDITA,,NT
UNDOOLYA,NT271,NT
UNDOOLYA BORE,,NT
UNDURANA 1C,,NT
UNDURANA 2A,,NT
URALLA,NT272,NT
URILPILA,,NT
URLAMPE,,NT
UTILY,,NT
VAN DIEMEN GULF,NT273,NT
VANDERLIN ISLAND,,NT
VENN,NT274,NT
VERNON ISLANDS,NT275,NT
VICTORIA RIVER,NT276,NT
VILLAGE CAMP,,NT
VIRGINIA,NT277,NT
WADA WADALLA,,NT
WADA WARRA,,NT
WADEYE,NT278,NT
WADEYE,NT278,NT
WAGAIT BEACH,NT279,NT
WAGAMAN,NT280,NT
WAK WAK,NT281,NT
WAKURLPU,,NT
WALANGURRMINY,,NT
WALDNARR,,NT
WALKA,,NT
WALKABOUT BORE,,NT
WALKALBA,,NT
WALLABY BEACH,,NT
WALLACE ROCKHOLE,NT282,NT
WALLACE ROCKHOLE,NT282,NT
WALPIRI TRANSIENT CAMP,,NT
WALU,,NT
WALYTJATJATA,,NT
WAMINARI,,NT
WANAKUTJA,,NT
WANARKULA,,NT
WANDANGULA,,NT
WANDAWUY,,NT
WANGALINJI,,NT
WANGKARI,,NT
WANGURI,NT283,NT
WANMARRA,,NT
WANMARRI,,NT
WARLPEYANGKRERE,,NT
WARRANYINY,,NT
WARREGO,,NT
WARREN CREEK,,NT
WARRUWI,NT284,NT
WARRUWI,NT284,NT
WARUMPI,,NT
WARUMUNGU,NT285,NT
WARUMUNGU,NT285,NT
WATARRKA,,NT
WATARU,,NT
WATDAGAWUY,,NT
WATHUNGA,,NT
WAUK,,NT
WAVE HILL,,NT
WAYILILINYPA,,NT
WEDDELL,NT286,NT
WEEMOL,,NT
WELERE,,NT
WELMALA,,NT
WERENBUN,,NT
WERRE-THERRE,,NT
WEST ARNHEM,NT287,NT
WEST ISLAND,,NT
WEST WATERHOUSE,,NT
WHITE GATE,,NT
WHITE GUMS,NT288,NT
WICKHAM,NT289,NT
WIGU,,NT
WIITIN,,NT
WILGI,,NT
WILLIAMS WELL,,NT
WILLOWRA,NT290,NT
WILLOWRA,NT290,NT
WILORA,NT291,NT
WILORA,NT291,NT
WILTON,NT292,NT
WINNELLIE,NT293,NT
WINPARKU,,NT
WISHART,NT294,NT
WOGYALA,,NT
WOLLOGORANG,,NT
WONMURRI,,NT
WOODROFFE,NT295,NT
WOODYCUPALDIYA,,NT
WOOLANING,,NT
WOOLIANA,,NT
WOOLNER,NT296,NT
WUDADUK,,NT
WUDAPULLI,,NT
WUGULARR,,NT
WULABURRI,,NT
WULAGI,NT297,NT
WULKABIMIRRI,,NT
WUMAJBARR,,NT
WUMIRDIN,,NT
WUNARA,,NT
WUNBURRI,,NT
WUNDIGALLA,,NT
WUPPA,,NT
WURANKUWU,,NT
WURDEJA,,NT
WURLBU,,NT
WURRKLENI,,NT
WURRUMENBUMANJA,,NT
WURRUMIYANGA,NT309,NT
WURRUMIYANGA,NT309,NT
WURWULA,,NT
WUTUNUGURRA,NT298,NT
WUTUNUGURRA,NT298,NT
WUYAGIBA,,NT
YAKALA,,NT
YALANGBARA,,NT
YALLIQUIN,,NT
YANBAKWA,,NT
YANGULINYINA,,NT
YANGUNBI,,NT
YANYULA,,NT
YARRALIN,NT299,NT
YARRALIN,NT299,NT
YARRAWONGA,NT300,NT
YARRINGGUR,,NT
YARTALU YARTALU,,NT
YATEMAN'S BORE,,NT
YATHALAMARRA,,NT
YATJALU,,NT
YAYMINYI,,NT
YEDERR,,NT
YEDIKBA,,NT
YIKARRAKKAL,,NT
YILAN,,NT
YILILA,,NT
YIMIDARRA,,NT
YINGUWUNARRI,,NT
YINYIKAY,,NT
YINYIRIPALANGU,,NT
YIRRA BANDOO,,NT
YIRRINGA,,NT
YIRRKALA,NT301,NT
YIRRKALA,NT301,NT
YUDU YUDU,,NT
YUELAMU,NT302,NT
YUELAMU,NT302,NT
YUENDUMU,NT303,NT
YUENDUMU,NT303,NT
YULARA,NT304,NT
YULARA PULKA,,NT
YULBARA,,NT
YUMURRPA,,NT
YUWAKLI,,NT
YUWERLI,,NT
ZUCCOLI,NT305,NT
AAYKA,,QLD
ABBEYWOOD,QLD1,QLD
ABBOTSFORD,QLD2,QLD
ABERCORN,QLD3,QLD
ABERGOWRIE,QLD4,QLD
ABINGDON DOWNS,QLD5,QLD
ABINGTON,QLD6,QLD
ACACIA RIDGE,QLD7,QLD
ACLAND,QLD8,QLD
ADARE,QLD9,QLD
ADAVALE,QLD10,QLD
ADELAIDE PARK,QLD11,QLD
ADVANCETOWN,QLD12,QLD
AEROGLEN,QLD13,QLD
AGNES WATER,QLD14,QLD
AIRDMILLAN,QLD15,QLD
AIRLIE BEACH,QLD16,QLD
AIRVILLE,QLD17,QLD
AITKENVALE,QLD18,QLD
ALABAMA HILL,QLD19,QLD
ALBANY,,QLD
ALBANY CREEK,QLD20,QLD
ALBERTA,QLD21,QLD
ALBERTON,QLD22,QLD
ALBINIA,QLD23,QLD
ALBION,QLD25,QLD
ALBION,QLD25,QLD
ALBION,QLD25,QLD
ALDERLEY,QLD26,QLD
ALDERSHOT,QLD27,QLD
ALDOGA,QLD28,QLD
ALEXANDRA,QLD29,QLD
ALEXANDRA HEADLAND,QLD30,QLD
ALEXANDRA HILLS,QLD31,QLD
ALGESTER,QLD32,QLD
ALICE CREEK,QLD33,QLD
ALICE RIVER,QLD34,QLD
ALLAN,QLD35,QLD
ALLANDALE,QLD36,QLD
ALLENSTOWN,QLD37,QLD
ALLENVIEW,QLD38,QLD
ALLIGATOR CREEK,QLD40,QLD
ALLIGATOR CREEK,QLD40,QLD
ALLINGHAM,,QLD
ALLORA,QLD41,QLD
ALLOWAY,QLD42,QLD
ALMADEN,QLD43,QLD
ALOOMBA,QLD44,QLD
ALPHA,QLD45,QLD
ALSACE,QLD46,QLD
ALTON DOWNS,QLD47,QLD
ALVA,QLD48,QLD
AMAMOOR,QLD49,QLD
AMAMOOR CREEK,QLD50,QLD
AMAROO,QLD52,QLD
AMBANG,,QLD
AMBER,QLD53,QLD
AMBERLEY,QLD54,QLD
AMBROSE,QLD55,QLD
AMBRYM POINT,,QLD
AMBY,QLD56,QLD
AMIENS,QLD57,QLD
AMITY,QLD58,QLD
ANAKIE SIDING,,QLD
ANDERGROVE,QLD59,QLD
ANDERLEIGH,QLD60,QLD
ANDROMACHE,QLD61,QLD
ANDURAMBA,QLD62,QLD
ANNANDALE,QLD63,QLD
ANNERLEY,QLD64,QLD
ANSTEAD,QLD65,QLD
ANTHONY,QLD66,QLD
ANTIGUA,QLD67,QLD
APPLE TREE CREEK,QLD68,QLD
APPLETHORPE,QLD69,QLD
ARAFURA SEA,QLD70,QLD
ARALUEN,QLD71,QLD
ARAMAC,QLD72,QLD
ARAMARA,QLD73,QLD
ARANA HILLS,QLD74,QLD
ARANBANGA,QLD75,QLD
ARATULA,QLD76,QLD
ARBOUIN,QLD77,QLD
ARCADIA,QLD78,QLD
ARCADIA VALLEY,QLD79,QLD
ARCHER RIVER,QLD80,QLD
ARCHER RIVER,QLD80,QLD
ARCHERFIELD,QLD81,QLD
ARCTURUS,QLD82,QLD
ARGOON,,QLD
ARGYLL,QLD84,QLD
ARMSTRONG BEACH,QLD85,QLD
ARMSTRONG CREEK,QLD86,QLD
AROONA,QLD87,QLD
ARRIGA,QLD88,QLD
ARUNDEL,QLD89,QLD
ASCOT,QLD91,QLD
ASCOT,QLD91,QLD
ASCOT,QLD91,QLD
ASCOT,QLD91,QLD
ASHFIELD,QLD92,QLD
ASHGROVE,QLD93,QLD
ASHMORE,QLD94,QLD
ASHWELL,QLD95,QLD
ASPLEY,QLD96,QLD
ATAMBAYA,,QLD
ATHERTON,QLD97,QLD
ATHOL,QLD98,QLD
ATKINSONS DAM,QLD99,QLD
AUBIGNY,QLD100,QLD
AUBURN,QLD101,QLD
AUCHENFLOWER,QLD102,QLD
AUGATHELLA,QLD103,QLD
AUGUSTINE HEIGHTS,QLD104,QLD
AURUKUN,QLD105,QLD
AURUKUN,QLD105,QLD
AUSTINVILLE,QLD107,QLD
AVENELL HEIGHTS,QLD108,QLD
AVOCA,QLD109,QLD
AVOCA VALE,QLD110,QLD
AVONDALE,QLD111,QLD
AYR,QLD112,QLD
AYTON,,QLD
BAAS YARD,,QLD
BABINDA,QLD113,QLD
BACK PLAINS,QLD114,QLD
BADU COMMUNITY,,QLD
BADU ISLAND,QLD115,QLD
BADU ISLAND,QLD115,QLD
BAFFLE CREEK,QLD116,QLD
BAFFLE WEST,QLD117,QLD
BAHRS SCRUB,QLD118,QLD
BAJOOL,QLD119,QLD
BAKERS BEND,QLD120,QLD
BAKERS CREEK,QLD121,QLD
BAKING BOARD,QLD122,QLD
BALALEA,,QLD
BALBERRA,QLD123,QLD
BALCOMBA,QLD124,QLD
BALD HILLS,QLD125,QLD
BALD KNOB,QLD126,QLD
BALGAL BEACH,QLD127,QLD
BALGOWAN,QLD128,QLD
BALL BAY,QLD129,QLD
BALLANDEAN,QLD130,QLD
BALLARD,QLD131,QLD
BALLAROO,QLD132,QLD
BALLOGIE,QLD133,QLD
BALMORAL,QLD134,QLD
BALMORAL RIDGE,QLD135,QLD
BALNAGOWAN,QLD136,QLD
BAMAGA,QLD137,QLD
BAMAGA,QLD137,QLD
BAMBAROO,QLD138,QLD
BAMBOO,QLD139,QLD
BAMBOO CREEK,QLD140,QLD
BAN BAN,QLD141,QLD
BAN BAN SPRINGS,QLD142,QLD
BANANA,QLD143,QLD
BANCROFT,QLD144,QLD
BANGALEE,QLD145,QLD
BANGALL,QLD146,QLD
BANKS CREEK,QLD147,QLD
BANKS POCKET,QLD148,QLD
BANKSIA BEACH,QLD149,QLD
BANNICK BURN,,QLD
BANNOCKBURN,QLD150,QLD
BANYA,,QLD
BANYO,QLD151,QLD
BAPAUME,QLD152,QLD
BARAKULA,QLD153,QLD
BARALABA,QLD154,QLD
BARAMBAH,QLD155,QLD
BARCALDINE,QLD156,QLD
BARCALDINE DOWNS,QLD157,QLD
BARDON,QLD158,QLD
BAREE,QLD159,QLD
BARELLAN POINT,QLD160,QLD
BARGARA,QLD161,QLD
BARGUNYAH,QLD162,QLD
BARINGA,QLD3396,QLD
BARKER CREEK FLAT,QLD163,QLD
BARKLY,QLD164,QLD
BARLIL,QLD165,QLD
BARLOWS HILL,QLD166,QLD
BARLYNE,QLD167,QLD
BARMARYEE,QLD168,QLD
BARMOYA,QLD169,QLD
BARNARD,QLD170,QLD
BARNEY POINT,QLD171,QLD
BARNEY VIEW,QLD172,QLD
BAROONDAH,QLD173,QLD
BARRAKIAH,,QLD
BARRAMORNIE,QLD174,QLD
BARRATTA,QLD175,QLD
BARRINE,QLD176,QLD
BARRINGHA,QLD177,QLD
BARRINGUN,QLD178,QLD
BARRON,QLD179,QLD
BARRON GORGE,QLD180,QLD
BARTLE FRERE,QLD181,QLD
BARWIDGI,QLD182,QLD
BASALT,QLD183,QLD
BASILISK,QLD184,QLD
BASIN POCKET,QLD185,QLD
BATAVIA LANDING,,QLD
BATTERY HILL,QLD186,QLD
BATTLE CAMP,,QLD
BAUHINIA,QLD187,QLD
BAUPLE,QLD188,QLD
BAUPLE FOREST,QLD3371,QLD
BAYRICK,QLD190,QLD
BAYVIEW HEIGHTS,QLD191,QLD
BEACH HOLM,QLD192,QLD
BEACHMERE,QLD193,QLD
BEACONSFIELD,QLD194,QLD
BEATRICE,QLD195,QLD
BEAUDESERT,QLD196,QLD
BEAUFORT,QLD197,QLD
BEAVER ROCK,QLD198,QLD
BEDOURIE,QLD199,QLD
BEEBO,QLD200,QLD
BEECHER,QLD201,QLD
BEECHMONT,QLD202,QLD
BEELBEE,QLD203,QLD
BEELBI CREEK,QLD204,QLD
BEENAAM VALLEY,QLD205,QLD
BEENLEIGH,QLD206,QLD
BEERBURRUM,QLD207,QLD
BEERON,QLD208,QLD
BEERWAH,QLD209,QLD
BEGONIA,QLD210,QLD
BEILBA,QLD211,QLD
BELCONG,QLD212,QLD
BELGIAN GARDENS,QLD213,QLD
BELIVAH,QLD214,QLD
BELL,QLD215,QLD
BELLA CREEK,QLD216,QLD
BELLARA,QLD217,QLD
BELLBIRD PARK,QLD218,QLD
BELLBOWRIE,QLD219,QLD
BELLENDEN KER,QLD220,QLD
BELLEVUE,QLD221,QLD
BELLFIELD,QLD222,QLD
BELLI PARK,QLD223,QLD
BELLMERE,QLD224,QLD
BELLS BRIDGE,QLD225,QLD
BELLS CREEK,QLD226,QLD
BELLTHORPE,QLD227,QLD
BELMONT,QLD228,QLD
BELMUNDA,QLD229,QLD
BELVEDERE,QLD230,QLD
BELYANDO,QLD231,QLD
BEMERSIDE,QLD232,QLD
BENAIR,QLD233,QLD
BENARABY,QLD234,QLD
BENARKIN,QLD235,QLD
BENARKIN NORTH,QLD236,QLD
BENHOLME,QLD237,QLD
BENOBBLE,QLD238,QLD
BENOWA,QLD239,QLD
BENTINCK ISLAND,,QLD
BENTLEY PARK,QLD240,QLD
BERAJONDO,QLD241,QLD
BERAT,QLD242,QLD
BERGEN,QLD244,QLD
BERRINBA,QLD245,QLD
BERSERKER,QLD246,QLD
BETHANIA,QLD247,QLD
BIARRA,QLD248,QLD
BIBOOHRA,QLD249,QLD
BIDDADDABA,QLD250,QLD
BIDDESTON,QLD251,QLD
BIDJAGUN,,QLD
BIDUNGU,,QLD
BIDWILL,QLD252,QLD
BIGGENDEN,QLD253,QLD
BIGGERA WATERS,QLD254,QLD
BILINGA,QLD255,QLD
BILLA BILLA,QLD256,QLD
BILOELA,QLD257,QLD
BILYANA,QLD258,QLD
BINDEBANGO,QLD259,QLD
BINGEGANG,QLD260,QLD
BINGIL BAY,QLD261,QLD
BINJOUR,QLD262,QLD
BINNA BURRA,QLD263,QLD
BIRDSVILLE,QLD264,QLD
BIRKALLA,QLD265,QLD
BIRKDALE,QLD266,QLD
BIRNAM,QLD268,QLD
BIRNAM,QLD268,QLD
BIRRI PETERS,,QLD
BIRRI WILLIAMS,,QLD
BIRTINYA,QLD269,QLD
BLACK DUCK CREEK,QLD270,QLD
BLACK JACK,QLD271,QLD
BLACK MOUNTAIN,QLD272,QLD
BLACK RIVER,QLD273,QLD
BLACK SNAKE,QLD274,QLD
BLACKALL,QLD275,QLD
BLACKBOY,,QLD
BLACKBULL,QLD276,QLD
BLACKBUTT,QLD277,QLD
BLACKBUTT NORTH,QLD278,QLD
BLACKBUTT SOUTH,QLD279,QLD
BLACKDOWN,QLD280,QLD
BLACKROCK,QLD281,QLD
BLACKS BEACH,QLD282,QLD
BLACKSOIL,QLD283,QLD
BLACKSTONE,QLD284,QLD
BLACKSWAMP,QLD285,QLD
BLACKWATER,QLD286,QLD
BLAIRMORE,QLD287,QLD
BLANCHVIEW,QLD288,QLD
BLANTYRE,QLD289,QLD
BLAXLAND,QLD290,QLD
BLENHEIM,QLD291,QLD
BLI BLI,QLD292,QLD
BLOOMFIELD,QLD293,QLD
BLOOMSBURY,QLD294,QLD
BLUE HILLS,QLD295,QLD
BLUE MOUNTAIN,QLD296,QLD
BLUE MOUNTAIN,QLD296,QLD
BLUE MOUNTAIN HEIGHTS,QLD297,QLD
BLUEWATER,QLD298,QLD
BLUEWATER PARK,QLD299,QLD
BLUFF,QLD300,QLD
BLYTHDALE,QLD301,QLD
BOATMAN,QLD302,QLD
BOGANDILLA,QLD303,QLD
BOGIE,QLD304,QLD
BOHLE,QLD305,QLD
BOHLE PLAINS,QLD306,QLD
BOIGU COMMUNITY,,QLD
BOIGU ISLAND,QLD307,QLD
BOIGU ISLAND,QLD307,QLD
BOKARINA,QLD308,QLD
BOLLIER,QLD309,QLD
BOLLON,QLD310,QLD
BOLWARRA,QLD311,QLD
BOMBEETA,QLD312,QLD
BON ACCORD,QLD313,QLD
BONDOOLA,QLD314,QLD
BONGAREE,QLD315,QLD
BONGEEN,QLD316,QLD
BONNIE DOON,QLD317,QLD
BONNIE GLENN,,QLD
BONOGIN,QLD318,QLD
BONSHAW,QLD319,QLD
BONY MOUNTAIN,QLD320,QLD
BOODUA,QLD321,QLD
BOOGAN,QLD322,QLD
BOOIE,QLD323,QLD
BOOLBOONDA,QLD324,QLD
BOOLBURRA,QLD325,QLD
BOOMPA,QLD326,QLD
BOONAH,QLD327,QLD
BOONARA,QLD328,QLD
BOONARGA,QLD329,QLD
BOONDALL,QLD330,QLD
BOONDANDILLA,QLD331,QLD
BOONDOOMA,QLD332,QLD
BOONOOROO,QLD333,QLD
BOONOOROO PLAINS,QLD334,QLD
BOORAL,QLD335,QLD
BOOROOBIN,QLD336,QLD
BOOUBYJAN,QLD337,QLD
BOOVAL,QLD338,QLD
BOOYAL,QLD339,QLD
BORALLON,QLD340,QLD
BOREEN POINT,QLD341,QLD
BORONIA HEIGHTS,QLD342,QLD
BOROREN,QLD343,QLD
BOULDER CREEK,QLD344,QLD
BOULDERCOMBE,QLD345,QLD
BOULIA,QLD346,QLD
BOUNTIFUL ISLANDS,QLD3331,QLD
BOWEN,QLD347,QLD
BOWEN HILLS,QLD348,QLD
BOWENVILLE,QLD349,QLD
BOYLAND,QLD350,QLD
BOYNE ISLAND,QLD351,QLD
BOYNE VALLEY,QLD352,QLD
BOYNEDALE,QLD353,QLD
BOYNESIDE,QLD354,QLD
BOYNEWOOD,QLD355,QLD
BRACALBA,QLD356,QLD
BRACEWELL,QLD357,QLD
BRACKEN RIDGE,QLD358,QLD
BRAEMEADOWS,QLD359,QLD
BRAEMORE,QLD360,QLD
BRAMSTON BEACH,QLD361,QLD
BRANCH CREEK,QLD362,QLD
BRANCHVIEW,QLD363,QLD
BRANDON,QLD364,QLD
BRANDY CREEK,QLD365,QLD
BRANNIHANS STATION,,QLD
BRANYAN,QLD366,QLD
BRASSALL,QLD367,QLD
BRAY PARK,QLD368,QLD
BREADALBANE,QLD369,QLD
BREAKAWAY,QLD370,QLD
BREDDAN,QLD371,QLD
BRENDALE,QLD372,QLD
BRIBIE ISLAND NORTH,QLD373,QLD
BRIDGEMAN DOWNS,QLD374,QLD
BRIDGES,QLD375,QLD
BRIGALOW,QLD376,QLD
BRIGHTLY,QLD377,QLD
BRIGHTON,QLD378,QLD
BRIGHTVIEW,QLD379,QLD
BRIGOODA,QLD380,QLD
BRINGALILY,QLD381,QLD
BRINSMEAD,QLD382,QLD
BRISBANE AIRPORT,QLD3377,QLD
BRISBANE CITY,QLD3356,QLD
BROADBEACH,QLD383,QLD
BROADBEACH WATERS,QLD384,QLD
BROADMERE,QLD385,QLD
BROADWATER,QLD386,QLD
BROKEN RIVER,QLD387,QLD
BROMELTON,QLD388,QLD
BROOKFIELD,QLD389,QLD
BROOKHILL,QLD390,QLD
BROOKLANDS,QLD391,QLD
BROOKSTEAD,QLD392,QLD
BROOKWATER,QLD393,QLD
BROOLOO,QLD394,QLD
BROOWEENA,QLD395,QLD
BROUGHTON,QLD396,QLD
BROVINIA,QLD397,QLD
BROWNS PLAINS,QLD398,QLD
BROXBURN,QLD399,QLD
BRUSH CREEK,QLD400,QLD
BRYDEN,QLD401,QLD
BRYMAROO,QLD402,QLD
BUARABA,QLD403,QLD
BUARABA SOUTH,QLD404,QLD
BUCASIA,QLD405,QLD
BUCCA,QLD406,QLD
BUCCAN,QLD407,QLD
BUCHANAN,,QLD
BUCKINGHAM,QLD409,QLD
BUCKLAND,QLD410,QLD
BUDDABADOO,,QLD
BUDDINA,QLD411,QLD
BUDERIM,QLD412,QLD
BUDGEE,QLD413,QLD
BUKALI,QLD414,QLD
BULGUN,QLD415,QLD
BULIMBA,QLD416,QLD
BULL LAKE,,QLD
BULLAWARRA,QLD417,QLD
BULLCAMP,QLD418,QLD
BULLERINGA,QLD419,QLD
BULLI CREEK,QLD420,QLD
BULLOO DOWNS,QLD421,QLD
BULLYARD,QLD422,QLD
BULLYARD OUTSTATION,,QLD
BULWER,QLD423,QLD
BUNBURRA,QLD424,QLD
BUNDABERG CENTRAL,QLD425,QLD
BUNDABERG EAST,QLD426,QLD
BUNDABERG NORTH,QLD427,QLD
BUNDABERG SOUTH,QLD428,QLD
BUNDABERG WEST,QLD429,QLD
BUNDALL,QLD430,QLD
BUNDAMBA,QLD431,QLD
BUNDI,QLD432,QLD
BUNDOORA,QLD433,QLD
BUNGABAN,QLD434,QLD
BUNGADOO,QLD435,QLD
BUNGALOW,QLD436,QLD
BUNGEWORGORAI,QLD437,QLD
BUNGIL,QLD438,QLD
BUNGUNDARRA,QLD439,QLD
BUNGUNYA,QLD440,QLD
BUNJURGEN,QLD441,QLD
BUNYA,QLD442,QLD
BUNYA CREEK,QLD443,QLD
BUNYA MOUNTAINS,QLD445,QLD
BURBANK,QLD446,QLD
BURDELL,QLD447,QLD
BURGOWAN,QLD448,QLD
BURKETOWN,QLD449,QLD
BURLEIGH,QLD450,QLD
BURLEIGH HEADS,QLD451,QLD
BURLEIGH WATERS,QLD452,QLD
BURNCLUITH,QLD453,QLD
BURNETT CREEK,QLD454,QLD
BURNETT HEADS,QLD455,QLD
BURNSIDE,QLD456,QLD
BURPENGARY,QLD457,QLD
BURPENGARY EAST,QLD3374,QLD
BURRA BURRI,QLD458,QLD
BURRAR ISLET,QLD3368,QLD
BURRGIRRKU,,QLD
BURRUM HEADS,QLD459,QLD
BURRUM RIVER,QLD460,QLD
BURRUM TOWN,QLD461,QLD
BURTON,QLD462,QLD
BURUA,QLD463,QLD
BUSHLAND BEACH,QLD464,QLD
BUSHLEY,QLD465,QLD
BUTCHERS CREEK,QLD466,QLD
BUXTON,QLD467,QLD
BYBERA,QLD468,QLD
BYEE,QLD469,QLD
BYELLEE,QLD470,QLD
BYFIELD,QLD471,QLD
BYMOUNT,QLD472,QLD
BYRNESTOWN,QLD473,QLD
CABARLAH,QLD474,QLD
CABOOLTURE,QLD475,QLD
CABOOLTURE SOUTH,QLD476,QLD
CABOONBAH,QLD477,QLD
CADARGA,QLD478,QLD
CAFFEY,QLD479,QLD
CAINBABLE,QLD480,QLD
CAIRDBEIGN,QLD481,QLD
CAIRNS CITY,QLD482,QLD
CAIRNS NORTH,QLD483,QLD
CALAMVALE,QLD484,QLD
CALAVOS,QLD485,QLD
CALCIUM,QLD486,QLD
CALDERVALE,QLD487,QLD
CALEN,QLD488,QLD
CALGOA,QLD489,QLD
CALICO CREEK,QLD490,QLD
CALINGUNEE,QLD491,QLD
CALLANDOON,QLD492,QLD
CALLEMONDAH,QLD493,QLD
CALLIDE,QLD494,QLD
CALLIOPE,QLD495,QLD
CALOUNDRA,QLD496,QLD
CALOUNDRA WEST,QLD497,QLD
CALVERT,QLD498,QLD
CAMBOON,QLD499,QLD
CAMBOOYA,QLD500,QLD
CAMBRIDGE,QLD501,QLD
CAMBROON,QLD502,QLD
CAMEBY,QLD503,QLD
CAMERON CORNER,QLD504,QLD
CAMIRA,QLD505,QLD
CAMOOLA,,QLD
CAMOOWEAL,QLD507,QLD
CAMP CREEK,QLD509,QLD
CAMP HILL,QLD510,QLD
CAMP MOUNTAIN,QLD511,QLD
CAMPASPE,QLD512,QLD
CAMPBELL CREEK,QLD513,QLD
CAMPBELLS POCKET,QLD514,QLD
CAMPWIN BEACH,QLD3343,QLD
CANAGA,QLD515,QLD
CANAL CREEK,QLD516,QLD
CANIA,QLD517,QLD
CANINA,QLD518,QLD
CANNINDAH,QLD519,QLD
CANNING CREEK,QLD521,QLD
CANNINGVALE,QLD522,QLD
CANNON CREEK,QLD524,QLD
CANNON CREEK,QLD524,QLD
CANNON CREEK,QLD524,QLD
CANNON HILL,QLD525,QLD
CANNON VALLEY,QLD526,QLD
CANNONVALE,QLD527,QLD
CANOONA,QLD528,QLD
CANUNGRA,QLD529,QLD
CAPALABA,QLD530,QLD
CAPE CLEVELAND,QLD532,QLD
CAPE CONWAY,QLD533,QLD
CAPE GLOUCESTER,QLD534,QLD
CAPE HILLSBOROUGH,QLD535,QLD
CAPE TRIBULATION,QLD536,QLD
CAPELLA,QLD537,QLD
CAPTAIN CREEK,QLD538,QLD
CAPTAINS MOUNTAIN,QLD539,QLD
CARAVONICA,QLD540,QLD
CARBINE CREEK,QLD541,QLD
CARBROOK,QLD542,QLD
CARDSTONE,QLD543,QLD
CARDWELL,QLD544,QLD
CARINA,QLD545,QLD
CARINA HEIGHTS,QLD546,QLD
CARINDALE,QLD547,QLD
CARMILA,QLD548,QLD
CARMOO,QLD549,QLD
CARNARVON PARK,QLD551,QLD
CARNEYS CREEK,QLD552,QLD
CAROLE PARK,QLD553,QLD
CAROLINE CROSSING,QLD554,QLD
CARPENDALE,QLD555,QLD
CARPENTARIA,QLD556,QLD
CARRANDOTTA,QLD557,QLD
CARRARA,QLD558,QLD
CARRINGTON,QLD559,QLD
CARRUCHAN,QLD560,QLD
CARSELDINE,QLD561,QLD
CARSTAIRS,QLD562,QLD
CARTERS RIDGE,QLD563,QLD
CASHMERE,QLD564,QLD
CASSOWARY,QLD565,QLD
CASTAWAYS BEACH,QLD566,QLD
CASTLE CREEK,QLD567,QLD
CASTLE HILL,QLD568,QLD
CATTLE CREEK,QLD569,QLD
CATTLE CREEK,QLD569,QLD
CAUSEWAY LAKE,QLD571,QLD
CAWARRAL,QLD572,QLD
CAWDOR,QLD573,QLD
CECIL PLAINS,QLD575,QLD
CEDAR CREEK,QLD576,QLD
CEDAR CREEK,QLD576,QLD
CEDAR GROVE,QLD578,QLD
CEDAR POCKET,QLD579,QLD
CEDAR VALE,QLD580,QLD
CEDARTON,QLD581,QLD
CEMENT MILLS,QLD582,QLD
CENTENARY HEIGHTS,QLD583,QLD
CERATODUS,QLD584,QLD
CHAHPINGAH,QLD585,QLD
CHAMBERS FLAT,QLD586,QLD
CHANCES PLAIN,QLD587,QLD
CHANDLER,QLD588,QLD
CHAPEL HILL,QLD589,QLD
CHARLESTOWN,QLD590,QLD
CHARLEVILLE,QLD591,QLD
CHARLTON,QLD592,QLD
CHARLWOOD,QLD593,QLD
CHARTERS TOWERS CITY,QLD3380,QLD
CHATSWORTH,QLD594,QLD
CHEESEBOROUGH,QLD595,QLD
CHELMER,QLD596,QLD
CHELMSFORD,QLD597,QLD
CHELONA,QLD598,QLD
CHELTENHAM,QLD599,QLD
CHERBOURG,QLD600,QLD
CHERBOURG,QLD600,QLD
CHERMSIDE,QLD601,QLD
CHERMSIDE WEST,QLD602,QLD
CHERRY CREEK,QLD603,QLD
CHERRY GULLY,QLD604,QLD
CHERWELL,QLD605,QLD
CHEVALLUM,QLD606,QLD
CHEWKO,QLD607,QLD
CHILDERS,QLD608,QLD
CHILLAGOE,QLD609,QLD
CHINA CAMP,,QLD
CHINCHILLA,QLD610,QLD
CHINGHEE CREEK,QLD611,QLD
CHIRNSIDE,QLD612,QLD
CHORREGON,,QLD
CHRISTMAS CREEK,QLD614,QLD
CHRISTMAS CREEK,QLD614,QLD
CHURCHABLE,QLD615,QLD
CHURCHILL,QLD616,QLD
CHUULA,,QLD
CHUWAR,QLD617,QLD
CINNABAR,QLD618,QLD
CITY,,QLD
CLAGIRABA,QLD620,QLD
CLAIRVIEW,QLD621,QLD
CLARA CREEK,QLD622,QLD
CLARAVILLE,QLD623,QLD
CLARE,QLD624,QLD
CLARENDON,QLD625,QLD
CLARKE CREEK,QLD626,QLD
CLAYFIELD,QLD627,QLD
CLEAR ISLAND WATERS,QLD628,QLD
CLEAR MOUNTAIN,QLD629,QLD
CLEMANT,QLD630,QLD
CLERMONT,QLD631,QLD
CLEVELAND,QLD632,QLD
CLIFFORD,QLD633,QLD
CLIFTON,QLD634,QLD
CLIFTON BEACH,QLD635,QLD
CLINTON,QLD636,QLD
CLINTONVALE,QLD637,QLD
CLONCURRY,QLD638,QLD
CLONTARF,QLD640,QLD
CLONTARF,QLD640,QLD
CLOSEBURN,QLD641,QLD
CLOYNA,QLD642,QLD
CLUDEN,QLD643,QLD
CLUMBER,QLD644,QLD
COAL CREEK,QLD645,QLD
COALBANK,QLD646,QLD
COALFALLS,QLD647,QLD
COALSTOUN LAKES,QLD648,QLD
COBBS HILL,QLD649,QLD
COBRABALL,QLD650,QLD
COCKATOO,QLD651,QLD
COCKATOO BORE,,QLD
COCONUT ISLAND,,QLD
COCONUTS,QLD653,QLD
COEN,QLD654,QLD
COES CREEK,QLD655,QLD
COLES CREEK,QLD656,QLD
COLEVALE,QLD657,QLD
COLEYVILLE,QLD658,QLD
COLINTON,QLD659,QLD
COLLAROY,QLD660,QLD
COLLEGE VIEW,QLD661,QLD
COLLINGWOOD PARK,QLD662,QLD
COLLINSVILLE,QLD663,QLD
COLOSSEUM,QLD664,QLD
COLUMBIA,QLD665,QLD
COLUMBOOLA,QLD666,QLD
COMET,QLD667,QLD
COMMISSIONERS FLAT,QLD668,QLD
COMO,QLD669,QLD
COMOON LOOP,QLD670,QLD
CONA CREEK,QLD671,QLD
CONDAMINE,QLD672,QLD
CONDAMINE FARMS,QLD673,QLD
CONDAMINE PLAINS,QLD3344,QLD
CONDON,QLD675,QLD
CONJUBOY,QLD676,QLD
CONONDALE,QLD677,QLD
CONSUELO,QLD678,QLD
CONWAY,QLD679,QLD
CONWAY BEACH,QLD680,QLD
COOCHIEMUDLO ISLAND,QLD681,QLD
COOCHIN,QLD682,QLD
COOCHIN CREEK,QLD683,QLD
COOEE BAY,QLD684,QLD
COOEEIMBARDI,QLD685,QLD
COOKTOWN,QLD686,QLD
COOLABINE,QLD687,QLD
COOLABUNIA,QLD688,QLD
COOLADDI,QLD689,QLD
COOLANA,QLD690,QLD
COOLANGATTA,QLD691,QLD
COOLBIE,QLD692,QLD
COOLMUNDA,QLD693,QLD
COOLOOLA,QLD694,QLD
COOLOOLA COVE,QLD695,QLD
COOLOOLABIN,QLD696,QLD
COOLUM BEACH,QLD697,QLD
COOMBABAH,QLD698,QLD
COOMERA,QLD699,QLD
COOMINGLAH,QLD700,QLD
COOMINGLAH FOREST,QLD701,QLD
COOMINYA,QLD702,QLD
COOMOO,QLD703,QLD
COOMRITH,QLD704,QLD
COONAMBULA,QLD705,QLD
COONARR,QLD706,QLD
COONDOO,QLD707,QLD
COONGOOLA,QLD708,QLD
COOPERS PLAINS,QLD709,QLD
COORADA,QLD710,QLD
COORAN,QLD711,QLD
COORANGA,QLD712,QLD
COOROIBAH,QLD713,QLD
COOROO LANDS,QLD714,QLD
COOROOMAN,QLD715,QLD
COOROY,QLD716,QLD
COOROY MOUNTAIN,QLD717,QLD
COORPAROO,QLD718,QLD
COORUMBA,QLD719,QLD
COORUMBENE,QLD720,QLD
COOTHARABA,QLD721,QLD
COOWONGA,QLD722,QLD
COOYA BEACH,QLD723,QLD
COOYAR,QLD724,QLD
COPPABELLA,QLD725,QLD
COQUETTE POINT,QLD726,QLD
CORAL COVE,QLD727,QLD
CORAL SEA,QLD728,QLD
CORALIE,QLD729,QLD
CORBOULD PARK,,QLD
CORDALBA,QLD730,QLD
CORDELIA,QLD731,QLD
CORELLA,QLD732,QLD
CORFIELD,QLD733,QLD
CORINDA,QLD734,QLD
CORINGA,QLD735,QLD
CORNDALE,QLD736,QLD
CORNISH CREEK,QLD737,QLD
CORNUBIA,QLD738,QLD
CORNWALL,QLD739,QLD
CORYMBIA,,QLD
COSGROVE,QLD3336,QLD
COTHERSTONE,QLD740,QLD
COTSWOLD HILLS,QLD741,QLD
COTTONVALE,QLD742,QLD
COULSON,QLD743,QLD
COVERTY,QLD744,QLD
COW BAY,QLD745,QLD
COWAN COWAN,QLD746,QLD
COWLEY,QLD747,QLD
COWLEY BEACH,QLD748,QLD
COWLEY CREEK,QLD749,QLD
CRACOW,QLD750,QLD
CRAIGLIE,QLD751,QLD
CRAIGNISH,QLD752,QLD
CRANBROOK,QLD753,QLD
CRANLEY,QLD754,QLD
CRAWFORD,QLD755,QLD
CREDITON,QLD756,QLD
CREMORNE,QLD757,QLD
CRESSBROOK,QLD758,QLD
CRESSBROOK CREEK,QLD759,QLD
CRESTMEAD,QLD760,QLD
CRIMEA,,QLD
CRINUM,QLD762,QLD
CROCODILE STATION,,QLD
CROFTBY,QLD763,QLD
CROHAMHURST,QLD764,QLD
CROMARTY,QLD765,QLD
CROSSDALE,QLD766,QLD
CROSSROADS,QLD767,QLD
CROWLEY VALE,QLD768,QLD
CROWNTHORPE,QLD769,QLD
CROWS NEST,QLD770,QLD
CROYDON,QLD771,QLD
CRYNA,QLD772,QLD
CRYSTAL BROOK,QLD773,QLD
CRYSTAL CREEK,QLD774,QLD
CRYSTALBROOK,QLD775,QLD
CULLINANE,QLD776,QLD
CUNGULLA,QLD777,QLD
CUNNAMULLA,QLD778,QLD
CUNNINGHAM,QLD779,QLD
CURRA,QLD780,QLD
CURRAJAH,QLD781,QLD
CURRAJONG,QLD782,QLD
CURRAMORE,QLD783,QLD
CURRIMUNDI,QLD784,QLD
CURRUMBIN,QLD785,QLD
CURRUMBIN VALLEY,QLD786,QLD
CURRUMBIN WATERS,QLD787,QLD
CURTIS ISLAND,QLD788,QLD
CUSHNIE,QLD789,QLD
CUTELLA,QLD790,QLD
CUTTABURRA,QLD791,QLD
CYNTHIA,QLD792,QLD
CYPRESS GARDENS,QLD793,QLD
D'AGUILAR,QLD794,QLD
DAGMAR,QLD795,QLD
DAGUN,QLD796,QLD
DAINTREE,QLD797,QLD
DAISY HILL,QLD798,QLD
DAJARRA,QLD799,QLD
DAJARRA,QLD799,QLD
DAKABIN,QLD800,QLD
DAKENBA,QLD801,QLD
DALBEG,QLD802,QLD
DALBY,QLD803,QLD
DALCOUTH,QLD804,QLD
DALGA,QLD805,QLD
DALLARNIL,QLD806,QLD
DALMA,QLD807,QLD
DALRYMPLE CREEK,QLD808,QLD
DALRYMPLE HEIGHTS,QLD809,QLD
DALVEEN,QLD810,QLD
DALWOGON,QLD811,QLD
DALYSFORD,QLD812,QLD
DAMASCUS,QLD813,QLD
DAMPER CREEK,QLD814,QLD
DANBULLA,QLD815,QLD
DANDEROO,QLD816,QLD
DANGORE,QLD817,QLD
DARADGEE,QLD818,QLD
DARGAL ROAD,QLD819,QLD
DARLING HEIGHTS,QLD820,QLD
DARLINGTON,QLD821,QLD
DARNLEY ISLAND,,QLD
DARR CREEK,QLD823,QLD
DARRA,QLD824,QLD
DARTS CREEK,QLD825,QLD
DAUAN ISLAND,QLD826,QLD
DAUAN ISLAND,QLD826,QLD
DAUNIVALE,,QLD
DAVESON,QLD827,QLD
DAYBORO,QLD828,QLD
DAYMAR,QLD829,QLD
DEAGON,QLD830,QLD
DECEPTION BAY,QLD831,QLD
DEDIN,QLD832,QLD
DEEBING HEIGHTS,QLD833,QLD
DEEP CREEK,QLD834,QLD
DEEPWATER,QLD835,QLD
DEERAGUN,QLD836,QLD
DEERAL,QLD837,QLD
DEGARRA,QLD838,QLD
DEGILBO,QLD839,QLD
DELAN,QLD840,QLD
DELANEYS CREEK,QLD841,QLD
DEPOT HILL,QLD842,QLD
DERRI DERRA,QLD843,QLD
DERRYMORE,QLD844,QLD
DESAILLY,QLD845,QLD
DEUCHAR,QLD846,QLD
DEVEREUX CREEK,QLD847,QLD
DEVON PARK,QLD848,QLD
DIAMANTINA LAKES,QLD849,QLD
DIAMOND VALLEY,QLD850,QLD
DIAMONDVALE,QLD851,QLD
DIAMONDY,QLD852,QLD
DICKY BEACH,QLD853,QLD
DIDCOT,QLD854,QLD
DIDDILLIBAH,QLD855,QLD
DIGLUM,QLD856,QLD
DIMBULAH,QLD857,QLD
DIMERAH,,QLD
DINGO,QLD858,QLD
DINGO BEACH,QLD859,QLD
DINGO POCKET,QLD860,QLD
DINMORE,QLD861,QLD
DIRNBIR,QLD862,QLD
DIRRANBANDI,QLD863,QLD
DITTMER,QLD864,QLD
DIWAN,QLD865,QLD
DIXALEA,QLD866,QLD
DIXIE,QLD867,QLD
DJARAWONG,QLD868,QLD
DJENIJHI,,QLD
DJIRU,QLD869,QLD
DJUAN,QLD870,QLD
DOCTOR CREEK,QLD871,QLD
DOLPHIN HEADS,QLD872,QLD
DOMVILLE,QLD873,QLD
DONNYBROOK,QLD874,QLD
DOOLANDELLA,QLD875,QLD
DOOLBI,QLD876,QLD
DOOMADGEE,QLD3345,QLD
DOOMADGEE,QLD3345,QLD
DOONAN,QLD877,QLD
DOONGUL,QLD878,QLD
DOTSWOOD,QLD879,QLD
DOUGHBOY,QLD880,QLD
DOUGLAS,QLD883,QLD
DOUGLAS,QLD883,QLD
DOWAR ISLAND,,QLD
DOWAR ISLET,QLD3366,QLD
DOWNSFIELD,QLD884,QLD
DOWS CREEK,QLD885,QLD
DRAPER,QLD886,QLD
DRAYTON,QLD887,QLD
DREWVALE,QLD888,QLD
DRILLHAM,QLD889,QLD
DRILLHAM SOUTH,QLD890,QLD
DRINAN,QLD891,QLD
DROMEDARY,QLD892,QLD
DRUMMONDSLOPE,QLD893,QLD
DUARINGA,QLD894,QLD
DUCHESS,QLD895,QLD
DUCK HOLE,,QLD
DUCKINWILLA,QLD896,QLD
DUCKLO,QLD897,QLD
DUGANDAN,QLD898,QLD
DUINGAL,QLD899,QLD
DULACCA,QLD900,QLD
DULONG,QLD901,QLD
DULULU,QLD902,QLD
DUMBLETON,QLD903,QLD
DUMGREE,QLD904,QLD
DUMPY CREEK,QLD905,QLD
DUNDARRAH,QLD906,QLD
DUNDAS,QLD907,QLD
DUNDATHU,QLD908,QLD
DUNDOWRAN,QLD909,QLD
DUNDOWRAN BEACH,QLD910,QLD
DUNK,QLD911,QLD
DUNKELD,QLD912,QLD
DUNMORA,QLD913,QLD
DUNMORE,QLD914,QLD
DUNNROCK,QLD915,QLD
DUNROBIN,QLD916,QLD
DUNWICH,QLD917,QLD
DURACK,QLD918,QLD
DURAH,QLD919,QLD
DURHAM,QLD920,QLD
DURHAM DOWNS,QLD921,QLD
DURONG,QLD922,QLD
DUTTON PARK,QLD923,QLD
DUTTON RIVER,QLD924,QLD
DWENDI,,QLD
DYKEHEAD,QLD925,QLD
DYNEVOR,QLD926,QLD
DYSART,QLD927,QLD
EAGLE FARM,QLD928,QLD
EAGLEBY,QLD929,QLD
EAGLEFIELD,QLD930,QLD
EARLVILLE,QLD931,QLD
EAST BARRON,QLD932,QLD
EAST BRISBANE,QLD933,QLD
EAST COOYAR,QLD934,QLD
EAST CREEK,QLD935,QLD
EAST DEEP CREEK,QLD936,QLD
EAST END,QLD937,QLD
EAST FELUGA,QLD938,QLD
EAST GREENMOUNT,QLD939,QLD
EAST HALDON,QLD940,QLD
EAST INNISFAIL,QLD941,QLD
EAST IPSWICH,QLD942,QLD
EAST MACKAY,QLD943,QLD
EAST NANANGO,QLD944,QLD
EAST PALMERSTON,QLD945,QLD
EAST RUSSELL,QLD946,QLD
EAST TOOWOOMBA,QLD947,QLD
EAST TRINITY,QLD948,QLD
EASTERN HEIGHTS,QLD949,QLD
EATON,QLD950,QLD
EATONS HILL,QLD951,QLD
EBBW VALE,QLD952,QLD
EBENEZER,QLD953,QLD
EDENS LANDING,QLD954,QLD
EDGE HILL,QLD955,QLD
EDMONTON,QLD956,QLD
EDWARD RIVER,QLD957,QLD
EERWAH VALE,QLD958,QLD
EGYPT,QLD959,QLD
EIDSVOLD,QLD960,QLD
EIDSVOLD EAST,QLD961,QLD
EIDSVOLD WEST,QLD962,QLD
EIGHT MILE,,QLD
EIGHT MILE CREEK,QLD963,QLD
EIGHT MILE PLAINS,QLD964,QLD
EIMEO,QLD965,QLD
EINASLEIGH,QLD966,QLD
EL ARISH,QLD967,QLD
ELAMAN CREEK,QLD968,QLD
ELANORA,QLD969,QLD
ELBOW VALLEY,QLD970,QLD
ELECTRA,QLD971,QLD
ELGIN,QLD972,QLD
ELGIN VALE,QLD973,QLD
ELI WATERS,QLD974,QLD
ELIM,,QLD
ELIMBAH,QLD975,QLD
ELLANGOWAN,QLD976,QLD
ELLEN GROVE,QLD977,QLD
ELLERBECK,QLD978,QLD
ELLESMERE,QLD979,QLD
ELLINJAA,QLD980,QLD
ELLINTHORP,QLD981,QLD
ELLIOTT,QLD982,QLD
ELLIOTT HEADS,QLD983,QLD
ELLIS BEACH,QLD984,QLD
ELPHINSTONE,QLD986,QLD
ELPHINSTONE,QLD986,QLD
EMERALD,QLD987,QLD
EMU CREEK,QLD988,QLD
EMU PARK,QLD989,QLD
EMU VALE,QLD990,QLD
ENGKORAM,,QLD
ENGLAND CREEK,QLD991,QLD
ENOGGERA,QLD992,QLD
ENOGGERA RESERVOIR,QLD993,QLD
EPSOM,QLD994,QLD
ERAKALA,QLD995,QLD
ERNESTINA,,QLD
EROMANGA,QLD997,QLD
ERUB ISLAND,QLD3362,QLD
ESK,QLD998,QLD
ESKDALE,QLD999,QLD
ESMERALDA,QLD1000,QLD
ETNA CREEK,QLD1001,QLD
ETON,QLD1002,QLD
ETTY BAY,QLD1004,QLD
EUBENANGEE,QLD1005,QLD
EUDLO,QLD1006,QLD
EUKEY,QLD1007,QLD
EULEILAH,QLD1008,QLD
EULO,QLD1009,QLD
EUMAMURRIN,QLD1010,QLD
EUMUNDI,QLD1011,QLD
EUNGELLA,QLD1012,QLD
EUNGELLA DAM,QLD1013,QLD
EUNGELLA HINTERLAND,QLD1014,QLD
EUNNMEN,,QLD
EURAMO,QLD1015,QLD
EUREKA,QLD1016,QLD
EURELLA,QLD1017,QLD
EURIMBULA,QLD1018,QLD
EUROMBAH,QLD1019,QLD
EURONG,QLD1020,QLD
EUTHULLA,QLD1021,QLD
EVANS LANDING,QLD1022,QLD
EVANSLEA,QLD1023,QLD
EVELYN,QLD1024,QLD
EVERGREEN,QLD1025,QLD
EVERTON HILLS,QLD1026,QLD
EVERTON PARK,QLD1027,QLD
EVORA,QLD1028,QLD
FAIRDALE,QLD1029,QLD
FAIRFIELD,QLD1030,QLD
FAIRLIGHT,,QLD
FAIRNEY VIEW,QLD1031,QLD
FAIRVIEW STATION,,QLD
FAIRY BOWER,QLD1032,QLD
FAIRYLAND,QLD1033,QLD
FAIRYMEAD,QLD1034,QLD
FARLEIGH,QLD1035,QLD
FARNBOROUGH,QLD1036,QLD
FARNSFIELD,QLD1037,QLD
FARRARS CREEK,QLD1038,QLD
FASSIFERN,QLD1039,QLD
FASSIFERN VALLEY,QLD1040,QLD
FEDERAL,QLD1041,QLD
FELTON,QLD1045,QLD
FELTON SOUTH,QLD1046,QLD
FELUGA,QLD1047,QLD
FERNEY,QLD1048,QLD
FERNVALE,QLD1049,QLD
FERNY GLEN,QLD1050,QLD
FERNY GROVE,QLD1051,QLD
FERNY HILLS,QLD1052,QLD
FESTIVAL GROUND,,QLD
FICKS CROSSING,QLD1053,QLD
FIELDING,QLD1054,QLD
FIFTEEN MILE,QLD1055,QLD
FIG TREE POCKET,QLD1056,QLD
FINCH HATTON,QLD1057,QLD
FINLAYVALE,QLD3375,QLD
FINNIE,QLD1059,QLD
FISH HOLE,,QLD
FISHER,QLD1060,QLD
FISHERMANS POCKET,QLD1061,QLD
FISHERY FALLS,QLD1062,QLD
FITZGERALD CREEK,QLD1063,QLD
FITZGIBBON,QLD1064,QLD
FITZROY ISLAND,QLD1065,QLD
FLAGSTONE,QLD3389,QLD
FLAGSTONE CREEK,QLD1066,QLD
FLAMETREE,QLD1067,QLD
FLAXTON,QLD1068,QLD
FLETCHER,QLD1069,QLD
FLETCHER CREEK,QLD1070,QLD
FLEURBAIX,QLD1071,QLD
FLINDERS LAKES,QLD3390,QLD
FLINDERS VIEW,QLD1072,QLD
FLINTON,QLD1073,QLD
FLORENCE BAY,QLD1074,QLD
FLYING FISH POINT,QLD1075,QLD
FLYING FOX,QLD1076,QLD
FORDSDALE,QLD1077,QLD
FORDY FARM,,QLD
FORESHORES,QLD1078,QLD
FOREST CREEK,QLD1079,QLD
FOREST GLEN,QLD1080,QLD
FOREST HILL,QLD1081,QLD
FOREST LAKE,QLD1082,QLD
FOREST RIDGE,QLD1083,QLD
FOREST SPRINGS,QLD1084,QLD
FORESTDALE,QLD1085,QLD
FORESTHOME,QLD1086,QLD
FORESTVALE,QLD1087,QLD
FORK LAGOONS,QLD1088,QLD
FORMARTIN,QLD1089,QLD
FORREST BEACH,QLD1090,QLD
FORSAYTH,QLD1091,QLD
FORTITUDE VALLEY,QLD1092,QLD
FORTY MILE,QLD1093,QLD
FOSSILBROOK,QLD1094,QLD
FOULDEN,QLD1095,QLD
FOUR WAYS,QLD1096,QLD
FOXDALE,QLD1097,QLD
FRANKFIELD,QLD1098,QLD
FRASER ISLAND,QLD1099,QLD
FRAZERVIEW,QLD1100,QLD
FREDERICKSFIELD,QLD1101,QLD
FREESTONE,QLD1102,QLD
FRENCHES CREEK,QLD1103,QLD
FRENCHVILLE,QLD1104,QLD
FRESHWATER,QLD1105,QLD
FRESHWATER POINT,QLD1106,QLD
FRIDAY POCKET,QLD1107,QLD
FULHAM,QLD1108,QLD
GABUNYARI,,QLD
GADGARRA,QLD1109,QLD
GAETA,QLD1110,QLD
GAGALBA,,QLD
GAILES,QLD1111,QLD
GAINSFORD,QLD1112,QLD
GAIRLOCH,QLD1113,QLD
GALILEE,QLD1114,QLD
GAMBOOLA,QLD1115,QLD
GANGALIDDA,QLD3350,QLD
GANTHAWU,,QLD
GARBUTT,QLD1116,QLD
GARFIELD,QLD1117,QLD
GARGETT,QLD1118,QLD
GARNANT,QLD1119,QLD
GARNERS BEACH,QLD1120,QLD
GARRADUNGA,QLD1121,QLD
GARRAWALT,QLD1122,QLD
GARRAWAY CROSSING,,QLD
GATTON,QLD1123,QLD
GAVEN,QLD1124,QLD
GAYNDAH,QLD1125,QLD
GAYTHORNE,QLD1126,QLD
GEEBUNG,QLD1127,QLD
GEHAM,QLD1128,QLD
GEMINI MOUNTAINS,QLD1129,QLD
GEORGETOWN,QLD1130,QLD
GEORGINA,QLD1131,QLD
GERMANTOWN,QLD1132,QLD
GHEERULLA,QLD1133,QLD
GHINGHINDA,QLD1134,QLD
GIDYA,QLD1135,QLD
GIGOOMGAN,QLD1136,QLD
GILBERT RIVER,QLD1137,QLD
GILBERTON,QLD1138,QLD
GILBERTON,QLD1138,QLD
GILBERTON,QLD1138,QLD
GILBERTON,QLD1138,QLD
GILLA,QLD1140,QLD
GILLDORA,QLD1141,QLD
GILSTON,QLD1142,QLD
GIN GIN,QLD1143,QLD
GINDIE,QLD1144,QLD
GINDORAN,QLD1145,QLD
GINOONDAN,QLD1146,QLD
GIRRAWEEN,QLD1147,QLD
GIRU,QLD1148,QLD
GIVELDA,QLD1149,QLD
GLADFIELD,QLD1150,QLD
GLADSTONE CENTRAL,QLD1151,QLD
GLADSTONE HARBOUR,QLD1152,QLD
GLADSTONE HARBOUR ISLANDS,,QLD
GLAMORGAN VALE,QLD1153,QLD
GLAN DEVON,QLD1154,QLD
GLANMIRE,QLD1155,QLD
GLASS HOUSE MOUNTAINS,QLD1157,QLD
GLASTONBURY,QLD1158,QLD
GLEBE,QLD1159,QLD
GLEN ALLYN,QLD1160,QLD
GLEN APLIN,QLD1161,QLD
GLEN BOUGHTON,QLD1162,QLD
GLEN CAIRN,QLD1163,QLD
GLEN ECHO,QLD1164,QLD
GLEN EDEN,QLD1165,QLD
GLEN ESK,QLD1166,QLD
GLEN GARLAND,,QLD
GLEN ISLA,QLD1167,QLD
GLEN NIVEN,QLD1168,QLD
GLEN RUSSELL,QLD1169,QLD
GLEN RUTH,QLD1170,QLD
GLENARBON,QLD1171,QLD
GLENAUBYN,QLD1172,QLD
GLENAVEN,QLD1173,QLD
GLENBAR,QLD1174,QLD
GLENCOE,QLD1175,QLD
GLENDALE,QLD1176,QLD
GLENDEN,QLD1177,QLD
GLENEAGLE,QLD1178,QLD
GLENELLA,QLD1179,QLD
GLENFERN,QLD1180,QLD
GLENGALLAN,QLD1181,QLD
GLENHAUGHTON,QLD1182,QLD
GLENLEE,QLD1183,QLD
GLENLEIGH,QLD1184,QLD
GLENLOGAN,QLD3397,QLD
GLENLYON,QLD1185,QLD
GLENMORAL,QLD1186,QLD
GLENMORGAN,QLD1188,QLD
GLENORCHY,QLD1189,QLD
GLENORE GROVE,QLD1190,QLD
GLENRAE,QLD1191,QLD
GLENROCK,QLD1192,QLD
GLENROY,QLD1193,QLD
GLENVALE,QLD1194,QLD
GLENVIEW,QLD1195,QLD
GLENWOOD,QLD1196,QLD
GODWIN BEACH,QLD1197,QLD
GOGANGO,QLD1198,QLD
GOLDEN BEACH,QLD1199,QLD
GOLDEN FLEECE,QLD1200,QLD
GOLDFIELDS,QLD1201,QLD
GOLDSBOROUGH,QLD1202,QLD
GOOBURRUM,QLD1203,QLD
GOOD NIGHT,QLD1205,QLD
GOODAR,QLD1206,QLD
GOODGER,QLD1207,QLD
GOODNA,QLD1208,QLD
GOODWOOD,QLD1209,QLD
GOOGA CREEK,QLD1210,QLD
GOOLBOO,QLD1211,QLD
GOOLMAN,QLD1212,QLD
GOOMALLY,QLD1213,QLD
GOOMBI,QLD1214,QLD
GOOMBOORIAN,QLD1215,QLD
GOOMBUNGEE,QLD1216,QLD
GOOMBURRA,QLD1217,QLD
GOOMERI,QLD1218,QLD
GOOMERIBONG,QLD1219,QLD
GOONDI,QLD1220,QLD
GOONDI BEND,QLD1221,QLD
GOONDI HILL,QLD1222,QLD
GOONDIWINDI,QLD1223,QLD
GOORGANGA CREEK,QLD1224,QLD
GOORGANGA PLAINS,QLD1225,QLD
GOOROOLBA,QLD1226,QLD
GOOTCHIE,QLD1227,QLD
GOOVIGEN,QLD1228,QLD
GOOWARRA,QLD1229,QLD
GORANBA,QLD1230,QLD
GORDON PARK,QLD1231,QLD
GORDONBROOK,QLD1232,QLD
GORDONSTONE,QLD1233,QLD
GORDONVALE,QLD1234,QLD
GORE,QLD1235,QLD
GOWRIE JUNCTION,QLD1236,QLD
GOWRIE LITTLE PLAIN,QLD1238,QLD
GOWRIE MOUNTAIN,QLD1239,QLD
GOWRIE STATION,QLD1240,QLD
GRACEMERE,QLD1241,QLD
GRACEVILLE,QLD1242,QLD
GRAHAMS CREEK,QLD1243,QLD
GRANADILLA,QLD1244,QLD
GRAND SECRET,QLD1245,QLD
GRANDCHESTER,QLD1246,QLD
GRANGE,QLD1247,QLD
GRANITE VALE,QLD1248,QLD
GRANT,QLD1249,QLD
GRANTHAM,QLD1250,QLD
GRANVILLE,QLD1251,QLD
GRAPETREE,QLD1252,QLD
GRASSDALE,QLD1253,QLD
GRASSTREE BEACH,QLD1254,QLD
GRAYS GATE,QLD1255,QLD
GREAT SANDY STRAIT,QLD1257,QLD
GREEN HILL,QLD1258,QLD
GREEN ISLAND,QLD3376,QLD
GREEN ISLAND,QLD3376,QLD
GREEN ISLAND,QLD3376,QLD
GREENBANK,QLD1261,QLD
GREENLAKE,QLD1262,QLD
GREENLANDS,QLD1263,QLD
GREENMOUNT,QLD1264,QLD
GREENMOUNT,QLD1264,QLD
GREENMOUNT,QLD1264,QLD
GREENS CREEK,QLD1266,QLD
GREENSLOPES,QLD1267,QLD
GREENSTONE,,QLD
GREENSWAMP,QLD1268,QLD
GREENUP,QLD1269,QLD
GREENVALE,QLD1270,QLD
GREENVIEW,QLD1271,QLD
GREENWOOD,QLD1272,QLD
GREGORS CREEK,QLD1273,QLD
GREGORY,QLD1274,QLD
GREGORY RIVER,QLD1275,QLD
GREGORY RIVER,QLD1275,QLD
GREYCLIFFE,QLD1277,QLD
GREYMARE,QLD1278,QLD
GRIFFIN,QLD1279,QLD
GROGANVILLE,QLD1280,QLD
GROOMSVILLE,QLD1281,QLD
GROPER CREEK,QLD3386,QLD
GROSMONT,QLD1282,QLD
GROSVENOR,QLD1283,QLD
GUANABA,QLD1284,QLD
GUBAN GURRU,,QLD
GUIJAR ISLET,QLD3367,QLD
GULF OF CARPENTARIA,QLD1285,QLD
GULLIVER,QLD1286,QLD
GULNGAI,QLD1287,QLD
GULUGUBA,QLD1288,QLD
GUMDALE,QLD1289,QLD
GUMHOLE,,QLD
GUMLOW,QLD1290,QLD
GUMLU,QLD1292,QLD
GUNALDA,QLD1293,QLD
GUNBAH,,QLD
GUNDIAH,QLD1294,QLD
GUNGALOON,QLD1295,QLD
GUNNAWARRA,QLD1296,QLD
GUNNEWIN,QLD1297,QLD
GUNPOWDER,QLD1298,QLD
GUNUN WOONAM,,QLD
GUNUNA,,QLD
GUNYARRA,QLD1299,QLD
GURGEENA,QLD1300,QLD
GURULMUNDI,QLD1301,QLD
GUTHALUNGRA,QLD1302,QLD
GWAMBEGWINE,QLD1303,QLD
GYMPIE,QLD1304,QLD
HABANA,QLD1305,QLD
HADEN,QLD1306,QLD
HAIGSLEA,QLD1307,QLD
HAIL CREEK,QLD1308,QLD
HALIDAY BAY,QLD1309,QLD
HALIFAX,QLD1310,QLD
HALL POINT,,QLD
HALLIFORD,QLD1311,QLD
HALY CREEK,QLD1312,QLD
HAMILTON,QLD1313,QLD
HAMILTON CREEK,QLD1314,QLD
HAMILTON PLAINS,QLD1315,QLD
HAMMOND ISLAND,,QLD
HAMMOND ISLAND,,QLD
HAMPDEN,QLD1317,QLD
HAMPTON,QLD1318,QLD
HANNAFORD,QLD1319,QLD
HAPPY VALLEY,QLD1320,QLD
HARLAXTON,QLD1321,QLD
HARLIN,QLD1322,QLD
HARRAMI,QLD1324,QLD
HARRIET,QLD1325,QLD
HARRISTOWN,QLD1326,QLD
HARRISVILLE,QLD1327,QLD
HATTON VALE,QLD1328,QLD
HAWKINS CREEK,QLD1329,QLD
HAWKWOOD,QLD1330,QLD
HAWTHORNE,QLD1331,QLD
HAY POINT,QLD1332,QLD
HAZELDEAN,QLD1333,QLD
HAZLEDEAN,QLD1334,QLD
HEADINGTON HILL,QLD1335,QLD
HEALY,QLD1336,QLD
HEATHWOOD,QLD1337,QLD
HEATLEY,QLD1338,QLD
HEBEL,QLD1339,QLD
HELENS HILL,QLD1340,QLD
HELENSVALE,QLD1341,QLD
HELIDON,QLD1342,QLD
HELIDON SPA,QLD1343,QLD
HEMMANT,QLD1344,QLD
HENDON,QLD1345,QLD
HENDRA,QLD1346,QLD
HERBERTON,QLD1347,QLD
HERITAGE PARK,QLD1348,QLD
HERMIT PARK,QLD1349,QLD
HERSTON,QLD1350,QLD
HERVEY BAY,,QLD
HERVEY RANGE,QLD3355,QLD
HIBERNIA,QLD1354,QLD
HIDDEN VALLEY,QLD1355,QLD
HIDDEN VALLEY,QLD1355,QLD
HIDEAWAY BAY,QLD1356,QLD
HIGHBURY,QLD1357,QLD
HIGHFIELDS,QLD1358,QLD
HIGHGATE HILL,QLD1359,QLD
HIGHGROVE,QLD1360,QLD
HIGHLAND PARK,QLD1361,QLD
HIGHLAND PLAINS,QLD1362,QLD
HIGHLAND PLAINS,QLD1362,QLD
HIGHVALE,QLD1364,QLD
HIGHWORTH,QLD1365,QLD
HILLCREST,QLD1366,QLD
HILLVIEW,QLD1367,QLD
HINCHINBROOK,QLD1368,QLD
HIRSTGLEN,QLD1369,QLD
HIVESVILLE,QLD1370,QLD
HOBARTVILLE,QLD1371,QLD
HODGLEIGH,QLD1372,QLD
HODGSON,QLD1373,QLD
HODGSON VALE,QLD1374,QLD
HOLLAND PARK,QLD1375,QLD
HOLLAND PARK WEST,QLD1376,QLD
HOLLOWAYS BEACH,QLD1377,QLD
HOLLYWELL,QLD1378,QLD
HOLMVIEW,QLD1379,QLD
HOLROYD RIVER,QLD1380,QLD
HOME CREEK,QLD1381,QLD
HOME HILL,QLD1382,QLD
HOMEBUSH,QLD1383,QLD
HOMESTEAD,QLD3379,QLD
HOOKSWOOD,QLD1384,QLD
HOPE ISLAND,QLD1385,QLD
HOPE VALE,QLD1386,QLD
HOPE VALE,QLD1386,QLD
HOPELAND,QLD1387,QLD
HORN,QLD1388,QLD
HORN ISLAND,,QLD
HORSE CAMP,QLD1389,QLD
HORSE CREEK,QLD1390,QLD
HORSESHOE BAY,QLD1391,QLD
HORSESHOE LAGOON,QLD1392,QLD
HORTON,QLD1393,QLD
HOWARD,QLD1394,QLD
HOWITT,QLD1395,QLD
HOYA,QLD1396,QLD
HUDSON,QLD1397,QLD
HUGHENDEN,QLD1398,QLD
HULL HEADS,QLD1399,QLD
HUMBOLDT,QLD1400,QLD
HUMEBURN,QLD1401,QLD
HUMPHERY,QLD1402,QLD
HUNCHY,QLD1403,QLD
HUNGERFORD,QLD1404,QLD
HURRICANE,QLD1405,QLD
HUTTON CREEK,QLD1406,QLD
HYDE PARK,QLD1407,QLD
IAMA ISLAND,QLD3361,QLD
IBIS,QLD1408,QLD
IDALIA,QLD1409,QLD
IDERAWAY,QLD1410,QLD
ILBILBIE,QLD1411,QLD
ILFRACOMBE,QLD1412,QLD
ILKLEY,QLD1413,QLD
ILLINBAH,QLD1414,QLD
IMAGE FLAT,QLD1415,QLD
IMBIL,QLD1416,QLD
INALA,QLD1417,QLD
INDOOROOPILLY,QLD1418,QLD
INGBERRY,QLD1419,QLD
INGHAM,QLD1420,QLD
INGLESTONE,QLD1421,QLD
INGLEWOOD,QLD1422,QLD
INGOLDSBY,QLD1423,QLD
INJINOO,QLD1425,QLD
INJINOO,QLD1425,QLD
INJUNE,QLD1426,QLD
INKERMAN,QLD1427,QLD
INNES PARK,QLD1428,QLD
INNISFAIL,QLD1429,QLD
INNISFAIL ESTATE,QLD1430,QLD
INNISPLAIN,QLD1431,QLD
INNOT HOT SPRINGS,QLD1432,QLD
INSKIP,QLD1433,QLD
INVERLAW,QLD1434,QLD
INVERNESS,QLD1435,QLD
IPSWICH,QLD1436,QLD
IREDALE,QLD1437,QLD
IRON RANGE,QLD3383,QLD
IRONBARK,QLD1438,QLD
IRONGATE,QLD1439,QLD
IRONPOT,QLD1440,QLD
IRONPOT,QLD1440,QLD
IRONPOT,QLD1440,QLD
IRVINEBANK,QLD1442,QLD
IRVINGDALE,QLD1444,QLD
ISIS CENTRAL,QLD1445,QLD
ISIS RIVER,QLD1446,QLD
ISISFORD,QLD1447,QLD
ISLA,QLD1448,QLD
ISLAND PLANTATION,QLD1450,QLD
IVERAGH,QLD1451,QLD
IVORY CREEK,QLD1452,QLD
JACKSON,QLD1453,QLD
JACKSON NORTH,QLD1454,QLD
JACKSON SOUTH,QLD1455,QLD
JACOBS WELL,QLD1456,QLD
JAFFA,QLD1457,QLD
JAGGAN,QLD1458,QLD
JAMBIN,QLD3394,QLD
JAMBOREE HEIGHTS,QLD1459,QLD
JANDOWAE,QLD1460,QLD
JAPOONVALE,QLD1461,QLD
JARDINE,QLD1462,QLD
JARDINE RIVER,QLD1463,QLD
JARRA CREEK,QLD1464,QLD
JARVISFIELD,QLD1465,QLD
JEEBROPILLY,QLD1466,QLD
JELLINBAH,QLD1467,QLD
JENSEN,QLD1468,QLD
JERICHO,QLD1469,QLD
JERONA,QLD1470,QLD
JILGI,,QLD
JIMBOOMBA,QLD1471,QLD
JIMBOUR EAST,QLD1472,QLD
JIMBOUR WEST,QLD1473,QLD
JIMMY'S CAMP,,QLD
JIMNA,QLD1474,QLD
JINDALEE,QLD1475,QLD
JINGHI,QLD1476,QLD
JOBS GATE,QLD1477,QLD
JOES LAGOON,,QLD
JOHNSONS HILL,QLD1478,QLD
JOHNSTOWN,QLD1480,QLD
JOLLYS LOOKOUT,QLD1481,QLD
JONDARYAN,QLD1483,QLD
JONES GULLY,QLD1484,QLD
JONES HILL,QLD1485,QLD
JOSEPHVILLE,QLD1486,QLD
JOSKELEIGH,QLD1487,QLD
JOYNER,QLD1488,QLD
JUBILEE HEIGHTS,QLD1489,QLD
JUBILEE POCKET,QLD1490,QLD
JULAGO,QLD1491,QLD
JULATTEN,QLD1492,QLD
JULIA CREEK,QLD1493,QLD
JUMBUN,,QLD
JUNABEE,QLD1494,QLD
JUNCTION VIEW,QLD1495,QLD
JUNDAH,QLD1496,QLD
JUYUGA,,QLD
K'GARI,,QLD
KABAN,QLD1497,QLD
KABRA,QLD1498,QLD
KAGARU,QLD1499,QLD
KAIMKILLENBUN,QLD1500,QLD
KAIRABAH,QLD3387,QLD
KAIRI,QLD1501,QLD
KALAPA,QLD1502,QLD
KALBAR,QLD1503,QLD
KALINGA,QLD3388,QLD
KALKADOON,QLD1504,QLD
KALKIE,QLD1505,QLD
KALLANGUR,QLD1506,QLD
KALPOWAR,QLD1507,QLD
KALUNGA,QLD1508,QLD
KAMERUNGA,QLD1509,QLD
KANDANGA,QLD1510,QLD
KANDANGA CREEK,QLD1511,QLD
KANGAROO POINT,QLD1512,QLD
KANIGAN,QLD1513,QLD
KANIMBLA,QLD1514,QLD
KANTHANAPU,,QLD
KAPALDO,QLD1515,QLD
KARALEE,QLD1516,QLD
KARANA DOWNS,QLD1517,QLD
KARARA,QLD1518,QLD
KARAWATHA,QLD1519,QLD
KARRABIN,QLD1520,QLD
KARRAGARRA ISLAND,QLD1521,QLD
KARRON,QLD1522,QLD
KARUMBA,QLD1523,QLD
KAWANA,QLD1524,QLD
KAWL KAWL,QLD1525,QLD
KAWUNGAN,QLD1526,QLD
KEARNEYS SPRING,QLD1527,QLD
KEDRON,QLD1528,QLD
KELSEY CREEK,QLD1529,QLD
KELSO,QLD1530,QLD
KELVIN GROVE,QLD1531,QLD
KELVINHAUGH,QLD1532,QLD
KEMMIS,QLD1533,QLD
KENCHERRANG,,QLD
KENILWORTH,QLD1534,QLD
KENMORE,QLD1535,QLD
KENMORE HILLS,QLD1536,QLD
KENNEDY,QLD1537,QLD
KENSINGTON,QLD1538,QLD
KENSINGTON GROVE,QLD1539,QLD
KENTS LAGOON,QLD1540,QLD
KENTS POCKET,QLD1541,QLD
KENTVILLE,QLD1542,QLD
KEPERRA,QLD1543,QLD
KEPNOCK,QLD1544,QLD
KEPPEL SANDS,QLD1545,QLD
KERIRI ISLAND,QLD3360,QLD
KERRY,QLD1546,QLD
KEWARRA BEACH,QLD1547,QLD
KEYSLAND,QLD1548,QLD
KHOLO,QLD1549,QLD
KHOSH BULDUK,QLD1550,QLD
KIA ORA,QLD1551,QLD
KIAMBA,QLD1552,QLD
KIANGA,QLD1553,QLD
KIDAMAN CREEK,QLD1554,QLD
KIELS MOUNTAIN,QLD1555,QLD
KILBIRNIE,QLD1556,QLD
KILCOY,QLD1557,QLD
KILCUMMIN,QLD1558,QLD
KILKIVAN,QLD1559,QLD
KILLALOE,QLD1560,QLD
KILLARNEY,QLD1561,QLD
KILMOREY FALLS,QLD1562,QLD
KIMBERLEY,QLD1563,QLD
KIN KIN,QLD1564,QLD
KIN KORA,QLD1565,QLD
KINBOMBI,QLD1566,QLD
KINCHANT DAM,QLD1567,QLD
KINCORA,QLD1568,QLD
KINDON,QLD1569,QLD
KING JUNCTION,,QLD
KING SCRUB,QLD1570,QLD
KINGAHAM,QLD1571,QLD
KINGAROY,QLD1572,QLD
KINGS BEACH,QLD1573,QLD
KINGS CREEK,QLD1574,QLD
KINGS SIDING,QLD1575,QLD
KINGSHOLME,QLD1576,QLD
KINGSTHORPE,QLD1577,QLD
KINGSTON,QLD1578,QLD
KINKA BEACH,QLD1579,QLD
KINKUNA,QLD1581,QLD
KINLEYMORE,QLD1582,QLD
KINNOUL,QLD1583,QLD
KIOMA,QLD1584,QLD
KIPPA-RING,QLD1585,QLD
KIRKNIE,QLD1586,QLD
KIRKWOOD,QLD1587,QLD
KIRRAMA,QLD1588,QLD
KIRWAN,QLD1589,QLD
KITOBA,QLD1590,QLD
KLEINTON,QLD1591,QLD
KNAPP CREEK,QLD1592,QLD
KOAH,QLD1593,QLD
KOBBLE CREEK,QLD1594,QLD
KOGAN,QLD1596,QLD
KOKOTUNGO,QLD1597,QLD
KOLONGA,QLD1598,QLD
KOOMBOOLOOMBA,QLD1599,QLD
KOONGAL,QLD1600,QLD
KOORALBYN,QLD1601,QLD
KOORALGIN,QLD1602,QLD
KOORINGAL,QLD1603,QLD
KOOROOMOOL,QLD1604,QLD
KOOROONGARRA,QLD1605,QLD
KOUMALA,QLD1606,QLD
KOWANYAMA,QLD1607,QLD
KOWANYAMA,QLD1607,QLD
KOWANYUMAL,,QLD
KOWGURAN,QLD1608,QLD
KOWROWA,,QLD
KRAGRA,QLD1609,QLD
KUBIN,,QLD
KUKU-YAO,,QLD
KULANGOOR,QLD1610,QLD
KULGUN,QLD1611,QLD
KULINCHIN,,QLD
KULLOGUM,QLD1612,QLD
KULPA,,QLD
KULPI,QLD1613,QLD
KULUIN,QLD1614,QLD
KUMBARILLA,QLD1615,QLD
KUMBIA,QLD1616,QLD
KUNDA PARK,QLD1617,QLD
KUNIOON,QLD1618,QLD
KUNWARARA,QLD1619,QLD
KURABY,QLD1620,QLD
KURANDA,QLD1621,QLD
KUREELPA,QLD1622,QLD
KUREEN,QLD1623,QLD
KURIDALA,QLD1624,QLD
KURRIMINE BEACH,QLD1625,QLD
KURROWAH,QLD1626,QLD
KURUMBUL,QLD1627,QLD
KURWONGBAH,QLD1628,QLD
KUTTABUL,QLD1629,QLD
KYBONG,QLD1630,QLD
KYNUNA,QLD1632,QLD
KYOOMBA,QLD1633,QLD
LABRADOR,QLD1634,QLD
LACEYS CREEK,QLD1635,QLD
LAGLAN,QLD1636,QLD
LAGOON POCKET,QLD1637,QLD
LAGUNA QUAYS,QLD1638,QLD
LAIDLEY,QLD1639,QLD
LAIDLEY CREEK WEST,QLD1640,QLD
LAIDLEY HEIGHTS,QLD1641,QLD
LAIDLEY NORTH,QLD1642,QLD
LAIDLEY SOUTH,QLD1643,QLD
LAKE BARRINE,QLD1644,QLD
LAKE BORUMBA,QLD1645,QLD
LAKE CLARENDON,QLD1646,QLD
LAKE EACHAM,QLD1647,QLD
LAKE MACDONALD,QLD1648,QLD
LAKE MANCHESTER,QLD1649,QLD
LAKE MARY,QLD1650,QLD
LAKE MONDURAN,QLD1651,QLD
LAKE PROSERPINE,QLD1652,QLD
LAKE TINAROO,QLD1653,QLD
LAKE WIVENHOE,QLD1654,QLD
LAKEFIELD,QLD1655,QLD
LAKELAND,QLD1656,QLD
LAKES CREEK,QLD1657,QLD
LAKESIDE,QLD1658,QLD
LAMAGIAN POINT,,QLD
LAMB ISLAND,QLD1659,QLD
LAMB RANGE,QLD1660,QLD
LAMETHA,,QLD
LAMINGTON,QLD1661,QLD
LAMMERMOOR,QLD1662,QLD
LANDERS SHOOT,QLD1663,QLD
LANDING,,QLD
LANDSBOROUGH,QLD1664,QLD
LANEFIELD,QLD1665,QLD
LANGI,,QLD
LANGLANDS,QLD1666,QLD
LANGLEY,QLD1667,QLD
LANGLO,QLD1668,QLD
LANGSHAW,QLD1669,QLD
LANNERCOST,QLD1670,QLD
LANSDOWNE,QLD1671,QLD
LANSKEY,QLD1672,QLD
LARAPINTA,QLD1673,QLD
LARAVALE,QLD1674,QLD
LARK HILL,QLD1675,QLD
LAURA,QLD1676,QLD
LAVELLE,QLD1677,QLD
LAWES,QLD1679,QLD
LAWGI DAWES,QLD1680,QLD
LAWN HILL,QLD1681,QLD
LAWNTON,QLD1682,QLD
LEAFDALE,QLD1683,QLD
LEFTHAND BRANCH,QLD1684,QLD
LEICHHARDT,QLD1685,QLD
LEMONTREE,QLD1686,QLD
LESLIE,QLD1687,QLD
LESLIE DAM,QLD1688,QLD
LETHEBROOK,QLD1689,QLD
LEYBURN,QLD1690,QLD
LEYDENS HILL,QLD1691,QLD
LILYDALE,QLD1692,QLD
LILYVALE,QLD1693,QLD
LILYVALE,QLD1693,QLD
LILYWOOD,,QLD
LIMESTONE,QLD1695,QLD
LIMESTONE CREEK,QLD1696,QLD
LIMESTONE RIDGES,QLD1697,QLD
LIMEVALE,QLD1698,QLD
LINDEN,QLD1699,QLD
LINTHORPE,QLD1701,QLD
LINVILLE,QLD1702,QLD
LISSNER,,QLD
LITTLE MOUNTAIN,QLD1704,QLD
LITTLE MULGRAVE,QLD1705,QLD
LIZARD,QLD1706,QLD
LLANARTH,QLD1707,QLD
LOCH LOMOND,QLD1708,QLD
LOCHINGTON,QLD1709,QLD
LOCKERBIE,,QLD
LOCKHART,,QLD
LOCKHART RIVER,QLD3348,QLD
LOCKHART RIVER,QLD3348,QLD
LOCKROSE,QLD1713,QLD
LOCKYER,QLD1714,QLD
LOCKYER WATERS,QLD1715,QLD
LOGAN CENTRAL,QLD1716,QLD
LOGAN RESERVE,QLD1717,QLD
LOGAN VILLAGE,QLD1718,QLD
LOGANHOLME,QLD1719,QLD
LOGANLEA,QLD1720,QLD
LONESOME CREEK,QLD1721,QLD
LONG FLAT,QLD1722,QLD
LONG POCKET,QLD1723,QLD
LONGREACH,QLD1724,QLD
LOTA,QLD1725,QLD
LOTUS CREEK,QLD1726,QLD
LOVE RIVER,,QLD
LOW ISLES,QLD1727,QLD
LOWER BEECHMONT,QLD1728,QLD
LOWER COWLEY,QLD1729,QLD
LOWER CRESSBROOK,QLD1730,QLD
LOWER DAINTREE,QLD1731,QLD
LOWER MOUNT WALKER,QLD1732,QLD
LOWER TENTHILL,QLD1733,QLD
LOWER TULLY,QLD1734,QLD
LOWER WONGA,QLD1735,QLD
LOWESBY,QLD1736,QLD
LOWESTOFF,QLD1737,QLD
LOWMEAD,QLD1738,QLD
LOWOOD,QLD1739,QLD
LUCINDA,QLD1740,QLD
LUMEAH,QLD1741,QLD
LUMHOLTZ,QLD1742,QLD
LUNDAVRA,QLD1743,QLD
LUSCOMBE,QLD1744,QLD
LUTWYCHE,QLD1745,QLD
LYNAM,QLD1746,QLD
LYNDHURST,QLD1747,QLD
LYNDSIDE,QLD1748,QLD
LYNFORD,QLD1749,QLD
LYONS,QLD1750,QLD
LYRA,QLD1751,QLD
LYTTON,QLD1752,QLD
MA MA CREEK,QLD1753,QLD
MAADI,QLD1754,QLD
MAALAN,QLD1755,QLD
MAAROOM,QLD1756,QLD
MABUIAG ISLAND,QLD1757,QLD
MABUIAG ISLAND,QLD1757,QLD
MACALISTER,QLD1758,QLD
MACALISTER RANGE,QLD1759,QLD
MACFARLANE,QLD1760,QLD
MACGREGOR,QLD1761,QLD
MACHANS BEACH,QLD1762,QLD
MACHINE CREEK,QLD1763,QLD
MACKAY,QLD1764,QLD
MACKAY HARBOUR,QLD1765,QLD
MACKENZIE,QLD1767,QLD
MACKENZIE,QLD1767,QLD
MACKENZIE RIVER,QLD1768,QLD
MACKNADE,QLD1769,QLD
MACLAGAN,QLD1770,QLD
MACLEAY ISLAND,QLD1771,QLD
MAGGIE HOLE,,QLD
MAGNOLIA,QLD1772,QLD
MAIDENHEAD,QLD1773,QLD
MAIDENWELL,QLD1774,QLD
MAIN BEACH,QLD1775,QLD
MAJORS CREEK,QLD1776,QLD
MALANDA,QLD1777,QLD
MALARGA,QLD1778,QLD
MALENY,QLD1779,QLD
MALLING,QLD1780,QLD
MALMOE,QLD1781,QLD
MALPAS-TRENTON,QLD1782,QLD
MALU,QLD1783,QLD
MAMU,QLD1784,QLD
MANAPOURI,QLD1785,QLD
MANDALAY,QLD1786,QLD
MANEROO,,QLD
MANGO HILL,QLD1788,QLD
MANLY,QLD1789,QLD
MANLY WEST,QLD1790,QLD
MANNUEM,QLD1791,QLD
MANOORA,QLD1792,QLD
MANSFIELD,QLD1793,QLD
MANTAKA,,QLD
MANTUAN DOWNS,QLD1794,QLD
MANUMBAR,QLD1795,QLD
MANUNDA,QLD1796,QLD
MANYUNG,QLD1798,QLD
MAPLETON,QLD1799,QLD
MAPOON,QLD1800,QLD
MAPOON,QLD1800,QLD
MARAMIE,QLD1801,QLD
MARATHON,,QLD
MARBURG,QLD1802,QLD
MARCOOLA,QLD1803,QLD
MARCUS BEACH,QLD1804,QLD
MAREEBA,QLD1805,QLD
MARGATE,QLD1806,QLD
MARIA CREEKS,QLD1807,QLD
MARIAN,QLD1810,QLD
MARINA PLAINS,,QLD
MARLBOROUGH,QLD1811,QLD
MARMADUA,QLD1812,QLD
MARMANYA,,QLD
MARMOR,QLD1813,QLD
MARODIAN,QLD1814,QLD
MAROOCHY RIVER,QLD1815,QLD
MAROOCHYDORE,QLD1816,QLD
MAROON,QLD1817,QLD
MAROONDAN,QLD1818,QLD
MARSDEN,QLD1819,QLD
MARSHLANDS,QLD1820,QLD
MARTYVILLE,QLD1821,QLD
MARYBOROUGH,QLD1822,QLD
MARYBOROUGH WEST,QLD1823,QLD
MARYS CREEK,QLD1824,QLD
MARYVALE,QLD1825,QLD
MARYVALE,QLD1825,QLD
MASIG ISLAND,QLD1827,QLD
MASSIE,QLD1828,QLD
MAUDSLAND,QLD1829,QLD
MAXWELTON,QLD1830,QLD
MAY DOWNS,QLD1831,QLD
MCCUTCHEON,QLD1832,QLD
MCDESME,QLD1833,QLD
MCDOWALL,QLD1834,QLD
MCEWENS BEACH,QLD1835,QLD
MCILWRAITH,QLD1836,QLD
MCINTOSH CREEK,QLD1837,QLD
MCKINLAY,QLD1838,QLD
MEADOWBROOK,QLD1839,QLD
MEADOWVALE,QLD1840,QLD
MEANDARRA,QLD1841,QLD
MEIKLEVILLE HILL,QLD1842,QLD
MELAMEN,,QLD
MELAWONDI,QLD1843,QLD
MELDALE,QLD1844,QLD
MELROSE,QLD1845,QLD
MELTERR,,QLD
MEMERAMBI,QLD1846,QLD
MENA CREEK,QLD1847,QLD
MENTMORE,QLD1848,QLD
MENZIES,QLD1849,QLD
MER ISLAND,QLD3363,QLD
MERAPAH STATION,,QLD
MERIDAN PLAINS,QLD1850,QLD
MERINGANDAN,QLD1851,QLD
MERINGANDAN WEST,QLD1852,QLD
MERLWOOD,QLD1853,QLD
MERMAID BEACH,QLD1854,QLD
MERMAID WATERS,QLD1855,QLD
MERRIMAC,QLD1856,QLD
MERRITTS CREEK,QLD1857,QLD
MERRYBURN,QLD1858,QLD
MERRYVALE,QLD1859,QLD
MEXICO,QLD1860,QLD
MIA MIA,QLD1861,QLD
MIALLO,QLD1862,QLD
MIAMI,QLD1863,QLD
MIARA,QLD1864,QLD
MICA CREEK,QLD1865,QLD
MIDDLE PARK,QLD1866,QLD
MIDDLE RIDGE,QLD1867,QLD
MIDDLEBROOK,QLD1868,QLD
MIDDLEMOUNT,QLD1869,QLD
MIDDLETON,QLD1870,QLD
MIDGE POINT,QLD1871,QLD
MIDGEE,QLD1872,QLD
MIDGENOO,QLD1873,QLD
MIDGEREE BAR,QLD1874,QLD
MIGHELL,QLD1875,QLD
MILBONG,QLD1876,QLD
MILES,QLD1877,QLD
MILES END,QLD1878,QLD
MILFORD,QLD1879,QLD
MILLAA MILLAA,QLD1880,QLD
MILLAROO,QLD1881,QLD
MILLBANK,QLD1882,QLD
MILLCHESTER,QLD1883,QLD
MILLMERRAN,QLD1884,QLD
MILLMERRAN DOWNS,QLD1885,QLD
MILLMERRAN WOODS,QLD1886,QLD
MILLSTREAM,QLD1887,QLD
MILLWOOD,QLD1888,QLD
MILMAN,QLD1889,QLD
MILORA,QLD1890,QLD
MILTON,QLD1891,QLD
MIMOSA,QLD1892,QLD
MIN MIN,QLD1893,QLD
MINBUN,QLD1894,QLD
MINDEN,QLD1895,QLD
MINERVA,QLD1896,QLD
MINGELA,QLD3393,QLD
MINGO,QLD1897,QLD
MINGOOLA,QLD1899,QLD
MINNAMOOLKA,QLD1900,QLD
MINNIE DOWNS,QLD1901,QLD
MINYAMA,QLD1902,QLD
MIRANI,QLD1903,QLD
MIRIAM VALE,QLD1904,QLD
MIRRAGUDT,,QLD
MIRRIWINNI,QLD3373,QLD
MISSEN FLAT,QLD1906,QLD
MISSION BEACH,QLD1907,QLD
MISSION RIVER,QLD1911,QLD
MISTAKE CREEK,,QLD
MITCHELL,QLD1915,QLD
MITCHELTON,QLD1916,QLD
MIVA,QLD1917,QLD
MOA ISLAND,QLD1918,QLD
MOA ISLAND,QLD1918,QLD
MOFFAT BEACH,QLD1919,QLD
MOFFATDALE,QLD1920,QLD
MOGGILL,QLD1921,QLD
MOLANGUL,QLD1922,QLD
MOLENDINAR,QLD1923,QLD
MON REPOS,QLD1924,QLD
MONA MONA,QLD1925,QLD
MONA MONA,QLD1925,QLD
MONA PARK,QLD1926,QLD
MONAL,QLD1927,QLD
MONARCH GLEN,QLD3391,QLD
MONDURAN,QLD1928,QLD
MONDURE,QLD1929,QLD
MONKLAND,QLD1930,QLD
MONOGORILBY,QLD1931,QLD
MONS,QLD1932,QLD
MONSILDALE,QLD1933,QLD
MONTO,QLD1934,QLD
MONTROSE,QLD1936,QLD
MONTROSE,QLD1936,QLD
MONTVILLE,QLD1937,QLD
MOODLU,QLD1938,QLD
MOOGA,QLD1939,QLD
MOOGERAH,QLD1940,QLD
MOOJEEBA,,QLD
MOOLA,QLD1941,QLD
MOOLBOOLAMAN,QLD1942,QLD
MOOLOO,QLD1943,QLD
MOOLOOLABA,QLD1944,QLD
MOOLOOLAH VALLEY,QLD1945,QLD
MOOMBRA,QLD1946,QLD
MOOMBRIA,QLD1947,QLD
MOOMIN,QLD1948,QLD
MOONDOONER,QLD1949,QLD
MOONFORD,QLD1950,QLD
MOONGAN,QLD1951,QLD
MOONIE,QLD1952,QLD
MOORANG,QLD1953,QLD
MOORE,QLD1954,QLD
MOORE PARK BEACH,QLD1955,QLD
MOORES POCKET,QLD1956,QLD
MOORINA,QLD1957,QLD
MOORLAND,QLD1958,QLD
MOOROOBOOL,QLD1959,QLD
MOOROOKA,QLD1960,QLD
MORABY,QLD1961,QLD
MORANBAH,QLD1962,QLD
MORAYFIELD,QLD1963,QLD
MOREGATTA,QLD1964,QLD
MORELLA,,QLD
MORESBY,QLD1966,QLD
MORETON BAY,QLD1967,QLD
MORETON ISLAND,QLD1968,QLD
MORGAN PARK,QLD1969,QLD
MORGANVILLE,QLD1970,QLD
MORINISH,QLD1971,QLD
MORINISH SOUTH,QLD1972,QLD
MORNINGSIDE,QLD1973,QLD
MORNINGTON,QLD1974,QLD
MORNINGTON ISLAND,,QLD
MORTON VALE,QLD1975,QLD
MORVEN,QLD1976,QLD
MORWINCHA,QLD1977,QLD
MOSMAN PARK,QLD1978,QLD
MOSQUITO CREEK,QLD1979,QLD
MOSSMAN,QLD1980,QLD
MOSSMAN GORGE,QLD1981,QLD
MOSSMAN GORGE,QLD1981,QLD
MOTHAR MOUNTAIN,QLD1982,QLD
MOTLEY,QLD1983,QLD
MOUNT ABUNDANCE,QLD1984,QLD
MOUNT ALFORD,QLD1985,QLD
MOUNT ALMA,QLD1986,QLD
MOUNT ARCHER,QLD1987,QLD
MOUNT ARCHER,QLD1987,QLD
MOUNT ARCHER,QLD1987,QLD
MOUNT BAIRD,,QLD
MOUNT BARNEY,QLD1989,QLD
MOUNT BEPPO,QLD1990,QLD
MOUNT BERRYMAN,QLD1991,QLD
MOUNT BINDANGO,QLD1992,QLD
MOUNT BINGA,QLD1993,QLD
MOUNT BRITTON,QLD1994,QLD
MOUNT BYRON,QLD1995,QLD
MOUNT CARBINE,QLD1996,QLD
MOUNT CHALMERS,QLD1997,QLD
MOUNT CHARLTON,QLD1998,QLD
MOUNT COLLIERY,QLD1999,QLD
MOUNT COOLON,QLD2000,QLD
MOUNT COOLUM,QLD2001,QLD
MOUNT COOT-THA,QLD2002,QLD
MOUNT COTTON,QLD2003,QLD
MOUNT CROSBY,QLD2004,QLD
MOUNT DARRY,QLD2005,QLD
MOUNT DEBATEABLE,QLD2006,QLD
MOUNT DELANEY,QLD2007,QLD
MOUNT EDWARDS,QLD2008,QLD
MOUNT ELLIOT,QLD2009,QLD
MOUNT EMLYN,QLD2010,QLD
MOUNT ENNISKILLEN,QLD2011,QLD
MOUNT FORBES,QLD2012,QLD
MOUNT FOX,QLD2013,QLD
MOUNT FRENCH,QLD2014,QLD
MOUNT GARDINER,QLD2015,QLD
MOUNT GARNET,QLD2016,QLD
MOUNT GIPPS,QLD2017,QLD
MOUNT GLORIOUS,QLD2018,QLD
MOUNT GRAVATT,QLD2019,QLD
MOUNT GRAVATT EAST,QLD2020,QLD
MOUNT HALLEN,QLD2021,QLD
MOUNT HOWE,QLD2022,QLD
MOUNT HUTTON,QLD2023,QLD
MOUNT IRVING,QLD2024,QLD
MOUNT ISA,QLD2025,QLD
MOUNT ISA CITY,QLD2026,QLD
MOUNT JUKES,QLD2027,QLD
MOUNT JULIAN,QLD2028,QLD
MOUNT KELLY,QLD2029,QLD
MOUNT KILCOY,QLD2030,QLD
MOUNT KYNOCH,QLD2031,QLD
MOUNT LARCOM,QLD2032,QLD
MOUNT LAWLESS,QLD2033,QLD
MOUNT LINDESAY,QLD2034,QLD
MOUNT LOFTY,QLD2035,QLD
MOUNT LOUISA,QLD2036,QLD
MOUNT LOW,QLD2037,QLD
MOUNT LUKE,QLD2038,QLD
MOUNT MACARTHUR,QLD2039,QLD
MOUNT MACKAY,QLD2040,QLD
MOUNT MARIA,QLD2041,QLD
MOUNT MARLOW,QLD2042,QLD
MOUNT MARROW,QLD2043,QLD
MOUNT MARSHALL,QLD2044,QLD
MOUNT MARTIN,QLD2045,QLD
MOUNT MCEUEN,QLD2046,QLD
MOUNT MEE,QLD2047,QLD
MOUNT MELLUM,QLD2048,QLD
MOUNT MOFFATT,QLD2049,QLD
MOUNT MOLAR,QLD2050,QLD
MOUNT MOLLOY,QLD2051,QLD
MOUNT MORGAN,QLD2052,QLD
MOUNT MORIAH,QLD2053,QLD
MOUNT MORT,QLD2054,QLD
MOUNT MULGRAVE,QLD2055,QLD
MOUNT MULLIGAN,QLD2056,QLD
MOUNT MURCHISON,QLD2057,QLD
MOUNT NATHAN,QLD2058,QLD
MOUNT NEBO,QLD2059,QLD
MOUNT OMMANEY,QLD2060,QLD
MOUNT OSSA,QLD2061,QLD
MOUNT PELION,QLD2062,QLD
MOUNT PERRY,QLD2063,QLD
MOUNT PETER,QLD2064,QLD
MOUNT PLEASANT,QLD2066,QLD
MOUNT PLEASANT,QLD2066,QLD
MOUNT PLUTO,QLD2067,QLD
MOUNT RASCAL,QLD2068,QLD
MOUNT ROOPER,QLD2069,QLD
MOUNT SAMSON,QLD2070,QLD
MOUNT SHERIDAN,QLD2071,QLD
MOUNT ST JOHN,QLD2072,QLD
MOUNT STANLEY,QLD2073,QLD
MOUNT STEADMAN,QLD2074,QLD
MOUNT STUART,QLD2075,QLD
MOUNT STURT,QLD2076,QLD
MOUNT SURPRISE,QLD2077,QLD
MOUNT SURROUND,QLD2078,QLD
MOUNT SYLVIA,QLD2079,QLD
MOUNT TABOR,QLD2080,QLD
MOUNT TARAMPA,QLD2081,QLD
MOUNT TOM,QLD2082,QLD
MOUNT TULLY,QLD2083,QLD
MOUNT TYSON,QLD2084,QLD
MOUNT URAH,QLD2085,QLD
MOUNT WALKER,QLD2086,QLD
MOUNT WALKER WEST,QLD2087,QLD
MOUNT WARREN PARK,QLD2088,QLD
MOUNT WEBB,,QLD
MOUNT WHITESTONE,QLD2089,QLD
MOUNT WYATT,QLD2090,QLD
MOUNTAIN CAMP,QLD2091,QLD
MOUNTAIN CREEK,QLD2092,QLD
MOURA,QLD2093,QLD
MOURIGAN,,QLD
MOURILYAN,QLD2094,QLD
MOURILYAN HARBOUR,QLD2095,QLD
MOWBRAY,QLD2096,QLD
MOWBULLAN,QLD2097,QLD
MOY POCKET,QLD2098,QLD
MP CREEK,QLD2099,QLD
MUCKADILLA,QLD2100,QLD
MUD ISLAND,,QLD
MUDGEERABA,QLD2102,QLD
MUDJIMBA,QLD2104,QLD
MUDLO,QLD2105,QLD
MUIRLEA,QLD2106,QLD
MULAMBIN,QLD2107,QLD
MULARA,QLD2108,QLD
MULDU,QLD2109,QLD
MULGILDIE,QLD2110,QLD
MULGOWIE,QLD2111,QLD
MULGRAVE,QLD2112,QLD
MULLETT CREEK,QLD2113,QLD
MUNBILLA,QLD2114,QLD
MUNBURA,QLD2115,QLD
MUNDERRA,QLD2116,QLD
MUNDINGBURRA,QLD2117,QLD
MUNDOO,QLD2118,QLD
MUNDOOLUN,QLD2119,QLD
MUNDOWRAN,QLD2120,QLD
MUNDUBBERA,QLD2121,QLD
MUNGABUNDA,QLD2122,QLD
MUNGALLALA,QLD3328,QLD
MUNGALLALA SOUTH,QLD2123,QLD
MUNGALLI,QLD2124,QLD
MUNGAR,QLD2125,QLD
MUNGINDI,QLD2126,QLD
MUNGUNGO,QLD2127,QLD
MUNGY,QLD2128,QLD
MUNIGANEEN,QLD2129,QLD
MUNNA CREEK,QLD2130,QLD
MUNRO PLAINS,QLD2131,QLD
MUNRUBEN,QLD2132,QLD
MURARRIE,QLD2133,QLD
MURGON,QLD2134,QLD
MURPHYS CREEK,QLD2135,QLD
MURRAY,QLD2136,QLD
MURRAY ISLAND,,QLD
MURRAY UPPER,QLD2138,QLD
MURRAYS BRIDGE,QLD2139,QLD
MURRIGAL,QLD2140,QLD
MURRUMBA,QLD2141,QLD
MURRUMBA DOWNS,QLD2142,QLD
MURWEH,QLD2143,QLD
MUTARNEE,QLD2144,QLD
MUTCHILBA,QLD3381,QLD
MUTDAPILLY,QLD2145,QLD
MUTTABURRA,QLD2146,QLD
MUUTHANT,,QLD
MYALL PARK,QLD2147,QLD
MYRTLEVALE,QLD2148,QLD
MYSTERTON,QLD2149,QLD
NAHRUNDA,QLD2150,QLD
NAMBOUR,QLD2151,QLD
NANANGO,QLD2152,QLD
NANDI,QLD2153,QLD
NANDOWRIE,QLD2154,QLD
NANGRAM,QLD2155,QLD
NANGWEE,QLD2156,QLD
NANKIN,QLD2157,QLD
NANUM,QLD2158,QLD
NAPRANUM,,QLD
NARANGBA,QLD2159,QLD
NARBETHONG,QLD2160,QLD
NARKO,QLD2161,QLD
NATHAN,QLD2162,QLD
NATURAL BRIDGE,QLD2163,QLD
NEARUM,QLD2164,QLD
NEBINE,QLD2165,QLD
NEBO,QLD2166,QLD
NEERDIE,QLD2167,QLD
NELLY BAY,QLD2168,QLD
NERADA,QLD2169,QLD
NERANG,QLD2170,QLD
NERANWOOD,QLD3334,QLD
NERIMBERA,QLD2171,QLD
NETHERBY,QLD2172,QLD
NETHERDALE,QLD2173,QLD
NEUMGNA,QLD2174,QLD
NEURUM,QLD2175,QLD
NEUSA VALE,QLD2176,QLD
NEVILTON,QLD2177,QLD
NEW AUCKLAND,QLD2178,QLD
NEW BEITH,QLD2179,QLD
NEW CHUM,QLD2180,QLD
NEW FARM,QLD2181,QLD
NEW GARDEN,,QLD
NEW HARBOURLINE,QLD2182,QLD
NEW MAPOON,QLD2183,QLD
NEW MAPOON,QLD2183,QLD
NEW MOONTA,QLD2184,QLD
NEWELL,QLD2185,QLD
NEWLANDS,QLD2186,QLD
NEWMARKET,QLD2187,QLD
NEWPORT,QLD2188,QLD
NEWSTEAD,QLD2189,QLD
NEWTOWN,QLD2190,QLD
NEWTOWN,QLD2190,QLD
NGAKAYANGKA,,QLD
NGATJAN,QLD2192,QLD
NGOODERI,,QLD
NGULAN,,QLD
NICHOLSON,QLD2193,QLD
NIKENBAH,QLD2194,QLD
NINDAROO,QLD2195,QLD
NINDERRY,QLD2196,QLD
NINDOOINBAH,QLD2197,QLD
NINE MILE,QLD2198,QLD
NINE MILE CREEK,QLD2199,QLD
NINGI,QLD2200,QLD
NIRIMBA,,QLD
NIVE,QLD2201,QLD
NO 4 BRANCH,QLD2202,QLD
NO 5 BRANCH,QLD2203,QLD
NO 6 BRANCH,QLD2204,QLD
NOAH,QLD2205,QLD
NOBBY,QLD2206,QLD
NOCCUNDRA,,QLD
NOCKATUNGA,QLD2207,QLD
NOME,QLD2208,QLD
NOORAMA,QLD2209,QLD
NOORINDOO,QLD2210,QLD
NOOSA HEADS,QLD2211,QLD
NOOSA NORTH SHORE,QLD2212,QLD
NOOSAVILLE,QLD2213,QLD
NORLEY,QLD2214,QLD
NORMAN GARDENS,QLD2216,QLD
NORMAN PARK,QLD2217,QLD
NORMANBY,,QLD
NORMANTON,QLD3333,QLD
NORTH ARAMARA,QLD2218,QLD
NORTH ARM,QLD2219,QLD
NORTH BOOVAL,QLD2220,QLD
NORTH BRANCH,QLD2221,QLD
NORTH BRANCH,QLD2221,QLD
NORTH BUNGUNYA,QLD2223,QLD
NORTH DEEP CREEK,QLD2224,QLD
NORTH ETON,QLD2225,QLD
NORTH GREGORY,QLD2226,QLD
NORTH IPSWICH,QLD2227,QLD
NORTH ISIS,QLD2228,QLD
NORTH JOHNSTONE,QLD2229,QLD
NORTH LAKES,QLD2230,QLD
NORTH MACKAY,QLD2231,QLD
NORTH MACLAGAN,QLD2232,QLD
NORTH MACLEAN,QLD2233,QLD
NORTH MALENY,QLD2234,QLD
NORTH STRADBROKE ISLAND,QLD2235,QLD
NORTH TALWOOD,QLD2236,QLD
NORTH TIVOLI,QLD2237,QLD
NORTH TOOWOOMBA,QLD2238,QLD
NORTH WARD,QLD2239,QLD
NORTHGATE,QLD2240,QLD
NORTHHEAD,QLD2241,QLD
NORVILLE,QLD2242,QLD
NORWELL,QLD2243,QLD
NORWIN,QLD2245,QLD
NUDGEE,QLD2246,QLD
NUDGEE BEACH,QLD2247,QLD
NUKKU,QLD2248,QLD
NUMINBAH VALLEY,QLD2249,QLD
NUNDAH,QLD2250,QLD
NUNDUBBERMERE,QLD2251,QLD
NUTGROVE,QLD2252,QLD
NYCHUM,QLD2253,QLD
O'BIL BIL,QLD2254,QLD
O'BRIENS HILL,QLD2255,QLD
O'CONNELL,QLD2256,QLD
O'REILLY,QLD2257,QLD
OAK BEACH,QLD2258,QLD
OAK VALLEY,QLD2259,QLD
OAKDALE,QLD2260,QLD
OAKENDEN,QLD2261,QLD
OAKEY,QLD2262,QLD
OAKEY CREEK,QLD2263,QLD
OAKHURST,QLD2264,QLD
OAKVIEW,QLD2265,QLD
OAKWOOD,QLD2266,QLD
OAKY CREEK,QLD2267,QLD
OBERINA,QLD2268,QLD
OBI OBI,QLD2269,QLD
OBUM OBUM,QLD2270,QLD
OCEAN VIEW,QLD2271,QLD
OCHANGAN-THATHENH,,QLD
OGMORE,QLD2272,QLD
OKEDEN,QLD2273,QLD
OLD COORANGA,QLD2274,QLD
OLD DOOMADGEE,,QLD
OLD RODEO GROUND,,QLD
OLD SITE,,QLD
OLD TALGAI,QLD2275,QLD
OLIVEVALE,,QLD
OMAN AMA,QLD2276,QLD
ONE MILE,QLD2277,QLD
ONE MILE,QLD2277,QLD
OOMBABEER,QLD2278,QLD
OOMBUNGHI,,QLD
OONOONBA,QLD2279,QLD
OORALEA,QLD2280,QLD
OPALTON,QLD2281,QLD
ORALLO,QLD2282,QLD
ORANGE CREEK,QLD2283,QLD
ORANGE HILL,QLD2284,QLD
ORIENT,QLD2285,QLD
ORINERS,,QLD
ORION,QLD2286,QLD
ORMEAU,QLD2287,QLD
ORMEAU HILLS,QLD2288,QLD
ORMISTON,QLD2289,QLD
OSBORNE,QLD2290,QLD
OTTABA,QLD2291,QLD
OWANYILLA,QLD2292,QLD
OWENS CREEK,QLD2293,QLD
OXENFORD,QLD2294,QLD
OXFORD,QLD2295,QLD
OXLEY,QLD2296,QLD
OYSTER CREEK,QLD2297,QLD
PACIFIC HAVEN,QLD2298,QLD
PACIFIC HEIGHTS,QLD2299,QLD
PACIFIC PARADISE,QLD2300,QLD
PACIFIC PINES,QLD2301,QLD
PACKERS CAMP,QLD2302,QLD
PADDINGTON,QLD2303,QLD
PADDYS GREEN,QLD2304,QLD
PAGET,QLD2305,QLD
PALEN CREEK,QLD2306,QLD
PALGRAVE,QLD2307,QLD
PALLARA,QLD2308,QLD
PALLARENDA,QLD2309,QLD
PALM BEACH,QLD2310,QLD
PALM COVE,QLD2311,QLD
PALM GROVE,QLD2312,QLD
PALM ISLAND,QLD2314,QLD
PALM ISLAND,QLD2314,QLD
PALMER,QLD2317,QLD
PALMERSTON,QLD2318,QLD
PALMERVILLE,,QLD
PALMTREE,QLD2319,QLD
PALMVIEW,QLD2320,QLD
PALMWOODS,QLD2321,QLD
PALMYRA,QLD2322,QLD
PALUMA,QLD2323,QLD
PAMPAS,QLD2324,QLD
PARADISE POINT,QLD2325,QLD
PARK AVENUE,QLD2326,QLD
PARK RIDGE,QLD2327,QLD
PARK RIDGE SOUTH,QLD2328,QLD
PARKHURST,QLD2329,QLD
PARKINSON,QLD2330,QLD
PARKLANDS,QLD2331,QLD
PARKNOOK,QLD2332,QLD
PARKSIDE,QLD2333,QLD
PARKWOOD,QLD2334,QLD
PARRAMATTA PARK,QLD2335,QLD
PARREARRA,QLD2336,QLD
PASHA,QLD2337,QLD
PASSCHENDAELE,QLD2338,QLD
PATERSON,QLD2339,QLD
PATRICK,QLD2340,QLD
PATRICK ESTATE,QLD2341,QLD
PAULS POCKET,QLD2342,QLD
PEACHESTER,QLD2343,QLD
PEACOCK SIDING,QLD2344,QLD
PEAK CROSSING,QLD2345,QLD
PEAK VALE,QLD2346,QLD
PECHEY,QLD2347,QLD
PEEL ISLAND,QLD2348,QLD
PEERAMON,QLD2349,QLD
PELHAM,QLD2350,QLD
PELICAN,QLD2351,QLD
PELICAN CREEK,QLD2352,QLD
PELICAN WATERS,QLD2353,QLD
PENKELTHAN,,QLD
PENNEFATHER,,QLD
PENTLAND,QLD3382,QLD
PENWHAUPELL,QLD2354,QLD
PEPPAN,,QLD
PERANGA,QLD2355,QLD
PEREGIAN BEACH,QLD2356,QLD
PEREGIAN SPRINGS,QLD2357,QLD
PERSEVERANCE,QLD2358,QLD
PERWILLOWEN,QLD2359,QLD
PETFORD,QLD2360,QLD
PETRIE,QLD2361,QLD
PETRIE TERRACE,QLD3358,QLD
PHEASANT CREEK,QLD2362,QLD
PHILPOTT,QLD2363,QLD
PIALBA,QLD2364,QLD
PICKANJINNIE,QLD2366,QLD
PICNIC BAY,QLD2367,QLD
PIE CREEK,QLD2368,QLD
PIERCES CREEK,QLD2369,QLD
PIKEDALE,QLD2370,QLD
PIKES CREEK,QLD2371,QLD
PILE GULLY,QLD2372,QLD
PILERWA,QLD2373,QLD
PILTON,QLD2374,QLD
PIMLICO,QLD2375,QLD
PIMPAMA,QLD2376,QLD
PIMPIMBUDGEE,QLD2377,QLD
PIN GIN HILL,QLD2378,QLD
PINAR MUNUW,,QLD
PINBARREN,QLD2379,QLD
PINDI PINDI,QLD2380,QLD
PINE CREEK,QLD2381,QLD
PINE HILL,QLD2382,QLD
PINE HILLS,QLD2383,QLD
PINE MOUNTAIN,QLD2384,QLD
PINELANDS,QLD2385,QLD
PINEVALE,QLD2386,QLD
PINJARRA HILLS,QLD2387,QLD
PINK LILY,QLD2388,QLD
PINKENBA,QLD2389,QLD
PINNACLE,QLD2390,QLD
PINNACLES,QLD2391,QLD
PIONEER,QLD2392,QLD
PIONEERS REST,QLD2393,QLD
PIRRINUAN,QLD2394,QLD
PITTSWORTH,QLD2395,QLD
PITURIE,QLD2396,QLD
PLACID HILLS,QLD2397,QLD
PLAINBY,QLD2399,QLD
PLAINLAND,QLD2400,QLD
PLEASANT VIEW,,QLD
PLEYSTOWE,QLD2401,QLD
POINT ARKWRIGHT,QLD2402,QLD
POINT LOOKOUT,QLD2403,QLD
POINT VERNON,QLD2404,QLD
POMONA,QLD2405,QLD
PONY HILLS,QLD2406,QLD
POONA,QLD2407,QLD
POONKO,,QLD
PORCUPINE,QLD2408,QLD
PORMPURAAW,QLD2409,QLD
PORMPURAAW,QLD2409,QLD
PORT ALMA,QLD2410,QLD
PORT CURTIS,QLD2411,QLD
PORT DOUGLAS,QLD2412,QLD
PORT OF BRISBANE,QLD2413,QLD
PORT STEWART,,QLD
PORT WINE,QLD2414,QLD
PORTSMITH,QLD2415,QLD
PORUMA ISLAND,QLD3365,QLD
POSTMANS RIDGE,QLD2416,QLD
POZIERES,QLD2417,QLD
PRAIRIE,QLD2418,QLD
PRATTEN,QLD2419,QLD
PRAWLE,QLD2420,QLD
PRENZLAU,QLD2421,QLD
PRESTON,QLD2422,QLD
PRESTON,QLD2422,QLD
PRESTON,QLD2422,QLD
PRIESTDALE,QLD2424,QLD
PRINCE HENRY HEIGHTS,QLD2425,QLD
PRINCE OF WALES,QLD2426,QLD
PRINCE OF WALES,QLD2426,QLD
PRINCE OF WALES ISLAND,,QLD
PROMISEDLAND,QLD2427,QLD
PROSERPINE,QLD2428,QLD
PROSPECT,QLD2429,QLD
PROSTON,QLD2430,QLD
PULLENVALE,QLD2431,QLD
PUNCHS CREEK,QLD2432,QLD
PUNSAND,QLD2433,QLD
PUNSAND BAY,,QLD
PUNTIMU,,QLD
PURGA,QLD2434,QLD
PURRAWUNDA,QLD2435,QLD
PYANG,,QLD
QUEENTON,QLD2436,QLD
QUETTA,QLD3400,QLD
QUILPIE,QLD2437,QLD
QUINALOW,QLD2438,QLD
QUNABA,QLD2439,QLD
RACECOURSE,QLD2440,QLD
RACEVIEW,QLD2441,QLD
RADFORD,QLD2442,QLD
RAGLAN,QLD2443,QLD
RAILWAY ESTATE,QLD2444,QLD
RAINBOW BEACH,QLD2445,QLD
RAMSAY,QLD2446,QLD
RANGEMORE,QLD2448,QLD
RANGEMORE,QLD2448,QLD
RANGEMORE,QLD2448,QLD
RANGES BRIDGE,QLD2449,QLD
RANGEVILLE,QLD2450,QLD
RANGEWOOD,QLD2451,QLD
RANSOME,QLD2452,QLD
RASMUSSEN,QLD2453,QLD
RATHDOWNEY,QLD2454,QLD
RAVENSBOURNE,QLD2455,QLD
RAVENSHOE,QLD2456,QLD
RAVENSWOOD,QLD2457,QLD
RAVENSWORTH,QLD2458,QLD
RAWBELLE,QLD2459,QLD
RED HILL,QLD2461,QLD
RED HILL,QLD2461,QLD
RED HILL,QLD2461,QLD
RED HILL,QLD2461,QLD
RED LILLY,,QLD
RED RIVER,QLD2462,QLD
REDBANK,QLD2463,QLD
REDBANK CREEK,QLD2464,QLD
REDBANK PLAINS,QLD2465,QLD
REDCLIFFE,QLD2466,QLD
REDFORD,QLD2468,QLD
REDGATE,QLD2469,QLD
REDHILL FARMS,QLD2470,QLD
REDLAND BAY,QLD2471,QLD
REDLYNCH,QLD2472,QLD
REDRIDGE,QLD2473,QLD
REDWOOD,QLD2474,QLD
REEDY CREEK,QLD2475,QLD
REESVILLE,QLD2476,QLD
REEVES CREEK,,QLD
REGENCY DOWNS,QLD2477,QLD
REGENTS PARK,QLD2478,QLD
REID RIVER,QLD2479,QLD
REIDS CREEK,QLD2480,QLD
RETRO,QLD2481,QLD
REWAN,QLD2482,QLD
RHYDDING,QLD2483,QLD
RICHLANDS,QLD2484,QLD
RICHMOND,QLD2486,QLD
RICHMOND,QLD2486,QLD
RICHMOND HILL,QLD2487,QLD
RIDGELANDS,QLD2488,QLD
RIDGEWOOD,QLD2489,QLD
RIFLE RANGE,QLD2490,QLD
RINGTAIL CREEK,QLD2491,QLD
RINGWOOD,QLD2492,QLD
RIORDANVALE,QLD2493,QLD
RIPLEY,QLD2494,QLD
RITA ISLAND,QLD2495,QLD
RIVER HEADS,QLD2496,QLD
RIVER RANCH,QLD2497,QLD
RIVERBEND,QLD3399,QLD
RIVERHILLS,QLD2498,QLD
RIVERLEIGH,QLD2499,QLD
RIVERSLEIGH,QLD2500,QLD
RIVERTON,QLD2501,QLD
RIVERVIEW,QLD2502,QLD
ROADVALE,QLD2503,QLD
ROBERTSON,QLD2504,QLD
ROBINA,QLD2505,QLD
ROCHE CREEK,QLD2506,QLD
ROCHEDALE,QLD2507,QLD
ROCHEDALE SOUTH,QLD2508,QLD
ROCKHAMPTON CITY,QLD2509,QLD
ROCKINGHAM,QLD2510,QLD
ROCKLEA,QLD2511,QLD
ROCKMOUNT,QLD2512,QLD
ROCKSBERG,QLD2513,QLD
ROCKSIDE,QLD2514,QLD
ROCKVILLE,QLD2515,QLD
ROCKY CREEK,QLD2516,QLD
ROCKY POINT,QLD2518,QLD
ROCKY POINT,QLD2518,QLD
ROCKYVIEW,QLD2519,QLD
RODDS BAY,QLD2520,QLD
RODGERS CREEK,QLD2521,QLD
ROLLESTON,QLD2522,QLD
ROLLINGSTONE,QLD2523,QLD
ROMA,QLD2524,QLD
ROOKWOOD,QLD2525,QLD
ROPELEY,QLD2526,QLD
ROSALIE PLAINS,QLD2527,QLD
ROSEDALE,QLD2528,QLD
ROSEHILL,QLD2529,QLD
ROSELLA,QLD2530,QLD
ROSELLA PLAINS,,QLD
ROSEMOUNT,QLD2531,QLD
ROSENEATH,QLD2532,QLD
ROSENTHAL HEIGHTS,QLD2533,QLD
ROSEVALE,QLD2534,QLD
ROSEWOOD,QLD2535,QLD
ROSS CREEK,QLD2536,QLD
ROSS RIVER,QLD2537,QLD
ROSSLEA,QLD2538,QLD
ROSSLYN,QLD2539,QLD
ROSSMOYA,QLD2540,QLD
ROSSVALE,QLD2541,QLD
ROSSVILLE,QLD2542,QLD
ROTHWELL,QLD2543,QLD
ROUND HILL,QLD2544,QLD
ROUNDSTONE,QLD2545,QLD
ROWES BAY,QLD2546,QLD
ROYSTON,QLD2547,QLD
RUBYANNA,QLD2548,QLD
RUBYVALE,,QLD
RULES BEACH,QLD2549,QLD
RUNAWAY BAY,QLD2550,QLD
RUNCORN,QLD2551,QLD
RUNGOO,QLD2552,QLD
RUNNING CREEK,QLD2553,QLD
RUNNYMEDE,QLD2554,QLD
RURAL VIEW,QLD2555,QLD
RUSH CREEK,QLD2556,QLD
RUSSELL ISLAND,QLD2557,QLD
RYAN,QLD2558,QLD
RYEFORD,QLD2559,QLD
RYWUNG,QLD2560,QLD
SABINE,QLD2561,QLD
SADLIERS CROSSING,QLD2562,QLD
SAIBAI ISLAND,QLD2563,QLD
SAIBAI ISLAND,QLD2563,QLD
SALISBURY,QLD2564,QLD
SALTERN CREEK,QLD2565,QLD
SAMFORD VALLEY,QLD2566,QLD
SAMFORD VILLAGE,QLD2567,QLD
SAMSONVALE,QLD2568,QLD
SANDGATE,QLD2569,QLD
SANDIFORD,QLD2570,QLD
SANDLEWOOD RIVER,,QLD
SANDRINGHAM,QLD2571,QLD
SANDSTONE POINT,QLD2572,QLD
SANDY CAMP,QLD2573,QLD
SANDY CREEK,QLD2574,QLD
SANDY POCKET,QLD2575,QLD
SANDY RIDGES,QLD2576,QLD
SAPPHIRE CENTRAL,,QLD
SARABAH,QLD2577,QLD
SARDINE,QLD2578,QLD
SARINA,QLD2579,QLD
SARINA BEACH,QLD2580,QLD
SARINA RANGE,QLD2581,QLD
SAUNDERS BEACH,QLD2582,QLD
SAVANNAH,QLD2583,QLD
SAXBY,QLD2584,QLD
SCARBOROUGH,QLD2585,QLD
SCARNESS,QLD2586,QLD
SCOTCHY POCKET,QLD2587,QLD
SCOTTVILLE,QLD3337,QLD
SCRUB CREEK,QLD2588,QLD
SCRUB HILL,,QLD
SCRUBBY BORE,,QLD
SCRUBBY CREEK,QLD2589,QLD
SCRUBBY CREEK,QLD2589,QLD
SCRUBBY CREEK,QLD2589,QLD
SCRUBBY CREEK,QLD2589,QLD
SCRUBBY MOUNTAIN,QLD2591,QLD
SEAFORTH,QLD2592,QLD
SEDGEFORD,QLD2593,QLD
SEFTON,,QLD
SEISIA,QLD2596,QLD
SEISIA,QLD2596,QLD
SELENE,QLD2597,QLD
SELWYN,QLD2598,QLD
SEPTIMUS,QLD2599,QLD
SEVEN HILLS,QLD2600,QLD
SEVENTEEN MILE,QLD2601,QLD
SEVENTEEN MILE ROCKS,QLD2602,QLD
SEVENTEEN SEVENTY,QLD2603,QLD
SEVENTY MILE,QLD2604,QLD
SEVERNLEA,QLD2605,QLD
SEXTON,QLD2606,QLD
SHAILER PARK,QLD2607,QLD
SHANNONVALE,QLD2608,QLD
SHARON,QLD2609,QLD
SHAW,QLD2610,QLD
SHEEP STATION CREEK,QLD2611,QLD
SHELBURNE,QLD2612,QLD
SHELBURNE,QLD2612,QLD
SHELDON,QLD2613,QLD
SHELFO,,QLD
SHELL POCKET,QLD2614,QLD
SHELLY BEACH,QLD2616,QLD
SHELLY BEACH,QLD2616,QLD
SHERWOOD,QLD2617,QLD
SHIPTON FLATS,,QLD
SHIRBOURNE,QLD2618,QLD
SHOAL POINT,QLD2619,QLD
SHOALWATER,QLD2620,QLD
SHORNCLIFFE,QLD2621,QLD
SHUTE HARBOUR,QLD2622,QLD
SILKSTONE,QLD2623,QLD
SILKWOOD,QLD2624,QLD
SILKY OAK,QLD2625,QLD
SILVER CREEK,QLD2626,QLD
SILVER PLAINS,,QLD
SILVER RIDGE,QLD2627,QLD
SILVER SPUR,QLD2628,QLD
SILVER VALLEY,QLD2629,QLD
SILVERBARK RIDGE,QLD3392,QLD
SILVERDALE,QLD2630,QLD
SILVERLEAF,QLD2632,QLD
SILVERLEIGH,QLD2633,QLD
SILVERWOOD,QLD2634,QLD
SIMMIE,QLD2635,QLD
SINNAMON PARK,QLD2636,QLD
SIPPY DOWNS,QLD2637,QLD
SKYRING RESERVE,QLD2638,QLD
SLACKS CREEK,QLD2639,QLD
SLADE POINT,QLD2640,QLD
SLADEVALE,QLD2641,QLD
SLIM CREEK,,QLD
SMITHFIELD,QLD3339,QLD
SMITHLEA,QLD2643,QLD
SMOKY CREEK,,QLD
SOLDIERS HILL,QLD2645,QLD
SOMERSET,QLD2647,QLD
SOMERSET DAM,QLD2648,QLD
SOMMARIVA,QLD2649,QLD
SOMME,QLD2650,QLD
SOUTH BINGERA,QLD2651,QLD
SOUTH BRISBANE,QLD2652,QLD
SOUTH EAST NANANGO,QLD2653,QLD
SOUTH GLADSTONE,QLD2654,QLD
SOUTH INNISFAIL,QLD2655,QLD
SOUTH ISIS,QLD2656,QLD
SOUTH JOHNSTONE,QLD2657,QLD
SOUTH KAWIY,,QLD
SOUTH KOLAN,QLD2658,QLD
SOUTH MACKAY,QLD2659,QLD
SOUTH MACLEAN,QLD2660,QLD
SOUTH MISSION BEACH,QLD2661,QLD
SOUTH NANANGO,QLD2662,QLD
SOUTH RIPLEY,QLD2663,QLD
SOUTH STRADBROKE,QLD2664,QLD
SOUTH TALWOOD,QLD2665,QLD
SOUTH TOOWOOMBA,QLD2666,QLD
SOUTH TOWNSVILLE,QLD2667,QLD
SOUTH TREES,QLD2668,QLD
SOUTH WELLESLEY ISLANDS,QLD3329,QLD
SOUTH YAAMBA,QLD2670,QLD
SOUTHBROOK,QLD2671,QLD
SOUTHEDGE,QLD2672,QLD
SOUTHERN CROSS,QLD2673,QLD
SOUTHERN LAMINGTON,QLD2674,QLD
SOUTHERN MORETON BAY ISLANDS,QLD3335,QLD
SOUTHPORT,QLD2676,QLD
SOUTHSIDE,QLD2677,QLD
SOUTHWELL,,QLD
SOUTHWOOD,QLD2678,QLD
SPEEDWELL,QLD2679,QLD
SPEEWAH,QLD2680,QLD
SPLINTER CREEK,QLD2681,QLD
SPLIT YARD CREEK,QLD2682,QLD
SPREADBOROUGH,QLD2683,QLD
SPRING BLUFF,QLD2684,QLD
SPRING CREEK,QLD2688,QLD
SPRING CREEK,QLD2688,QLD
SPRING CREEK,QLD2688,QLD
SPRING HILL,QLD2691,QLD
SPRING HILL,QLD2691,QLD
SPRING MOUNTAIN,QLD2692,QLD
SPRINGBROOK,QLD2693,QLD
SPRINGDALE,QLD2694,QLD
SPRINGFIELD,QLD2695,QLD
SPRINGFIELD,QLD2695,QLD
SPRINGFIELD CENTRAL,QLD3326,QLD
SPRINGFIELD LAKES,QLD2697,QLD
SPRINGLANDS,QLD2698,QLD
SPRINGSIDE,QLD2699,QLD
SPRINGSURE,QLD2700,QLD
SPRINGVALE,QLD2701,QLD
SPRINGWOOD,QLD2702,QLD
SPURGEON,QLD2703,QLD
ST AGNES,QLD2704,QLD
ST AUBYN,QLD2705,QLD
ST GEORGE,QLD2706,QLD
ST HELENA ISLAND,,QLD
ST HELENS,QLD2708,QLD
ST HELENS,QLD2708,QLD
ST HELENS BEACH,QLD2710,QLD
ST KILDA,QLD2711,QLD
ST LAWRENCE,QLD2712,QLD
ST LUCIA,QLD2713,QLD
ST MARY,QLD2714,QLD
ST PAULS VILLAGE,,QLD
ST RUTH,QLD2715,QLD
STAATEN,QLD2716,QLD
STAFFORD,QLD2717,QLD
STAFFORD HEIGHTS,QLD2718,QLD
STALWORTH,QLD2719,QLD
STAMFORD,QLD2720,QLD
STANAGE,QLD2721,QLD
STANMORE,QLD2722,QLD
STANTHORPE,QLD2723,QLD
STANWELL,QLD2724,QLD
STAPYLTON,QLD2725,QLD
STARCKE,QLD2726,QLD
STARCKE HOMESTEAD,,QLD
STATION CREEK,,QLD
STEIGLITZ,QLD2727,QLD
STEPHENS ISLAND,,QLD
STEWART CREEK VALLEY,QLD2729,QLD
STEWARTON,QLD2730,QLD
STEWIES PLACE,,QLD
STOCKHAVEN,QLD2731,QLD
STOCKLEIGH,QLD2732,QLD
STOCKTON,QLD2733,QLD
STOCKYARD,QLD2734,QLD
STOCKYARD,QLD2734,QLD
STOKES,QLD2736,QLD
STONEHENGE,QLD2738,QLD
STONEHENGE,QLD2738,QLD
STONELANDS,QLD2739,QLD
STONELEIGH,QLD2740,QLD
STONES CORNER,QLD3398,QLD
STONEY CREEK,,QLD
STONEY CROSSING,,QLD
STONY CREEK,QLD2741,QLD
STORM KING,QLD2742,QLD
STOTERS HILL,QLD2743,QLD
STRATFORD,QLD2744,QLD
STRATHDICKIE,QLD2745,QLD
STRATHFIELD,QLD2746,QLD
STRATHMORE,QLD2747,QLD
STRATHPINE,QLD2748,QLD
STRETTON,QLD2749,QLD
STRUCK OIL,QLD2750,QLD
STUART,QLD2751,QLD
STURT,QLD2752,QLD
SUGARLOAF,QLD2754,QLD
SUGARLOAF,QLD2754,QLD
SUJEEWONG,QLD2755,QLD
SUMMERHOLM,QLD2756,QLD
SUMNER,QLD2757,QLD
SUN VALLEY,QLD2758,QLD
SUNDOWN,QLD2760,QLD
SUNDOWN,QLD2760,QLD
SUNDOWN,QLD2760,QLD
SUNDOWN,QLD2760,QLD
SUNDOWN,QLD2760,QLD
SUNNY NOOK,QLD2761,QLD
SUNNYBANK,QLD2762,QLD
SUNNYBANK HILLS,QLD2763,QLD
SUNNYSIDE,QLD2765,QLD
SUNNYSIDE,QLD2765,QLD
SUNNYSIDE,QLD2765,QLD
SUNNYSIDE,QLD2765,QLD
SUNRISE BEACH,QLD2766,QLD
SUNSET,QLD2767,QLD
SUNSHINE ACRES,QLD2768,QLD
SUNSHINE BEACH,QLD2769,QLD
SURAT,QLD2770,QLD
SURBITON,QLD2771,QLD
SURFERS PARADISE,QLD2772,QLD
SUSAN RIVER,QLD2773,QLD
SUTTOR,QLD2774,QLD
SVENSSON HEIGHTS,QLD2775,QLD
SWAN CREEK,QLD2776,QLD
SWANBANK,QLD2777,QLD
SWANFELS,QLD2778,QLD
SWANS LAGOON,QLD2779,QLD
SWEERS ISLAND,QLD3332,QLD
SYNDICATE,QLD2780,QLD
TAABINGA,QLD2781,QLD
TABLEDERRY,QLD2782,QLD
TABLELANDS,QLD2784,QLD
TABLELANDS,QLD2784,QLD
TABOOBA,QLD2785,QLD
TABRAGALBA,QLD2786,QLD
TAIGUM,QLD2787,QLD
TAKILBERAN,QLD2788,QLD
TAKURA,QLD2789,QLD
TALAROO,QLD2790,QLD
TALDORA,QLD2791,QLD
TALEGALLA WEIR,QLD2792,QLD
TALGAI,QLD2793,QLD
TALLAI,QLD2794,QLD
TALLEBUDGERA,QLD2795,QLD
TALLEBUDGERA VALLEY,QLD2796,QLD
TALLEGALLA,QLD2797,QLD
TALWOOD,,QLD
TAM O'SHANTER,QLD2798,QLD
TAMAREE,QLD2799,QLD
TAMBO,QLD2800,QLD
TAMBORINE,QLD2801,QLD
TAMBORINE MOUNTAIN,QLD2802,QLD
TAMROOKUM,QLD2803,QLD
TAMROOKUM CREEK,QLD2804,QLD
TANAH MERAH,QLD2805,QLD
TANAWHA,QLD2806,QLD
TANBAR,QLD2807,QLD
TANBY,QLD3327,QLD
TANDORA,QLD2809,QLD
TANDUR,QLD2810,QLD
TANGORIN,QLD2811,QLD
TANNUM SANDS,QLD2812,QLD
TANNYMOREL,QLD2813,QLD
TANSEY,QLD2814,QLD
TARA,QLD2815,QLD
TARA STATION,QLD2816,QLD
TARAGOOLA,QLD2817,QLD
TARAMPA,QLD2818,QLD
TARANGANBA,QLD2819,QLD
TARAWERA,QLD2820,QLD
TARGINNIE,QLD3372,QLD
TARINGA,QLD2822,QLD
TAROME,QLD2823,QLD
TAROMEO,QLD2824,QLD
TARONG,QLD2825,QLD
TAROOM,QLD2826,QLD
TAROOMBALL,QLD2827,QLD
TARRAGINDI,QLD2828,QLD
TARRAMBA,QLD2829,QLD
TARZALI,QLD2830,QLD
TAUNTON,QLD2831,QLD
TAYLORS BEACH,QLD2832,QLD
TE KOWAI,QLD2833,QLD
TEDDINGTON,QLD2834,QLD
TEEBAR,QLD2835,QLD
TEELAH,QLD2836,QLD
TEELBA,QLD2837,QLD
TELINA,QLD2838,QLD
TELLEBANG,QLD2839,QLD
TEMPLIN,QLD2840,QLD
TENERIFFE,QLD3357,QLD
TENNYSON,QLD2841,QLD
TERRICA,QLD2842,QLD
TEVIOTVILLE,QLD2843,QLD
TEWANTIN,QLD2844,QLD
TEXAS,QLD2845,QLD
THAA-NHUGE,,QLD
THAANGKUNH-NHIIN,,QLD
THABEBAN,QLD2846,QLD
THAGOONA,QLD2847,QLD
THALLON,QLD2848,QLD
THANE,QLD2849,QLD
THANES CREEK,QLD2850,QLD
THANGOOL,QLD2851,QLD
THARGOMINDAH,QLD2852,QLD
THE BLUFF,QLD2853,QLD
THE BLUFF,QLD2853,QLD
THE CAPE,,QLD
THE CAVES,QLD2856,QLD
THE COMMON,QLD2857,QLD
THE CROSSING,,QLD
THE DAWN,QLD2858,QLD
THE DIMONDS,QLD2859,QLD
THE FALLS,QLD2860,QLD
THE GAP,QLD2861,QLD
THE GAP,QLD2861,QLD
THE GEMFIELDS,QLD2863,QLD
THE GLEN,QLD2864,QLD
THE GUMS,QLD2865,QLD
THE HEAD,QLD2866,QLD
THE HERMITAGE,QLD2867,QLD
THE KEPPELS,QLD2868,QLD
THE LEAP,QLD2869,QLD
THE LIMITS,QLD2870,QLD
THE MINE,QLD2871,QLD
THE NARROWS,QLD2872,QLD
THE PALMS,QLD2873,QLD
THE PERCY GROUP,QLD2874,QLD
THE PINES,QLD2875,QLD
THE RANGE,QLD2876,QLD
THE SUMMIT,QLD2877,QLD
THEEBINE,QLD2881,QLD
THEETHINJI,,QLD
THEODORE,QLD2882,QLD
THERESA CREEK,QLD2883,QLD
THINOOMBA,QLD2884,QLD
THOMPSON POINT,QLD2885,QLD
THOMPSONS CREEK,,QLD
THOOPARA,QLD2886,QLD
THORNBOROUGH,QLD2887,QLD
THORNDALE,QLD2888,QLD
THORNESIDE,QLD2889,QLD
THORNLANDS,QLD2890,QLD
THORNTON,QLD2891,QLD
THORNTON BEACH,QLD2892,QLD
THORNVILLE,QLD2893,QLD
THREE MOON,QLD2894,QLD
THREE RIVERS,QLD2895,QLD
THULIMBAH,QLD2896,QLD
THULKURR,,QLD
THURINGOWA CENTRAL,QLD2897,QLD
THURSDAY ISLAND,QLD2898,QLD
THURSDAY ISLAND,QLD2898,QLD
TI-TREE,,QLD
TIARO,QLD2899,QLD
TIERI,QLD2900,QLD
TIITCH,,QLD
TIN CAN BAY,QLD2901,QLD
TINANA,QLD2902,QLD
TINANA SOUTH,QLD2903,QLD
TINAROO,QLD2904,QLD
TINBEERWAH,QLD2905,QLD
TINGALPA,QLD2906,QLD
TINGOORA,QLD2907,QLD
TINGUN,QLD2908,QLD
TINNANBAR,QLD2909,QLD
TIPTON,QLD2910,QLD
TIRROAN,QLD2911,QLD
TIVOLI,QLD2912,QLD
TOCAL,,QLD
TOGARA,QLD2914,QLD
TOKO,QLD2915,QLD
TOLGA,QLD2916,QLD
TOLL,QLD2917,QLD
TOOBANNA,QLD2918,QLD
TOOBEAH,QLD2919,QLD
TOOGOOLAWAH,QLD2920,QLD
TOOGOOM,QLD2921,QLD
TOOLAKEA,QLD2922,QLD
TOOLARA FOREST,QLD2923,QLD
TOOLBURRA,QLD2924,QLD
TOOLOOA,QLD2925,QLD
TOOMULLA,QLD2926,QLD
TOONDAHRA,QLD2927,QLD
TOONPAN,QLD2928,QLD
TOORBUL,QLD2929,QLD
TOOWONG,QLD2930,QLD
TOOWOOMBA CITY,QLD2931,QLD
TOP CAMP,QLD2932,QLD
TOP MORTULT,,QLD
TOPAZ,QLD2933,QLD
TORBANLEA,QLD2934,QLD
TORQUAY,QLD2935,QLD
TORRENS CREEK,QLD2936,QLD
TORRES STRAIT,QLD2937,QLD
TORRINGTON,QLD2938,QLD
TOWEN MOUNTAIN,QLD2939,QLD
TOWERS HILL,QLD2940,QLD
TOWN COMMON,QLD2941,QLD
TOWNSON,QLD2942,QLD
TOWNSVILLE CITY,QLD2943,QLD
TOWNVIEW,QLD2944,QLD
TRAVESTON,QLD2945,QLD
TREBONNE,QLD2946,QLD
TREGONY,QLD2947,QLD
TRINITY BEACH,QLD2948,QLD
TRINITY PARK,QLD2949,QLD
TROTTER CREEK,QLD2950,QLD
TRUNDING,QLD2951,QLD
TUAN,QLD2952,QLD
TUAN FOREST,QLD2953,QLD
TUCHEKOI,QLD2954,QLD
TUCKERANG,QLD2955,QLD
TUEN,QLD2956,QLD
TUGUN,QLD2957,QLD
TULLY,QLD2958,QLD
TULLY HEADS,QLD2959,QLD
TUMMAVILLE,QLD2960,QLD
TUMOULIN,QLD2961,QLD
TUNGAMULL,QLD2962,QLD
TURALLIN,QLD2963,QLD
TURKEY BEACH,QLD2964,QLD
TURRAWULLA,QLD2965,QLD
TWIN WATERS,QLD2966,QLD
TWO MILE,QLD2967,QLD
TYRCONNEL,QLD2968,QLD
UGAR ISLAND,QLD3369,QLD
ULOGIE,QLD2969,QLD
UMAGICO,QLD2970,QLD
UMAGICO,QLD2970,QLD
UMBIRAM,QLD2971,QLD
UMPILA WUNTA,,QLD
UNDERWOOD,QLD2972,QLD
UNDULLAH,QLD2973,QLD
UNNAMED LOCALITY,QLD3395,QLD
UNNAMED LOCALITY,QLD3395,QLD
UNNAMED LOCALITY,QLD3395,QLD
UPLAND,QLD2974,QLD
UPPER BARRON,QLD2975,QLD
UPPER BROOKFIELD,QLD2977,QLD
UPPER CABOOLTURE,QLD2978,QLD
UPPER COOMERA,QLD2979,QLD
UPPER COOYAR CREEK,QLD2980,QLD
UPPER CORNISH CREEK,QLD2981,QLD
UPPER DAINTREE,QLD2982,QLD
UPPER DARADGEE,QLD2983,QLD
UPPER DAWSON,QLD2984,QLD
UPPER FLAGSTONE,QLD2985,QLD
UPPER FREESTONE,QLD2986,QLD
UPPER GLASTONBURY,QLD2987,QLD
UPPER HAUGHTON,QLD2988,QLD
UPPER KANDANGA,QLD2989,QLD
UPPER KEDRON,QLD2990,QLD
UPPER LOCKYER,QLD2991,QLD
UPPER MOUNT GRAVATT,QLD3378,QLD
UPPER PASCOE,,QLD
UPPER PILTON,QLD2993,QLD
UPPER PINELANDS,QLD2994,QLD
UPPER STONE,QLD2995,QLD
UPPER TENTHILL,QLD2996,QLD
UPPER WARREGO,QLD2997,QLD
UPPER WHEATVALE,QLD2998,QLD
UPPER YARRAMAN,QLD2999,QLD
URANDANGI,,QLD
URANGAN,QLD3000,QLD
URRAWEEN,QLD3001,QLD
UTCHEE CREEK,QLD3002,QLD
V GATE,QLD3003,QLD
VALDORA,QLD3004,QLD
VALE VIEW,QLD3005,QLD
VALENTINE PLAINS,QLD3006,QLD
VALKYRIE,QLD3007,QLD
VALLEY OF LAGOONS,QLD3008,QLD
VARSITY LAKES,QLD3009,QLD
VASA VIEWS,QLD3010,QLD
VENTNOR,QLD3011,QLD
VERADILLA,QLD3012,QLD
VERESDALE,QLD3013,QLD
VERESDALE SCRUB,QLD3014,QLD
VERGEMONT,,QLD
VERNOR,QLD3016,QLD
VERRIERDALE,QLD3017,QLD
VETERAN,QLD3018,QLD
VICTORIA HILL,QLD3019,QLD
VICTORIA PLAINS,QLD3020,QLD
VICTORIA PLANTATION,QLD3021,QLD
VICTORIA POINT,QLD3022,QLD
VICTORIA VALE,QLD3023,QLD
VICTORY HEIGHTS,QLD3024,QLD
VILLENEUVE,QLD3025,QLD
VINCENT,QLD3026,QLD
VINEGAR HILL,QLD3027,QLD
VIRGINIA,QLD3028,QLD
WACOL,QLD3029,QLD
WAGTAIL GROVE,,QLD
WAHOON,QLD3030,QLD
WAIKOLA,QLD3031,QLD
WAINUI,QLD3032,QLD
WAIRUNA,QLD3033,QLD
WAKERLEY,QLD3034,QLD
WALBERI,,QLD
WALHALLOW,QLD3035,QLD
WALKAMIN,QLD3036,QLD
WALKERS POINT,QLD3037,QLD
WALKERSTON,QLD3038,QLD
WALKERVALE,QLD3039,QLD
WALLABY ISLAND,,QLD
WALLACES CREEK,QLD3040,QLD
WALLAMAN,QLD3041,QLD
WALLANGARRA,QLD3042,QLD
WALLAROO,QLD3043,QLD
WALLAVILLE,QLD3044,QLD
WALLIEBUM,QLD3045,QLD
WALLIGAN,QLD3046,QLD
WALLOON,QLD3047,QLD
WALLU,QLD3048,QLD
WALLUMBILLA,QLD3049,QLD
WALLUMBILLA NORTH,QLD3050,QLD
WALLUMBILLA SOUTH,QLD3051,QLD
WALMUL,QLD3052,QLD
WALNGAL,,QLD
WALTER HILL,QLD3053,QLD
WALTER LEVER ESTATE,QLD3054,QLD
WALTERHALL,QLD3055,QLD
WAMURAN,QLD3056,QLD
WAMURAN BASIN,QLD3057,QLD
WANDAL,QLD3058,QLD
WANDOAN,QLD3059,QLD
WANGAN,QLD3060,QLD
WANGARATTA,QLD3061,QLD
WANGETTI,QLD3062,QLD
WANJURU,QLD3063,QLD
WANORA,QLD3064,QLD
WAR PAANT,,QLD
WARABA,,QLD
WARANA,QLD3065,QLD
WARBURTON,QLD3066,QLD
WARD,QLD3067,QLD
WARENDA,QLD3068,QLD
WARKON,QLD3069,QLD
WARNBULLIN,,QLD
WARNER,QLD3070,QLD
WARNOAH,QLD3071,QLD
WARNUNG,QLD3072,QLD
WARRA,QLD3073,QLD
WARRABER ISLET,QLD3364,QLD
WARRABER ISLET,QLD3364,QLD
WARRAMI,QLD3074,QLD
WARRILL VIEW,QLD3075,QLD
WARROO,QLD3076,QLD
WARRUBULLEN,QLD3077,QLD
WARTOMAN,,QLD
WARWICK,QLD3078,QLD
WASHPOOL,QLD3079,QLD
WATALGAN,QLD3080,QLD
WATERANGA,QLD3081,QLD
WATERFORD,QLD3082,QLD
WATERFORD WEST,QLD3083,QLD
WATERLOO,QLD3084,QLD
WATHANHIIN,,QLD
WATHYAN,,QLD
WATSONS CROSSING,QLD3085,QLD
WATSONVILLE,QLD3086,QLD
WATTLE CAMP,QLD3087,QLD
WATTLE GROVE,QLD3088,QLD
WATTLE RIDGE,QLD3089,QLD
WATTLEBANK,QLD3090,QLD
WAUA ISLET,QLD3370,QLD
WAUGH POCKET,QLD3091,QLD
WAVELL HEIGHTS,QLD3092,QLD
WAVERLEY,QLD3093,QLD
WEALWANDANGIE,QLD3094,QLD
WEBB,QLD3095,QLD
WEBOK VILLAGE,,QLD
WEENGALLON,QLD3096,QLD
WEERRIBA,QLD3097,QLD
WEIPA AIRPORT,QLD3098,QLD
WEIR RIVER,QLD3099,QLD
WELCOME CREEK,QLD3100,QLD
WELCOME STATION,,QLD
WELLCAMP,QLD3101,QLD
WELLESLEY,QLD3102,QLD
WELLESLEY ISLANDS,QLD3103,QLD
WELLINGTON POINT,QLD3106,QLD
WELSBY,QLD3107,QLD
WENGENVILLE,QLD3108,QLD
WENLOCK,QLD3109,QLD
WERANGA,QLD3110,QLD
WERIBONE,QLD3111,QLD
WEST END,QLD3112,QLD
WEST END,QLD3112,QLD
WEST GLADSTONE,QLD3114,QLD
WEST HALDON,QLD3115,QLD
WEST IPSWICH,QLD3116,QLD
WEST MACKAY,QLD3117,QLD
WEST POINT,QLD3118,QLD
WEST PRAIRIE,QLD3120,QLD
WEST ROCKHAMPTON,QLD3121,QLD
WEST STOWE,QLD3122,QLD
WEST WELLESLEY ISLANDS,QLD3330,QLD
WEST WOOMBYE,QLD3124,QLD
WESTBROOK,QLD3125,QLD
WESTCOURT,QLD3126,QLD
WESTERN CREEK,QLD3127,QLD
WESTGROVE,QLD3128,QLD
WESTLAKE,QLD3129,QLD
WESTMAR,QLD3130,QLD
WESTVALE,QLD3131,QLD
WESTWOOD,QLD3132,QLD
WETHERON,QLD3133,QLD
WEYBA DOWNS,QLD3134,QLD
WHARPS,QLD3135,QLD
WHEATLANDS,QLD3136,QLD
WHEATVALE,QLD3137,QLD
WHETSTONE,QLD3138,QLD
WHICHELLO,QLD3139,QLD
WHITE MOUNTAIN,QLD3140,QLD
WHITE PATCH,QLD3141,QLD
WHITE ROCK,QLD3142,QLD
WHITE ROCK,QLD3142,QLD
WHITESIDE,QLD3144,QLD
WHITFIELD,QLD3145,QLD
WHITSUNDAYS,QLD3146,QLD
WHYANBEEL,QLD3147,QLD
WIDGEE,QLD3148,QLD
WIDGEE CROSSING NORTH,QLD3149,QLD
WIDGEE CROSSING SOUTH,QLD3150,QLD
WIDGEEGOARA,QLD3151,QLD
WIEAMBILLA,QLD3153,QLD
WIGHTS MOUNTAIN,QLD3154,QLD
WIGTON,QLD3155,QLD
WILDASH,QLD3156,QLD
WILKESDALE,QLD3157,QLD
WILLAWONG,QLD3158,QLD
WILLOW VALE,QLD3159,QLD
WILLOWBANK,QLD3160,QLD
WILLOWS,QLD3161,QLD
WILLOWVALE,QLD3162,QLD
WILLS,QLD3163,QLD
WILSON BEACH,QLD3164,QLD
WILSON VALLEY,QLD3165,QLD
WILSONS PLAINS,QLD3166,QLD
WILSONS POCKET,QLD3167,QLD
WILSONTON,QLD3168,QLD
WILSONTON HEIGHTS,QLD3169,QLD
WILSTON,QLD3170,QLD
WINCHESTER,QLD3171,QLD
WINDAROO,QLD3172,QLD
WINDERA,QLD3174,QLD
WINDERMERE,QLD3175,QLD
WINDEYER,QLD3176,QLD
WINDORAH,QLD3177,QLD
WINDSOR,QLD3178,QLD
WINFIELD,QLD3179,QLD
WINSTON,QLD3180,QLD
WINTON,QLD3181,QLD
WINWILL,QLD3182,QLD
WINYA,QLD3183,QLD
WISHART,QLD3184,QLD
WITHCOTT,QLD3185,QLD
WITHEREN,QLD3186,QLD
WITTA,QLD3187,QLD
WIVENHOE HILL,QLD3188,QLD
WIVENHOE POCKET,QLD3189,QLD
WIYARRA,QLD3190,QLD
WOLEEBEE,QLD3191,QLD
WOLFANG,QLD3192,QLD
WOLFFDENE,QLD3193,QLD
WOLVI,QLD3194,QLD
WOMALILLA,QLD3195,QLD
WOMBLEBANK,QLD3196,QLD
WOMINA,QLD3197,QLD
WONBAH,QLD3198,QLD
WONBAH FOREST,QLD3199,QLD
WONDAI,QLD3200,QLD
WONDALLI,QLD3201,QLD
WONDECLA,QLD3202,QLD
WONDUNNA,QLD3203,QLD
WONGA,,QLD
WONGA BEACH,QLD3385,QLD
WONGABEL,QLD3205,QLD
WONGALING BEACH,QLD3206,QLD
WONGAWALLAN,QLD3207,QLD
WONGLEPONG,QLD3208,QLD
WONYA BORE,,QLD
WOOCOO,QLD3209,QLD
WOODBINE,QLD3210,QLD
WOODBURY,QLD3211,QLD
WOODEND,QLD3212,QLD
WOODERSON,QLD3213,QLD
WOODFORD,QLD3214,QLD
WOODGATE,QLD3215,QLD
WOODHILL,QLD3216,QLD
WOODLANDS,QLD3217,QLD
WOODLEIGH,QLD3218,QLD
WOODMILLAR,QLD3219,QLD
WOODRIDGE,QLD3220,QLD
WOODSTOCK,QLD3221,QLD
WOODWARK,QLD3222,QLD
WOODY POINT,QLD3223,QLD
WOOLEIN,QLD3224,QLD
WOOLGAR,QLD3225,QLD
WOOLLOONGABBA,QLD3226,QLD
WOOLMAR,QLD3227,QLD
WOOLMER,QLD3228,QLD
WOOLOOGA,QLD3229,QLD
WOOLOOMAN,QLD3230,QLD
WOOLOOWIN,QLD3231,QLD
WOOLSHED,QLD3232,QLD
WOOMBYE,QLD3233,QLD
WOONDUL,QLD3351,QLD
WOONDUM,QLD3235,QLD
WOONGARRA,QLD3236,QLD
WOONGOOLBA,QLD3237,QLD
WOOPEN CREEK,QLD3238,QLD
WOORABINDA,QLD3239,QLD
WOORABINDA,QLD3239,QLD
WOORIM,QLD3240,QLD
WOOROOLIN,QLD3241,QLD
WOOROONA,QLD3242,QLD
WOOROONDEN,QLD3243,QLD
WOOROONOORAN,QLD3352,QLD
WOOROONOORAN,QLD3352,QLD
WOOROONOORAN,QLD3352,QLD
WOOROONOORAN,QLD3352,QLD
WOOTHA,QLD3248,QLD
WOOWOONGA,QLD3249,QLD
WOREE,QLD3250,QLD
WORONGARY,QLD3251,QLD
WOWAN,QLD3252,QLD
WRATTENS FOREST,QLD3253,QLD
WRIGHTS CREEK,QLD3254,QLD
WROTHAM,QLD3255,QLD
WUJAL WUJAL,QLD3256,QLD
WUJAL WUJAL,QLD3256,QLD
WULGURU,QLD3257,QLD
WULKURAKA,QLD3258,QLD
WUNGU,,QLD
WUNJUNGA,QLD3259,QLD
WURA,QLD3260,QLD
WURDONG HEIGHTS,QLD3261,QLD
WURTULLA,QLD3262,QLD
WURUMA DAM,QLD3263,QLD
WUTAN,,QLD
WUTUL,QLD3264,QLD
WYAGA,QLD3265,QLD
WYALLA,QLD3266,QLD
WYANDRA,QLD3267,QLD
WYARALONG,QLD3268,QLD
WYBERBA,QLD3269,QLD
WYCARBAH,QLD3270,QLD
WYCHIE,QLD3271,QLD
WYCOMBE,QLD3272,QLD
WYNNUM,QLD3273,QLD
WYNNUM WEST,QLD3274,QLD
WYREEMA,QLD3275,QLD
WYUNA,QLD3276,QLD
YAAMBA,QLD3277,QLD
YAANENG,,QLD
YAAWATHAN,,QLD
YABULU,QLD3278,QLD
YAGABURNE,QLD3279,QLD
YAGOONYA,QLD3280,QLD
YALANGUR,QLD3281,QLD
YALBOROO,QLD3282,QLD
YALLAMBIE,,QLD
YAM ISLAND,,QLD
YAMANTO,QLD3284,QLD
YANDARAN,QLD3285,QLD
YANDARLO,QLD3286,QLD
YANDILLA,QLD3287,QLD
YANDINA,QLD3288,QLD
YANDINA CREEK,QLD3289,QLD
YANGAN,QLD3290,QLD
YANGARRA,,QLD
YARAKA,,QLD
YARGULLEN,QLD3291,QLD
YAROOMBA,QLD3292,QLD
YARRABAH,QLD3294,QLD
YARRABAH,QLD3294,QLD
YARRABILBA,QLD3296,QLD
YARRADEN,QLD3297,QLD
YARRAMAN,QLD3298,QLD
YARRANLEA,QLD3299,QLD
YARROL,QLD3300,QLD
YARWUN,QLD3301,QLD
YATALA,QLD3302,QLD
YEERONGPILLY,QLD3303,QLD
YELARBON,QLD3304,QLD
YENDA,QLD3305,QLD
YENGARIE,QLD3306,QLD
YEPPOON,QLD3307,QLD
YERONGA,QLD3308,QLD
YERRA,QLD3309,QLD
YIMBUN,QLD3310,QLD
YORKE ISLAND,,QLD
YORKEYS KNOB,QLD3311,QLD
YOWAH,QLD3312,QLD
YUGAR,QLD3313,QLD
YULABILLA,QLD3314,QLD
YULEBA,QLD3315,QLD
YULEBA NORTH,QLD3316,QLD
YULEBA SOUTH,QLD3317,QLD
YUNGABURRA,QLD3318,QLD
YURUGA,QLD3319,QLD
ZIG ZAG,,QLD
ZILLMERE,QLD3320,QLD
ZILZIE,QLD3321,QLD
10 MILE,,SA
ABERFOYLE PARK,SA1,SA
ABMINGA STATION,SA210006238,SA
ADELAIDE,SA2,SA
ADELAIDE AIRPORT,SA3,SA
AEROPLANE ONE,,SA
AEROPLANE TWO,,SA
AGERY,SA4,SA
AKENTA,,SA
ALAWOONA,SA5,SA
ALBERT PARK,SA6,SA
ALBERTON,SA7,SA
ALDGATE,SA8,SA
ALDINGA,SA9,SA
ALDINGA BEACH,SA10,SA
ALEXANDRINA,SA210005542,SA
ALFORD,SA11,SA
ALLANDALE STATION,SA210006195,SA
ALLENBY GARDENS,SA12,SA
ALLENDALE EAST,SA13,SA
ALLENDALE NORTH,SA14,SA
ALMA,SA210005513,SA
ALPANA,SA210006052,SA
ALTON DOWNS STATION,SA210006134,SA
ALTONA,SA16,SA
AMATA,SA210006277,SA
AMATA,SA210006277,SA
AMERICAN BEACH,SA17,SA
AMERICAN RIVER,SA18,SA
AMUROONA,,SA
AMYTON,SA19,SA
ANAGU PITJANTJATARA YANKUNYTJATARA,,SA
ANAMA,SA20,SA
ANANGU PITJANTJATJARA YANKUNYTJATJARA,SA210006281,SA
ANDAMOOKA,SA21,SA
ANDAMOOKA STATION,SA210006097,SA
ANDREWS,SA210005544,SA
ANDREWS FARM,SA23,SA
ANGAS,SA210005521,SA
ANGAS PLAINS,SA24,SA
ANGAS VALLEY,SA25,SA
ANGASTON,SA26,SA
ANGATJA,,SA
ANGEPENA,SA210006171,SA
ANGLE PARK,SA27,SA
ANGLE VALE,SA28,SA
ANGORIGINA,SA210006245,SA
ANNA CREEK,SA210006138,SA
ANNADALE,SA29,SA
ANTARA,,SA
ANTECHAMBER BAY,SA30,SA
APAMURRA,SA31,SA
APARATJARA,,SA
APOINGA,SA210005524,SA
APPILA,SA33,SA
ARCKARINGA,SA210006139,SA
ARCOONA,SA210006085,SA
ARDROSSAN,SA34,SA
ARKAROOLA,SA210006129,SA
ARKAROOLA VILLAGE,SA1627,SA
ARMAGH,SA36,SA
ARNO BAY,SA37,SA
ARTHURTON,SA38,SA
ASCOT PARK,SA39,SA
ASH,SA210005527,SA
ASHBOURNE,SA40,SA
ASHFORD,SA41,SA
ASHTON,SA42,SA
ASHVILLE,SA43,SA
ATHELSTONE,SA44,SA
ATHOL PARK,SA45,SA
AUBURN,SA46,SA
AULDANA,SA47,SA
AUSTRALIA PLAINS,SA48,SA
AVENUE RANGE,SA49,SA
AVOCA DELL,SA50,SA
AVON,SA51,SA
AYERS RANGE SOUTH,SA210006058,SA
BACK VALLEY,SA52,SA
BACKY POINT,SA1654,SA
BAGOT WELL,SA53,SA
BAGSTER,SA210005516,SA
BAIRD BAY,SA54,SA
BAKARA,SA55,SA
BAKARA WELL,SA56,SA
BALAH,SA210006230,SA
BALAKLAVA,SA210005487,SA
BALD HILL,,SA
BALD HILLS,SA58,SA
BALDINA,SA210005501,SA
BALFOUR WELL,,SA
BALGOWAN,SA60,SA
BALHANNAH,SA61,SA
BALLAST HEAD,SA62,SA
BANGHAM,SA63,SA
BANGOR,SA64,SA
BANKSIA PARK,SA65,SA
BAR WELL,,SA
BARABBA,SA66,SA
BARATTA,SA210006194,SA
BARINIA,SA67,SA
BARMERA,SA68,SA
BARNA,SA210005545,SA
BARNDIOOTA,SA70,SA
BAROOTA,SA210005503,SA
BAROSSA GOLDFIELDS,SA72,SA
BARTON,,SA
BARUNGA GAP,SA73,SA
BARUNGA NORTH,,SA
BASKET RANGE,SA74,SA
BATCHELOR BRIDGE,,SA
BAUDIN BEACH,SA75,SA
BAY OF SHOALS,SA76,SA
BEACHPORT,SA77,SA
BEATTY,SA78,SA
BEAUFORT,SA79,SA
BEAUMONT,SA80,SA
BEAUMONTS,SA81,SA
BEDFORD PARK,SA82,SA
BEETALOO,,SA
BEETALOO VALLEY,SA210006254,SA
BELAIR,SA84,SA
BELALIE EAST,SA85,SA
BELALIE NORTH,SA86,SA
BELLEVUE HEIGHTS,SA87,SA
BELTANA,SA88,SA
BELTANA,SA88,SA
BELTANA SOUTH,,SA
BELTANA STATION,SA210006264,SA
BELTON,SA89,SA
BELVIDERE,SA90,SA
BENBOURNIE,SA91,SA
BENDA,SA210006236,SA
BERRI,SA92,SA
BETHANY,SA93,SA
BETHEL,SA94,SA
BETTS CORNER,,SA
BEULAH PARK,SA95,SA
BEVERLEY,SA96,SA
BIBARINGA,SA97,SA
BIBLIANDO,SA210006132,SA
BIG BEND,SA98,SA
BIGGS FLAT,SA99,SA
BILLA KALINA,SA210006110,SA
BILLEROO WEST,,SA
BILLIATT,SA210005539,SA
BIMBOWRIE,SA210006121,SA
BINDARRAH,SA210006239,SA
BINNUM,SA101,SA
BIRCHMORE,SA102,SA
BIRDWOOD,SA103,SA
BIRKENHEAD,SA104,SA
BLACK FOREST,SA105,SA
BLACK HILL,SA106,SA
BLACK HILL,SA106,SA
BLACK HILL NO 2,,SA
BLACK HILL NO 3,,SA
BLACK HILL STATION,SA210006201,SA
BLACK POINT,SA107,SA
BLACK ROCK,SA108,SA
BLACK SPRINGS,SA109,SA
BLACKFELLOWS CAVES,SA110,SA
BLACKFELLOWS CREEK,SA111,SA
BLACKFORD,SA112,SA
BLACKWOOD,SA113,SA
BLAIR ATHOL,SA114,SA
BLAKEVIEW,SA115,SA
BLAKISTON,SA116,SA
BLAKISTON PARK,,SA
BLANCHE HARBOR,SA117,SA
BLANCHE TOWN,,SA
BLANCHETOWN,SA118,SA
BLETCHLEY,SA119,SA
BLEWITT SPRINGS,SA120,SA
BLINMAN,SA121,SA
BLINMAN SOUTH,,SA
BLUE HILL,,SA
BLUFF BEACH,SA122,SA
BLYTH,SA123,SA
BOATSWAIN POINT,SA124,SA
BOBS BORE,,SA
BOCKELBERG,SA210005484,SA
BOCONNOC PARK,SA126,SA
BOLIVAR,SA127,SA
BOLLARDS LAGOON,SA210006133,SA
BOLTO,SA128,SA
BON BON,SA210006071,SA
BOOBOROWIE,SA129,SA
BOOKABIE,SA130,SA
BOOKPURNONG,SA131,SA
BOOKYANA,,SA
BOOL LAGOON,SA132,SA
BOOLCOOMATTA,SA210006128,SA
BOOLEROO CENTRE,SA133,SA
BOOLGUN,SA134,SA
BOONERDO,SA210005482,SA
BOORS PLAIN,SA136,SA
BORDER TOWN,,SA
BORDERTOWN,SA137,SA
BORDERTOWN SOUTH,SA138,SA
BORE 22,,SA
BORRIKA,SA139,SA
BOSTON,SA140,SA
BOSWORTH,SA210006016,SA
BOWDEN,SA141,SA
BOWER,SA210005562,SA
BOWHILL,SA210005563,SA
BOWILLIA,SA144,SA
BOWMANS,SA145,SA
BRADBURY,SA146,SA
BRADY CREEK,SA147,SA
BRAHMA LODGE,SA148,SA
BRAMFIELD,SA149,SA
BRAY,SA150,SA
BREMER,SA210005488,SA
BREMER PARK,,SA
BRENDA PARK,SA151,SA
BRENTWOOD,SA152,SA
BRIDGEWATER,SA153,SA
BRIGHT,SA210005548,SA
BRIGHTON,SA155,SA
BRIMBAGO,SA156,SA
BRINKLEY,SA210005549,SA
BRINKLEY,SA210005549,SA
BRINKLEY,SA210005549,SA
BRINKWORTH,SA158,SA
BROADVIEW,SA159,SA
BROMPTON,SA160,SA
BROOKER,SA161,SA
BROOKLYN PARK,SA162,SA
BROUGHTON RIVER VALLEY,SA163,SA
BROWN BEACH,SA1630,SA
BROWN HILL CREEK,SA164,SA
BROWNLOW,SA210005550,SA
BROWNLOW KI,SA1634,SA
BRUCE,SA168,SA
BRUKUNGA,SA169,SA
BUCCLEUCH,,SA
BUCHANAN,SA170,SA
BUCHFELDE,SA171,SA
BUCKINGHAM,SA173,SA
BUCKLAND PARK,SA174,SA
BUCKLEBOO,SA1629,SA
BUGLE HUT,SA175,SA
BUGLE RANGES,SA176,SA
BULGUNNIA,SA210006054,SA
BULINDA,,SA
BULL CREEK,SA177,SA
BULLOO CREEK,SA210006179,SA
BUMBUNGA,SA178,SA
BUNBURY,SA179,SA
BUNDALEER GARDENS,SA180,SA
BUNDALEER NORTH,SA181,SA
BUNDEY,SA210005517,SA
BUNGAMA,SA183,SA
BUNGAREE,SA184,SA
BUNGEROO,SA210006086,SA
BUNYUNG,SA210006231,SA
BURDETT,SA185,SA
BURGOYNE,SA210005491,SA
BURGOYNE FLAT,,SA
BURNSFIELD,SA186,SA
BURNSIDE,SA187,SA
BURR WELL,SA210006099,SA
BURRA,SA188,SA
BURRA EASTERN DISTRICTS,SA189,SA
BURRUNGULE,SA190,SA
BURTON,SA191,SA
BUTE,SA192,SA
BUTLER,SA193,SA
BUTLER TANKS,,SA
CADELL,SA210005493,SA
CADELL LAGOON,SA195,SA
CADGEE,SA196,SA
CADNIA,,SA
CALCA,SA197,SA
CALDWELL,SA210005496,SA
CALIPH,SA198,SA
CALLANNA,SA210006093,SA
CALLINGTON,SA199,SA
CALOMBA,SA200,SA
CALOOTE,SA201,SA
CALPERUM STATION,SA210006127,SA
CALTOWIE,SA210005564,SA
CALTOWIE NORTH,SA203,SA
CALTOWIE WEST,SA204,SA
CAMBRAI,SA205,SA
CAMDEN PARK,SA206,SA
CAMP COORONG,,SA
CAMPBELLTOWN,SA207,SA
CAMPOONA,SA208,SA
CANEGRASS,SA210006232,SA
CANNAWIGARA,SA210005631,SA
CANOWIE,SA210,SA
CANOWIE BELT,SA211,SA
CANUNDA,SA212,SA
CAPE BORDA,SA213,SA
CAPE DOUGLAS,SA214,SA
CAPE JAFFA,SA215,SA
CAPE JERVIS,SA216,SA
CAPIETHA,,SA
CARALUE,SA217,SA
CARAWA,SA210005498,SA
CARCUMA,SA210005617,SA
CAREW,SA220,SA
CAREY GULLY,SA221,SA
CAROLINE,SA210005616,SA
CARPENTER ROCKS,SA223,SA
CARR DAM,,SA
CARRICKALINGA,SA224,SA
CARRIETON,SA225,SA
CARRIEWERLOO,SA210006105,SA
CASSINI,SA226,SA
CASTAMBUL,SA227,SA
CASTINE SPRING,,SA
CAURNAMONT,SA228,SA
CAVAN,SA229,SA
CAVE HILL,,SA
CAVENAGH,SA210005593,SA
CAVETON,SA231,SA
CEDUNA,SA232,SA
CEDUNA TOWN CAMP,,SA
CEDUNA WATERS,SA1657,SA
CENTRE BORE,,SA
CHAFFEY,SA233,SA
CHAIN OF PONDS,SA234,SA
CHANDADA,SA210005625,SA
CHANDLER RAILWAY STATION,,SA
CHANDLERS HILL,SA236,SA
CHAPEL HILL,SA237,SA
CHAPMAN BORE,SA238,SA
CHAPMANTON,,SA
CHARLESTON,SA239,SA
CHARLTON,,SA
CHARLTON GULLY,SA240,SA
CHARRA,SA241,SA
CHELTENHAM,SA242,SA
CHERRY GARDENS,SA243,SA
CHERRYVILLE,SA244,SA
CHILPENUNDA,SA245,SA
CHINAMAN WELLS,SA246,SA
CHINBINGINA,SA247,SA
CHITON,SA210006286,SA
CHOWILLA,SA210006203,SA
CHRISTIE DOWNS,SA248,SA
CHRISTIES BEACH,SA249,SA
CHUNDARIA,SA210006019,SA
CLAPHAM,SA250,SA
CLARE,SA210005547,SA
CLARENCE GARDENS,SA252,SA
CLARENCE PARK,SA253,SA
CLARENDON,SA254,SA
CLAY WELLS,SA255,SA
CLAYPANS,SA256,SA
CLAYTON BAY,SA1631,SA
CLAYTON STATION,SA210006101,SA
CLEARVIEW,SA258,SA
CLELAND,SA259,SA
CLEMENTS GAP,SA260,SA
CLEVE,SA261,SA
CLIFTON HILLS STATION,SA210006175,SA
CLINTON,SA210005480,SA
CLINTON CENTRE,SA263,SA
CLOVELLY PARK,SA264,SA
COBDOGLA,SA265,SA
COCATA,SA210005531,SA
COCKALEECHIE,SA267,SA
COCKATOO VALLEY,SA268,SA
COCKBURN,SA269,SA
COFFIN BAY,SA270,SA
COHEN DAM,,SA
COLEBATCH,SA271,SA
COLEBROOK,,SA
COLES,SA272,SA
COLLEGE PARK,SA273,SA
COLLEY,SA274,SA
COLLINSFIELD,SA275,SA
COLLINSVILLE,SA276,SA
COLLINSWOOD,SA277,SA
COLONEL LIGHT GARDENS,SA278,SA
COLTON,SA210005570,SA
COMAUM,SA210005598,SA
COMMISSARIAT POINT,SA281,SA
COMMONWEALTH HILL,SA210006117,SA
COMPTON,SA282,SA
CONCORDIA,SA283,SA
CONDOWIE,SA284,SA
CONMURRA,SA210005575,SA
COOBER PEDY,SA286,SA
COOBOWIE,SA287,SA
COOK,,SA
COOKE PLAINS,SA288,SA
COOLILLIE,SA289,SA
COOLTONG,SA290,SA
COOMANDOOK,SA291,SA
COOMBE,SA292,SA
COOMOOROO,SA210005577,SA
COOMUNGA,SA294,SA
COONALPYN,SA295,SA
COONAMIA,SA296,SA
COONAWARRA,SA297,SA
COONDAMBO,SA210006055,SA
COORABIE,SA298,SA
COORONG,SA299,SA
COOTRA,SA300,SA
COOYERDOO,SA210006034,SA
COPEVILLE,SA301,SA
COPLEY,SA302,SA
CORDILLO DOWNS,SA210006182,SA
CORNY POINT,SA303,SA
COROMANDEL EAST,SA304,SA
COROMANDEL VALLEY,SA305,SA
CORTLINYE,SA210005581,SA
CORUNNA STATION,SA210006056,SA
COUCH BEACH,SA307,SA
COULTA,SA308,SA
COWANDILLA,SA309,SA
COWARIE,SA210006149,SA
COWELL,SA310,SA
COWIRRA,SA311,SA
COWLEDS LANDING,SA1661,SA
CRADOCK,SA312,SA
CRAFERS,SA313,SA
CRAFERS WEST,SA314,SA
CRAIGBURN FARM,SA315,SA
CRAIGMORE,SA316,SA
CRANEFORD,,SA
CRESCENT,SA317,SA
CROMER,SA318,SA
CROSS ROADS,SA319,SA
CROWER,,SA
CROWN POINT,SA210006177,SA
CROYDON,SA320,SA
CROYDON PARK,SA321,SA
CROZIER,SA210005553,SA
CROZIER DAM,,SA
CRYSTAL BROOK,SA210005554,SA
CUDLAMUDLA,SA210005596,SA
CUDLEE CREEK,SA323,SA
CULBURRA,SA324,SA
CULTANA,SA210006261,SA
CULTANA,SA210006261,SA
CUMBERLAND PARK,SA326,SA
CUMMINS,SA327,SA
CUNGENA,SA328,SA
CUNLIFFE,SA329,SA
CUNNINGHAM,SA210005661,SA
CUNYARIE,SA210005608,SA
CURNAMONA,SA210006241,SA
CURRAMULKA,SA210005610,SA
CURRENCY CREEK,SA333,SA
CUSTON,SA334,SA
CUTTLEFISH BAY,SA335,SA
CYGNET RIVER,SA336,SA
D'ESTREES BAY,SA337,SA
DALKEY,SA210005611,SA
DANGGALI,SA210006243,SA
DARKE PEAK,SA339,SA
DARLINGTON,SA340,SA
DAVENPORT,SA210006258,SA
DAVENPORT,SA210006258,SA
DAVEYSTON,SA341,SA
DAVIDS WELL,,SA
DAVOREN PARK,SA342,SA
DAW PARK,SA343,SA
DAWESLEY,SA344,SA
DAWSON,SA345,SA
DE MOLE RIVER,SA346,SA
DE ROSE HILL,SA210006060,SA
DEEP CREEK,SA347,SA
DEEPWATER,SA348,SA
DELAMERE,SA349,SA
DENIAL BAY,SA350,SA
DERNANCOURT,SA351,SA
DEVLINS POUND,SA352,SA
DEVON PARK,SA353,SA
DEVONBOROUGH DOWNS,SA210006251,SA
DINAH LINE,,SA
DINGABLEDINGA,SA354,SA
DIREK,SA355,SA
DISMAL SWAMP,SA356,SA
DONOVANS,SA357,SA
DORRIEN,,SA
DORSET VALE,SA358,SA
DOUBLE TANK,,SA
DOUGLAS POINT,SA1653,SA
DOUGLAS POINT SOUTH,SA1651,SA
DOVER GARDENS,SA359,SA
DOWLINGVILLE,SA360,SA
DRY CREEK,SA361,SA
DUBLIN,SA210005664,SA
DUCK PONDS,SA363,SA
DUDLEY EAST,SA364,SA
DUDLEY PARK,SA365,SA
DUDLEY WEST,SA366,SA
DULKANINNA,SA210006135,SA
DULWICH,SA367,SA
DUNCAN,SA368,SA
DUNJIBA,,SA
DUTTON,SA210005620,SA
DUTTON EAST,SA370,SA
EAGLE BORE,,SA
EAST MOONTA,SA371,SA
EAST WELLINGTON,,SA
EASTWOOD,SA372,SA
EBA,SA210005621,SA
EBA ANCHORAGE,SA374,SA
EBENEZER,SA375,SA
ECHO HILL,,SA
ECHUNGA,SA376,SA
EDEN HILLS,SA377,SA
EDEN VALLEY,SA378,SA
EDEOWIE,SA210005499,SA
EDIACARA,SA210006020,SA
EDILLILIE,SA379,SA
EDINBURGH,SA380,SA
EDINBURGH NORTH,SA1656,SA
EDITHBURGH,SA381,SA
EDWARDSTOWN,SA382,SA
EIGHT MILE CREEK,SA383,SA
ELBOW HILL,,SA
ELIZABETH,SA384,SA
ELIZABETH DOWNS,SA385,SA
ELIZABETH EAST,SA386,SA
ELIZABETH FIELD,,SA
ELIZABETH GROVE,SA387,SA
ELIZABETH NORTH,SA388,SA
ELIZABETH PARK,SA389,SA
ELIZABETH SOUTH,SA390,SA
ELIZABETH VALE,SA391,SA
ELLISTON,SA393,SA
ELWOMPLE,SA394,SA
EMEROO,SA210006111,SA
EMU BAY,SA395,SA
EMU DOWNS,SA396,SA
EMU FARM,,SA
EMU FLAT,SA397,SA
EMU ROCK HOLE,,SA
ENCOUNTER BAY,SA210006004,SA
ENFIELD,SA399,SA
ERINDALE,SA400,SA
ERINGA,SA210006137,SA
ERITH,SA210006253,SA
ERITH,SA210006253,SA
ERNABALLA,,SA
ERNABELLA (PUKATJA),,SA
ERSKINE,SA210005612,SA
ERUDINA,SA210006242,SA
ETADUNNA,SA210006155,SA
ETHELTON,SA403,SA
ETTRICK,SA404,SA
EUDUNDA,SA405,SA
EURELIA,SA210005614,SA
EUROMINA,SA407,SA
EVANDALE,SA408,SA
EVANSTON,SA409,SA
EVANSTON GARDENS,SA410,SA
EVANSTON PARK,SA411,SA
EVANSTON SOUTH,SA412,SA
EVELYN DOWNS,SA210006196,SA
EVERARD CENTRAL,SA413,SA
EVERARD PARK,SA414,SA
EXETER,SA415,SA
EYRE,SA210006285,SA
FAIRVIEW PARK,SA416,SA
FALSE BAY,SA1650,SA
FARAWAY HILL,SA210006244,SA
FARINA,SA417,SA
FARINA STATION,SA210006102,SA
FARM BEACH,SA1649,SA
FARRELL FLAT,SA418,SA
FELIXSTOW,SA419,SA
FERRYDEN PARK,SA420,SA
FIELD,SA421,SA
FINDON,SA422,SA
FINNISS,SA210005557,SA
FIRLE,SA424,SA
FISCHER,SA425,SA
FISHER,SA210005657,SA
FISHERMAN BAY,SA1628,SA
FITZGERALD BAY,SA1652,SA
FITZROY,SA428,SA
FIVE MILES,SA429,SA
FLAGSTAFF HILL,SA430,SA
FLAXLEY,SA431,SA
FLAXMAN VALLEY,SA432,SA
FLINDERS CHASE,SA433,SA
FLINDERS PARK,SA434,SA
FLINDERS RANGES,SA210006040,SA
FLORINA STATION,SA210006153,SA
FORDS,SA435,SA
FOREST RANGE,SA436,SA
FORESTVILLE,SA437,SA
FORRESTON,SA438,SA
FORSTER,SA210005721,SA
FOUL BAY,SA440,SA
FOUNTAIN,SA441,SA
FOWLERS BAY,SA442,SA
FOX,SA443,SA
FRAHNS,SA444,SA
FRANCES,SA445,SA
FRANKLYN,SA446,SA
FRANKTON,SA447,SA
FRAYVILLE,SA448,SA
FREELING,SA210005671,SA
FREELING,SA210005671,SA
FREGON,,SA
FREGON,,SA
FREWVILLE,SA450,SA
FROME DOWNS,SA210006249,SA
FULHAM,SA451,SA
FULHAM GARDENS,SA452,SA
FULLARTON,SA453,SA
FURNER,SA454,SA
GALGA,SA455,SA
GAMMON RANGES,SA210006122,SA
GARDEN ISLAND,SA1647,SA
GAWLER,SA456,SA
GAWLER BELT,SA457,SA
GAWLER EAST,SA458,SA
GAWLER RANGES,SA210006038,SA
GAWLER RIVER,SA459,SA
GAWLER SOUTH,SA460,SA
GAWLER WEST,SA461,SA
GEEGEELA,SA210005651,SA
GEMMELLS,SA462,SA
GEORGE TOWN,,SA
GEORGETOWN,SA463,SA
GEPPS CROSS,SA464,SA
GERANIUM,SA465,SA
GERANIUM PLAINS,SA466,SA
GERARD,SA467,SA
GERARD,SA467,SA
GERMAN CREEK,SA468,SA
GERMAN FLAT,SA469,SA
GERMEIN BAY,SA470,SA
GIDGEALPA,SA210006183,SA
GIFFORD HILL,SA471,SA
GILBERTON,SA472,SA
GILES CORNER,SA473,SA
GILLEN,SA210005600,SA
GILLENTOWN,SA474,SA
GILLES DOWNS,SA210006069,SA
GILLES PLAINS,SA475,SA
GILLMAN,SA476,SA
GLADSTONE,SA477,SA
GLANDORE,SA478,SA
GLANVILLE,SA479,SA
GLEN OSMOND,SA480,SA
GLENALTA,SA481,SA
GLENBURNIE,SA482,SA
GLENCOE,SA483,SA
GLENCOE WEST,,SA
GLENDAMBO,SA484,SA
GLENELG,SA485,SA
GLENELG EAST,SA486,SA
GLENELG NORTH,SA487,SA
GLENELG SOUTH,SA488,SA
GLENGOWRIE,SA489,SA
GLENROY,SA490,SA
GLENSIDE,SA491,SA
GLENUNGA,SA492,SA
GLOBE DERBY PARK,SA493,SA
GLOSSOP,SA494,SA
GLUEPOT,SA210006190,SA
GLYNDE,SA495,SA
GOLDEN GROVE,SA496,SA
GOLDEN HEIGHTS,SA497,SA
GOMERSAL,SA498,SA
GOOD HOPE LANDING,SA499,SA
GOODWOOD,SA500,SA
GOOLWA,SA210006006,SA
GOOLWA BEACH,SA502,SA
GOOLWA NORTH,SA503,SA
GOOLWA SOUTH,SA504,SA
GOSSE,SA210005678,SA
GOULD CREEK,SA506,SA
GOYDER,SA507,SA
GRACE PLAINS,SA508,SA
GRAMPUS,SA210006154,SA
GRANGE,SA509,SA
GRANITE DOWNS,,SA
GREEN FIELDS,SA510,SA
GREEN HILLS RANGE,SA511,SA
GREEN PATCH,SA512,SA
GREENACRES,SA513,SA
GREENBANKS,SA514,SA
GREENHILL,SA515,SA
GREENOCK,SA516,SA
GREENWAYS,SA517,SA
GREENWAYS LANDING,,SA
GREENWITH,SA519,SA
GULFVIEW HEIGHTS,SA520,SA
GULNARE,SA521,SA
GUM CREEK,SA522,SA
GUM CREEK STATION,SA210006091,SA
GUMERACHA,SA523,SA
GURRA GURRA,SA524,SA
GURRAI RAILWAY STATION,,SA
HACKHAM,SA525,SA
HACKHAM WEST,SA526,SA
HACKLINS CORNER,SA527,SA
HACKNEY,SA528,SA
HAHNDORF,SA529,SA
HAINES,SA210005676,SA
HALBURY,SA531,SA
HALIDON,SA532,SA
HALLELUJAH HILLS,SA533,SA
HALLETT,SA534,SA
HALLETT COVE,SA535,SA
HAMBIDGE,SA210005754,SA
HAMILTON,SA537,SA
HAMLEY,SA538,SA
HAMLEY BRIDGE,SA539,SA
HAMMOND,SA540,SA
HAMPDEN,SA541,SA
HAMPSTEAD GARDENS,SA542,SA
HANSBOROUGH,SA543,SA
HANSON,SA544,SA
HAPPY VALLEY,SA545,SA
HAPPY VALLEY,SA545,SA
HARDWICKE BAY,SA546,SA
HARDY,SA547,SA
HARROGATE,SA548,SA
HARRY CREEK,,SA
HART,SA210005757,SA
HARTLEY,SA550,SA
HASLAM,SA210005758,SA
HATHERLEIGH,SA552,SA
HAWKER,SA210005656,SA
HAWKS NEST STATION,SA210006225,SA
HAWKSHAW,,SA
HAWSON,SA554,SA
HAWTHORN,SA555,SA
HAWTHORNDENE,SA556,SA
HAY FLAT,SA557,SA
HAY VALLEY,SA558,SA
HAYBOROUGH,SA559,SA
HAZELWOOD PARK,SA560,SA
HEATHFIELD,SA561,SA
HEATHPOOL,SA562,SA
HECTORVILLE,SA563,SA
HENDON,SA564,SA
HENLEY BEACH,SA565,SA
HENLEY BEACH SOUTH,SA566,SA
HESSO,,SA
HEWETT,SA567,SA
HIGHBURY,SA568,SA
HIGHGATE,SA569,SA
HIGHLAND VALLEY,SA570,SA
HILL RIVER,SA571,SA
HILLBANK,SA572,SA
HILLCREST,SA573,SA
HILLIER,SA574,SA
HILLTOWN,SA575,SA
HILTABA,SA210006030,SA
HILTON,SA576,SA
HINCKS,SA210005681,SA
HINDMARSH,SA578,SA
HINDMARSH ISLAND,SA579,SA
HINDMARSH TIERS,SA580,SA
HINDMARSH VALLEY,SA581,SA
HOGWASH BEND,,SA
HOLDEN HILL,SA582,SA
HOLDER,SA583,SA
HOLDER SIDING,SA584,SA
HOLOWILIENA,SA210006202,SA
HOLOWILIENA SOUTH,SA210006142,SA
HONITON,SA585,SA
HOOKINA,,SA
HOPE FOREST,SA586,SA
HOPE GAP,SA587,SA
HOPE VALLEY,SA588,SA
HORNSDALE,SA589,SA
HORSNELL GULLY,SA591,SA
HOSKIN CORNER,SA592,SA
HOUGHTON,SA593,SA
HOVE,SA594,SA
HOYLETON,SA595,SA
HUDDLESTON,SA596,SA
HUMBUG SCRUB,SA597,SA
HUNTFIELD HEIGHTS,SA598,SA
HYDE PARK,SA599,SA
HYNAM,SA210005750,SA
IGA WARTA,,SA
ILITJARA,,SA
ILLEROO,SA210006113,SA
ILTUR,,SA
ILYKUWARATJA,,SA
INARKI,,SA
INDULKANA,,SA
INDULKANA,,SA
INGLE FARM,SA601,SA
INGLEWOOD,SA602,SA
INGOMAR,SA210006031,SA
ININTI HOMELAND,,SA
INKERMAN,SA210005686,SA
INKSTER,SA210005684,SA
INMAN VALLEY,SA605,SA
INNAMINCKA,SA606,SA
INNESTON,SA607,SA
INVERBRACKIE,,SA
INYINYINTAN,,SA
IRINTATA,,SA
IRON BARON,SA210006035,SA
IRON DUKE,,SA
IRON KNOB,SA608,SA
IRONBANK,SA609,SA
IRONSTONE,SA610,SA
ISLAND BEACH,SA611,SA
ISLAND LAGOON,SA210006042,SA
ITJINPIRI,,SA
IWANTJA,SA210006279,SA
JABUK,SA612,SA
JAMES WELL,SA613,SA
JAMESTOWN,SA614,SA
JAMIESON,SA615,SA
JENKINS,SA210005665,SA
JENKINS PARK,,SA
JERICHO,SA616,SA
JERUSALEM,SA617,SA
JERVOIS,SA618,SA
JOANNA,SA210005650,SA
JOHNBURGH,SA620,SA
JOSLIN,SA621,SA
JULANKA HOLDINGS,SA622,SA
JULIA,SA623,SA
JUPITER CREEK,SA624,SA
KADINA,SA210005719,SA
KAINTON,SA626,SA
KAKALPURRANHA,,SA
KALABITY,SA210006160,SA
KALAMURINA,SA210006131,SA
KALANBI,SA627,SA
KALANGADOO,SA628,SA
KALBEEBA,SA629,SA
KALDOONERA,SA630,SA
KALKA,SA210006265,SA
KALKA,SA210006265,SA
KALKAROO,SA210006191,SA
KALLORA,SA631,SA
KALPARRIN,,SA
KALTJITI,SA210006266,SA
KALYAN,,SA
KANGARILLA,SA632,SA
KANGAROO FLAT,SA633,SA
KANGAROO HEAD,SA634,SA
KANGAROO INN,SA635,SA
KANMANTOO,SA636,SA
KANNI,SA637,SA
KANPI,SA210006267,SA
KANPI,SA210006267,SA
KANYAKA,SA210005720,SA
KAPINNIE,SA639,SA
KAPPAWANTA,SA640,SA
KAPUNDA,SA210005641,SA
KARATTA,SA642,SA
KARCULTABY,SA643,SA
KARKOO,SA644,SA
KAROONDA,SA645,SA
KARTE,SA646,SA
KATARAPKO,SA210005642,SA
KATJI KATJITJARA,,SA
KATJIKUTA,,SA
KATUNGA STATION,SA210006049,SA
KEILIRA,SA648,SA
KEITH,SA210005808,SA
KELLIDIE BAY,SA650,SA
KELLY,SA210005915,SA
KENSINGTON,SA652,SA
KENSINGTON GARDENS,SA653,SA
KENSINGTON PARK,SA654,SA
KENT TOWN,SA655,SA
KENTON VALLEY,SA210006255,SA
KEPA,SA656,SA
KEPPOCH,SA657,SA
KERSBROOK,SA658,SA
KESWICK,SA659,SA
KESWICK TERMINAL,SA660,SA
KEVIN,SA210005643,SA
KEYNETON,SA661,SA
KI KI,SA662,SA
KIANA,SA663,SA
KIDMAN PARK,SA664,SA
KIELPA,SA665,SA
KILBURN,SA666,SA
KILKENNY,SA667,SA
KILKERRAN,SA210005851,SA
KIMBA,SA668,SA
KINGOONYA,SA669,SA
KINGS PARK,SA670,SA
KINGSCOTE,SA671,SA
KINGSFORD,SA210005917,SA
KINGSTON,SA210005957,SA
KINGSTON ON MURRAY,SA673,SA
KINGSTON PARK,SA674,SA
KINGSTON SE,SA1636,SA
KINGSWOOD,SA676,SA
KLEMZIG,SA677,SA
KOHINOOR,SA678,SA
KOKATHA,SA210006094,SA
KOLENDO,SA210006072,SA
KONDOOLKA,SA210006095,SA
KONGAL,SA679,SA
KONGOLIA,,SA
KONGORONG,SA210005858,SA
KOOLGERA,SA210005859,SA
KOOLUNGA,SA682,SA
KOOLYWURTIE,SA210005956,SA
KOONAMORE,SA210006192,SA
KOONGAWA,SA684,SA
KOONGAWA DUNDEE,,SA
KOONIBBA,SA685,SA
KOONIBBA,SA685,SA
KOONOONA,SA686,SA
KOONUNGA,SA687,SA
KOORINE,SA688,SA
KOOROONA,SA689,SA
KOOTABERRA,SA210006100,SA
KOPPAMURRA,SA690,SA
KOPPIO,SA210005939,SA
KORUNYE,SA692,SA
KRINGIN,SA693,SA
KRONDORF,SA694,SA
KRONGART,SA695,SA
KUDLA,SA696,SA
KUITPO,SA210005861,SA
KUITPO COLONY,SA698,SA
KULITJARA,,SA
KULKAMI,,SA
KULPARA,SA210005947,SA
KUNAMATA,,SA
KUNATJARA,,SA
KUNYTJANU,,SA
KURRALTA PARK,SA700,SA
KYANCUTTA,SA701,SA
KYBUNGA,SA702,SA
KYBYBOLITE,SA703,SA
KYEEMA,SA704,SA
LAFFER,SA210005862,SA
LAKE ALBERT,SA210006259,SA
LAKE ALEXANDRINA,SA210006260,SA
LAKE CARLET,SA706,SA
LAKE EVERARD,SA210006096,SA
LAKE EYRE,SA210006136,SA
LAKE FROME,SA210006221,SA
LAKE GAIRDNER,SA210006073,SA
LAKE GILLES,SA210006070,SA
LAKE HARRIS,SA210006051,SA
LAKE MACFARLANE,SA210006074,SA
LAKE PLAINS,SA707,SA
LAKE TORRENS,SA210006046,SA
LAKE TORRENS STATION,SA210006022,SA
LAKE VIEW,SA708,SA
LAMBINA,SA210006059,SA
LAMEROO,SA709,SA
LANDCROSS FARM,,SA
LANGHORNE,,SA
LANGHORNE CREEK,SA710,SA
LANGPORT,,SA
LANGS LANDING,SA711,SA
LARGS BAY,SA712,SA
LARGS NORTH,SA713,SA
LAURA,SA714,SA
LAURA BAY,SA715,SA
LAURA BAY,SA715,SA
LAURIE PARK,SA716,SA
LEABROOK,SA717,SA
LEASINGHAM,SA718,SA
LEAWOOD GARDENS,SA719,SA
LEIGH CREEK,SA720,SA
LEIGH CREEK SOUTH,,SA
LEIGH CREEK STATION,SA210006103,SA
LEIGH CREEK STATION,SA210006103,SA
LEIGHTON,SA721,SA
LENNON SWAMP,,SA
LENSWOOD,SA722,SA
LEWISTON,SA723,SA
LIGHT PASS,SA724,SA
LIGHTSVIEW,SA210006280,SA
LINCOLN,SA210006008,SA
LINCOLN GAP,SA210006115,SA
LINCOLN NATIONAL PARK,SA725,SA
LINCOLN SOUTH PRIMARY SCHOOL,,SA
LINDEN PARK,SA726,SA
LINDLEY,SA210005632,SA
LINDON,SA210006184,SA
LINWOOD,SA728,SA
LIPSON,SA729,SA
LITTLE DOUGLAS,SA1644,SA
LITTLE SWAMP,,SA
LITTLEHAMPTON,SA730,SA
LOBETHAL,SA731,SA
LOCHABER,SA732,SA
LOCHIEL,SA733,SA
LOCK,SA734,SA
LOCKES CLAYPAN,SA210006062,SA
LOCKLEYS,SA735,SA
LONG FLAT,SA736,SA
LONG PLAINS,SA1635,SA
LONGWOOD,SA738,SA
LONSDALE,SA739,SA
LOOKOUT HILL,,SA
LOUTH BAY,SA740,SA
LOVEDAY,SA210005759,SA
LOWALDIE,,SA
LOWAN VALE,SA742,SA
LOWBANK,SA743,SA
LOWER BROUGHTON,SA744,SA
LOWER HERMITAGE,SA745,SA
LOWER INMAN VALLEY,SA746,SA
LOWER LIGHT,SA747,SA
LOWER MITCHAM,SA748,SA
LOXTON,SA749,SA
LOXTON EAST,,SA
LOXTON NORTH,SA750,SA
LUCINDALE,SA751,SA
LUCKY BAY,SA752,SA
LYNDHURST,SA753,SA
LYNDOCH,SA754,SA
LYNTON,SA755,SA
LYRUP,SA756,SA
MAAOUPE,SA757,SA
MABEL CREEK,SA210006209,SA
MACCLESFIELD,SA210005690,SA
MACDONALD PARK,SA759,SA
MACGILLIVRAY,SA210005633,SA
MACUMBA,SA210006156,SA
MAGAREY,SA210005762,SA
MAGDALA,SA1640,SA
MAGGEA,SA763,SA
MAGILL,SA764,SA
MAHANEWO,SA210006082,SA
MAITLAND,SA765,SA
MAKARI,,SA
MAKIN,SA210005634,SA
MALARA,,SA
MALINONG,SA767,SA
MALLALA,SA768,SA
MALPAS,SA769,SA
MALTEE,SA770,SA
MALVERN,SA771,SA
MAMBRAY CREEK,SA772,SA
MANGALO,SA773,SA
MANNA HILL,SA774,SA
MANNANARIE,SA775,SA
MANNERS WELL,SA210006172,SA
MANNINGHAM,SA776,SA
MANNUM,SA777,SA
MANOORA,SA778,SA
MANSFIELD PARK,SA779,SA
MANTUNG,SA780,SA
MANUNDA STATION,SA210006173,SA
MANYIRKANGA,,SA
MARAMA,SA781,SA
MARANANGA,SA782,SA
MARBLE HILL,SA783,SA
MARCOLLAT,SA784,SA
MARDEN,SA785,SA
MARINO,SA786,SA
MARION,SA787,SA
MARION BAY,SA788,SA
MARKARANKA,SA789,SA
MARKS LANDING,SA790,SA
MARLA,SA791,SA
MARLESTON,SA792,SA
MAROLA,SA793,SA
MARRABEL,SA794,SA
MARREE,SA795,SA
MARREE STATION,SA210006087,SA
MARRYATVILLE,SA796,SA
MARTINS WELL,SA210006161,SA
MARYVALE,SA797,SA
MASLIN BEACH,SA798,SA
MATTA FLAT,SA799,SA
MAUDE,SA210005717,SA
MAWSON LAKES,SA801,SA
MAYFIELD,SA802,SA
MAYLANDS,SA803,SA
MCBEAN POUND,SA804,SA
MCCALLUM,SA805,SA
MCCAUL BORE,,SA
MCCRACKEN,SA806,SA
MCDOUALL PEAK,SA210006032,SA
MCHARG CREEK,SA807,SA
MCLAREN FLAT,SA808,SA
MCLAREN VALE,SA809,SA
MEADOWS,SA810,SA
MEDINDIE,SA811,SA
MEDINDIE GARDENS,SA812,SA
MELROSE,SA813,SA
MELROSE PARK,SA814,SA
MELTON,SA815,SA
MELTON STATION,SA210006162,SA
MENINGIE,SA816,SA
MENINGIE EAST,SA817,SA
MENINGIE WEST,SA818,SA
MENZIES,SA210005881,SA
MERCUNDA,SA820,SA
MERGHINY,SA821,SA
MERIBAH,SA822,SA
MERRITON,SA823,SA
MERTY MERTY,SA210006143,SA
MIDDLE BEACH,SA824,SA
MIDDLE RIVER,SA825,SA
MIDDLEBACK RANGE,SA210006050,SA
MIDDLETON,SA826,SA
MIDGEE,SA827,SA
MIL-LEL,SA1641,SA
MILANG,SA829,SA
MILE END,SA830,SA
MILE END SOUTH,SA831,SA
MILENDELLA,SA832,SA
MILLBROOK,SA833,SA
MILLERS CREEK,SA210006025,SA
MILLICENT,SA834,SA
MILLICENT NORTH,,SA
MILLSWOOD,SA835,SA
MILTALIE,SA836,SA
MIMILI,SA210006268,SA
MIMILI,SA210006268,SA
MINBRIE,SA837,SA
MINBURRA,SA838,SA
MINBURRA PLAIN,SA210006148,SA
MINBURRA STATION,SA210006152,SA
MINDARIE,SA210005849,SA
MINGARY,SA210006222,SA
MINGBOOL,SA210005737,SA
MINLATON,SA841,SA
MINNIPA,SA842,SA
MINTABIE,,SA
MINTARO,SA843,SA
MINVALARA,SA844,SA
MIRANDA,SA845,SA
MITCHAM,SA846,SA
MITCHELL,SA847,SA
MITCHELL PARK,SA848,SA
MITCHELLVILLE,SA849,SA
MITCHIDY MOOLA,SA210006021,SA
MOANA,SA850,SA
MOBILONG,SA210005728,SA
MOCULTA,SA852,SA
MODBURY,SA853,SA
MODBURY HEIGHTS,SA854,SA
MODBURY NORTH,SA855,SA
MOERLONG,SA856,SA
MONARTO,SA857,SA
MONARTO SOUTH,SA858,SA
MONASH,SA859,SA
MONBULLA,SA210005730,SA
MONGOLATA,SA210005731,SA
MONTACUTE,SA862,SA
MONTARRA,SA863,SA
MONTEITH,SA864,SA
MOOCKRA,SA865,SA
MOODY,SA866,SA
MOOLAWATANA,SA210006130,SA
MOOLEULOOLOO,SA210006193,SA
MOOLOOLOO,SA210006063,SA
MOOMBA,,SA
MOONAREE,SA210006075,SA
MOONTA,SA867,SA
MOONTA BAY,SA868,SA
MOONTA MINES,SA869,SA
MOORAK,SA870,SA
MOORILLAH,SA210006015,SA
MOORLANDS,SA871,SA
MOOROOK,SA872,SA
MOOROOK SOUTH,SA873,SA
MOOROWIE,SA210005888,SA
MOOTATUNGA,,SA
MOPPA,SA874,SA
MORCHARD,SA875,SA
MORGAN,SA210005848,SA
MORN HILL,SA877,SA
MORPHETT VALE,SA878,SA
MORPHETTS FLAT,SA879,SA
MORPHETTVILLE,SA880,SA
MORRISON BORE,,SA
MORTANA,SA881,SA
MORTLOCK SIDING,,SA
MOSELEY,SA210005870,SA
MOSQUITO HILL,SA883,SA
MOTPENA,SA210006064,SA
MOUNT ARDEN,SA210006028,SA
MOUNT BARKER,SA884,SA
MOUNT BARKER JUNCTION,SA885,SA
MOUNT BARKER SPRINGS,SA886,SA
MOUNT BARKER SUMMIT,SA887,SA
MOUNT BARRY,SA210006140,SA
MOUNT BENSON,SA888,SA
MOUNT BRYAN,SA889,SA
MOUNT BRYAN EAST,SA890,SA
MOUNT BURR,SA891,SA
MOUNT CHARLES,SA892,SA
MOUNT CLARENCE STATION,SA210006200,SA
MOUNT COMPASS,SA893,SA
MOUNT COOPER,SA894,SA
MOUNT CRAWFORD,SA895,SA
MOUNT DAMPER,SA896,SA
MOUNT DRUMMOND,SA897,SA
MOUNT DUTTON BAY,SA898,SA
MOUNT EBA,SA210006017,SA
MOUNT FALKLAND,SA210006045,SA
MOUNT FREELING,SA210006185,SA
MOUNT GAMBIER,SA899,SA
MOUNT GEORGE,SA900,SA
MOUNT HAVELOCK,SA210006165,SA
MOUNT HOPE,SA901,SA
MOUNT IVE,SA210006076,SA
MOUNT JAGGED,SA902,SA
MOUNT JOY,SA903,SA
MOUNT LIGHT,SA904,SA
MOUNT LINDSAY,,SA
MOUNT LYNDHURST,SA210006186,SA
MOUNT MAGNIFICENT,SA905,SA
MOUNT MARY,SA906,SA
MOUNT MCINTYRE,SA907,SA
MOUNT MCKENZIE,SA908,SA
MOUNT OBSERVATION,SA909,SA
MOUNT OSMOND,SA910,SA
MOUNT PLEASANT,SA911,SA
MOUNT RAT,,SA
MOUNT SARAH,SA210006178,SA
MOUNT SCHANK,SA912,SA
MOUNT SERLE,SA210006163,SA
MOUNT SERLE,SA210006163,SA
MOUNT TEMPLETON,SA913,SA
MOUNT TORRENS,SA914,SA
MOUNT VICTOR STATION,SA210006204,SA
MOUNT VIVIAN,SA210006018,SA
MOUNT WEDGE,SA915,SA
MOUNT WILLOUGHBY,SA210006197,SA
MOUNT WILLOUGHBY,SA210006197,SA
MOYHALL,SA916,SA
MUDAMUCKLA,SA917,SA
MULGA BORE,,SA
MULGA VIEW,SA210006164,SA
MULGARIA,SA210006263,SA
MULGATHING,SA210006118,SA
MULGUNDAWA,SA918,SA
MULKA,SA210006176,SA
MULLAQUANA,SA919,SA
MULOORINA,SA210006144,SA
MULPATA,,SA
MULYUNGARIE,SA210006150,SA
MUNDA MUNDA WATA TJINA,,SA
MUNDA WANNA-MAR,,SA
MUNDALLIO,SA920,SA
MUNDI MUNDI,SA210006223,SA
MUNDIC CREEK,SA921,SA
MUNDOO ISLAND,SA922,SA
MUNDOORA,SA210005803,SA
MUNDOWDNA,SA210006088,SA
MUNDULLA,SA924,SA
MUNDULLA WEST,SA925,SA
MUNGERANIE,SA210006145,SA
MUNNO PARA,SA210005804,SA
MUNNO PARA DOWNS,SA927,SA
MUNNO PARA WEST,SA928,SA
MURBKO,SA929,SA
MURDINGA,SA930,SA
MURLONG,SA210005738,SA
MURNINNIE BEACH,SA1658,SA
MURNPEOWIE,SA210006187,SA
MURPUTJA,SA210006269,SA
MURRAWONG,SA932,SA
MURRAY BRIDGE,SA933,SA
MURRAY BRIDGE EAST,SA934,SA
MURRAY BRIDGE NORTH,SA935,SA
MURRAY BRIDGE SOUTH,SA936,SA
MURRAY TOWN,SA937,SA
MURTHO,SA210005743,SA
MURUNYI,,SA
MUSTON,SA939,SA
MUTOOROO,SA210006169,SA
MYLOR,SA940,SA
MYOLA STATION,SA210006057,SA
MYORA,,SA
MYPOLONGA,SA941,SA
MYPONGA,SA210005800,SA
MYPONGA BEACH,SA943,SA
MYRTLE BANK,SA944,SA
MYRTLE SPRINGS,SA210006107,SA
NACKARA,SA210005815,SA
NADIA,SA946,SA
NAIDIA,SA947,SA
NAILSWORTH,SA948,SA
NAIN,SA949,SA
NAIRNE,SA950,SA
NALPA,SA951,SA
NALYAPPA,SA952,SA
NANBONA,SA210006079,SA
NANGARI,,SA
NANGKITA,SA210005801,SA
NANGULA SPRINGS,,SA
NANGWARRY,SA210005816,SA
NANTAWARRA,SA955,SA
NANTAWARRINA,,SA
NANWOORA,,SA
NAPPERBY,SA956,SA
NARACOORTE,SA210005889,SA
NARLABY,SA210006078,SA
NARRIDY,SA210005765,SA
NARRINA,SA210006217,SA
NARRUNG,SA959,SA
NATIVE VALLEY,,SA
NATURI,SA960,SA
NAVAN,,SA
NEALES FLAT,SA961,SA
NECTAR BROOK,SA962,SA
NELSHABY,SA963,SA
NENE VALLEY,SA964,SA
NEPABUNNA,SA965,SA
NEPABUNNA,SA965,SA
NEPEAN BAY,SA966,SA
NETHERBY,SA967,SA
NETHERTON,SA968,SA
NETLEY,SA969,SA
NETLEY GAP,SA210006224,SA
NEW PORT,SA1615,SA
NEW RESIDENCE,SA970,SA
NEW TOWN,SA971,SA
NEW WELL,SA972,SA
NEW WELL,SA972,SA
NEWLAND,SA973,SA
NEWTON,SA974,SA
NGAPALA,SA975,SA
NGARATJATA,,SA
NGARKAT,SA976,SA
NILDOTTIE,SA977,SA
NILPENA,SA210005918,SA
NILPINNA STATION,SA210006216,SA
NINNES,SA210005954,SA
NOARLUNGA CENTRE,SA980,SA
NOARLUNGA DOWNS,SA981,SA
NONNING,SA210006077,SA
NOORA,,SA
NORA CREINA,SA982,SA
NORMANVILLE,SA983,SA
NORTH ADELAIDE,SA984,SA
NORTH BEACH,SA985,SA
NORTH BOOBOROWIE,SA986,SA
NORTH BRIGHTON,SA987,SA
NORTH CAPE,SA988,SA
NORTH HAVEN,SA989,SA
NORTH HILLS,SA210006158,SA
NORTH MOOLOOLOO,SA210006090,SA
NORTH MOONTA,SA990,SA
NORTH PLYMPTON,SA991,SA
NORTH SHIELDS,SA992,SA
NORTH WEST BEND,SA993,SA
NORTH YELTA,SA994,SA
NORTHERN HEIGHTS,SA995,SA
NORTHFIELD,SA996,SA
NORTHGATE,SA997,SA
NORTON SUMMIT,SA998,SA
NORWOOD,SA999,SA
NOTTS WELL,SA1000,SA
NOVAR GARDENS,SA1001,SA
NULLARBOR,SA210006080,SA
NUMBER 12,,SA
NUNDROO,,SA
NUNJIKOMPITA,SA1002,SA
NURIOOTPA,SA210005668,SA
NUROM,SA1004,SA
NURRAGI,SA1005,SA
NYAPARI,SA210006270,SA
NYAPARI,SA210006270,SA
NYIKUKURA,,SA
O'HALLORAN HILL,SA1639,SA
O'SULLIVAN BEACH,SA1632,SA
O.B. FLAT,,SA
OAK VALLEY,SA210006282,SA
OAK VALLEY,SA210006282,SA
OAKBANK,SA1007,SA
OAKDEN,SA1008,SA
OAKDEN HILLS,SA210006029,SA
OAKLANDS,,SA
OAKLANDS PARK,SA1009,SA
OAKVALE STATION,SA210006233,SA
OB FLAT,SA1638,SA
OFFICER CREEK,,SA
OLARY,SA1011,SA
OLD APARAWILINTJA,,SA
OLD CALPERUM,SA1012,SA
OLD KOOMOOLOO,SA210006227,SA
OLD NOARLUNGA,SA1013,SA
OLD REYNELLA,SA1014,SA
OLD TEAL FLAT,SA1015,SA
OLYMPIC DAM,SA1016,SA
ONE TREE HILL,SA1017,SA
ONKAPARINGA HEIGHTS,,SA
ONKAPARINGA HILLS,SA1018,SA
OODLA WIRRA,SA1019,SA
OODNADATTA,SA1020,SA
ORATUNGA STATION,SA210006067,SA
ORROROO,SA1021,SA
OSBORNE,SA1022,SA
OTTOWAY,SA1024,SA
OULNINA,SA210006218,SA
OULNINA PARK,SA210006174,SA
OUTALPA,SA210006219,SA
OUTER HARBOR,SA1025,SA
OVER ROAD,,SA
OVERLAND CORNER,SA1026,SA
OVINGHAM,SA1027,SA
OWEN,SA1028,SA
OXFORD LANDING,,SA
PADTHAWAY,SA1029,SA
PAECHTOWN,SA1030,SA
PAGES FLAT,SA1031,SA
PAISLEY,SA1032,SA
PALKAGEE,SA1033,SA
PALLAMANA,SA1034,SA
PALMER,SA210005845,SA
PANDIE PANDIE,SA210006146,SA
PANDURRA,SA210006089,SA
PANITYA,SA210005886,SA
PANORAMA,SA1038,SA
PARA HILLS,SA1039,SA
PARA HILLS WEST,SA1040,SA
PARA VISTA,SA1041,SA
PARA WIRRA,SA210005873,SA
PARA WURLIE,SA210005700,SA
PARACHILNA,SA1042,SA
PARACOMBE,SA1043,SA
PARADISE,SA1044,SA
PARAFIELD,SA1045,SA
PARAFIELD GARDENS,SA1046,SA
PARAKYLIA,SA210006092,SA
PARALOWIE,SA1047,SA
PARAMATTA,SA1048,SA
PARATOO,SA210005767,SA
PARAWA,SA1050,SA
PARCOOLA,SA210006123,SA
PARHAM,SA1051,SA
PARILLA,SA210005769,SA
PARINGA,SA1053,SA
PARIS CREEK,SA1054,SA
PARK HOLME,SA1055,SA
PARKSIDE,SA1056,SA
PARNAROO,SA1057,SA
PARNDANA,SA1058,SA
PARRAKIE,SA1059,SA
PARSONS BEACH,SA210006284,SA
PARUNA,SA1060,SA
PASADENA,SA1061,SA
PASKEVILLE,SA1062,SA
PATA,SA1063,SA
PAYNEHAM,SA1064,SA
PAYNEHAM SOUTH,SA1065,SA
PEAKE,SA210005770,SA
PEARLAH,SA1067,SA
PEEBINGA,SA210005784,SA
PEEP HILL,SA1069,SA
PEKINA,SA210005785,SA
PELICAN LAGOON,SA1071,SA
PELICAN POINT,SA1072,SA
PELLARING FLAT,SA1073,SA
PENFIELD,SA1074,SA
PENFIELD GARDENS,SA1075,SA
PENNESHAW,SA1076,SA
PENNINGTON,SA1077,SA
PENOLA,SA210005787,SA
PENONG,SA1079,SA
PENRICE,SA1080,SA
PENWORTHAM,SA1081,SA
PERENTI BORE,,SA
PERLUBIE,SA1082,SA
PERNATTY,SA210006106,SA
PERPONDA,SA1083,SA
PETERBOROUGH,SA1084,SA
PETERHEAD,SA1085,SA
PETERSVILLE,SA1086,SA
PETHERICK,SA1087,SA
PETHICK,SA210005704,SA
PETINA,SA1088,SA
PETWOOD,SA1089,SA
PEWSEY VALE,SA1090,SA
PICCADILLY,SA1091,SA
PIEDNIPPIE,SA1092,SA
PIGEON BORE,,SA
PIKE RIVER,SA1093,SA
PIMBA,SA1094,SA
PIMBAACLA,SA1095,SA
PINDA SPRINGS,SA210006180,SA
PINE CREEK,SA1096,SA
PINE CREEK STATION,SA210006220,SA
PINE HILL,SA1097,SA
PINE POINT,SA1098,SA
PINE VALLEY STATION,SA210006124,SA
PINERY,SA1099,SA
PINJARRA STATION,SA210006048,SA
PINKAWILLINIE,SA1100,SA
PINKERTON PLAINS,SA1101,SA
PINKS BEACH,SA1102,SA
PINNAROO,SA1103,SA
PIPALYATJARA,SA210006271,SA
PIPALYATJARA,SA210006271,SA
PIRIE EAST,SA1104,SA
PLEASANT PARK,SA1105,SA
PLUMBAGO,SA210006119,SA
PLYMPTON,SA1106,SA
PLYMPTON PARK,SA1107,SA
POINT BOSTON,SA1646,SA
POINT LOWLY,SA1108,SA
POINT LOWLY NORTH,SA1655,SA
POINT MCLEAY,,SA
POINT PASS,SA1109,SA
POINT PEARCE,SA1110,SA
POINT PEARCE,SA1110,SA
POINT SOUTTAR,SA1111,SA
POINT STURT,SA1112,SA
POINT TURTON,SA1113,SA
POLDA,SA1114,SA
POLISH HILL RIVER,SA1115,SA
POLTALLOCH,SA1116,SA
POMPOOTA,SA1117,SA
POMPOOTA,SA1117,SA
PONDE,SA1118,SA
POOCHERA,SA1119,SA
POOGINAGORIC,SA1120,SA
POOGINOOK,SA1121,SA
POONINDIE,SA1122,SA
POORAKA,SA1123,SA
PORKY FLAT,SA1124,SA
PORT ADELAIDE,SA210006009,SA
PORT ARTHUR,SA1126,SA
PORT AUGUSTA,SA1127,SA
PORT AUGUSTA WEST,SA1128,SA
PORT BONYTHON,SA1129,SA
PORT BROUGHTON,SA1130,SA
PORT CLINTON,,SA
PORT DAVIS,SA1131,SA
PORT ELLIOT,SA1132,SA
PORT FLINDERS,,SA
PORT GAWLER,SA210005733,SA
PORT GERMEIN,SA1135,SA
PORT GIBBON,SA1136,SA
PORT HUGHES,SA1137,SA
PORT JULIA,SA1138,SA
PORT KENNY,SA1139,SA
PORT LINCOLN,SA1140,SA
PORT MACDONNELL,SA1141,SA
PORT MANNUM,SA1643,SA
PORT MOOROWIE,SA1143,SA
PORT NEILL,SA1144,SA
PORT NOARLUNGA,SA1145,SA
PORT NOARLUNGA SOUTH,SA1146,SA
PORT PARHAM,,SA
PORT PATERSON,SA1147,SA
PORT PIRIE,SA1148,SA
PORT PIRIE SOUTH,SA1149,SA
PORT PIRIE WEST,SA1150,SA
PORT RICKABY,SA1151,SA
PORT TURTON,,SA
PORT VICTORIA,SA1152,SA
PORT VINCENT,SA1153,SA
PORT WAKEFIELD,SA1154,SA
PORT WILLUNGA,SA1155,SA
PORTER LAGOON,SA1156,SA
POYNTON,SA210005783,SA
PRELINNA,SA210006214,SA
PRICE,SA210005822,SA
PROOF RANGE,SA1158,SA
PROSPECT,SA1159,SA
PROSPECT HILL,SA1160,SA
PUALCO RANGE,SA210006235,SA
PUKATJA,SA210006272,SA
PUNTABIE,SA1161,SA
PUNTHARI,SA1162,SA
PUNYELROO,SA1163,SA
PUREBA,SA210005736,SA
PURNONG,SA1165,SA
PURNONG LANDING,,SA
PURPLE DOWNS,SA210006026,SA
PUTAPUTA,,SA
PUTAPUTA HOMELAND,,SA
PUTTAPA,SA210006098,SA
PUTUTJU,,SA
PYAP,SA1166,SA
PYAP WEST,SA1167,SA
PYGERY,SA210005794,SA
QUALCO,SA1169,SA
QUEENSTOWN,SA1170,SA
QUINYAMBIE,SA210006206,SA
QUONDONG,SA210006246,SA
QUORN,SA1171,SA
RACE COURSE,,SA
RACECOURSE BAY,SA1172,SA
RAILWAY BORE,,SA
RAMCO,SA1173,SA
RAMCO HEIGHTS,SA1174,SA
RAMSAY,SA210005887,SA
RANDELL,SA210005871,SA
RANDELL LOOKOUT,,SA
RAPID BAY,SA1176,SA
RAUKKAN,,SA
RAUKKAN,,SA
RED BANKS,,SA
RED CREEK,SA1177,SA
REDBANKS,SA1178,SA
REDHILL,SA210005883,SA
REDWOOD PARK,SA1180,SA
REEDY CREEK,SA1181,SA
REEVES PLAINS,SA1182,SA
REGENCY PARK,SA1183,SA
REID,SA1184,SA
RENDELSHAM,SA1185,SA
RENMARK,SA1186,SA
RENMARK NORTH,SA1187,SA
RENMARK SOUTH,SA1188,SA
RENMARK WEST,SA1189,SA
RENOWN PARK,SA1190,SA
REYNELLA,SA1191,SA
REYNELLA EAST,SA1192,SA
RHYNIE,SA1193,SA
RICHMOND,SA1194,SA
RIDGEHAVEN,SA1195,SA
RIDLEYTON,SA1196,SA
RISDON PARK,SA1197,SA
RISDON PARK SOUTH,SA1198,SA
RIVERGLADES,SA1199,SA
RIVERGLEN,SA1200,SA
RIVERLEA PARK,,SA
RIVERTON,SA1201,SA
ROBE,SA1202,SA
ROBERTSTOWN,SA1203,SA
ROCHESTER,SA1204,SA
ROCKLEIGH,SA1205,SA
ROCKY CAMP,SA1206,SA
ROCKY GULLY,SA1207,SA
ROCKY PLAIN,SA1208,SA
ROCKY POINT,SA1209,SA
ROGUES POINT,SA1210,SA
ROSE PARK,SA1211,SA
ROSEDALE,SA1212,SA
ROSETOWN,SA1213,SA
ROSEWATER,SA1214,SA
ROSEWORTHY,SA1215,SA
ROSSLYN PARK,SA1216,SA
ROSTREVOR,SA1217,SA
ROWLAND FLAT,SA1218,SA
ROXBY DOWNS,SA1219,SA
ROXBY DOWNS STATION,SA210006033,SA
ROYAL PARK,SA1220,SA
ROYSTON PARK,SA1221,SA
RUDALL,SA1222,SA
SADDLEWORTH,SA210005734,SA
SAINTS,SA1225,SA
SALEM,SA1226,SA
SALISBURY,SA1227,SA
SALISBURY DOWNS,SA1228,SA
SALISBURY EAST,SA1229,SA
SALISBURY HEIGHTS,SA1230,SA
SALISBURY NORTH,SA1231,SA
SALISBURY PARK,SA1232,SA
SALISBURY PLAIN,SA1233,SA
SALISBURY SOUTH,SA1234,SA
SALT CREEK,SA1235,SA
SALTASH,,SA
SALTER SPRINGS,SA1236,SA
SALTIA,SA1237,SA
SAMPSON FLAT,SA1238,SA
SANDALWOOD,SA1239,SA
SANDERGROVE,SA1240,SA
SANDERSTON,SA1241,SA
SANDILANDS,SA1242,SA
SANDLETON,SA1243,SA
SANDY CREEK,SA1244,SA
SANDY GROVE,SA1245,SA
SANDYS BORE,,SA
SAPPHIRETOWN,SA1246,SA
SCEALE BAY,SA1247,SA
SCHELL WELL,SA1248,SA
SCOTDESCO,,SA
SCOTT CREEK,SA1249,SA
SEACLIFF,SA1250,SA
SEACLIFF PARK,SA1251,SA
SEACOMBE GARDENS,SA1252,SA
SEACOMBE HEIGHTS,SA1253,SA
SEAFORD,SA1254,SA
SEAFORD HEIGHTS,SA1255,SA
SEAFORD MEADOWS,SA1256,SA
SEAFORD RISE,SA1257,SA
SEAL BAY,SA1258,SA
SEATON,SA1259,SA
SEAVIEW DOWNS,SA1260,SA
SEBASTOPOL,SA1261,SA
SECOND VALLEY,SA1262,SA
SECRET ROCKS,SA210006036,SA
SEDAN,SA1263,SA
SEDDON,SA1264,SA
SEFTON PARK,SA1265,SA
SELLICKS BEACH,SA1266,SA
SELLICKS HILL,SA1267,SA
SEMAPHORE,SA1268,SA
SEMAPHORE PARK,SA1269,SA
SEMAPHORE SOUTH,SA1270,SA
SENIOR,SA1271,SA
SEPPELTSFIELD,SA1272,SA
SEVENHILL,SA1273,SA
SHAGGY RIDGE,SA210006215,SA
SHANNON LODGE,,SA
SHANNONS BORE,,SA
SHAUGH,SA1274,SA
SHEA-OAK LOG,SA1642,SA
SHEAOAK FLAT,SA1276,SA
SHEIDOW PARK,SA1277,SA
SHERINGA,SA1278,SA
SHERLOCK,SA210005980,SA
SHERWOOD,SA1280,SA
SHORT,SA210005981,SA
SIAM,SA210006068,SA
SILVERTON,SA1282,SA
SIMMONSTON,,SA
SIMPSON DESERT,SA210006157,SA
SKYE,SA1283,SA
SLEAFORD,SA210005907,SA
SLEAFORD BAY,,SA
SMITHFIELD,SA1285,SA
SMITHFIELD PLAINS,SA1286,SA
SMOKY BAY,SA1287,SA
SNOWTOWN,SA1288,SA
SNUGGERY,,SA
SOLOMON,SA1289,SA
SOLOMONTOWN,SA1290,SA
SOMERTON PARK,SA1291,SA
SOUTH BRIGHTON,SA1292,SA
SOUTH GAP,SA210006041,SA
SOUTH GOOLWA,,SA
SOUTH HUMMOCKS,SA1293,SA
SOUTH KILKERRAN,SA1294,SA
SOUTH PLYMPTON,SA1295,SA
SOUTHEND,SA1296,SA
SPALDING,SA1297,SA
SPECTACLE LAKE,SA1298,SA
SPENCE,SA210005922,SA
SPILSBY ISLAND,,SA
SPRING FARM,SA1300,SA
SPRING GULLY,SA1301,SA
SPRINGFIELD,SA1302,SA
SPRINGTON,SA1303,SA
SQUARE MILE,SA1304,SA
ST AGNES,SA1305,SA
ST CLAIR,SA210006014,SA
ST GEORGES,SA1306,SA
ST IVES,SA1637,SA
ST JOHNS,SA1311,SA
ST KILDA,SA1307,SA
ST KITTS,SA1312,SA
ST MARYS,SA1308,SA
ST MORRIS,SA1309,SA
ST PETERS,SA1310,SA
STANLEY,SA210005921,SA
STANLEY FLAT,SA1314,SA
STANSBURY,SA1315,SA
STEELTON,SA1316,SA
STEINFELD,SA1317,SA
STENHOUSE BAY,,SA
STEPHENSTON,SA1318,SA
STEPNEY,SA1319,SA
STEWART RANGE,SA1320,SA
STIRLING,SA210005928,SA
STIRLING NORTH,SA1322,SA
STOCKPORT,SA1323,SA
STOCKWELL,SA1324,SA
STOCKYARD CREEK,SA1325,SA
STOCKYARD PLAIN,SA1326,SA
STOKES BAY,SA1327,SA
STONE HUT,SA1328,SA
STONE WELL,SA1329,SA
STONEFIELD,,SA
STONYFELL,SA1330,SA
STOW,SA1331,SA
STRATHALBYN,SA1332,SA
STREAKY BAY,SA1333,SA
STRUAN,SA1334,SA
STRZELECKI DESERT,SA210006188,SA
STUART,SA210005968,SA
STUARTS CREEK,SA210006027,SA
STUN'SAIL BOOM,SA1336,SA
STURDEE,SA210005969,SA
STURT,SA1337,SA
STURT VALE,SA210006240,SA
SULTANA POINT,SA1660,SA
SUMMERTOWN,SA1338,SA
SUNLANDS,SA1339,SA
SUNNYBRAE,SA1340,SA
SUNNYDALE,SA1341,SA
SUNNYSIDE,SA1342,SA
SUNNYVALE,SA1343,SA
SURREY DOWNS,SA1344,SA
SUTHERLANDS,SA1345,SA
SUTTONTOWN,SA1346,SA
SWAN REACH,SA1347,SA
SWANPORT,SA1348,SA
SWEDE FLAT,SA1349,SA
TAILEM BEND,SA1350,SA
TALDRA,SA1351,SA
TALIA,SA1352,SA
TALLOWON,,SA
TANKANNU,,SA
TANTANOOLA,SA1353,SA
TANUNDA,SA1354,SA
TAPEROO,SA1355,SA
TAPLAN,SA1356,SA
TARATAP,SA1357,SA
TARCOOLA,SA1358,SA
TARCOWIE,SA210005971,SA
TARLEE,SA1360,SA
TARNMA,SA1361,SA
TARPEENA,SA1362,SA
TATACHILLA,SA1363,SA
TAUNTON,SA1364,SA
TAYLORVILLE,SA1365,SA
TAYLORVILLE STATION,SA210006125,SA
TEA TREE GULLY,SA1366,SA
TEAL FLAT,SA1367,SA
TELOWIE,SA1368,SA
TEMPLERS,SA1369,SA
TENNYSON,SA1370,SA
TEPCO,,SA
TEPCO STATION,SA210006252,SA
TEPKO,SA1371,SA
TERINGIE,SA1372,SA
TEROWIE,SA1373,SA
THE GAP,SA1374,SA
THE PINES,SA1375,SA
THE RANGE,SA1376,SA
THEBARTON,SA1377,SA
THEVENARD,SA1378,SA
THISTLE ISLAND,,SA
THOMAS PLAIN,SA1379,SA
THOMPSON BEACH,SA1380,SA
THORNGATE,SA1381,SA
THORNLEA,SA1382,SA
THREE CREEKS,SA210006248,SA
THRINGTON,SA1383,SA
THURLGA,SA210006083,SA
TIA TUCKIA,,SA
TIATUKIA,SA1645,SA
TICKERA,SA210005905,SA
TIDDY WIDDY BEACH,SA1385,SA
TIEYON,SA210006061,SA
TIKALINA,SA210006212,SA
TILLEY SWAMP,SA1386,SA
TILUN TILUN,,SA
TINTINARA,SA1387,SA
TIPARRA CHURCH,,SA
TJA TJA,,SA
TJILPIL ONE,,SA
TJILPIL TWO,,SA
TJIWIRU ONE,,SA
TJIWIRU TWO,,SA
TJUTJUNPIRI,,SA
TODMORDEN,SA210006147,SA
TOLDEROL,SA1388,SA
TONSLEY,SA210006283,SA
TOOLIGIE,SA1389,SA
TOOPERANG,SA1390,SA
TOORA,SA1391,SA
TOORAK GARDENS,SA1392,SA
TOOTENILLA,SA1393,SA
TORRENS ISLAND,SA1648,SA
TORRENS PARK,SA1394,SA
TORRENS VALE,SA1395,SA
TORRENSVILLE,SA1396,SA
TOTHILL BELT,SA1397,SA
TOTHILL CREEK,SA1398,SA
TOTNESS,SA1399,SA
TOWITTA,SA1400,SA
TRANMERE,SA1401,SA
TRIHI,,SA
TRINITY GARDENS,SA1403,SA
TROTT PARK,SA1404,SA
TRURO,SA1405,SA
TULKA,SA1406,SA
TUMBY BAY,SA1407,SA
TUNGKILLO,SA210005993,SA
TUNKALILLA,SA1409,SA
TUPUL,,SA
TURKEY BORE,,SA
TUSCAN,,SA
TUSMORE,SA1410,SA
TWO WELLS,SA1411,SA
TYRINGA,SA1412,SA
UCOLTA,SA1413,SA
ULAYPAI,,SA
ULEY,SA210005950,SA
ULEYBURY,SA1415,SA
ULIPA WELL,,SA
ULKIYA,,SA
ULOOLOO,SA1416,SA
ULYERRA,SA1417,SA
UMBERATANA,SA210006168,SA
UMOONA,,SA
UMPKANTA,,SA
UMPUKULUNYA,,SA
UMUWA,SA210006273,SA
UMUWA,SA210006273,SA
UNDALYA,SA1418,SA
UNDERDALE,SA1419,SA
UNGARRA,SA1420,SA
UNLEY,SA1421,SA
UNLEY PARK,SA1422,SA
UNO,SA210006116,SA
UPALINNA,SA210006207,SA
UPPER HERMITAGE,SA1423,SA
UPPER STURT,SA1424,SA
URAIDLA,SA1425,SA
URANIA,SA1426,SA
URRBRAE,SA1427,SA
UWORRA,SA1428,SA
VALE PARK,SA1429,SA
VALLEY VIEW,SA1430,SA
VEITCH,SA1431,SA
VENUS BAY,SA1432,SA
VERDUN,SA1433,SA
VERRAN,SA1434,SA
VICTOR HARBOR,SA1435,SA
VICTORY WELL,,SA
VINE VALE,SA1436,SA
VIRGINIA,SA1437,SA
VISTA,SA1438,SA
VIVONNE BAY,SA1439,SA
WADDIKEE,SA1440,SA
WADNAMINGA,SA210006213,SA
WAIKERIE,SA1441,SA
WAITPINGA,SA210006012,SA
WALALKARA,,SA
WALATINA,,SA
WALITJARA,,SA
WALKER FLAT,SA1443,SA
WALKERVILLE,SA1444,SA
WALKLEY HEIGHTS,SA1445,SA
WALL,,SA
WALL FLAT,SA1446,SA
WALLALA,SA210005923,SA
WALLANY,,SA
WALLAROO,SA210005963,SA
WALLAROO MINES,SA1449,SA
WALLAROO PLAIN,SA1450,SA
WALLERBERDINA,SA210006065,SA
WALLOWAY,SA1451,SA
WALTOWA,SA1452,SA
WAMBIRI,,SA
WAMI KATA,SA1453,SA
WAMIKATA,,SA
WANBI,SA1454,SA
WANDANA,SA210005823,SA
WANDEARAH EAST,SA1456,SA
WANDEARAH WEST,SA1457,SA
WANDILO,SA1458,SA
WANGARY,SA1459,SA
WANGOLINA,SA1460,SA
WANILLA,SA210005781,SA
WANILLA OUTSTATION,,SA
WANMARANYA,,SA
WAPPILKA,SA1462,SA
WARBURTO,SA1463,SA
WARCOWIE,SA210005898,SA
WARD BELT,SA1464,SA
WARD HILL,SA1465,SA
WARDANG ISLAND,,SA
WAREVILLA,,SA
WARNERTOWN,SA1466,SA
WARNES,SA210006247,SA
WAROOKA,SA1467,SA
WAROONEE,SA210005986,SA
WAROONEE WELL,,SA
WARRADALE,SA1468,SA
WARRAMBOO,SA1469,SA
WARRAWEENA,SA210006167,SA
WARRENGIE,,SA
WARTAKA,SA210006044,SA
WASHPOOL,SA1470,SA
WASLEYS,SA1471,SA
WATARRU,SA210006274,SA
WATARRU,SA210006274,SA
WATCHMAN,SA1472,SA
WATERFALL GULLY,SA1473,SA
WATERHOUSE BAY,,SA
WATERLOO,SA1474,SA
WATERLOO CORNER,SA1475,SA
WATERVALE,SA1476,SA
WATINUMA,SA210006275,SA
WATINUMA,SA210006275,SA
WATRABA,SA1477,SA
WATTLE FLAT,SA1478,SA
WATTLE PARK,SA1479,SA
WATTLE RANGE,SA1480,SA
WATTLE RANGE EAST,SA1481,SA
WAUKARINGA,SA1482,SA
WAURALTEE,SA210005909,SA
WAYVILLE,SA1484,SA
WEBB BEACH,SA1485,SA
WEDGE ISLAND,SA210006257,SA
WEEKEROO,SA210006250,SA
WEEROONA ISLAND,SA210006256,SA
WEETULTA,SA1486,SA
WELBOURN HILL,SA210006211,SA
WELLAND,SA1487,SA
WELLINGTON,SA1488,SA
WELLINGTON EAST,SA1489,SA
WEPAR,SA1490,SA
WERTALOONA,SA210006189,SA
WEST BEACH,SA1491,SA
WEST BORE 1,,SA
WEST BUNDALEER,SA1492,SA
WEST CROYDON,SA1493,SA
WEST HINDMARSH,SA1494,SA
WEST LAKES,SA1495,SA
WEST LAKES SHORE,SA1496,SA
WEST RANGE,SA1497,SA
WEST RICHMOND,SA1498,SA
WESTALL,SA1499,SA
WESTBOURNE PARK,SA1500,SA
WESTERN FLAT,SA1501,SA
WESTERN RIVER,SA1502,SA
WESTON FLAT,,SA
WESTONS FLAT,SA210006205,SA
WHARMINDA,SA1503,SA
WHITE HILL,SA1504,SA
WHITE HUT,SA1505,SA
WHITE SANDS,SA1506,SA
WHITE WELL CORNER,SA1507,SA
WHITES FLAT,SA1508,SA
WHITES RIVER,SA1509,SA
WHITES VALLEY,SA1510,SA
WHITWARTA,SA1511,SA
WHYALLA,SA1512,SA
WHYALLA BARSON,SA1659,SA
WHYALLA JENKINS,SA1513,SA
WHYALLA NORRIE,SA1514,SA
WHYALLA PLAYFORD,SA1515,SA
WHYALLA STUART,SA1516,SA
WHYTE YARCOWIE,SA1517,SA
WIAWERA,SA210006228,SA
WIGLEY FLAT,SA1518,SA
WILCHERRY,SA210005894,SA
WILCOWIE,SA210006151,SA
WILD DOG VALLEY,SA1520,SA
WILD HORSE PLAINS,SA1521,SA
WILGENA,SA210006023,SA
WILKATANA STATION,SA210006039,SA
WILKAWATT,,SA
WILLALO,SA1522,SA
WILLALOOKA,SA1523,SA
WILLAMULKA,SA1524,SA
WILLASTON,SA1525,SA
WILLI WILLI,,SA
WILLIAM CREEK,SA210006141,SA
WILLIAMSTOWN,SA1526,SA
WILLIPPA,SA210006159,SA
WILLOCHRA,SA1527,SA
WILLOUGHBY,SA1528,SA
WILLOW BANKS,SA1529,SA
WILLOW CREEK,SA1530,SA
WILLOW SPRINGS,SA210006208,SA
WILLOWIE,SA210005989,SA
WILLSON RIVER,SA1532,SA
WILLUNGA,SA210005913,SA
WILLUNGA HILL,SA1534,SA
WILLUNGA SOUTH,SA1535,SA
WILLYAROO,SA1536,SA
WILMINGTON,SA1537,SA
WILPENA POUND,,SA
WILTON HALL,,SA
WINDSOR,SA1538,SA
WINDSOR GARDENS,SA1539,SA
WINGFIELD,SA1540,SA
WINKIE,SA1541,SA
WINNININNIE,SA210006229,SA
WINNINOWIE,SA1542,SA
WINTABATINYANA,SA210006109,SA
WINTAWATA HOMELAND,,SA
WINTAWATU,,SA
WINTINNA,SA210006210,SA
WINTU WINPUTJARA,,SA
WINULTA,SA1543,SA
WIRRABARA,SA1544,SA
WIRRAMINNA,SA210006024,SA
WIRREALPA,SA210006181,SA
WIRREGA,SA1545,SA
WIRRINA COVE,SA1546,SA
WIRRULLA,SA1547,SA
WISANGER,SA1548,SA
WISTOW,SA1549,SA
WITCHELINA,SA210006114,SA
WITCHITIE,SA210006126,SA
WITERA,SA210005863,SA
WITJIRA,SA210006166,SA
WOKURNA,SA210005903,SA
WOLSELEY,SA1552,SA
WOMBATS REST,SA1553,SA
WOMPINIE,SA210006237,SA
WONGULLA,SA1554,SA
WONGYARRA,SA210005953,SA
WONNA,SA210005940,SA
WONUARRA,SA1557,SA
WOODCHESTER,SA1558,SA
WOODCROFT,SA1559,SA
WOODFORDE,SA1560,SA
WOODLANE,SA1561,SA
WOODLEIGH,SA1562,SA
WOODS FLAT,,SA
WOODS POINT,SA1563,SA
WOODS WELL,,SA
WOODSIDE,SA1564,SA
WOODVILLE,SA1565,SA
WOODVILLE GARDENS,SA1566,SA
WOODVILLE NORTH,SA1567,SA
WOODVILLE PARK,SA1568,SA
WOODVILLE SOUTH,SA1569,SA
WOODVILLE WEST,SA1570,SA
WOOKATA,SA210005962,SA
WOOL BAY,SA1571,SA
WOOLPUNDA,SA1572,SA
WOOLSHED FLAT,SA1573,SA
WOOLSHEDS,SA1574,SA
WOOLTANA,SA210006198,SA
WOOLUMBOOL,SA210005864,SA
WOOLUNDUNGA,SA210005942,SA
WOOLYANA,SA210005943,SA
WOOMERA,SA1577,SA
WORLDS END,SA1578,SA
WORRO DOWNS STATION,,SA
WORROLONG,SA1579,SA
WORUMBA,SA210006120,SA
WRATTONBULLY,SA1580,SA
WRENFORDSLEY,SA210006013,SA
WRIGHT,SA210006011,SA
WUDINNA,SA1581,SA
WUNKAR,SA1582,SA
WYE,SA1583,SA
WYNARKA,SA1584,SA
WYNN VALE,SA1585,SA
WYOMI,SA1586,SA
YACKA,SA1587,SA
YADLAMALKA,SA210006104,SA
YAHL,SA1588,SA
YALANDA,SA1589,SA
YALATA,SA1590,SA
YALATA,SA1590,SA
YALLUNDA FLAT,SA1591,SA
YALPARA,SA210005976,SA
YALYMBOO,SA210006108,SA
YAMBA,SA1593,SA
YANERBIE,SA1594,SA
YANINEE,SA1595,SA
YANKALILLA,SA210005902,SA
YANKANINNA,SA210006199,SA
YANTANABIE,SA1597,SA
YANYARRIE,SA210005931,SA
YAPPALA,,SA
YARDEA,SA210006053,SA
YARILENA,,SA
YARRAH,SA1599,SA
YARRAMBA,SA210006234,SA
YATALA VALE,SA1600,SA
YATINA,SA1601,SA
YATTALUNGA,SA1602,SA
YEELANNA,SA1603,SA
YELLABINNA,SA210006081,SA
YELTA,SA1604,SA
YELTANA,SA210006043,SA
YINKANIE,SA1605,SA
YONGALA,SA210005995,SA
YORKE VALLEY,SA1607,SA
YORKETOWN,SA1608,SA
YOUNGHUSBAND,SA210005985,SA
YOUNGHUSBAND HOLDINGS,SA1610,SA
YOUNGS WELL - 1,,SA
YUDNAPINNA,SA210006037,SA
YUMALI,SA1611,SA
YUMBARRA,SA210006112,SA
YUNDI,SA1612,SA
YUNTA,SA1613,SA
YUNYARINYI,SA210006276,SA
YUNYARINYI,SA210006276,SA
YURANGKA,,SA
ZADOWS LANDING,SA1614,SA
ABBOTSHAM,TAS1,TAS
ABELS BAY,TAS2,TAS
ABERDEEN,TAS3,TAS
ACACIA HILLS,TAS4,TAS
ACTON,TAS5,TAS
ACTON PARK,TAS6,TAS
ADVENTURE BAY,TAS7,TAS
AKAROA,TAS8,TAS
ALBERTON,TAS9,TAS
ALCOMIE,TAS10,TAS
ALLENS RIVULET,TAS11,TAS
ALONNAH,TAS12,TAS
AMBLESIDE,TAS13,TAS
ANDOVER,TAS14,TAS
ANSONS BAY,TAS15,TAS
ANTILL PONDS,TAS16,TAS
APOLLO BAY,TAS17,TAS
APSLAWN,TAS18,TAS
APSLEY,TAS19,TAS
ARTHUR RIVER,TAS20,TAS
ARTHURS LAKE,TAS21,TAS
AUSTINS FERRY,TAS22,TAS
AVOCA,TAS23,TAS
BADEN,TAS24,TAS
BADGER HEAD,TAS25,TAS
BAGDAD,TAS26,TAS
BAKERS BEACH,TAS27,TAS
BANCA,TAS28,TAS
BANGOR,TAS29,TAS
BARNES BAY,TAS30,TAS
BARRETTA,TAS31,TAS
BARRINGTON,TAS32,TAS
BATTERY POINT,TAS33,TAS
BEACONSFIELD,TAS34,TAS
BEAUMARIS,TAS35,TAS
BEAUTY POINT,TAS36,TAS
BEECHFORD,TAS37,TAS
BELL BAY,TAS38,TAS
BELLERIVE,TAS39,TAS
BELLINGHAM,TAS40,TAS
BEN LOMOND,TAS41,TAS
BERRIEDALE,TAS42,TAS
BEULAH,TAS43,TAS
BICHENO,TAS44,TAS
BINALONG BAY,TAS45,TAS
BIRCHS BAY,TAS46,TAS
BIRRALEE,TAS47,TAS
BISHOPSBOURNE,TAS48,TAS
BLACK HILLS,TAS49,TAS
BLACK RIVER,TAS50,TAS
BLACKMANS BAY,TAS51,TAS
BLACKSTONE HEIGHTS,TAS52,TAS
BLACKWALL,TAS53,TAS
BLACKWOOD CREEK,TAS54,TAS
BLESSINGTON,TAS55,TAS
BLUE ROCKS,TAS56,TAS
BLUMONT,TAS57,TAS
BOAT HARBOUR,TAS58,TAS
BOAT HARBOUR BEACH,TAS59,TAS
BONNET HILL,TAS60,TAS
BOOBYALLA,TAS61,TAS
BOOMER BAY,TAS62,TAS
BOTHWELL,TAS63,TAS
BOYER,TAS64,TAS
BRACKNELL,TAS65,TAS
BRADYS LAKE,TAS66,TAS
BRANDUM,TAS67,TAS
BRANXHOLM,TAS68,TAS
BREADALBANE,TAS69,TAS
BREAM CREEK,TAS70,TAS
BREONA,TAS71,TAS
BRIDGENORTH,TAS72,TAS
BRIDGEWATER,TAS73,TAS
BRIDPORT,TAS74,TAS
BRIGHTON,TAS75,TAS
BRITTONS SWAMP,TAS76,TAS
BROADMARSH,TAS77,TAS
BROADMEADOWS,TAS78,TAS
BRONTE PARK,TAS79,TAS
BROOKLYN,TAS80,TAS
BROOKS BAY,TAS81,TAS
BUCKLAND,TAS82,TAS
BUNGAREE,TAS83,TAS
BURNIE,TAS84,TAS
BURNS CREEK,TAS85,TAS
BUSHY PARK,TAS86,TAS
BUTLERS GORGE,TAS87,TAS
CAIRNS BAY,TAS88,TAS
CALDER,TAS89,TAS
CAMBRIDGE,TAS90,TAS
CAMDALE,TAS91,TAS
CAMENA,TAS92,TAS
CAMPANIA,TAS93,TAS
CAMPBELL TOWN,TAS94,TAS
CAPE BARREN COMMUNITY,,TAS
CAPE BARREN ISLAND,TAS95,TAS
CAPE BARREN ISLAND,TAS95,TAS
CAPE PILLAR,TAS96,TAS
CAPE PORTLAND,TAS97,TAS
CAPE RAOUL,TAS98,TAS
CARLTON,TAS99,TAS
CARLTON RIVER,TAS100,TAS
CARRICK,TAS101,TAS
CASTLE FORBES BAY,TAS102,TAS
CASTRA,TAS103,TAS
CAVESIDE,TAS104,TAS
CENTRAL PLATEAU,TAS806,TAS
CETHANA,TAS106,TAS
CHAIN OF LAGOONS,TAS107,TAS
CHARLOTTE COVE,TAS108,TAS
CHASM CREEK,TAS109,TAS
CHIGWELL,TAS110,TAS
CHRISTMAS HILLS,TAS111,TAS
CHUDLEIGH,TAS112,TAS
CLAREMONT,TAS113,TAS
CLARENCE POINT,TAS114,TAS
CLARENDON VALE,TAS115,TAS
CLARKE ISLAND,,TAS
CLAUDE ROAD,TAS116,TAS
CLEVELAND,TAS117,TAS
CLIFTON BEACH,TAS118,TAS
CLUAN,TAS119,TAS
COLEBROOK,TAS120,TAS
COLES BAY,TAS121,TAS
COLLINSVALE,TAS122,TAS
CONARA,TAS123,TAS
CONINGHAM,TAS124,TAS
CONNELLYS MARSH,TAS125,TAS
COOEE,TAS126,TAS
COPPING,TAS127,TAS
CORINNA,TAS128,TAS
CORNWALL,TAS129,TAS
COUTA ROCKS,TAS130,TAS
COWRIE POINT,TAS131,TAS
CRABTREE,TAS132,TAS
CRADLE MOUNTAIN,TAS133,TAS
CRADOC,TAS134,TAS
CRAMPS BAY,TAS135,TAS
CRANBROOK,TAS136,TAS
CRAYFISH CREEK,TAS137,TAS
CREMORNE,TAS138,TAS
CRESSY,TAS139,TAS
CUCKOO,TAS140,TAS
CUPRONA,TAS141,TAS
CURRIE,TAS142,TAS
CYGNET,TAS143,TAS
DAIRY PLAINS,TAS144,TAS
DEDDINGTON,TAS145,TAS
DEE,TAS146,TAS
DEEP BAY,TAS147,TAS
DELORAINE,TAS148,TAS
DENNES POINT,TAS149,TAS
DERBY,TAS150,TAS
DERWENT BRIDGE,TAS151,TAS
DERWENT PARK,TAS152,TAS
DETENTION,TAS153,TAS
DEVIOT,TAS154,TAS
DEVON HILLS,TAS155,TAS
DEVONPORT,TAS156,TAS
DILSTON,TAS157,TAS
DOCTORS POINT,TAS158,TAS
DOCTORS ROCKS,TAS159,TAS
DODGES FERRY,TAS160,TAS
DOLPHIN SANDS,TAS161,TAS
DON,TAS162,TAS
DOUGLAS RIVER,TAS163,TAS
DOUGLAS-APSLEY,TAS164,TAS
DOVER,TAS165,TAS
DOWNLANDS,TAS166,TAS
DOWSING POINT,TAS167,TAS
DROMEDARY,TAS168,TAS
DULCOT,TAS169,TAS
DUNALLEY,TAS170,TAS
DUNORLAN,TAS171,TAS
DYNNYRNE,TAS172,TAS
DYSART,TAS173,TAS
EAGLEHAWK NECK,TAS174,TAS
EAST CAM,TAS175,TAS
EAST DEVONPORT,TAS176,TAS
EAST LAUNCESTON,TAS177,TAS
EAST RIDGLEY,TAS178,TAS
EDDYSTONE,TAS179,TAS
EDGCUMBE BEACH,TAS180,TAS
EDITH CREEK,TAS181,TAS
EGG LAGOON,TAS182,TAS
EGGS AND BACON BAY,TAS183,TAS
ELDERSLIE,TAS184,TAS
ELECTRONA,TAS185,TAS
ELIZABETH TOWN,TAS186,TAS
ELLENDALE,TAS187,TAS
ELLIOTT,TAS188,TAS
EMITA,TAS189,TAS
EMU HEIGHTS,TAS190,TAS
EPPING FOREST,TAS191,TAS
ERRIBA,TAS192,TAS
EUGENANA,TAS193,TAS
EVANDALE,TAS194,TAS
EXETER,TAS195,TAS
EXTON,TAS196,TAS
FALMOUTH,TAS197,TAS
FENTONBURY,TAS198,TAS
FERN TREE,TAS199,TAS
FINGAL,TAS200,TAS
FITZGERALD,TAS201,TAS
FLINTSTONE,TAS202,TAS
FLORENTINE,TAS203,TAS
FLOWERDALE,TAS204,TAS
FLOWERPOT,TAS205,TAS
FLOWERY GULLY,TAS206,TAS
FORCETT,TAS207,TAS
FOREST,TAS208,TAS
FORESTER,TAS209,TAS
FORTESCUE,TAS210,TAS
FORTH,TAS211,TAS
FORTHSIDE,TAS212,TAS
FOUR MILE CREEK,TAS213,TAS
FRANKFORD,TAS214,TAS
FRANKLIN,TAS215,TAS
FREYCINET,TAS216,TAS
FRIENDLY BEACHES,TAS217,TAS
GAGEBROOK,TAS218,TAS
GARDEN ISLAND,,TAS
GARDEN ISLAND CREEK,TAS219,TAS
GARDNERS BAY,TAS220,TAS
GAWLER,TAS221,TAS
GEEVESTON,TAS222,TAS
GEILSTON BAY,TAS223,TAS
GEORGE TOWN,TAS224,TAS
GLADSTONE,TAS225,TAS
GLAZIERS BAY,TAS226,TAS
GLEBE,TAS227,TAS
GLEN HUON,TAS228,TAS
GLENDEVIE,TAS229,TAS
GLENFERN,TAS230,TAS
GLENGARRY,TAS231,TAS
GLENLUSK,TAS232,TAS
GLENORA,TAS233,TAS
GLENORCHY,TAS234,TAS
GOLCONDA,TAS235,TAS
GOLDEN VALLEY,TAS236,TAS
GOODWOOD,TAS237,TAS
GORDON,TAS238,TAS
GORMANSTON,TAS239,TAS
GOSHEN,TAS240,TAS
GOULDS COUNTRY,TAS241,TAS
GOWRIE PARK,TAS242,TAS
GRANTON,TAS243,TAS
GRANVILLE HARBOUR,TAS244,TAS
GRASSTREE HILL,TAS245,TAS
GRASSY,TAS246,TAS
GRAVELLY BEACH,TAS247,TAS
GRAY,TAS248,TAS
GREAT BAY,TAS249,TAS
GREENS BEACH,TAS250,TAS
GRETNA,TAS251,TAS
GRINDELWALD,TAS252,TAS
GROVE,TAS253,TAS
GUILDFORD,TAS254,TAS
GUNNS PLAINS,TAS255,TAS
HADSPEN,TAS256,TAS
HAGLEY,TAS257,TAS
HAMILTON,TAS258,TAS
HAMPSHIRE,TAS259,TAS
HARFORD,TAS260,TAS
HASTINGS,TAS261,TAS
HAVENVIEW,TAS262,TAS
HAWLEY BEACH,TAS263,TAS
HAYES,TAS264,TAS
HELLYER,TAS265,TAS
HENRIETTA,TAS266,TAS
HERDSMANS COVE,TAS807,TAS
HERMITAGE,TAS267,TAS
HERRICK,TAS268,TAS
HEYBRIDGE,TAS269,TAS
HIGHCLERE,TAS270,TAS
HIGHCROFT,TAS271,TAS
HILLCREST,TAS272,TAS
HILLWOOD,TAS273,TAS
HOBART,TAS274,TAS
HOLLOW TREE,TAS275,TAS
HOLWELL,TAS276,TAS
HONEYWOOD,TAS277,TAS
HOWDEN,TAS278,TAS
HOWRAH,TAS279,TAS
HOWTH,TAS280,TAS
HUNTINGFIELD,TAS281,TAS
HUON ISLAND,,TAS
HUONVILLE,TAS282,TAS
IDA BAY,TAS283,TAS
INTERLAKEN,TAS284,TAS
INVERMAY,TAS285,TAS
IRISHTOWN,TAS286,TAS
JACKEYS MARSH,TAS287,TAS
JERICHO,TAS288,TAS
JETSONVILLE,TAS289,TAS
JUDBURY,TAS290,TAS
KAMONA,TAS291,TAS
KAOOTA,TAS292,TAS
KARANJA,TAS293,TAS
KAROOLA,TAS294,TAS
KAYENA,TAS295,TAS
KELLEVIE,TAS296,TAS
KELSO,TAS297,TAS
KEMPTON,TAS298,TAS
KETTERING,TAS299,TAS
KILLIECRANKIE,TAS300,TAS
KILLORA,TAS301,TAS
KIMBERLEY,TAS302,TAS
KINDRED,TAS303,TAS
KINGS MEADOWS,TAS304,TAS
KINGSTON,TAS305,TAS
KINGSTON BEACH,TAS306,TAS
KOONYA,TAS307,TAS
LACHLAN,TAS308,TAS
LACKRANA,TAS309,TAS
LADY BARRON,TAS310,TAS
LADY BARRON,TAS310,TAS
LAKE LEAKE,TAS311,TAS
LAKE MARGARET,TAS312,TAS
LAKE SORELL,TAS313,TAS
LAKE ST CLAIR,TAS314,TAS
LALLA,TAS315,TAS
LANENA,TAS316,TAS
LAPOINYA,TAS317,TAS
LATROBE,TAS318,TAS
LAUDERDALE,TAS319,TAS
LAUNCESTON,TAS320,TAS
LAWITTA,TAS321,TAS
LEBRINA,TAS322,TAS
LEEKA,TAS323,TAS
LEFROY,TAS324,TAS
LEGANA,TAS325,TAS
LEGERWOOD,TAS326,TAS
LEITH,TAS327,TAS
LEMONT,TAS328,TAS
LENAH VALLEY,TAS329,TAS
LESLIE VALE,TAS330,TAS
LEVENDALE,TAS331,TAS
LEWISHAM,TAS332,TAS
LIAWENEE,TAS333,TAS
LIENA,TAS334,TAS
LIETINNA,TAS335,TAS
LIFFEY,TAS336,TAS
LILEAH,TAS337,TAS
LILLICO,TAS338,TAS
LILYDALE,TAS339,TAS
LINDISFARNE,TAS340,TAS
LISLE,TAS341,TAS
LITTLE PINE LAGOON,TAS342,TAS
LITTLE SWANPORT,TAS343,TAS
LOCCOTA,TAS344,TAS
LOIRA,TAS345,TAS
LONDON LAKES,TAS346,TAS
LONG REACH,TAS347,TAS
LONGFORD,TAS348,TAS
LONGLEY,TAS349,TAS
LONNAVALE,TAS350,TAS
LOONGANA,TAS351,TAS
LOORANA,TAS352,TAS
LORINNA,TAS353,TAS
LOTTAH,TAS354,TAS
LOW HEAD,TAS355,TAS
LOWER BARRINGTON,TAS356,TAS
LOWER BEULAH,TAS357,TAS
LOWER LONGLEY,TAS358,TAS
LOWER MARSHES,TAS359,TAS
LOWER SNUG,TAS360,TAS
LOWER TURNERS MARSH,TAS361,TAS
LOWER WATTLE GROVE,TAS362,TAS
LOWER WILMOT,TAS363,TAS
LOYETEA,TAS364,TAS
LUCASTON,TAS365,TAS
LUGHRATA,TAS366,TAS
LUINA,TAS367,TAS
LULWORTH,TAS368,TAS
LUNAWANNA,TAS369,TAS
LUNE RIVER,TAS370,TAS
LUTANA,TAS371,TAS
LYMINGTON,TAS372,TAS
LYMWOOD,TAS373,TAS
MACQUARIE HEADS,TAS374,TAS
MACQUARIE PLAINS,TAS375,TAS
MAGRA,TAS376,TAS
MALBINA,TAS377,TAS
MANGALORE,TAS378,TAS
MANGANA,TAS379,TAS
MARGATE,TAS380,TAS
MARIA ISLAND,TAS809,TAS
MARION BAY,TAS381,TAS
MARRAWAH,TAS382,TAS
MATHINNA,TAS383,TAS
MAWBANNA,TAS384,TAS
MAYBERRY,TAS385,TAS
MAYDENA,TAS386,TAS
MAYFIELD,TAS387,TAS
MEADOWBANK,TAS388,TAS
MEANDER,TAS389,TAS
MELLA,TAS390,TAS
MELROSE,TAS391,TAS
MELTON MOWBRAY,TAS392,TAS
MEMANA,TAS393,TAS
MENGHA,TAS394,TAS
MERSEY FOREST,TAS395,TAS
MERSEYLEA,TAS396,TAS
MEUNNA,TAS397,TAS
MIANDETTA,TAS398,TAS
MIDDLESEX,TAS399,TAS
MIDDLETON,TAS400,TAS
MIDWAY POINT,TAS401,TAS
MIENA,TAS402,TAS
MILABENA,TAS403,TAS
MILLERS BLUFF,TAS404,TAS
MOINA,TAS405,TAS
MOLE CREEK,TAS406,TAS
MOLESWORTH,TAS407,TAS
MOLTEMA,TAS408,TAS
MONTAGU,TAS409,TAS
MONTAGU BAY,TAS410,TAS
MONTANA,TAS411,TAS
MONTELLO,TAS412,TAS
MONTROSE,TAS413,TAS
MONTUMANA,TAS414,TAS
MOOGARA,TAS415,TAS
MOONAH,TAS416,TAS
MOOREVILLE,TAS417,TAS
MOORINA,TAS418,TAS
MOORLEAH,TAS419,TAS
MORASS BAY,TAS420,TAS
MORIARTY,TAS421,TAS
MORNINGTON,TAS422,TAS
MOUNT DIRECTION,TAS423,TAS
MOUNT FIELD,TAS424,TAS
MOUNT HICKS,TAS425,TAS
MOUNT LLOYD,TAS426,TAS
MOUNT NELSON,TAS427,TAS
MOUNT ROLAND,TAS428,TAS
MOUNT RUMNEY,TAS429,TAS
MOUNT SEYMOUR,TAS430,TAS
MOUNT STUART,TAS431,TAS
MOUNT WILLIAM,TAS432,TAS
MOUNTAIN RIVER,TAS433,TAS
MOWBRAY,TAS434,TAS
MURDUNNA,TAS435,TAS
MUSSELROE BAY,TAS436,TAS
MYALLA,TAS437,TAS
MYRTLE BANK,TAS438,TAS
NABAGEENA,TAS439,TAS
NABOWLA,TAS440,TAS
NARACOOPA,TAS441,TAS
NATIONAL PARK,TAS442,TAS
NATONE,TAS443,TAS
NEEDLES,TAS444,TAS
NEIKA,TAS445,TAS
NELSON BAY,TAS446,TAS
NEW NORFOLK,TAS447,TAS
NEW TOWN,TAS448,TAS
NEWNHAM,TAS449,TAS
NEWSTEAD,TAS450,TAS
NICHOLLS RIVULET,TAS451,TAS
NIETTA,TAS452,TAS
NILE,TAS453,TAS
NOOK,TAS454,TAS
NORTH BRUNY,TAS455,TAS
NORTH HOBART,TAS456,TAS
NORTH LILYDALE,TAS457,TAS
NORTH MOTTON,TAS458,TAS
NORTH SCOTTSDALE,TAS459,TAS
NORTHDOWN,TAS460,TAS
NORWOOD,TAS461,TAS
NOTLEY HILLS,TAS462,TAS
NOWHERE ELSE,TAS463,TAS
NUBEENA,TAS464,TAS
NUGARA,TAS465,TAS
NUGENT,TAS466,TAS
NUNAMARA,TAS467,TAS
OAKDOWNS,TAS468,TAS
OAKS,TAS469,TAS
OATLANDS,TAS470,TAS
OCEAN VISTA,TAS471,TAS
OLD BEACH,TAS472,TAS
OLDINA,TAS473,TAS
OONAH,TAS474,TAS
OPOSSUM BAY,TAS475,TAS
ORFORD,TAS476,TAS
ORIELTON,TAS477,TAS
OSMASTON,TAS478,TAS
OSTERLEY,TAS479,TAS
OTAGO,TAS480,TAS
OUSE,TAS481,TAS
OYSTER COVE,TAS482,TAS
PALANA,TAS483,TAS
PALOONA,TAS484,TAS
PARADISE,TAS485,TAS
PARATTAH,TAS486,TAS
PARK GROVE,TAS487,TAS
PARKHAM,TAS488,TAS
PARKLANDS,TAS489,TAS
PARRAWE,TAS490,TAS
PATERSONIA,TAS491,TAS
PAWLEENA,TAS492,TAS
PAWTELLA,TAS493,TAS
PEARSHAPE,TAS494,TAS
PEGARAH,TAS495,TAS
PELHAM,TAS496,TAS
PELVERATA,TAS497,TAS
PENGUIN,TAS498,TAS
PENNA,TAS499,TAS
PERTH,TAS500,TAS
PETCHEYS BAY,TAS501,TAS
PIONEER,TAS502,TAS
PIPERS BROOK,TAS503,TAS
PIPERS RIVER,TAS504,TAS
PLENTY,TAS505,TAS
POATINA,TAS506,TAS
POLICE POINT,TAS507,TAS
PONTVILLE,TAS508,TAS
PONTYPOOL,TAS509,TAS
PORT ARTHUR,TAS510,TAS
PORT HUON,TAS511,TAS
PORT LATTA,TAS512,TAS
PORT SORELL,TAS513,TAS
POWRANNA,TAS514,TAS
PREMAYDENA,TAS515,TAS
PREOLENNA,TAS516,TAS
PRESERVATION BAY,TAS517,TAS
PRESTON,TAS518,TAS
PRIMROSE SANDS,TAS519,TAS
PROMISED LAND,TAS520,TAS
PROSPECT,TAS521,TAS
PROSPECT VALE,TAS522,TAS
PUNCHBOWL,TAS523,TAS
PYENGANA,TAS524,TAS
QUAMBY BEND,TAS525,TAS
QUAMBY BROOK,TAS526,TAS
QUEENS DOMAIN,TAS527,TAS
QUEENSTOWN,TAS528,TAS
QUOIBA,TAS529,TAS
RAILTON,TAS530,TAS
RAMINEA,TAS531,TAS
RANDALLS BAY,TAS532,TAS
RANELAGH,TAS533,TAS
RANGA,TAS534,TAS
RAVENSWOOD,TAS535,TAS
RECHERCHE,TAS536,TAS
RED HILLS,TAS537,TAS
REDPA,TAS538,TAS
REEDY MARSH,TAS539,TAS
REEKARA,TAS540,TAS
RELBIA,TAS541,TAS
RENISON BELL,TAS542,TAS
RETREAT,TAS543,TAS
REYNOLDS NECK,TAS544,TAS
RHEBAN,TAS545,TAS
RHYNDASTON,TAS546,TAS
RIANA,TAS547,TAS
RICHMOND,TAS548,TAS
RIDGEWAY,TAS549,TAS
RIDGLEY,TAS550,TAS
RINGAROOMA,TAS551,TAS
RISDON,TAS552,TAS
RISDON VALE,TAS553,TAS
RIVERSIDE,TAS554,TAS
ROBIGANA,TAS555,TAS
ROCHERLEA,TAS556,TAS
ROCHES BEACH,TAS557,TAS
ROCKY CAPE,TAS558,TAS
ROCKY HILLS,TAS559,TAS
ROGER RIVER,TAS560,TAS
ROKEBY,TAS561,TAS
ROLAND,TAS562,TAS
ROMAINE,TAS563,TAS
ROSE BAY,TAS564,TAS
ROSEBERY,TAS565,TAS
ROSEGARLAND,TAS566,TAS
ROSETTA,TAS567,TAS
ROSEVALE,TAS568,TAS
ROSEVEARS,TAS569,TAS
ROSNY,TAS570,TAS
ROSNY PARK,TAS571,TAS
ROSS,TAS572,TAS
ROSSARDEN,TAS573,TAS
ROUND HILL,TAS574,TAS
ROWELLA,TAS575,TAS
ROYAL GEORGE,TAS576,TAS
RUNNYMEDE,TAS577,TAS
RUSHY LAGOON,TAS578,TAS
SALTWATER RIVER,TAS579,TAS
SANDFLY,TAS580,TAS
SANDFORD,TAS581,TAS
SANDY BAY,TAS582,TAS
SASSAFRAS,TAS583,TAS
SAVAGE RIVER,TAS584,TAS
SCAMANDER,TAS585,TAS
SCHOUTEN ISLAND,TAS808,TAS
SCOPUS,TAS586,TAS
SCOTCHTOWN,TAS587,TAS
SCOTTSDALE,TAS588,TAS
SEA ELEPHANT,TAS589,TAS
SELBOURNE,TAS590,TAS
SEVEN MILE BEACH,TAS591,TAS
SEYMOUR,TAS592,TAS
SHANNON,TAS593,TAS
SHEARWATER,TAS594,TAS
SHEFFIELD,TAS595,TAS
SHOREWELL PARK,TAS596,TAS
SIDMOUTH,TAS597,TAS
SIMPSONS BAY,TAS598,TAS
SISTERS BEACH,TAS599,TAS
SISTERS CREEK,TAS600,TAS
SLOPING MAIN,TAS601,TAS
SMITHTON,TAS602,TAS
SNUG,TAS603,TAS
SOMERSET,TAS604,TAS
SORELL,TAS605,TAS
SORELL CREEK,TAS606,TAS
SOUTH ARM,TAS607,TAS
SOUTH BRUNY,TAS608,TAS
SOUTH BURNIE,TAS609,TAS
SOUTH FOREST,TAS610,TAS
SOUTH HOBART,TAS611,TAS
SOUTH LAUNCESTON,TAS612,TAS
SOUTH MOUNT CAMERON,TAS613,TAS
SOUTH NIETTA,TAS614,TAS
SOUTH PRESTON,TAS615,TAS
SOUTH RIANA,TAS616,TAS
SOUTH SPREYTON,TAS617,TAS
SOUTH SPRINGFIELD,TAS618,TAS
SOUTHPORT,TAS619,TAS
SOUTHPORT LAGOON,TAS620,TAS
SOUTHWEST,TAS621,TAS
SPALFORD,TAS622,TAS
SPRENT,TAS623,TAS
SPREYTON,TAS624,TAS
SPRING BEACH,TAS625,TAS
SPRINGFIELD,TAS626,TAS
SQUEAKING POINT,TAS627,TAS
ST HELENS,TAS628,TAS
ST LEONARDS,TAS629,TAS
ST MARYS,TAS630,TAS
STANLEY,TAS631,TAS
STAVERTON,TAS632,TAS
STEPPES,TAS633,TAS
STIEGLITZ,TAS634,TAS
STONEHENGE,TAS635,TAS
STONOR,TAS636,TAS
STONY HEAD,TAS637,TAS
STONY RISE,TAS638,TAS
STOODLEY,TAS639,TAS
STORMLEA,TAS640,TAS
STORYS CREEK,,TAS
STOWPORT,TAS641,TAS
STRAHAN,TAS642,TAS
STRATHBLANE,TAS643,TAS
STRATHGORDON,TAS644,TAS
STRICKLAND,TAS645,TAS
STRZELECKI,TAS646,TAS
STYX,TAS647,TAS
SULPHUR CREEK,TAS648,TAS
SUMMERHILL,TAS649,TAS
SUNNYSIDE,TAS650,TAS
SURGES BAY,TAS651,TAS
SURPRISE BAY,TAS652,TAS
SURVEYORS BAY,TAS653,TAS
SWAN BAY,TAS654,TAS
SWAN POINT,TAS655,TAS
SWANSEA,TAS656,TAS
SWANSTON,TAS657,TAS
TABLE CAPE,TAS658,TAS
TAKONE,TAS659,TAS
TALAWA,TAS660,TAS
TARANNA,TAS661,TAS
TARGA,TAS662,TAS
TARLETON,TAS663,TAS
TAROONA,TAS664,TAS
TARRALEAH,TAS665,TAS
TAYENE,TAS666,TAS
TEA TREE,TAS667,TAS
TELITA,TAS668,TAS
TEMMA,TAS669,TAS
TEWKESBURY,TAS670,TAS
THE GARDENS,TAS671,TAS
THIRLSTANE,TAS672,TAS
TIBERIAS,TAS673,TAS
TINDERBOX,TAS674,TAS
TODS CORNER,TAS675,TAS
TOGARI,TAS676,TAS
TOIBERRY,TAS677,TAS
TOLMANS HILL,TAS678,TAS
TOMAHAWK,TAS679,TAS
TONGANAH,TAS680,TAS
TOOMS LAKE,TAS681,TAS
TRANMERE,TAS682,TAS
TRAVELLERS REST,TAS683,TAS
TRENAH,TAS684,TAS
TREVALLYN,TAS685,TAS
TRIABUNNA,TAS686,TAS
TRIAL HARBOUR,TAS687,TAS
TROWUTTA,TAS688,TAS
TUGRAH,TAS689,TAS
TULENDEENA,TAS690,TAS
TULLAH,TAS691,TAS
TUNBRIDGE,TAS692,TAS
TUNNACK,TAS693,TAS
TUNNEL,TAS694,TAS
TURNERS BEACH,TAS695,TAS
TURNERS MARSH,TAS696,TAS
TYENNA,TAS697,TAS
ULVERSTONE,TAS698,TAS
UNDERWOOD,TAS699,TAS
UPPER BLESSINGTON,TAS700,TAS
UPPER BURNIE,TAS701,TAS
UPPER CASTRA,TAS702,TAS
UPPER ESK,TAS703,TAS
UPPER NATONE,TAS704,TAS
UPPER SCAMANDER,TAS705,TAS
UPPER STOWPORT,TAS706,TAS
UPPER WOODSTOCK,TAS707,TAS
UXBRIDGE,TAS708,TAS
VERONA SANDS,TAS709,TAS
VICTORIA VALLEY,TAS710,TAS
WADDAMANA,TAS711,TAS
WALLS OF JERUSALEM,TAS712,TAS
WARATAH,TAS713,TAS
WARRANE,TAS714,TAS
WARRENTINNA,TAS715,TAS
WATERHOUSE,TAS716,TAS
WATERLOO,TAS717,TAS
WATTLE GROVE,TAS718,TAS
WATTLE HILL,TAS719,TAS
WAVERLEY,TAS720,TAS
WAYATINAH,TAS721,TAS
WEEGENA,TAS722,TAS
WEETAH,TAS723,TAS
WELDBOROUGH,TAS724,TAS
WELLINGTON PARK,TAS725,TAS
WESLEY VALE,TAS726,TAS
WEST COAST,TAS727,TAS
WEST HOBART,TAS728,TAS
WEST KENTISH,TAS729,TAS
WEST LAUNCESTON,TAS730,TAS
WEST MONTAGU,TAS731,TAS
WEST MOONAH,TAS732,TAS
WEST MOOREVILLE,TAS733,TAS
WEST PINE,TAS734,TAS
WEST RIDGLEY,TAS735,TAS
WEST SCOTTSDALE,TAS736,TAS
WEST TAKONE,TAS737,TAS
WEST ULVERSTONE,TAS738,TAS
WESTBURY,TAS739,TAS
WESTERN CREEK,TAS740,TAS
WESTERN JUNCTION,TAS741,TAS
WESTERWAY,TAS742,TAS
WESTWOOD,TAS743,TAS
WEYMOUTH,TAS744,TAS
WHITE BEACH,TAS745,TAS
WHITE HILLS,TAS746,TAS
WHITEFOORD,TAS747,TAS
WHITEMARK,TAS748,TAS
WHITEMORE,TAS749,TAS
WICKHAM,TAS750,TAS
WILBURVILLE,TAS751,TAS
WILMOT,TAS752,TAS
WILTSHIRE,TAS753,TAS
WINDERMERE,TAS754,TAS
WINGAROO,TAS755,TAS
WINKLEIGH,TAS756,TAS
WINNALEAH,TAS757,TAS
WIVENHOE,TAS758,TAS
WOODBRIDGE,TAS759,TAS
WOODBURY,TAS760,TAS
WOODSDALE,TAS761,TAS
WOODSTOCK,TAS762,TAS
WOOLNORTH,TAS763,TAS
WYENA,TAS764,TAS
WYNYARD,TAS765,TAS
YAMBACOONA,TAS766,TAS
YARRA CREEK,TAS767,TAS
YOLLA,TAS768,TAS
YORK PLAINS,TAS769,TAS
YORK TOWN,TAS770,TAS
YOUNGTOWN,TAS771,TAS
ZEEHAN,TAS772,TAS
ABBEYARD,VIC1,VIC
ABBOTSFORD,VIC2,VIC
ABERFELDIE,VIC3,VIC
ABERFELDY,VIC4,VIC
ACHERON,VIC5,VIC
ADA,VIC6,VIC
ADAMS ESTATE,VIC7,VIC
ADDINGTON,VIC8,VIC
ADELAIDE LEAD,VIC9,VIC
AGNES,VIC10,VIC
AINTREE,VIC3010,VIC
AIRE VALLEY,VIC11,VIC
AIREYS INLET,VIC12,VIC
AIRLY,VIC13,VIC
AIRPORT WEST,VIC14,VIC
ALBACUTYA,VIC15,VIC
ALBANVALE,VIC16,VIC
ALBERT PARK,VIC17,VIC
ALBERTON,VIC18,VIC
ALBERTON WEST,VIC19,VIC
ALBION,VIC20,VIC
ALEXANDRA,VIC21,VIC
ALFREDTON,VIC22,VIC
ALLAMBEE,VIC23,VIC
ALLAMBEE RESERVE,VIC24,VIC
ALLAMBEE SOUTH,VIC25,VIC
ALLANS FLAT,VIC26,VIC
ALLANSFORD,VIC27,VIC
ALLENDALE,VIC28,VIC
ALLESTREE,VIC29,VIC
ALMA,VIC30,VIC
ALMONDS,VIC31,VIC
ALMURTA,VIC32,VIC
ALPHINGTON,VIC33,VIC
ALTONA,VIC34,VIC
ALTONA MEADOWS,VIC35,VIC
ALTONA NORTH,VIC36,VIC
ALVIE,VIC37,VIC
AMHERST,VIC38,VIC
AMOR,VIC39,VIC
AMPHITHEATRE,VIC40,VIC
ANAKIE,VIC41,VIC
ANCONA,VIC42,VIC
ANDERSON,VIC43,VIC
ANGLERS REST,VIC44,VIC
ANGLESEA,VIC45,VIC
ANNUELLO,VIC46,VIC
ANTWERP,VIC47,VIC
APOLLO BAY,VIC48,VIC
APPIN,VIC49,VIC
APPIN SOUTH,VIC50,VIC
APSLEY,VIC51,VIC
ARAPILES,VIC52,VIC
ARARAT,VIC53,VIC
ARAWATA,VIC54,VIC
ARBUCKLE,VIC55,VIC
ARCADIA,VIC56,VIC
ARCADIA SOUTH,VIC57,VIC
ARCHDALE,VIC58,VIC
ARCHDALE JUNCTION,VIC59,VIC
ARCHERTON,VIC60,VIC
ARCHIES CREEK,VIC61,VIC
ARDEER,VIC62,VIC
ARDMONA,VIC63,VIC
AREEGRA,VIC64,VIC
ARGYLE,VIC65,VIC
ARMADALE,VIC66,VIC
ARMSTRONG,VIC67,VIC
ARMSTRONG CREEK,VIC3002,VIC
ARNOLD,VIC68,VIC
ARNOLD WEST,VIC69,VIC
ARTHURS CREEK,VIC70,VIC
ARTHURS SEAT,VIC71,VIC
ASCOT,VIC2974,VIC
ASCOT,VIC2974,VIC
ASCOT,VIC2974,VIC
ASCOT VALE,VIC74,VIC
ASHBOURNE,VIC75,VIC
ASHBURTON,VIC76,VIC
ASHWOOD,VIC77,VIC
ASPENDALE,VIC78,VIC
ASPENDALE GARDENS,VIC79,VIC
ATHLONE,VIC80,VIC
ATTWOOD,VIC81,VIC
AUBREY,VIC82,VIC
AUCHMORE,VIC83,VIC
AVALON,VIC84,VIC
AVENEL,VIC85,VIC
AVOCA,VIC86,VIC
AVON PLAINS,VIC87,VIC
AVONDALE HEIGHTS,VIC88,VIC
AVONMORE,VIC89,VIC
AVONSLEIGH,VIC90,VIC
AXE CREEK,VIC91,VIC
AXEDALE,VIC92,VIC
AYRFORD,VIC93,VIC
BACCHUS MARSH,VIC94,VIC
BADDAGINNIE,VIC95,VIC
BADGER CREEK,VIC96,VIC
BAEL BAEL,VIC97,VIC
BAGSHOT,VIC98,VIC
BAGSHOT NORTH,VIC99,VIC
BAHGALLAH,VIC100,VIC
BAILIESTON,VIC101,VIC
BAIRNSDALE,VIC102,VIC
BAKERY HILL,VIC103,VIC
BALACLAVA,VIC104,VIC
BALD HILLS,VIC105,VIC
BALINTORE,VIC106,VIC
BALLAN,VIC107,VIC
BALLANGEICH,VIC108,VIC
BALLAPUR,VIC109,VIC
BALLARAT CENTRAL,VIC110,VIC
BALLARAT EAST,VIC111,VIC
BALLARAT NORTH,VIC112,VIC
BALLENDELLA,VIC113,VIC
BALLIANG,VIC114,VIC
BALLIANG EAST,VIC115,VIC
BALLYROGAN,VIC116,VIC
BALMATTUM,VIC117,VIC
BALMORAL,VIC118,VIC
BALNARRING,VIC119,VIC
BALNARRING BEACH,VIC120,VIC
BALOOK,VIC121,VIC
BALWYN,VIC122,VIC
BALWYN NORTH,VIC123,VIC
BAMAWM,VIC124,VIC
BAMAWM EXTENSION,VIC125,VIC
BAMBRA,VIC126,VIC
BAMGANIE,VIC127,VIC
BANDIANA,VIC128,VIC
BANGERANG,VIC129,VIC
BANGHOLME,VIC130,VIC
BANKSIA PENINSULA,VIC2992,VIC
BANNERTON,VIC131,VIC
BANNOCKBURN,VIC132,VIC
BANYAN,VIC133,VIC
BANYENA,VIC134,VIC
BARANDUDA,VIC135,VIC
BARFOLD,VIC136,VIC
BARINGHUP,VIC137,VIC
BARINGHUP WEST,VIC138,VIC
BARJARG,VIC139,VIC
BARKERS CREEK,VIC140,VIC
BARKLY,VIC141,VIC
BARKSTEAD,VIC142,VIC
BARMAH,VIC143,VIC
BARNADOWN,VIC144,VIC
BARNAWARTHA,VIC145,VIC
BARNAWARTHA NORTH,VIC146,VIC
BAROMI,VIC147,VIC
BARONGAROOK,VIC148,VIC
BARONGAROOK WEST,VIC149,VIC
BARRABOOL,VIC150,VIC
BARRAKEE,VIC151,VIC
BARRAMUNGA,VIC152,VIC
BARRAPORT,VIC153,VIC
BARRAPORT WEST,VIC154,VIC
BARRYS REEF,VIC155,VIC
BARUNAH PARK,VIC156,VIC
BARUNAH PLAINS,VIC157,VIC
BARWIDGEE,VIC158,VIC
BARWITE,VIC159,VIC
BARWON DOWNS,VIC160,VIC
BARWON HEADS,VIC161,VIC
BASALT,VIC162,VIC
BASS,VIC163,VIC
BATESFORD,VIC164,VIC
BATHUMI,VIC165,VIC
BAW BAW,VIC166,VIC
BAW BAW VILLAGE,VIC167,VIC
BAXTER,VIC168,VIC
BAYINDEEN,VIC169,VIC
BAYLES,VIC170,VIC
BAYNTON,VIC171,VIC
BAYNTON EAST,VIC172,VIC
BAYSWATER,VIC173,VIC
BAYSWATER NORTH,VIC174,VIC
BEACONSFIELD,VIC175,VIC
BEACONSFIELD UPPER,VIC176,VIC
BEALIBA,VIC177,VIC
BEARII,VIC178,VIC
BEARS LAGOON,VIC179,VIC
BEAUCHAMP,VIC180,VIC
BEAUFORT,VIC181,VIC
BEAUMARIS,VIC182,VIC
BEAZLEYS BRIDGE,VIC183,VIC
BEEAC,VIC184,VIC
BEECH FOREST,VIC185,VIC
BEECHWORTH,VIC186,VIC
BEENAK,VIC187,VIC
BELGRAVE,VIC188,VIC
BELGRAVE HEIGHTS,VIC189,VIC
BELGRAVE SOUTH,VIC190,VIC
BELL PARK,VIC191,VIC
BELL POST HILL,VIC192,VIC
BELLARINE,VIC193,VIC
BELLBIRD CREEK,VIC194,VIC
BELLBRAE,VIC195,VIC
BELLBRIDGE,VIC196,VIC
BELLELLEN,VIC197,VIC
BELLFIELD,VIC2967,VIC
BELLFIELD,VIC2967,VIC
BELLS BEACH,VIC200,VIC
BELMONT,VIC201,VIC
BEMM RIVER,VIC202,VIC
BENA,VIC203,VIC
BENALLA,VIC204,VIC
BENAMBRA,VIC205,VIC
BENAYEO,VIC206,VIC
BEND OF ISLANDS,VIC207,VIC
BENDIGO,VIC208,VIC
BENDOC,VIC209,VIC
BENGWORDEN,VIC210,VIC
BENJEROOP,VIC211,VIC
BENLOCH,VIC212,VIC
BENNISON,VIC213,VIC
BENTLEIGH,VIC214,VIC
BENTLEIGH EAST,VIC215,VIC
BENWERRIN,VIC216,VIC
BEREMBOKE,VIC217,VIC
BERRIMAL,VIC218,VIC
BERRINGA,VIC219,VIC
BERRINGAMA,VIC220,VIC
BERRIWILLOCK,VIC221,VIC
BERRYBANK,VIC222,VIC
BERRYS CREEK,VIC223,VIC
BERWICK,VIC224,VIC
BESSIEBELLE,VIC225,VIC
BET BET,VIC226,VIC
BETE BOLONG,VIC227,VIC
BETE BOLONG NORTH,VIC228,VIC
BETHANGA,VIC229,VIC
BETLEY,VIC230,VIC
BEULAH,VIC231,VIC
BEVERFORD,VIC232,VIC
BEVERIDGE,VIC233,VIC
BIG DESERT,VIC234,VIC
BIG HILL,VIC2960,VIC
BIG HILL,VIC2960,VIC
BIG HILL,VIC2960,VIC
BIG HILL,VIC2960,VIC
BIG PATS CREEK,VIC237,VIC
BIGGARA,VIC238,VIC
BILLABONG,VIC239,VIC
BIMBOURIE,VIC240,VIC
BINDI,VIC241,VIC
BINGINWARRI,VIC242,VIC
BINGO MUNJIE,VIC243,VIC
BIRCHIP,VIC244,VIC
BIRCHIP WEST,VIC245,VIC
BIRDWOODTON,VIC246,VIC
BIRREGURRA,VIC247,VIC
BITTERN,VIC248,VIC
BLACK HILL,VIC249,VIC
BLACK RANGE,VIC250,VIC
BLACK ROCK,VIC251,VIC
BLACKBURN,VIC252,VIC
BLACKBURN NORTH,VIC253,VIC
BLACKBURN SOUTH,VIC254,VIC
BLACKHEATH,VIC255,VIC
BLACKWARRY,VIC256,VIC
BLACKWOOD,VIC257,VIC
BLAIRGOWRIE,VIC258,VIC
BLAKEVILLE,VIC259,VIC
BLAMPIED,VIC260,VIC
BLIND BIGHT,VIC261,VIC
BLOWHARD,VIC262,VIC
BO PEEP,VIC263,VIC
BOBINAWARRAH,VIC264,VIC
BOCHARA,VIC265,VIC
BOGONG,VIC266,VIC
BOHO,VIC267,VIC
BOHO SOUTH,VIC268,VIC
BOIGBEAT,VIC269,VIC
BOINKA,VIC270,VIC
BOISDALE,VIC271,VIC
BOLANGUM,VIC272,VIC
BOLINDA,VIC273,VIC
BOLTON,VIC274,VIC
BOLWARRA,VIC275,VIC
BOLWARRAH,VIC276,VIC
BONA VISTA,VIC277,VIC
BONANG,VIC278,VIC
BONBEACH,VIC279,VIC
BONEGILLA,VIC280,VIC
BONEO,VIC281,VIC
BONN,VIC282,VIC
BONNIE BROOK,VIC3011,VIC
BONNIE DOON,VIC283,VIC
BONSHAW,VIC284,VIC
BOOKAAR,VIC285,VIC
BOOLA,VIC286,VIC
BOOLARONG,VIC287,VIC
BOOLARRA,VIC288,VIC
BOOLARRA SOUTH,VIC289,VIC
BOOLE POOLE,VIC290,VIC
BOOLITE,VIC291,VIC
BOOMAHNOOMOONAH,VIC292,VIC
BOONAH,VIC293,VIC
BOORCAN,VIC294,VIC
BOORHAMAN,VIC295,VIC
BOORHAMAN EAST,VIC296,VIC
BOORHAMAN NORTH,VIC297,VIC
BOOROLITE,VIC298,VIC
BOOROOL,VIC299,VIC
BOORT,VIC300,VIC
BOOSEY,VIC301,VIC
BORALMA,VIC302,VIC
BORNES HILL,VIC303,VIC
BORONIA,VIC304,VIC
BORUNG,VIC305,VIC
BOSTOCKS CREEK,VIC306,VIC
BOTANIC RIDGE,VIC2993,VIC
BOUNDARY BEND,VIC307,VIC
BOWENVALE,VIC308,VIC
BOWEYA,VIC309,VIC
BOWEYA NORTH,VIC310,VIC
BOWMANS FOREST,VIC311,VIC
BOWSER,VIC312,VIC
BOX HILL,VIC313,VIC
BOX HILL NORTH,VIC314,VIC
BOX HILL SOUTH,VIC315,VIC
BOXWOOD,VIC316,VIC
BRADFORD,VIC317,VIC
BRADVALE,VIC318,VIC
BRAESIDE,VIC319,VIC
BRANDY CREEK,VIC320,VIC
BRANXHOLME,VIC321,VIC
BRAVINGTON,VIC322,VIC
BRAYBROOK,VIC323,VIC
BREAKAWAY CREEK,VIC324,VIC
BREAKWATER,VIC325,VIC
BREAMLEA,VIC326,VIC
BRENANAH,VIC327,VIC
BREWSTER,VIC328,VIC
BRIAGOLONG,VIC329,VIC
BRIAR HILL,VIC330,VIC
BRIDGE CREEK,VIC331,VIC
BRIDGEWATER,VIC332,VIC
BRIDGEWATER NORTH,VIC333,VIC
BRIDGEWATER ON LODDON,VIC334,VIC
BRIGHT,VIC335,VIC
BRIGHTON,VIC336,VIC
BRIGHTON EAST,VIC337,VIC
BRIM,VIC338,VIC
BRIMBOAL,VIC339,VIC
BRIMIN,VIC340,VIC
BRIMPAEN,VIC341,VIC
BRINGALBERT,VIC342,VIC
BRIT BRIT,VIC343,VIC
BROADFORD,VIC344,VIC
BROADLANDS,VIC345,VIC
BROADMEADOWS,VIC346,VIC
BROADWATER,VIC347,VIC
BRODRIBB RIVER,VIC348,VIC
BROKEN CREEK,VIC349,VIC
BROMLEY,VIC350,VIC
BROOKFIELD,VIC351,VIC
BROOKLYN,VIC352,VIC
BROOKVILLE,VIC353,VIC
BROOMFIELD,VIC354,VIC
BROUGHTON,VIC355,VIC
BROWN HILL,VIC356,VIC
BROWNS PLAINS,VIC357,VIC
BRUARONG,VIC358,VIC
BRUCKNELL,VIC359,VIC
BRUMBY,VIC360,VIC
BRUNSWICK,VIC361,VIC
BRUNSWICK EAST,VIC362,VIC
BRUNSWICK WEST,VIC363,VIC
BRUTHEN,VIC364,VIC
BUANGOR,VIC365,VIC
BUCHAN,VIC366,VIC
BUCHAN SOUTH,VIC367,VIC
BUCKLAND,VIC368,VIC
BUCKLEY,VIC369,VIC
BUCKLEY SWAMP,VIC370,VIC
BUCKRABANYULE,VIC371,VIC
BUDGEE BUDGEE,VIC372,VIC
BUDGEREE,VIC373,VIC
BUDGERUM EAST,VIC374,VIC
BUFFALO,VIC375,VIC
BUFFALO RIVER,VIC376,VIC
BULART,VIC377,VIC
BULDAH,VIC378,VIC
BULGA,VIC379,VIC
BULGANA,VIC380,VIC
BULLA,VIC381,VIC
BULLAHARRE,VIC382,VIC
BULLAROOK,VIC383,VIC
BULLARTO,VIC384,VIC
BULLARTO SOUTH,VIC385,VIC
BULLEEN,VIC386,VIC
BULLENGAROOK,VIC387,VIC
BULLIOH,VIC388,VIC
BULLUMWAAL,VIC389,VIC
BULN BULN,VIC390,VIC
BULN BULN EAST,VIC391,VIC
BUMBERRAH,VIC392,VIC
BUNBARTHA,VIC393,VIC
BUNDALAGUAH,VIC394,VIC
BUNDALONG,VIC395,VIC
BUNDALONG SOUTH,VIC396,VIC
BUNDARA,VIC397,VIC
BUNDING,VIC398,VIC
BUNDOORA,VIC399,VIC
BUNG BONG,VIC400,VIC
BUNGADOR,VIC401,VIC
BUNGAL,VIC402,VIC
BUNGALALLY,VIC403,VIC
BUNGAREE,VIC404,VIC
BUNGEET,VIC405,VIC
BUNGEET WEST,VIC406,VIC
BUNGIL,VIC407,VIC
BUNGULUKE,VIC408,VIC
BUNINYONG,VIC409,VIC
BUNKERS HILL,VIC410,VIC
BUNYIP,VIC411,VIC
BUNYIP NORTH,VIC412,VIC
BURAGWONDUC,VIC413,VIC
BURKES BRIDGE,VIC414,VIC
BURKES FLAT,VIC415,VIC
BURNBANK,VIC416,VIC
BURNEWANG,VIC417,VIC
BURNLEY,VIC418,VIC
BURNSIDE,VIC419,VIC
BURNSIDE HEIGHTS,VIC420,VIC
BURRAMBOOT,VIC421,VIC
BURRAMINE,VIC422,VIC
BURRAMINE SOUTH,VIC423,VIC
BURROWYE,VIC424,VIC
BURRUMBEET,VIC425,VIC
BURWOOD,VIC426,VIC
BURWOOD EAST,VIC427,VIC
BUSHFIELD,VIC428,VIC
BUSHY PARK,VIC429,VIC
BUTCHERS RIDGE,VIC430,VIC
BUXTON,VIC431,VIC
BYADUK,VIC432,VIC
BYADUK NORTH,VIC433,VIC
BYAWATHA,VIC434,VIC
BYLANDS,VIC435,VIC
BYRNESIDE,VIC436,VIC
CABARITA,VIC437,VIC
CABBAGE TREE,VIC438,VIC
CABBAGE TREE CREEK,VIC439,VIC
CADELLO,VIC440,VIC
CAIRNLEA,VIC441,VIC
CALDER PARK,VIC442,VIC
CALDERMEADE,VIC443,VIC
CALIFORNIA GULLY,VIC444,VIC
CALIVIL,VIC445,VIC
CALLAWADDA,VIC446,VIC
CALLIGNEE,VIC447,VIC
CALLIGNEE NORTH,VIC448,VIC
CALLIGNEE SOUTH,VIC449,VIC
CALROSSIE,VIC450,VIC
CALULU,VIC451,VIC
CAMBARVILLE,VIC452,VIC
CAMBERWELL,VIC453,VIC
CAMBRIAN HILL,VIC454,VIC
CAMPASPE WEST,,VIC
CAMPBELLFIELD,VIC455,VIC
CAMPBELLS BRIDGE,VIC456,VIC
CAMPBELLS CREEK,VIC457,VIC
CAMPBELLS FOREST,VIC458,VIC
CAMPBELLTOWN,VIC459,VIC
CAMPERDOWN,VIC460,VIC
CANADIAN,VIC461,VIC
CANARY ISLAND,VIC462,VIC
CANIAMBO,VIC463,VIC
CANN RIVER,VIC464,VIC
CANNIE,VIC465,VIC
CANNONS CREEK,VIC466,VIC
CANNUM,VIC467,VIC
CANTERBURY,VIC468,VIC
CAPE BRIDGEWATER,VIC469,VIC
CAPE CLEAR,VIC470,VIC
CAPE CONRAN,VIC471,VIC
CAPE OTWAY,VIC472,VIC
CAPE PATERSON,VIC473,VIC
CAPE SCHANCK,VIC474,VIC
CAPE WOOLAMAI,VIC475,VIC
CAPEL SOUND,VIC3009,VIC
CAPELS CROSSING,VIC476,VIC
CARAG CARAG,VIC477,VIC
CARALULUP,VIC478,VIC
CARAMUT,VIC479,VIC
CARAPOOEE,VIC480,VIC
CARAPOOEE WEST,VIC481,VIC
CARAPOOK,VIC482,VIC
CARBOOR,VIC483,VIC
CARDIGAN,VIC484,VIC
CARDIGAN VILLAGE,VIC485,VIC
CARDINIA,VIC486,VIC
CARDROSS,VIC487,VIC
CARGERIE,VIC488,VIC
CARINA,VIC489,VIC
CARINGAL,VIC490,VIC
CARISBROOK,VIC491,VIC
CARLISLE RIVER,VIC492,VIC
CARLSRUHE,VIC493,VIC
CARLTON,VIC494,VIC
CARLTON NORTH,VIC495,VIC
CARLYLE,VIC496,VIC
CARNEGIE,VIC497,VIC
CARNGHAM,VIC498,VIC
CAROLINE SPRINGS,VIC499,VIC
CARPENDEIT,VIC500,VIC
CARRAJUNG,VIC501,VIC
CARRAJUNG LOWER,VIC502,VIC
CARRAJUNG SOUTH,VIC503,VIC
CARRANBALLAC,VIC504,VIC
CARRON,VIC505,VIC
CARRUM,VIC506,VIC
CARRUM DOWNS,VIC507,VIC
CARWARP,VIC508,VIC
CASHMORE,VIC509,VIC
CASSILIS,VIC510,VIC
CASTELLA,VIC511,VIC
CASTERTON,VIC512,VIC
CASTLE CREEK,VIC513,VIC
CASTLE DONNINGTON,VIC514,VIC
CASTLEMAINE,VIC515,VIC
CATANI,VIC516,VIC
CATHCART,VIC517,VIC
CATHKIN,VIC518,VIC
CATUMNAL,VIC519,VIC
CAULFIELD,VIC520,VIC
CAULFIELD EAST,VIC521,VIC
CAULFIELD NORTH,VIC522,VIC
CAULFIELD SOUTH,VIC523,VIC
CAVEAT,VIC524,VIC
CAVENDISH,VIC525,VIC
CERES,VIC526,VIC
CHADSTONE,VIC527,VIC
CHANDLERS CREEK,VIC528,VIC
CHAPEL FLAT,VIC529,VIC
CHAPPLE VALE,VIC530,VIC
CHARAM,VIC531,VIC
CHARLEMONT,VIC3003,VIC
CHARLEROI,VIC532,VIC
CHARLTON,VIC533,VIC
CHATSWORTH,VIC534,VIC
CHELSEA,VIC535,VIC
CHELSEA HEIGHTS,VIC536,VIC
CHELTENHAM,VIC537,VIC
CHEPSTOWE,VIC538,VIC
CHEROKEE,VIC539,VIC
CHERRYPOOL,VIC540,VIC
CHESHUNT,VIC541,VIC
CHESHUNT SOUTH,VIC542,VIC
CHESNEY VALE,VIC543,VIC
CHETWYND,VIC544,VIC
CHEWTON,VIC545,VIC
CHEWTON BUSHLANDS,VIC546,VIC
CHILDERS,VIC547,VIC
CHILLINGOLLAH,VIC548,VIC
CHILTERN,VIC549,VIC
CHILTERN VALLEY,VIC550,VIC
CHINANGIN,VIC551,VIC
CHINKAPOOK,VIC552,VIC
CHINTIN,VIC553,VIC
CHIRNSIDE PARK,VIC554,VIC
CHIRRIP,VIC555,VIC
CHOCOLYN,VIC556,VIC
CHRISTMAS HILLS,VIC557,VIC
CHUM CREEK,VIC558,VIC
CHURCHILL,VIC559,VIC
CHURCHILL ISLAND,VIC560,VIC
CHUTE,VIC561,VIC
CLARENDON,VIC562,VIC
CLARETOWN,VIC563,VIC
CLARINDA,VIC564,VIC
CLARKEFIELD,VIC565,VIC
CLARKES HILL,VIC566,VIC
CLAYTON,VIC567,VIC
CLAYTON SOUTH,VIC568,VIC
CLEAR LAKE,VIC569,VIC
CLEMATIS,VIC570,VIC
CLIFTON CREEK,VIC571,VIC
CLIFTON HILL,VIC572,VIC
CLIFTON SPRINGS,VIC573,VIC
CLONBINANE,VIC574,VIC
CLOVER FLAT,VIC575,VIC
CLOVERLEA,VIC576,VIC
CLUB TERRACE,VIC577,VIC
CLUNES,VIC578,VIC
CLYDE,VIC579,VIC
CLYDE NORTH,VIC580,VIC
CLYDEBANK,VIC581,VIC
CLYDESDALE,VIC582,VIC
COALVILLE,VIC583,VIC
COBAINS,VIC584,VIC
COBAW,VIC585,VIC
COBBANNAH,VIC586,VIC
COBBERAS,VIC587,VIC
COBBLEBANK,VIC3012,VIC
COBDEN,VIC588,VIC
COBRAM,VIC589,VIC
COBRAM EAST,VIC590,VIC
COBRICO,VIC591,VIC
COBUNGRA,VIC592,VIC
COBURG,VIC593,VIC
COBURG NORTH,VIC594,VIC
COCAMBA,VIC595,VIC
COCHRANES CREEK,VIC596,VIC
COCKATOO,VIC597,VIC
COCOROC,VIC598,VIC
CODRINGTON,VIC599,VIC
COGHILLS CREEK,VIC600,VIC
COHUNA,VIC601,VIC
COIMADAI,VIC602,VIC
COKUM,VIC603,VIC
COLAC,VIC604,VIC
COLAC COLAC,VIC605,VIC
COLAC EAST,VIC606,VIC
COLAC WEST,VIC607,VIC
COLBINABBIN,VIC608,VIC
COLBROOK,VIC609,VIC
COLDSTREAM,VIC610,VIC
COLERAINE,VIC611,VIC
COLIGNAN,VIC612,VIC
COLLINGWOOD,VIC613,VIC
COMBIENBAR,VIC614,VIC
CONCONGELLA,VIC615,VIC
CONDAH,VIC616,VIC
CONDAH SWAMP,VIC617,VIC
CONGUPNA,VIC618,VIC
CONNEWARRE,VIC619,VIC
CONNEWIRRICOO,VIC620,VIC
COOJAR,VIC621,VIC
COOLAROO,VIC622,VIC
COOMA,VIC623,VIC
COOMBOONA,VIC624,VIC
COOMOORA,VIC625,VIC
COONGULLA,VIC626,VIC
COONOOER BRIDGE,VIC627,VIC
COONOOER WEST,VIC628,VIC
COOPERS CREEK,VIC629,VIC
COORIEMUNGLE,VIC630,VIC
COPE COPE,VIC631,VIC
CORA LYNN,VIC632,VIC
CORACK,VIC633,VIC
CORACK EAST,VIC634,VIC
CORAGULAC,VIC635,VIC
CORAL BANK,VIC636,VIC
CORINDHAP,VIC637,VIC
CORINELLA,VIC638,VIC
CORIO,VIC639,VIC
CORNDALE,VIC640,VIC
CORNELLA,VIC641,VIC
CORNISHTOWN,VIC642,VIC
CORONET BAY,VIC643,VIC
COROP,VIC644,VIC
COROROOKE,VIC645,VIC
CORRINGLE,VIC646,VIC
CORRYONG,VIC647,VIC
CORUNNUN,VIC648,VIC
COSGROVE,VIC649,VIC
COSGROVE SOUTH,VIC650,VIC
COSTERFIELD,VIC651,VIC
COTSWOLD,VIC652,VIC
COTTLES BRIDGE,VIC653,VIC
COWA,VIC654,VIC
COWANGIE,VIC655,VIC
COWES,VIC656,VIC
COWLEYS CREEK,VIC657,VIC
COWWARR,VIC658,VIC
CRAIGIE,VIC659,VIC
CRAIGIEBURN,VIC660,VIC
CRANBOURNE,VIC661,VIC
CRANBOURNE EAST,VIC662,VIC
CRANBOURNE NORTH,VIC663,VIC
CRANBOURNE SOUTH,VIC664,VIC
CRANBOURNE WEST,VIC665,VIC
CREEK JUNCTION,VIC666,VIC
CREEK VIEW,VIC3006,VIC
CREIGHTONS CREEK,VIC667,VIC
CREMORNE,VIC668,VIC
CRESSY,VIC669,VIC
CRESWICK,VIC670,VIC
CRESWICK NORTH,VIC671,VIC
CRIB POINT,VIC672,VIC
CROOKAYAN,VIC673,VIC
CROOKED RIVER,VIC674,VIC
CROSS ROADS,VIC675,VIC
CROSSLEY,VIC676,VIC
CROSSOVER,VIC677,VIC
CROWLANDS,VIC678,VIC
CROXTON EAST,VIC679,VIC
CROYDON,VIC680,VIC
CROYDON HILLS,VIC681,VIC
CROYDON NORTH,VIC682,VIC
CROYDON SOUTH,VIC683,VIC
CRYMELON,VIC684,VIC
CUDGEE,VIC685,VIC
CUDGEWA,VIC686,VIC
CULGOA,VIC687,VIC
CULLA,VIC688,VIC
CULLEN,VIC689,VIC
CULLULLERAINE,VIC690,VIC
CUNDARE,VIC691,VIC
CUNDARE NORTH,VIC692,VIC
CURDIES RIVER,VIC693,VIC
CURDIEVALE,VIC694,VIC
CURLEWIS,VIC695,VIC
CURYO,VIC696,VIC
DADSWELLS BRIDGE,VIC697,VIC
DAISY HILL,VIC698,VIC
DALES CREEK,VIC699,VIC
DALLAS,VIC700,VIC
DALMORE,VIC701,VIC
DALTONS BRIDGE,VIC702,VIC
DALYENONG,VIC703,VIC
DALYSTON,VIC704,VIC
DANDENONG,VIC705,VIC
DANDENONG NORTH,VIC706,VIC
DANDENONG SOUTH,VIC707,VIC
DANDONGADALE,VIC708,VIC
DARGO,VIC709,VIC
DARLEY,VIC710,VIC
DARLIMURLA,VIC711,VIC
DARLINGTON,VIC712,VIC
DARNUM,VIC713,VIC
DARRAWEIT GUIM,VIC714,VIC
DARRIMAN,VIC715,VIC
DARTMOOR,VIC716,VIC
DARTMOUTH,VIC717,VIC
DAWSON,VIC718,VIC
DAYLESFORD,VIC719,VIC
DEAN,VIC720,VIC
DEANS MARSH,VIC721,VIC
DEANSIDE,VIC3013,VIC
DEDDICK VALLEY,VIC722,VIC
DEDERANG,VIC723,VIC
DEEP LEAD,VIC724,VIC
DEEPDENE,VIC2999,VIC
DEER PARK,VIC725,VIC
DELACOMBE,VIC726,VIC
DELAHEY,VIC727,VIC
DELATITE,VIC728,VIC
DELBURN,VIC729,VIC
DELEGATE RIVER,VIC2997,VIC
DENICULL CREEK,VIC730,VIC
DENISON,VIC731,VIC
DENNINGTON,VIC732,VIC
DENVER,VIC733,VIC
DEPTFORD,VIC734,VIC
DERBY,VIC735,VIC
DEREEL,VIC736,VIC
DERGHOLM,VIC737,VIC
DERRIMUT,VIC738,VIC
DERRINAL,VIC739,VIC
DERRINALLUM,VIC740,VIC
DEVENISH,VIC741,VIC
DEVILS RIVER,VIC742,VIC
DEVON MEADOWS,VIC743,VIC
DEVON NORTH,VIC744,VIC
DEWHURST,VIC745,VIC
DHURRINGILE,VIC746,VIC
DIAMOND CREEK,VIC747,VIC
DIGBY,VIC748,VIC
DIGGERS REST,VIC749,VIC
DIGGORA,VIC750,VIC
DIMBOOLA,VIC751,VIC
DINGEE,VIC752,VIC
DINGLEY VILLAGE,VIC753,VIC
DINGWALL,VIC754,VIC
DINNER PLAIN,VIC755,VIC
DIXIE,VIC756,VIC
DIXONS CREEK,VIC757,VIC
DOBIE,VIC758,VIC
DOCKER,VIC759,VIC
DOCKERS PLAINS,VIC760,VIC
DOCKLANDS,VIC761,VIC
DOCTORS FLAT,VIC762,VIC
DOLLAR,VIC763,VIC
DON VALLEY,VIC764,VIC
DONALD,VIC765,VIC
DONCASTER,VIC766,VIC
DONCASTER EAST,VIC767,VIC
DONNYBROOK,VIC768,VIC
DONVALE,VIC769,VIC
DOOBOOBETIC,VIC770,VIC
DOOEN,VIC771,VIC
DOOKIE,VIC772,VIC
DOOKIE COLLEGE,VIC773,VIC
DOREEN,VIC774,VIC
DORODONG,VIC775,VIC
DOUBLE BRIDGES,VIC776,VIC
DOUGLAS,VIC777,VIC
DOVETON,VIC778,VIC
DREEITE,VIC779,VIC
DREEITE SOUTH,VIC780,VIC
DRIFFIELD,VIC781,VIC
DRIK DRIK,VIC782,VIC
DROMANA,VIC783,VIC
DROPMORE,VIC784,VIC
DROUIN,VIC785,VIC
DROUIN EAST,VIC786,VIC
DROUIN SOUTH,VIC787,VIC
DROUIN WEST,VIC788,VIC
DRUMANURE,VIC789,VIC
DRUMBORG,VIC790,VIC
DRUMCONDRA,VIC791,VIC
DRUMMARTIN,VIC792,VIC
DRUMMOND,VIC793,VIC
DRUMMOND NORTH,VIC794,VIC
DRUNG,VIC795,VIC
DRY DIGGINGS,VIC796,VIC
DRYSDALE,VIC797,VIC
DUCHEMBEGARRA,VIC798,VIC
DUMBALK,VIC799,VIC
DUMBALK NORTH,VIC800,VIC
DUMOSA,VIC801,VIC
DUNACH,VIC802,VIC
DUNDONNELL,VIC803,VIC
DUNKELD,VIC804,VIC
DUNLUCE,VIC805,VIC
DUNNEWORTHY,VIC806,VIC
DUNNSTOWN,VIC807,VIC
DUNOLLY,VIC808,VIC
DUNROBIN,VIC809,VIC
DURDIDWARRAH,VIC810,VIC
DURHAM LEAD,VIC811,VIC
DURHAM OX,VIC812,VIC
DUTSON,VIC813,VIC
DUTSON DOWNS,VIC814,VIC
DUTTON WAY,VIC815,VIC
DUVERNEY,VIC816,VIC
EAGLE POINT,VIC817,VIC
EAGLEHAWK,VIC818,VIC
EAGLEHAWK NORTH,VIC819,VIC
EAGLEMONT,VIC820,VIC
EARLSTON,VIC821,VIC
EAST BAIRNSDALE,VIC822,VIC
EAST BENDIGO,VIC823,VIC
EAST GEELONG,VIC824,VIC
EAST MELBOURNE,VIC825,VIC
EAST SALE,VIC826,VIC
EAST WANGARATTA,VIC827,VIC
EAST WARBURTON,VIC828,VIC
EASTERN VIEW,VIC829,VIC
EASTVILLE,VIC830,VIC
EASTWOOD,VIC2998,VIC
EBDEN,VIC831,VIC
ECHUCA,VIC832,VIC
ECHUCA EAST,,VIC
ECHUCA VILLAGE,VIC833,VIC
ECHUCA WEST,VIC834,VIC
ECKLIN SOUTH,VIC835,VIC
EDDINGTON,VIC836,VIC
EDEN PARK,VIC837,VIC
EDENHOPE,VIC838,VIC
EDGECOMBE,VIC839,VIC
EDI,VIC840,VIC
EDI UPPER,VIC841,VIC
EDITHVALE,VIC842,VIC
EGANSTOWN,VIC843,VIC
EILDON,VIC844,VIC
ELAINE,VIC845,VIC
ELDORADO,VIC846,VIC
ELEVATED PLAINS,VIC847,VIC
ELINGAMITE,VIC848,VIC
ELINGAMITE NORTH,VIC849,VIC
ELIZABETH ISLAND,VIC3004,VIC
ELLASWOOD,VIC850,VIC
ELLERSLIE,VIC851,VIC
ELLIMINYT,VIC852,VIC
ELLINBANK,VIC853,VIC
ELMHURST,VIC854,VIC
ELMORE,VIC855,VIC
ELPHINSTONE,VIC856,VIC
ELSTERNWICK,VIC857,VIC
ELTHAM,VIC858,VIC
ELTHAM NORTH,VIC859,VIC
ELWOOD,VIC860,VIC
EMERALD,VIC861,VIC
EMU,VIC862,VIC
EMU CREEK,VIC863,VIC
ENDEAVOUR HILLS,VIC864,VIC
ENFIELD,VIC865,VIC
ENGLEFIELD,VIC866,VIC
ENOCHS POINT,VIC2954,VIC
ENSAY,VIC867,VIC
ENSAY NORTH,VIC868,VIC
EPPALOCK,VIC869,VIC
EPPING,VIC870,VIC
EPSOM,VIC871,VIC
ERCILDOUNE,VIC872,VIC
ERICA,VIC873,VIC
ERRINUNDRA,VIC874,VIC
ESKDALE,VIC875,VIC
ESMOND,VIC876,VIC
ESSENDON,VIC877,VIC
ESSENDON FIELDS,VIC2955,VIC
ESSENDON NORTH,VIC878,VIC
ESSENDON WEST,VIC879,VIC
EUMEMMERRING,VIC880,VIC
EURACK,VIC881,VIC
EUREKA,VIC882,VIC
EUROA,VIC883,VIC
EUROBIN,VIC884,VIC
EVANSFORD,VIC885,VIC
EVERSLEY,VIC886,VIC
EVERTON,VIC887,VIC
EVERTON UPPER,VIC888,VIC
EXFORD,VIC889,VIC
EYNESBURY,VIC890,VIC
FAIRBANK,VIC891,VIC
FAIRFIELD,VIC892,VIC
FAIRHAVEN,VIC893,VIC
FAIRLEY,VIC894,VIC
FAIRY DELL,VIC2971,VIC
FAIRY DELL,VIC2971,VIC
FALLS CREEK,VIC897,VIC
FARADAY,VIC898,VIC
FAWCETT,VIC899,VIC
FAWKNER,VIC900,VIC
FENTONS CREEK,VIC901,VIC
FERGUSON,VIC902,VIC
FERN HILL,VIC903,VIC
FERNBANK,VIC904,VIC
FERNDALE,VIC905,VIC
FERNIHURST,VIC906,VIC
FERNSHAW,VIC907,VIC
FERNTREE GULLY,VIC908,VIC
FERNY CREEK,VIC910,VIC
FIELDSTONE,VIC3014,VIC
FIERY FLAT,VIC911,VIC
FINGAL,VIC912,VIC
FISH CREEK,VIC913,VIC
FISH POINT,VIC914,VIC
FISKVILLE,VIC915,VIC
FITZROY,VIC916,VIC
FITZROY NORTH,VIC917,VIC
FLAGGY CREEK,VIC918,VIC
FLAGSTAFF,VIC919,VIC
FLAMINGO BEACH,VIC920,VIC
FLEMINGTON,VIC921,VIC
FLINDERS,VIC922,VIC
FLORA HILL,VIC923,VIC
FLOWERDALE,VIC924,VIC
FLYNN,VIC925,VIC
FLYNNS CREEK,VIC926,VIC
FOOTSCRAY,VIC927,VIC
FORBES,VIC928,VIC
FOREST HILL,VIC929,VIC
FORGE CREEK,VIC930,VIC
FORREST,VIC931,VIC
FOSTER,VIC932,VIC
FOSTER NORTH,VIC933,VIC
FOSTERVILLE,VIC934,VIC
FOXHOW,VIC935,VIC
FRAMLINGHAM,VIC936,VIC
FRAMLINGHAM,VIC936,VIC
FRAMLINGHAM EAST,VIC937,VIC
FRANKLINFORD,VIC938,VIC
FRANKSTON,VIC939,VIC
FRANKSTON NORTH,VIC940,VIC
FRANKSTON SOUTH,VIC941,VIC
FRASER RISE,VIC3015,VIC
FREEBURGH,VIC942,VIC
FRENCH ISLAND,VIC943,VIC
FRENCHMANS,VIC944,VIC
FRESHWATER CREEK,VIC945,VIC
FRYERSTOWN,VIC946,VIC
FULHAM,VIC947,VIC
FUMINA,VIC948,VIC
FUMINA SOUTH,VIC949,VIC
FYANS CREEK,VIC950,VIC
FYANSFORD,VIC951,VIC
GAFFNEYS CREEK,VIC2951,VIC
GAINSBOROUGH,VIC952,VIC
GANNAWARRA,VIC953,VIC
GAPSTED,VIC954,VIC
GARDENVALE,VIC955,VIC
GARFIELD,VIC956,VIC
GARFIELD NORTH,VIC957,VIC
GARIBALDI,VIC958,VIC
GARVOC,VIC959,VIC
GATEWAY ISLAND,VIC960,VIC
GATUM,VIC961,VIC
GAZETTE,VIC962,VIC
GEELONG,VIC963,VIC
GEELONG WEST,VIC964,VIC
GELANTIPY,VIC965,VIC
GELLIBRAND,VIC966,VIC
GELLIBRAND LOWER,VIC967,VIC
GELLIONDALE,VIC968,VIC
GEMBROOK,VIC969,VIC
GENOA,VIC970,VIC
GENTLE ANNIE,VIC971,VIC
GEORGES CREEK,VIC972,VIC
GERAHMIN,VIC973,VIC
GERANG GERUNG,VIC974,VIC
GERANGAMETE,VIC975,VIC
GERMANIA,VIC976,VIC
GERMANTOWN,VIC977,VIC
GERRIGERRUP,VIC978,VIC
GHERANG,VIC979,VIC
GHERINGHAP,VIC980,VIC
GHIN GHIN,VIC981,VIC
GIFFARD,VIC982,VIC
GIFFARD WEST,VIC983,VIC
GIL GIL,VIC984,VIC
GILDEROY,VIC985,VIC
GILLIESTON,VIC986,VIC
GILLUM,VIC987,VIC
GIPSY POINT,VIC988,VIC
GIRGARRE,VIC989,VIC
GIRGARRE EAST,VIC990,VIC
GISBORNE,VIC991,VIC
GISBORNE SOUTH,VIC992,VIC
GLADFIELD,VIC993,VIC
GLADSTONE PARK,VIC994,VIC
GLADYSDALE,VIC995,VIC
GLEN ALVIE,VIC996,VIC
GLEN CREEK,VIC997,VIC
GLEN FALLOCH,,VIC
GLEN FORBES,VIC999,VIC
GLEN HUNTLY,VIC1000,VIC
GLEN IRIS,VIC1001,VIC
GLEN PARK,VIC1002,VIC
GLEN VALLEY,VIC1003,VIC
GLEN WAVERLEY,VIC1004,VIC
GLEN WILLS,VIC1005,VIC
GLENAIRE,VIC1006,VIC
GLENALADALE,VIC1007,VIC
GLENALBYN,VIC1008,VIC
GLENAROUA,VIC1009,VIC
GLENBRAE,VIC1010,VIC
GLENBURN,VIC1011,VIC
GLENDARUEL,VIC1012,VIC
GLENDONALD,VIC2980,VIC
GLENFALLOCH,VIC2956,VIC
GLENFYNE,VIC1014,VIC
GLENGARRY,VIC1015,VIC
GLENGARRY NORTH,VIC1016,VIC
GLENGARRY WEST,VIC1017,VIC
GLENGOWER,VIC1018,VIC
GLENHOPE,VIC1019,VIC
GLENHOPE EAST,VIC1020,VIC
GLENISLA,VIC1021,VIC
GLENLEE,VIC1022,VIC
GLENLOFTY,VIC1023,VIC
GLENLOGIE,VIC1024,VIC
GLENLOTH,VIC1025,VIC
GLENLOTH EAST,VIC1026,VIC
GLENLUCE,VIC1027,VIC
GLENLYON,VIC1028,VIC
GLENMAGGIE,VIC1029,VIC
GLENMORE,VIC1030,VIC
GLENORCHY,VIC1031,VIC
GLENORMISTON NORTH,VIC1032,VIC
GLENORMISTON SOUTH,VIC1033,VIC
GLENPATRICK,VIC1034,VIC
GLENROWAN,VIC1035,VIC
GLENROWAN WEST,VIC1036,VIC
GLENROY,VIC1037,VIC
GLENTHOMPSON,VIC1038,VIC
GLOMAR BEACH,VIC1039,VIC
GNARWARRE,VIC1040,VIC
GNOTUK,VIC1041,VIC
GOBARUP,VIC1042,VIC
GOBUR,VIC1043,VIC
GOLDEN BEACH,VIC1044,VIC
GOLDEN GULLY,VIC1045,VIC
GOLDEN POINT,VIC2978,VIC
GOLDEN POINT,VIC2978,VIC
GOLDEN POINT,VIC2978,VIC
GOLDEN SQUARE,VIC1049,VIC
GOLDIE,VIC1050,VIC
GOLDSBOROUGH,VIC1051,VIC
GONG GONG,VIC1052,VIC
GONN CROSSING,VIC1053,VIC
GOOMALIBEE,VIC1054,VIC
GOON NURE,VIC1055,VIC
GOONGERAH,VIC1056,VIC
GOORAM,VIC1057,VIC
GOORAMADDA,VIC1058,VIC
GOORAMBAT,VIC1059,VIC
GOORNONG,VIC1060,VIC
GOOROC,VIC1061,VIC
GORAE,VIC1062,VIC
GORAE WEST,VIC1063,VIC
GORDON,VIC1064,VIC
GORMANDALE,VIC1065,VIC
GOROKE,VIC1066,VIC
GOSCHEN,VIC1067,VIC
GOUGHS BAY,VIC1068,VIC
GOULBURN WEIR,VIC1069,VIC
GOWANBRAE,VIC1070,VIC
GOWANFORD,VIC1071,VIC
GOWANGARDIE,VIC1072,VIC
GOWAR EAST,VIC1073,VIC
GOWER,VIC1074,VIC
GRAHAMVALE,VIC1075,VIC
GRAMPIANS,VIC1076,VIC
GRAND RIDGE,VIC1077,VIC
GRANGEFIELDS,VIC3016,VIC
GRANITE FLAT,VIC1078,VIC
GRANITE ROCK,VIC1079,VIC
GRANTVILLE,VIC1080,VIC
GRANYA,VIC1081,VIC
GRASS FLAT,VIC1082,VIC
GRASSDALE,VIC1083,VIC
GRASSMERE,VIC1084,VIC
GRAYS BRIDGE,VIC1085,VIC
GRAYTOWN,VIC1086,VIC
GRE GRE,VIC1087,VIC
GRE GRE NORTH,VIC1088,VIC
GRE GRE SOUTH,VIC1089,VIC
GREAT WESTERN,VIC1090,VIC
GREDGWIN,VIC1091,VIC
GREEN GULLY,VIC1092,VIC
GREENDALE,VIC1093,VIC
GREENHILL,VIC1094,VIC
GREENS CREEK,VIC1095,VIC
GREENSBOROUGH,VIC1096,VIC
GREENVALE,VIC1097,VIC
GREENWALD,VIC1098,VIC
GRENVILLE,VIC1099,VIC
GRETA,VIC1100,VIC
GRETA SOUTH,VIC1101,VIC
GRETA WEST,VIC1102,VIC
GREY RIVER,VIC1103,VIC
GRINGEGALGONA,VIC1104,VIC
GRITJURK,VIC1105,VIC
GROVEDALE,VIC1106,VIC
GRUYERE,VIC1107,VIC
GUILDFORD,VIC1108,VIC
GUNBOWER,VIC1109,VIC
GUNDOWRING,VIC1110,VIC
GUNYAH,VIC1111,VIC
GUYS FOREST,VIC1112,VIC
GUYS HILL,VIC1113,VIC
GYMBOWEN,VIC1114,VIC
HADDON,VIC1115,VIC
HADFIELD,VIC1116,VIC
HALLAM,VIC1117,VIC
HALLORA,VIC1118,VIC
HALLS GAP,VIC1119,VIC
HALLSTON,VIC1120,VIC
HAMILTON,VIC1121,VIC
HAMLYN HEIGHTS,VIC1122,VIC
HAMPTON,VIC1123,VIC
HAMPTON EAST,VIC1124,VIC
HAMPTON PARK,VIC1125,VIC
HANSONVILLE,VIC1126,VIC
HAPPY VALLEY,VIC2976,VIC
HAPPY VALLEY,VIC2976,VIC
HAPPY VALLEY,VIC2976,VIC
HARCOURT,VIC1129,VIC
HARCOURT NORTH,VIC1130,VIC
HARKAWAY,VIC1131,VIC
HARKNESS,VIC3017,VIC
HARMERS HAVEN,VIC1132,VIC
HARRIETVILLE,VIC1133,VIC
HARROW,VIC1134,VIC
HARSTON,VIC1135,VIC
HASTINGS,VIC1136,VIC
HATTAH,VIC1137,VIC
HAVELOCK,VIC1138,VIC
HAVEN,VIC1139,VIC
HAVILAH,VIC1140,VIC
HAWKESDALE,VIC1141,VIC
HAWKHURST,VIC1142,VIC
HAWTHORN,VIC1143,VIC
HAWTHORN EAST,VIC1144,VIC
HAZEL PARK,VIC1145,VIC
HAZELDENE,,VIC
HAZELWOOD,VIC1147,VIC
HAZELWOOD NORTH,VIC1148,VIC
HAZELWOOD SOUTH,VIC1149,VIC
HEALESVILLE,VIC1150,VIC
HEATH HILL,VIC1151,VIC
HEATHCOTE,VIC1152,VIC
HEATHCOTE JUNCTION,VIC1153,VIC
HEATHCOTE SOUTH,VIC1154,VIC
HEATHERTON,VIC1155,VIC
HEATHMERE,VIC1156,VIC
HEATHMONT,VIC1157,VIC
HEDLEY,VIC1158,VIC
HEIDELBERG,VIC1159,VIC
HEIDELBERG HEIGHTS,VIC1160,VIC
HEIDELBERG WEST,VIC1161,VIC
HENSLEY PARK,VIC1162,VIC
HENTY,VIC1163,VIC
HEPBURN,VIC1164,VIC
HEPBURN SPRINGS,VIC1165,VIC
HERNE HILL,VIC1166,VIC
HERNES OAK,VIC1167,VIC
HESKET,VIC1168,VIC
HESSE,VIC1169,VIC
HEXHAM,VIC1170,VIC
HEYFIELD,VIC1171,VIC
HEYTESBURY LOWER,VIC1172,VIC
HEYWOOD,VIC1173,VIC
HIAMDALE,VIC1174,VIC
HIAWATHA,VIC1175,VIC
HIGH CAMP,VIC1176,VIC
HIGHETT,VIC1177,VIC
HIGHLANDS,VIC1178,VIC
HIGHTON,VIC1179,VIC
HILGAY,VIC1180,VIC
HILL END,VIC1181,VIC
HILLCREST,VIC1182,VIC
HILLDENE,VIC1183,VIC
HILLSIDE,VIC2984,VIC
HILLSIDE,VIC2984,VIC
HINNOMUNJIE,VIC1186,VIC
HMAS CERBERUS,VIC1187,VIC
HODDLES CREEK,VIC1188,VIC
HOLLANDS LANDING,VIC1189,VIC
HOMEBUSH,VIC1190,VIC
HOMERTON,VIC1191,VIC
HOMEWOOD,VIC1192,VIC
HOPETOUN,VIC1193,VIC
HOPETOUN PARK,VIC1194,VIC
HOPPERS CROSSING,VIC1195,VIC
HORDERN VALE,VIC1196,VIC
HORFIELD,VIC1197,VIC
HORSHAM,VIC1198,VIC
HOTHAM HEIGHTS,VIC1199,VIC
HOTSPUR,VIC1200,VIC
HOWES CREEK,VIC1201,VIC
HOWITT PLAINS,VIC1202,VIC
HOWQUA,VIC1203,VIC
HOWQUA HILLS,VIC1204,VIC
HOWQUA INLET,VIC1205,VIC
HUGHESDALE,VIC1206,VIC
HUMEVALE,VIC1207,VIC
HUNTER,VIC1208,VIC
HUNTERSTON,VIC1209,VIC
HUNTINGDALE,VIC1210,VIC
HUNTLY,VIC1211,VIC
HUNTLY NORTH,VIC1212,VIC
HUON,VIC1213,VIC
HUON CREEK,VIC1214,VIC
HURSTBRIDGE,VIC1215,VIC
ICY CREEK,VIC1216,VIC
IGUANA CREEK,VIC1217,VIC
ILLABAROOK,VIC1218,VIC
ILLAWARRA,VIC1219,VIC
ILLOWA,VIC1220,VIC
INDENTED HEAD,VIC1221,VIC
INDIGO VALLEY,VIC1222,VIC
INGLEWOOD,VIC1223,VIC
INGLISTON,VIC1224,VIC
INKERMAN,VIC1225,VIC
INVERGORDON,VIC1226,VIC
INVERLEIGH,VIC1227,VIC
INVERLOCH,VIC1228,VIC
INVERMAY,VIC1229,VIC
INVERMAY PARK,VIC1230,VIC
IONA,VIC1231,VIC
IRAAK,VIC1232,VIC
IRISHTOWN,VIC1233,VIC
IRONBARK,VIC1234,VIC
IRREWARRA,VIC1235,VIC
IRREWILLIPE,VIC1236,VIC
IRREWILLIPE EAST,VIC1237,VIC
IRYMPLE,VIC1238,VIC
IVANHOE,VIC1239,VIC
IVANHOE EAST,VIC1240,VIC
JACANA,VIC1241,VIC
JACK RIVER,VIC1242,VIC
JACKASS FLAT,VIC1243,VIC
JACOB CREEK,VIC1244,VIC
JAM JERRUP,VIC1245,VIC
JAMIESON,VIC1246,VIC
JAN JUC,VIC1247,VIC
JANCOURT,VIC1248,VIC
JANCOURT EAST,VIC1249,VIC
JARKLIN,VIC1250,VIC
JARRAHMOND,VIC1251,VIC
JARVIS CREEK,VIC1252,VIC
JEERALANG,VIC1253,VIC
JEERALANG JUNCTION,VIC1254,VIC
JEETHO,VIC1255,VIC
JEFFCOTT,VIC1256,VIC
JEFFCOTT NORTH,VIC1257,VIC
JEPARIT,VIC1258,VIC
JERICHO,VIC1259,VIC
JERUK,VIC1260,VIC
JIL JIL,VIC1261,VIC
JILPANGER,VIC1262,VIC
JINDIVICK,VIC1263,VIC
JOEL JOEL,VIC1264,VIC
JOEL SOUTH,VIC1265,VIC
JOHANNA,VIC1266,VIC
JOHNSONVILLE,VIC1267,VIC
JOYCES CREEK,VIC1268,VIC
JUMBUK,VIC1269,VIC
JUMBUNNA,VIC1270,VIC
JUNCTION VILLAGE,VIC1271,VIC
JUNG,VIC1272,VIC
JUNGABURRA,VIC1273,VIC
JUNORTOUN,VIC1274,VIC
KAARIMBA,VIC1275,VIC
KADNOOK,VIC1276,VIC
KALIMNA,VIC1277,VIC
KALIMNA WEST,VIC1278,VIC
KALKALLO,VIC1279,VIC
KALKEE,VIC1280,VIC
KALLISTA,VIC1281,VIC
KALORAMA,VIC1282,VIC
KALPIENUNG,VIC1283,VIC
KAMAROOKA,VIC1284,VIC
KAMAROOKA NORTH,VIC1285,VIC
KANAGULK,VIC1286,VIC
KANCOONA,VIC1287,VIC
KANGAROO FLAT,VIC1288,VIC
KANGAROO GROUND,VIC1289,VIC
KANIVA,VIC1290,VIC
KANUMBRA,VIC1291,VIC
KANYA,VIC1292,VIC
KANYAPELLA,VIC1293,VIC
KARABEAL,VIC1294,VIC
KARDELLA,VIC1295,VIC
KARDELLA SOUTH,VIC1296,VIC
KARIAH,VIC1297,VIC
KARNAK,VIC1298,VIC
KARRAMOMUS,VIC1299,VIC
KARYRIE,VIC1300,VIC
KATAMATITE,VIC1301,VIC
KATAMATITE EAST,VIC1302,VIC
KATANDRA,VIC1303,VIC
KATANDRA WEST,VIC1304,VIC
KATUNGA,VIC1305,VIC
KAWARREN,VIC1306,VIC
KEALBA,VIC1307,VIC
KEELY,VIC1308,VIC
KEILOR,VIC1309,VIC
KEILOR DOWNS,VIC1310,VIC
KEILOR EAST,VIC1311,VIC
KEILOR LODGE,VIC1312,VIC
KEILOR NORTH,VIC1313,VIC
KEILOR PARK,VIC1314,VIC
KELLALAC,VIC1315,VIC
KELVIN VIEW,VIC1316,VIC
KENLEY,VIC1317,VIC
KENMARE,VIC1318,VIC
KENNEDYS CREEK,VIC1319,VIC
KENNETT RIVER,VIC1320,VIC
KENNINGTON,VIC1321,VIC
KENSINGTON,VIC1322,VIC
KERANG,VIC1323,VIC
KERANG EAST,VIC1324,VIC
KERGUNYAH,VIC1325,VIC
KERGUNYAH SOUTH,VIC1326,VIC
KERNOT,VIC1327,VIC
KERRIE,VIC1328,VIC
KERRISDALE,VIC1329,VIC
KEVINGTON,VIC1330,VIC
KEW,VIC1331,VIC
KEW EAST,VIC1332,VIC
KEWELL,VIC1333,VIC
KEYSBOROUGH,VIC1334,VIC
KIALLA,VIC1335,VIC
KIALLA EAST,VIC1336,VIC
KIALLA WEST,VIC1337,VIC
KIATA,VIC1338,VIC
KIEWA,VIC1339,VIC
KILCUNDA,VIC1340,VIC
KILLARA,VIC2959,VIC
KILLARA,VIC2959,VIC
KILLARA,VIC2959,VIC
KILLARNEY,VIC1343,VIC
KILLAWARRA,VIC1344,VIC
KILLINGWORTH,VIC1345,VIC
KILMANY,VIC1346,VIC
KILMORE,VIC1347,VIC
KILMORE EAST,VIC1348,VIC
KILSYTH,VIC1349,VIC
KILSYTH SOUTH,VIC1350,VIC
KIMBOLTON,VIC1351,VIC
KING VALLEY,VIC1352,VIC
KINGLAKE,VIC1353,VIC
KINGLAKE CENTRAL,VIC1354,VIC
KINGLAKE WEST,VIC1355,VIC
KINGOWER,VIC1356,VIC
KINGS PARK,VIC1357,VIC
KINGSBURY,VIC1358,VIC
KINGSTON,VIC1359,VIC
KINGSVILLE,VIC1360,VIC
KINNABULLA,VIC1361,VIC
KINYPANIAL,VIC1362,VIC
KIRKSTALL,VIC1363,VIC
KIRWANS BRIDGE,VIC1364,VIC
KITHBROOK,VIC1365,VIC
KNEBSWORTH,VIC1366,VIC
KNOCKWOOD,VIC2950,VIC
KNOWSLEY,VIC1367,VIC
KNOXFIELD,VIC1368,VIC
KOALLAH,VIC1369,VIC
KOETONG,VIC1370,VIC
KOLORA,VIC1371,VIC
KONGWAK,VIC1372,VIC
KONONGWOOTONG,VIC1373,VIC
KOO WEE RUP,VIC1374,VIC
KOO WEE RUP NORTH,VIC1375,VIC
KOOLOONONG,VIC1376,VIC
KOONDA,VIC1377,VIC
KOONDROOK,VIC1378,VIC
KOONOOMOO,VIC1379,VIC
KOONWARRA,VIC1380,VIC
KOOREH,VIC1381,VIC
KOORLONG,VIC1382,VIC
KOORNALLA,VIC1383,VIC
KOOROOCHEANG,VIC1384,VIC
KOOROOL,VIC1385,VIC
KOOROOMAN,VIC1386,VIC
KOOYONG,VIC1387,VIC
KORIELLA,VIC1388,VIC
KOROBEIT,VIC1389,VIC
KOROIT,VIC1390,VIC
KORONG VALE,VIC1391,VIC
KOROOP,VIC1392,VIC
KORUMBURRA,VIC1393,VIC
KORUMBURRA SOUTH,VIC1394,VIC
KORWEINGUBOORA,VIC1395,VIC
KOTTA,VIC1396,VIC
KOTUPNA,VIC1397,VIC
KOYUGA,VIC1398,VIC
KROWERA,VIC1399,VIC
KULWIN,VIC1400,VIC
KUNAT,VIC1401,VIC
KURRACA,VIC1402,VIC
KURRACA WEST,VIC1403,VIC
KURTING,VIC1404,VIC
KURUNJANG,VIC1405,VIC
KYABRAM,VIC1406,VIC
KYABRAM SOUTH,VIC1407,VIC
KYNETON,VIC1408,VIC
KYNETON SOUTH,VIC1409,VIC
KYVALLEY,VIC1410,VIC
LAANECOORIE,VIC1411,VIC
LAANG,VIC1412,VIC
LABERTOUCHE,VIC1413,VIC
LACEBY,VIC1414,VIC
LADYS PASS,VIC1415,VIC
LAEN,VIC1416,VIC
LAEN EAST,VIC1417,VIC
LAEN NORTH,VIC1418,VIC
LAH,VIC1419,VIC
LAHARUM,VIC1420,VIC
LAKE BOGA,VIC1421,VIC
LAKE BOLAC,VIC1422,VIC
LAKE BUNGA,VIC1423,VIC
LAKE CHARM,VIC1424,VIC
LAKE CONDAH,VIC1425,VIC
LAKE EILDON,VIC1426,VIC
LAKE EPPALOCK,VIC1427,VIC
LAKE FYANS,VIC1428,VIC
LAKE GARDENS,VIC1429,VIC
LAKE GOLDSMITH,VIC1430,VIC
LAKE LONSDALE,VIC1431,VIC
LAKE MARMAL,VIC1432,VIC
LAKE MERAN,VIC1433,VIC
LAKE MUNDI,VIC1434,VIC
LAKE POWELL,VIC1435,VIC
LAKE ROWAN,VIC1436,VIC
LAKE TYERS,VIC1437,VIC
LAKE TYERS BEACH,VIC1438,VIC
LAKE TYERS COMMUNITY,,VIC
LAKE TYRRELL,VIC1439,VIC
LAKE WELLINGTON,VIC1440,VIC
LAKE WENDOUREE,VIC1441,VIC
LAKE WONGAN,VIC1442,VIC
LAKES ENTRANCE,VIC1443,VIC
LAL LAL,VIC1444,VIC
LALBERT,VIC1445,VIC
LALOR,VIC1446,VIC
LAMPLOUGH,VIC1447,VIC
LANCASTER,VIC1448,VIC
LANCE CREEK,VIC1449,VIC
LANCEFIELD,VIC1450,VIC
LANDSBOROUGH,VIC1451,VIC
LANDSBOROUGH WEST,VIC1452,VIC
LANG LANG,VIC1453,VIC
LANG LANG EAST,VIC1454,VIC
LANGDONS HILL,VIC1455,VIC
LANGI KAL KAL,VIC1456,VIC
LANGI LOGAN,VIC1457,VIC
LANGKOOP,VIC1458,VIC
LANGLEY,VIC1459,VIC
LANGSBOROUGH,VIC1460,VIC
LANGWARRIN,VIC1461,VIC
LANGWARRIN SOUTH,VIC1462,VIC
LARA,VIC1463,VIC
LARDNER,VIC1464,VIC
LARPENT,VIC1465,VIC
LARRALEA,VIC1466,VIC
LASCELLES,VIC1467,VIC
LAUNCHING PLACE,VIC1468,VIC
LAURISTON,VIC1469,VIC
LAVERS HILL,VIC1470,VIC
LAVERTON,VIC1471,VIC
LAVERTON NORTH,VIC1472,VIC
LAWLER,VIC1473,VIC
LAWLOIT,VIC1474,VIC
LAWRENCE,VIC1475,VIC
LEAGHUR,VIC1476,VIC
LEARMONTH,VIC1477,VIC
LEDCOURT,VIC1478,VIC
LEICHARDT,VIC1479,VIC
LEIGH CREEK,VIC1480,VIC
LEITCHVILLE,VIC1481,VIC
LEMNOS,VIC1482,VIC
LENEVA,VIC1483,VIC
LEONARDS HILL,VIC1484,VIC
LEONGATHA,VIC1485,VIC
LEONGATHA NORTH,VIC1486,VIC
LEONGATHA SOUTH,VIC1487,VIC
LEOPOLD,VIC1488,VIC
LERDERDERG,VIC1489,VIC
LESLIE MANOR,VIC1490,VIC
LETHBRIDGE,VIC1491,VIC
LEXTON,VIC1492,VIC
LICOLA,VIC1493,VIC
LICOLA NORTH,VIC1494,VIC
LILLICO,VIC1495,VIC
LILLICUR,VIC1496,VIC
LILLIMUR,VIC1497,VIC
LILLIPUT,VIC1498,VIC
LILYDALE,VIC1499,VIC
LIMA,VIC1500,VIC
LIMA EAST,VIC1501,VIC
LIMA SOUTH,VIC1502,VIC
LIMESTONE,VIC1503,VIC
LINDENOW,VIC1504,VIC
LINDENOW SOUTH,VIC1505,VIC
LINDSAY,VIC1506,VIC
LINDSAY POINT,VIC1507,VIC
LINGA,VIC1508,VIC
LINTON,VIC1509,VIC
LIPAROO,VIC1510,VIC
LISMORE,VIC1511,VIC
LITCHFIELD,VIC1512,VIC
LITTLE DESERT,VIC1513,VIC
LITTLE HAMPTON,VIC1514,VIC
LITTLE RIVER,VIC1515,VIC
LLANELLY,VIC1516,VIC
LLOWALONG,VIC1517,VIC
LOCH,VIC1518,VIC
LOCH SPORT,VIC1519,VIC
LOCH VALLEY,VIC1520,VIC
LOCKINGTON,VIC1521,VIC
LOCKSLEY,VIC1522,VIC
LOCKWOOD,VIC1523,VIC
LOCKWOOD SOUTH,VIC1524,VIC
LODDON VALE,VIC1525,VIC
LOGAN,VIC1526,VIC
LONDRIGAN,VIC1527,VIC
LONG FOREST,VIC1528,VIC
LONG GULLY,VIC1529,VIC
LONGERENONG,VIC1530,VIC
LONGFORD,VIC1531,VIC
LONGLEA,VIC1532,VIC
LONGWARRY,VIC1533,VIC
LONGWARRY NORTH,VIC1534,VIC
LONGWOOD,VIC1535,VIC
LONGWOOD EAST,VIC1536,VIC
LORNE,VIC1537,VIC
LORQUON,VIC1538,VIC
LOVELY BANKS,VIC1539,VIC
LOWER MOIRA,VIC1540,VIC
LOWER NORTON,VIC1541,VIC
LOWER PLENTY,VIC1542,VIC
LOY YANG,VIC1543,VIC
LUBECK,VIC1544,VIC
LUCAS,VIC3000,VIC
LUCKNOW,VIC1545,VIC
LUCYVALE,VIC1546,VIC
LURG,VIC1547,VIC
LYAL,VIC1548,VIC
LYNBROOK,VIC1549,VIC
LYNDHURST,VIC1550,VIC
LYONS,VIC1551,VIC
LYONVILLE,VIC1552,VIC
LYSTERFIELD,VIC1553,VIC
LYSTERFIELD SOUTH,VIC1554,VIC
MACARTHUR,VIC1555,VIC
MACCLESFIELD,VIC1556,VIC
MACEDON,VIC1557,VIC
MACKS CREEK,VIC1558,VIC
MACLEOD,VIC1559,VIC
MACORNA,VIC1560,VIC
MACORNA NORTH,VIC1561,VIC
MACS COVE,VIC1562,VIC
MADALYA,VIC1563,VIC
MADDINGLEY,VIC1564,VIC
MAFEKING,VIC1565,VIC
MAFFRA,VIC1566,VIC
MAFFRA WEST UPPER,VIC1567,VIC
MAGPIE,VIC1568,VIC
MAIDEN GULLY,VIC1569,VIC
MAIDSTONE,VIC1570,VIC
MAILORS FLAT,VIC1571,VIC
MAIN LEAD,VIC1572,VIC
MAIN RIDGE,VIC1573,VIC
MAINDAMPLE,VIC1574,VIC
MAINTONGOON,VIC1575,VIC
MAJOR PLAINS,VIC1576,VIC
MAJORCA,VIC1577,VIC
MALDON,VIC1578,VIC
MALLACOOTA,VIC1579,VIC
MALMSBURY,VIC1580,VIC
MALVERN,VIC1581,VIC
MALVERN EAST,VIC1582,VIC
MAMBOURIN,VIC1583,VIC
MANANGATANG,VIC1584,VIC
MANDURANG,VIC1585,VIC
MANDURANG SOUTH,VIC1586,VIC
MANGALORE,VIC1587,VIC
MANIFOLD HEIGHTS,VIC1588,VIC
MANNERIM,VIC1589,VIC
MANNIBADAR,VIC1590,VIC
MANNS BEACH,VIC1591,VIC
MANOR LAKES,VIC3007,VIC
MANORINA,VIC1592,VIC
MANSFIELD,VIC1593,VIC
MARAMINGO CREEK,VIC1594,VIC
MARCUS HILL,VIC1595,VIC
MARDAN,VIC1596,VIC
MARENGO,VIC1597,VIC
MARIBYRNONG,VIC1598,VIC
MARIONVALE,VIC1599,VIC
MARKWOOD,VIC1600,VIC
MARLBED,VIC1601,VIC
MARLO,VIC1602,VIC
MARNOO,VIC1603,VIC
MARNOO EAST,VIC1604,VIC
MARNOO WEST,VIC1605,VIC
MARONG,VIC1606,VIC
MAROONA,VIC1607,VIC
MARRAWEENEY,VIC1608,VIC
MARSHALL,VIC1609,VIC
MARTHAVALE,VIC1610,VIC
MARUNGI,VIC1611,VIC
MARYBOROUGH,VIC1612,VIC
MARYKNOLL,VIC1613,VIC
MARYSVILLE,VIC1614,VIC
MARYVALE,VIC1615,VIC
MASSEY,VIC1616,VIC
MATLOCK,VIC1617,VIC
MAUDE,VIC1618,VIC
MCCRAE,VIC1619,VIC
MCINTYRE,VIC1620,VIC
MCKENZIE CREEK,VIC1621,VIC
MCKENZIE HILL,VIC1622,VIC
MCKINNON,VIC1623,VIC
MCLOUGHLINS BEACH,VIC1624,VIC
MCMAHONS CREEK,VIC1625,VIC
MCMILLANS,VIC1626,VIC
MEAD,VIC1627,VIC
MEADOW CREEK,VIC1628,VIC
MEADOW HEIGHTS,VIC1629,VIC
MEATIAN,VIC1630,VIC
MEENIYAN,VIC1631,VIC
MEERING WEST,VIC1632,VIC
MEERLIEU,VIC1633,VIC
MELBOURNE,VIC1634,VIC
MELBOURNE AIRPORT,VIC1635,VIC
MELTON,VIC1636,VIC
MELTON SOUTH,VIC1637,VIC
MELTON WEST,VIC1638,VIC
MELVILLE FOREST,VIC1639,VIC
MELWOOD,VIC1640,VIC
MENA PARK,VIC1641,VIC
MENTONE,VIC1642,VIC
MENZIES CREEK,VIC1643,VIC
MEPUNGA,VIC1644,VIC
MEPUNGA EAST,VIC1645,VIC
MEPUNGA WEST,VIC1646,VIC
MERBEIN,VIC1647,VIC
MERBEIN SOUTH,VIC1648,VIC
MERBEIN WEST,VIC1649,VIC
MEREDITH,VIC1650,VIC
MERINGUR,VIC1651,VIC
MERINO,VIC1652,VIC
MERNDA,VIC1653,VIC
MERRIANG,VIC1654,VIC
MERRIANG SOUTH,VIC1655,VIC
MERRICKS,VIC1656,VIC
MERRICKS BEACH,VIC1657,VIC
MERRICKS NORTH,VIC1658,VIC
MERRIGUM,VIC1659,VIC
MERRIJIG,VIC2958,VIC
MERRIJIG,VIC2958,VIC
MERRIJIG,VIC2958,VIC
MERRIMU,VIC1662,VIC
MERRINEE,VIC1663,VIC
MERTON,VIC1664,VIC
METCALFE,VIC1665,VIC
METCALFE EAST,VIC1666,VIC
METUNG,VIC1667,VIC
MIA MIA,VIC1668,VIC
MICKLEHAM,VIC1669,VIC
MIDDLE CREEK,VIC1670,VIC
MIDDLE PARK,VIC1671,VIC
MIDDLE TARWIN,VIC1672,VIC
MIEPOLL,VIC1673,VIC
MIGA LAKE,VIC1674,VIC
MILAWA,VIC1675,VIC
MILDURA,VIC1676,VIC
MILL PARK,VIC1677,VIC
MILLBROOK,VIC1678,VIC
MILLGROVE,VIC1679,VIC
MILLOO,VIC1680,VIC
MILLTOWN,VIC1681,VIC
MILNES BRIDGE,VIC1682,VIC
MINCHA,VIC1683,VIC
MINCHA WEST,VIC1684,VIC
MINERS REST,VIC1685,VIC
MINGAY,VIC1686,VIC
MINHAMITE,VIC1687,VIC
MINIMAY,VIC1688,VIC
MININERA,VIC1689,VIC
MINJAH,VIC1690,VIC
MINMINDIE,VIC1691,VIC
MINYIP,VIC1692,VIC
MIOWERA,VIC1693,VIC
MIRALIE,VIC1694,VIC
MIRAM,VIC1695,VIC
MIRBOO,VIC1696,VIC
MIRBOO NORTH,VIC1697,VIC
MIRIMBAH,VIC1698,VIC
MIRRANATWA,VIC1699,VIC
MITCHAM,VIC1700,VIC
MITCHELL PARK,VIC1701,VIC
MITCHELLSTOWN,VIC1702,VIC
MITIAMO,VIC1703,VIC
MITRE,VIC1704,VIC
MITTA MITTA,VIC1705,VIC
MITTYACK,VIC1706,VIC
MOCKINYA,VIC1707,VIC
MODELLA,VIC1708,VIC
MODEWARRE,VIC1709,VIC
MOE,VIC1710,VIC
MOE SOUTH,VIC1711,VIC
MOGGS CREEK,VIC1712,VIC
MOGLONEMBY,VIC1713,VIC
MOKEPILLY,VIC1714,VIC
MOLESWORTH,VIC1715,VIC
MOLIAGUL,VIC1716,VIC
MOLKA,VIC1717,VIC
MOLLONGGHIP,VIC1718,VIC
MOLOGA,VIC1719,VIC
MOLYULLAH,VIC1720,VIC
MONBULK,VIC1721,VIC
MONEGEETTA,VIC1722,VIC
MONGANS BRIDGE,VIC1723,VIC
MONOMAK,VIC1724,VIC
MONOMEITH,VIC1725,VIC
MONT ALBERT,VIC1726,VIC
MONT ALBERT NORTH,VIC1727,VIC
MONTGOMERY,VIC1728,VIC
MONTMORENCY,VIC1729,VIC
MONTROSE,VIC1730,VIC
MOOLAP,VIC1731,VIC
MOOLERR,VIC1732,VIC
MOOLORT,VIC1733,VIC
MOONAMBEL,VIC1734,VIC
MOONDARRA,VIC1735,VIC
MOONEE PONDS,VIC1736,VIC
MOONLIGHT FLAT,VIC2988,VIC
MOONLIGHT FLAT,VIC2988,VIC
MOONLIGHT FLAT,VIC2988,VIC
MOORA,VIC1739,VIC
MOORABBIN,VIC1740,VIC
MOORABBIN AIRPORT,VIC1741,VIC
MOORABOOL,VIC1742,VIC
MOORALLA,VIC1743,VIC
MOORILIM,VIC1744,VIC
MOORMBOOL WEST,VIC1745,VIC
MOORNAPA,VIC1746,VIC
MOORNGAG,VIC1747,VIC
MOOROODUC,VIC1748,VIC
MOOROOLBARK,VIC1749,VIC
MOOROOPNA,VIC1750,VIC
MOOROOPNA NORTH,VIC1751,VIC
MOOROOPNA NORTH WEST,VIC1752,VIC
MORANDING,VIC1753,VIC
MORDIALLOC,VIC1754,VIC
MORGIANA,VIC1755,VIC
MORIAC,VIC1756,VIC
MORNINGTON,VIC1757,VIC
MOROKA,VIC1758,VIC
MORRISONS,VIC1759,VIC
MORRL MORRL,VIC1760,VIC
MORTLAKE,VIC1761,VIC
MORTON PLAINS,VIC1762,VIC
MORWELL,VIC1763,VIC
MOSSIFACE,VIC1764,VIC
MOUNT ALFRED,VIC1765,VIC
MOUNT BEAUTY,VIC1766,VIC
MOUNT BECKWORTH,VIC1767,VIC
MOUNT BEST,VIC1768,VIC
MOUNT BOLTON,VIC1769,VIC
MOUNT BRUNO,VIC1770,VIC
MOUNT BUFFALO,VIC1771,VIC
MOUNT BULLER,VIC1772,VIC
MOUNT BURNETT,VIC1773,VIC
MOUNT BUTE,VIC1774,VIC
MOUNT CAMEL,VIC1775,VIC
MOUNT CAMERON,VIC1776,VIC
MOUNT CLEAR,VIC1777,VIC
MOUNT COLE,VIC1778,VIC
MOUNT COLE CREEK,VIC1779,VIC
MOUNT COTTRELL,VIC1780,VIC
MOUNT DANDENONG,VIC1781,VIC
MOUNT DORAN,VIC1782,VIC
MOUNT DRYDEN,VIC1783,VIC
MOUNT DUNEED,VIC1784,VIC
MOUNT ECCLES,VIC1785,VIC
MOUNT ECCLES SOUTH,VIC1786,VIC
MOUNT EGERTON,VIC1787,VIC
MOUNT ELIZA,VIC1788,VIC
MOUNT EMU,VIC1789,VIC
MOUNT EVELYN,VIC1790,VIC
MOUNT FRANKLIN,VIC1791,VIC
MOUNT GLASGOW,VIC1792,VIC
MOUNT HELEN,VIC1793,VIC
MOUNT HOOGHLY,VIC1794,VIC
MOUNT LONARCH,VIC1795,VIC
MOUNT MACEDON,VIC1796,VIC
MOUNT MAJOR,VIC1797,VIC
MOUNT MARTHA,VIC1798,VIC
MOUNT MERCER,VIC1799,VIC
MOUNT MORIAC,VIC1800,VIC
MOUNT NAPIER,VIC1801,VIC
MOUNT PLEASANT,VIC1802,VIC
MOUNT PROSPECT,VIC1803,VIC
MOUNT RICHMOND,VIC1804,VIC
MOUNT ROWAN,VIC1805,VIC
MOUNT SABINE,VIC1806,VIC
MOUNT TASSIE,VIC1807,VIC
MOUNT TAYLOR,VIC1808,VIC
MOUNT TOOLEBEWONG,VIC1809,VIC
MOUNT WALLACE,VIC1810,VIC
MOUNT WAVERLEY,VIC1811,VIC
MOUNTAIN BAY,VIC1812,VIC
MOUNTAIN VIEW,VIC1813,VIC
MOUTAJUP,VIC1814,VIC
MOYARRA,VIC1815,VIC
MOYHU,VIC1816,VIC
MOYREISK,VIC1817,VIC
MOYSTON,VIC1818,VIC
MUCKATAH,VIC1819,VIC
MUCKLEFORD,VIC1820,VIC
MUCKLEFORD SOUTH,VIC1821,VIC
MUDGEGONGA,VIC1822,VIC
MULGRAVE,VIC1823,VIC
MUMBANNAR,VIC1824,VIC
MUNDOONA,VIC1825,VIC
MUNRO,VIC1826,VIC
MUNTHAM,VIC1827,VIC
MURCHISON,VIC1828,VIC
MURCHISON EAST,VIC1829,VIC
MURCHISON NORTH,VIC1830,VIC
MURGHEBOLUC,VIC1831,VIC
MURMUNGEE,VIC1832,VIC
MURNUNGIN,VIC1833,VIC
MURPHYS CREEK,VIC1834,VIC
MURRA WARRA,VIC1835,VIC
MURRABIT,VIC1836,VIC
MURRABIT WEST,VIC1837,VIC
MURRAWEE,VIC1838,VIC
MURRAY-SUNSET,VIC1839,VIC
MURRAYDALE,VIC1840,VIC
MURRAYVILLE,VIC1841,VIC
MURRINDAL,VIC1842,VIC
MURRINDINDI,VIC1843,VIC
MURROON,VIC1844,VIC
MURRUMBEENA,VIC1845,VIC
MURTOA,VIC1846,VIC
MUSK,VIC1847,VIC
MUSK VALE,VIC1848,VIC
MUSKERRY,VIC1849,VIC
MYALL,VIC2981,VIC
MYALL,VIC2981,VIC
MYALL,VIC2981,VIC
MYAMYN,VIC1852,VIC
MYERS FLAT,VIC1853,VIC
MYOLA,VIC1854,VIC
MYRNIONG,VIC1855,VIC
MYRRHEE,VIC1856,VIC
MYRTLE CREEK,VIC1857,VIC
MYRTLEBANK,VIC1858,VIC
MYRTLEFORD,VIC1859,VIC
MYSIA,VIC1860,VIC
MYSTIC PARK,VIC1861,VIC
MYWEE,VIC1862,VIC
NAGAMBIE,VIC1863,VIC
NALANGIL,VIC1864,VIC
NALINGA,VIC1865,VIC
NAMBROK,VIC1866,VIC
NANDALY,VIC1867,VIC
NANGANA,VIC1868,VIC
NANGEELA,VIC1869,VIC
NANGILOC,VIC1870,VIC
NANNEELLA,VIC1871,VIC
NAP NAP MARRA,VIC1872,VIC
NAPOLEONS,VIC1873,VIC
NAR NAR GOON,VIC1874,VIC
NAR NAR GOON NORTH,VIC1875,VIC
NARBETHONG,VIC1876,VIC
NAREEB,VIC1877,VIC
NAREEN,VIC1878,VIC
NAREEWILLOCK,VIC1879,VIC
NARIEL VALLEY,VIC1880,VIC
NARING,VIC1881,VIC
NARINGAL,VIC1882,VIC
NARINGAL EAST,VIC1883,VIC
NAROGHID,VIC1884,VIC
NARRACAN,VIC1885,VIC
NARRAPORT,VIC1886,VIC
NARRAPUMELAP SOUTH,VIC1887,VIC
NARRAWONG,VIC1888,VIC
NARRE WARREN,VIC1889,VIC
NARRE WARREN EAST,VIC1890,VIC
NARRE WARREN NORTH,VIC1891,VIC
NARRE WARREN SOUTH,VIC1892,VIC
NARRUNG,VIC1893,VIC
NATHALIA,VIC1894,VIC
NATIMUK,VIC1895,VIC
NATTE YALLOCK,VIC1896,VIC
NATYA,VIC1897,VIC
NAVARRE,VIC1898,VIC
NAVIGATORS,VIC1899,VIC
NAYOOK,VIC1900,VIC
NEDS CORNER,VIC1901,VIC
NEEREMAN,VIC1902,VIC
NEERIM,VIC1903,VIC
NEERIM EAST,VIC1904,VIC
NEERIM JUNCTION,VIC1905,VIC
NEERIM NORTH,VIC1906,VIC
NEERIM SOUTH,VIC1907,VIC
NEILBOROUGH,VIC1908,VIC
NELSE,VIC1909,VIC
NELSON,VIC1910,VIC
NERRENA,VIC1911,VIC
NERRIN NERRIN,VIC1912,VIC
NERRINA,VIC1913,VIC
NERRING,VIC1914,VIC
NETHERBY,VIC1915,VIC
NEUARPURR,VIC1916,VIC
NEW GISBORNE,VIC1917,VIC
NEWBOROUGH,VIC1918,VIC
NEWBRIDGE,VIC1919,VIC
NEWBURY,VIC1920,VIC
NEWCOMB,VIC1921,VIC
NEWFIELD,VIC1922,VIC
NEWHAM,VIC1923,VIC
NEWHAVEN,VIC1924,VIC
NEWINGTON,VIC1925,VIC
NEWLANDS ARM,VIC1926,VIC
NEWLYN,VIC1927,VIC
NEWLYN NORTH,VIC1928,VIC
NEWMERELLA,VIC1929,VIC
NEWPORT,VIC1930,VIC
NEWRY,VIC1931,VIC
NEWSTEAD,VIC1932,VIC
NEWTOWN,VIC2968,VIC
NEWTOWN,VIC2968,VIC
NHILL,VIC1935,VIC
NICHOLS POINT,VIC1936,VIC
NICHOLSON,VIC1937,VIC
NIDDRIE,VIC1938,VIC
NILMA,VIC1939,VIC
NILMA NORTH,VIC1940,VIC
NINDA,VIC1941,VIC
NINE MILE,VIC1942,VIC
NINTINGBOOL,VIC1943,VIC
NINYEUNOOK,VIC1944,VIC
NIRRANDA,VIC1945,VIC
NIRRANDA EAST,VIC1946,VIC
NIRRANDA SOUTH,VIC1947,VIC
NOBLE PARK,VIC1948,VIC
NOBLE PARK NORTH,VIC1949,VIC
NOOJEE,VIC1950,VIC
NOORAT,VIC1951,VIC
NOORAT EAST,VIC1952,VIC
NOORINBEE,VIC1953,VIC
NOORINBEE NORTH,VIC1954,VIC
NORADJUHA,VIC1955,VIC
NORLANE,VIC1956,VIC
NORMANVILLE,VIC1957,VIC
NORONG,VIC1958,VIC
NORTH BENDIGO,VIC1959,VIC
NORTH BLACKWOOD,VIC1960,VIC
NORTH GEELONG,VIC1961,VIC
NORTH MELBOURNE,VIC1962,VIC
NORTH SHORE,VIC1963,VIC
NORTH WANGARATTA,VIC1964,VIC
NORTH WARRANDYTE,VIC1965,VIC
NORTH WONTHAGGI,VIC1966,VIC
NORTHCOTE,VIC1967,VIC
NORTHWOOD,VIC1968,VIC
NORVAL,VIC1969,VIC
NOTTING HILL,VIC1970,VIC
NOWA NOWA,VIC1971,VIC
NOWHERE CREEK,VIC1972,VIC
NOWIE,VIC1973,VIC
NUG NUG,VIC1974,VIC
NUGGETTY,VIC1975,VIC
NULLA VALE,VIC1976,VIC
NULLAWARRE,VIC1977,VIC
NULLAWARRE NORTH,VIC1978,VIC
NULLAWIL,VIC1979,VIC
NUMURKAH,VIC1980,VIC
NUNAWADING,VIC1981,VIC
NUNGURNER,VIC1982,VIC
NUNNIONG,VIC1983,VIC
NURCOUNG,VIC1984,VIC
NURRABIEL,VIC1985,VIC
NURRAN,VIC1986,VIC
NUTFIELD,VIC1987,VIC
NYAH,VIC1988,VIC
NYAH WEST,VIC1989,VIC
NYARRIN,VIC1990,VIC
NYERIMILANG,VIC1991,VIC
NYORA,VIC1992,VIC
NYRRABY,VIC1993,VIC
OAK PARK,VIC1994,VIC
OAKLANDS JUNCTION,VIC1995,VIC
OAKLEIGH,VIC1996,VIC
OAKLEIGH EAST,VIC1997,VIC
OAKLEIGH SOUTH,VIC1998,VIC
OAKVALE,VIC1999,VIC
OCEAN GRANGE,VIC2000,VIC
OCEAN GROVE,VIC2001,VIC
OFFICER,VIC2002,VIC
OFFICER SOUTH,VIC2003,VIC
OLD TALLANGATTA,VIC2004,VIC
OLINDA,VIC2005,VIC
OMBERSLEY,VIC2006,VIC
OMEO,VIC2007,VIC
OMEO VALLEY,VIC2008,VIC
ONDIT,VIC2009,VIC
ORBOST,VIC2010,VIC
ORFORD,VIC2011,VIC
ORMOND,VIC2012,VIC
ORRVALE,VIC2013,VIC
OSBORNES FLAT,VIC2014,VIC
OUTTRIM,VIC2015,VIC
OUYEN,VIC2016,VIC
OVENS,VIC2017,VIC
OXLEY,VIC2018,VIC
OXLEY FLATS,VIC2019,VIC
OZENKADNOOK,VIC2020,VIC
PAARATTE,VIC2021,VIC
PAINSWICK,VIC2022,VIC
PAKENHAM,VIC2023,VIC
PAKENHAM SOUTH,VIC2024,VIC
PAKENHAM UPPER,VIC2025,VIC
PANITYA,VIC2026,VIC
PANMURE,VIC2027,VIC
PANTON HILL,VIC2028,VIC
PARADISE,VIC2029,VIC
PARADISE BEACH,VIC2030,VIC
PARAPARAP,VIC2031,VIC
PARK ORCHARDS,VIC2032,VIC
PARKDALE,VIC2033,VIC
PARKINS REEF,,VIC
PARKVILLE,VIC2034,VIC
PARWAN,VIC2035,VIC
PASCHENDALE,VIC2036,VIC
PASCOE VALE,VIC2037,VIC
PASCOE VALE SOUTH,VIC2038,VIC
PASTORIA,VIC2039,VIC
PASTORIA EAST,VIC2040,VIC
PATCHEWOLLOCK,VIC2041,VIC
PATHO,VIC2042,VIC
PATTERSON LAKES,VIC2043,VIC
PATYAH,VIC2044,VIC
PAYNESVILLE,VIC2045,VIC
PEARCEDALE,VIC2046,VIC
PEARSONDALE,VIC2047,VIC
PEECHELBA,VIC2048,VIC
PEECHELBA EAST,VIC2049,VIC
PELLUEBLA,VIC2050,VIC
PENNYROYAL,VIC2051,VIC
PENSHURST,VIC2052,VIC
PENTAL ISLAND,VIC2053,VIC
PENTLAND HILLS,VIC2054,VIC
PERCYDALE,VIC2055,VIC
PERONNE,VIC2056,VIC
PERRY BRIDGE,VIC2057,VIC
PETERBOROUGH,VIC2058,VIC
PETTICOAT CREEK,VIC2059,VIC
PHEASANT CREEK,VIC2060,VIC
PIANGIL,VIC2061,VIC
PICOLA,VIC2062,VIC
PICOLA WEST,VIC2063,VIC
PIEDMONT,VIC2064,VIC
PIER MILAN,VIC2065,VIC
PIGEON PONDS,VIC2066,VIC
PIGGOREET,VIC2067,VIC
PIMPINIO,VIC2068,VIC
PINE GROVE,VIC2069,VIC
PINE LODGE,VIC2070,VIC
PINE MOUNTAIN,VIC2071,VIC
PINE VIEW,VIC2072,VIC
PIONEER BAY,VIC2073,VIC
PIPERS CREEK,VIC2074,VIC
PIRA,VIC2075,VIC
PIRIES,VIC2076,VIC
PIRRON YALLOCK,VIC2077,VIC
PITFIELD,VIC2078,VIC
PITTONG,VIC2079,VIC
PLENTY,VIC2080,VIC
PLUMPTON,VIC2081,VIC
POINT COOK,VIC2082,VIC
POINT LEO,VIC2083,VIC
POINT LONSDALE,VIC2084,VIC
POINT WILSON,VIC2085,VIC
POLISBET,VIC2086,VIC
POMBORNEIT,VIC2087,VIC
POMBORNEIT EAST,VIC2088,VIC
POMBORNEIT NORTH,VIC2089,VIC
POMONAL,VIC2090,VIC
POMPAPIEL,VIC2091,VIC
POOLAIJELO,VIC2092,VIC
POOTILLA,VIC2093,VIC
POOWONG,VIC2094,VIC
POOWONG EAST,VIC2095,VIC
POOWONG NORTH,VIC2096,VIC
PORCUPINE RIDGE,VIC2097,VIC
POREPUNKAH,VIC2098,VIC
PORT ALBERT,VIC2099,VIC
PORT CAMPBELL,VIC2100,VIC
PORT FAIRY,VIC2101,VIC
PORT FRANKLIN,VIC2102,VIC
PORT MELBOURNE,VIC2103,VIC
PORT WELSHPOOL,VIC2104,VIC
PORTARLINGTON,VIC2105,VIC
PORTLAND,VIC2106,VIC
PORTLAND NORTH,VIC2107,VIC
PORTLAND WEST,VIC2108,VIC
PORTSEA,VIC2109,VIC
POUND CREEK,VIC2110,VIC
POWELLTOWN,VIC2111,VIC
POWERS CREEK,VIC2112,VIC
POWLETT PLAINS,VIC2113,VIC
PRAHRAN,VIC2114,VIC
PRAIRIE,VIC2115,VIC
PRANJIP,VIC2116,VIC
PRESTON,VIC2117,VIC
PRINCES HILL,VIC2118,VIC
PRINCETOWN,VIC2119,VIC
PUCKAPUNYAL,VIC2120,VIC
PURA PURA,VIC2121,VIC
PURDEET,VIC2122,VIC
PURNIM,VIC2123,VIC
PURNIM WEST,VIC2124,VIC
PYALONG,VIC2125,VIC
PYRAMID HILL,VIC2126,VIC
QUAMBATOOK,VIC2127,VIC
QUANDONG,VIC2128,VIC
QUANTONG,VIC2129,VIC
QUARRY HILL,VIC2130,VIC
QUEENSCLIFF,VIC2131,VIC
QUEENSFERRY,VIC2132,VIC
RAGLAN,VIC2133,VIC
RAINBOW,VIC2134,VIC
RANCEBY,VIC2135,VIC
RATHSCAR,VIC2136,VIC
RATHSCAR WEST,VIC2137,VIC
RAVENHALL,VIC2138,VIC
RAVENSWOOD,VIC2139,VIC
RAVENSWOOD SOUTH,VIC2140,VIC
RAWSON,VIC2141,VIC
RAYMOND ISLAND,VIC2142,VIC
RAYWOOD,VIC2143,VIC
RED CLIFFS,VIC2144,VIC
RED HILL,VIC2145,VIC
RED HILL SOUTH,VIC2146,VIC
RED LION,VIC2147,VIC
REDAN,VIC2148,VIC
REDBANK,VIC2149,VIC
REDCASTLE,VIC2150,VIC
REDESDALE,VIC2151,VIC
REEDY CREEK,VIC2990,VIC
REEDY CREEK,VIC2990,VIC
REEDY DAM,VIC2154,VIC
REEDY FLAT,VIC2994,VIC
REEDY LAKE,VIC2155,VIC
REEFTON,VIC2156,VIC
RESEARCH,VIC2157,VIC
RESERVOIR,VIC2158,VIC
REYNARD,VIC2159,VIC
RHEOLA,VIC2160,VIC
RHYLL,VIC2161,VIC
RHYMNEY,VIC2162,VIC
RIACHELLA,VIC2163,VIC
RICH AVON,VIC2164,VIC
RICH AVON EAST,VIC2165,VIC
RICH AVON WEST,VIC2166,VIC
RICHMOND,VIC2167,VIC
RICHMOND PLAINS,VIC2168,VIC
RIDDELLS CREEK,VIC2169,VIC
RIGGS CREEK,VIC2170,VIC
RINGWOOD,VIC2171,VIC
RINGWOOD EAST,VIC2172,VIC
RINGWOOD NORTH,VIC2173,VIC
RIPPLEBROOK,VIC2174,VIC
RIPPLESIDE,VIC2175,VIC
RIPPONLEA,VIC2176,VIC
RIVERSIDE,VIC2177,VIC
RIVERSLEA,VIC2178,VIC
ROBERTSONS BEACH,VIC2179,VIC
ROBINVALE,VIC2180,VIC
ROBINVALE IRRIGATION DISTRICT SECTION B,,VIC
ROBINVALE IRRIGATION DISTRICT SECTION C,,VIC
ROBINVALE IRRIGATION DISTRICT SECTION D,,VIC
ROBINVALE IRRIGATION DISTRICT SECTION E,,VIC
ROCHESTER,VIC2185,VIC
ROCHFORD,VIC2186,VIC
ROCKBANK,VIC2187,VIC
ROCKLANDS,VIC2188,VIC
ROCKLYN,VIC2189,VIC
ROCKY POINT,VIC2190,VIC
ROKEBY,VIC2191,VIC
ROKEWOOD,VIC2192,VIC
ROKEWOOD JUNCTION,VIC2193,VIC
ROMSEY,VIC2194,VIC
ROSANNA,VIC2195,VIC
ROSE RIVER,VIC2196,VIC
ROSEBERY,VIC2197,VIC
ROSEBROOK,VIC2198,VIC
ROSEBUD,VIC2199,VIC
ROSEBUD WEST,,VIC
ROSEDALE,VIC2201,VIC
ROSES GAP,VIC2202,VIC
ROSEWHITE,VIC2203,VIC
ROSLYNMEAD,VIC2204,VIC
ROSS CREEK,VIC2205,VIC
ROSSBRIDGE,VIC2206,VIC
ROSTRON,VIC2207,VIC
ROWSLEY,VIC2208,VIC
ROWVILLE,VIC2209,VIC
ROXBURGH PARK,VIC2210,VIC
RUBICON,VIC2211,VIC
RUBY,VIC2212,VIC
RUFFY,VIC2213,VIC
RUNNING CREEK,VIC2214,VIC
RUNNYMEDE,VIC2215,VIC
RUPANYUP,VIC2216,VIC
RUSHWORTH,VIC2217,VIC
RUSSELLS BRIDGE,VIC2218,VIC
RUTHERGLEN,VIC2219,VIC
RYANS,VIC2220,VIC
RYANSTON,VIC2221,VIC
RYE,VIC2222,VIC
RYTHDALE,VIC2223,VIC
SAFETY BEACH,VIC2224,VIC
SAILORS FALLS,VIC2225,VIC
SAILORS GULLY,VIC2226,VIC
SAILORS HILL,VIC2227,VIC
SALE,VIC2230,VIC
SALISBURY WEST,VIC2231,VIC
SAMARIA,VIC2232,VIC
SAN REMO,VIC2233,VIC
SANDFORD,VIC2234,VIC
SANDHILL LAKE,VIC2235,VIC
SANDHURST,VIC2236,VIC
SANDON,VIC2237,VIC
SANDRINGHAM,VIC2238,VIC
SANDY CREEK,VIC2239,VIC
SANDY POINT,VIC2240,VIC
SARGOOD,VIC2241,VIC
SARSFIELD,VIC2242,VIC
SASSAFRAS,VIC2243,VIC
SAWMILL SETTLEMENT,VIC2244,VIC
SCARSDALE,VIC2245,VIC
SCORESBY,VIC2246,VIC
SCOTCHMANS LEAD,VIC2247,VIC
SCOTSBURN,VIC2248,VIC
SCOTTS CREEK,VIC2249,VIC
SEA LAKE,VIC2250,VIC
SEABROOK,VIC2251,VIC
SEACOMBE,VIC2252,VIC
SEAFORD,VIC2253,VIC
SEAHOLME,VIC2254,VIC
SEASPRAY,VIC2255,VIC
SEATON,VIC2256,VIC
SEAVIEW,VIC2257,VIC
SEBASTIAN,VIC2258,VIC
SEBASTOPOL,VIC2259,VIC
SEDDON,VIC2260,VIC
SEDGWICK,VIC2261,VIC
SELBY,VIC2262,VIC
SELWYN,VIC2263,VIC
SEPARATION CREEK,VIC2264,VIC
SERPENTINE,VIC2265,VIC
SERVICETON,VIC2266,VIC
SEVILLE,VIC2267,VIC
SEVILLE EAST,VIC2268,VIC
SEYMOUR,VIC2269,VIC
SHADY CREEK,VIC2270,VIC
SHANNONVALE,VIC2271,VIC
SHAYS FLAT,VIC2272,VIC
SHE OAKS,VIC2273,VIC
SHEANS CREEK,VIC2274,VIC
SHEEP HILLS,VIC2275,VIC
SHELBOURNE,VIC2276,VIC
SHELFORD,VIC2277,VIC
SHELLEY,VIC2278,VIC
SHEPHERDS FLAT,VIC2279,VIC
SHEPPARTON,VIC2280,VIC
SHEPPARTON EAST,VIC2281,VIC
SHEPPARTON NORTH,VIC2282,VIC
SHERBROOKE,VIC2283,VIC
SHOREHAM,VIC2284,VIC
SIDONIA,VIC2285,VIC
SILVAN,VIC2286,VIC
SILVERLEAVES,VIC2287,VIC
SIMPSON,VIC2288,VIC
SIMPSONS CREEK,VIC2289,VIC
SIMSON,VIC2290,VIC
SKENES CREEK,VIC2291,VIC
SKENES CREEK NORTH,VIC2292,VIC
SKIBO,VIC2293,VIC
SKINNERS FLAT,VIC2294,VIC
SKIPTON,VIC2295,VIC
SKYE,VIC2296,VIC
SLATY CREEK,VIC2297,VIC
SMEATON,VIC2298,VIC
SMITHS BEACH,VIC2299,VIC
SMITHS GULLY,VIC2300,VIC
SMOKEY TOWN,,VIC
SMOKEYTOWN,VIC2301,VIC
SMOKO,VIC2302,VIC
SMYTHES CREEK,VIC2303,VIC
SMYTHESDALE,VIC2304,VIC
SNAKE ISLAND,VIC2305,VIC
SNAKE VALLEY,VIC2306,VIC
SOLDIERS HILL,VIC2307,VIC
SOMERS,VIC2308,VIC
SOMERTON,VIC2309,VIC
SOMERVILLE,VIC2310,VIC
SORRENTO,VIC2311,VIC
SOUTH DUDLEY,VIC2312,VIC
SOUTH GEELONG,VIC2313,VIC
SOUTH KINGSVILLE,VIC2314,VIC
SOUTH MELBOURNE,VIC2315,VIC
SOUTH MORANG,VIC2316,VIC
SOUTH PURRUMBETE,VIC2317,VIC
SOUTH WHARF,VIC2953,VIC
SOUTH YARRA,VIC2318,VIC
SOUTHBANK,VIC2319,VIC
SOUTHERN CROSS,VIC2320,VIC
SPARGO CREEK,VIC2321,VIC
SPEED,VIC2322,VIC
SPEEWA,VIC2323,VIC
SPOTSWOOD,VIC2324,VIC
SPRING GULLY,VIC2325,VIC
SPRING HILL,VIC2326,VIC
SPRINGBANK,VIC2327,VIC
SPRINGDALLAH,VIC2328,VIC
SPRINGFIELD,VIC2969,VIC
SPRINGFIELD,VIC2969,VIC
SPRINGFIELD,VIC2969,VIC
SPRINGHURST,VIC2331,VIC
SPRINGMOUNT,VIC2332,VIC
SPRINGVALE,VIC2333,VIC
SPRINGVALE SOUTH,VIC2334,VIC
ST ALBANS,VIC2335,VIC
ST ALBANS PARK,VIC2336,VIC
ST ANDREWS,VIC2337,VIC
ST ANDREWS BEACH,VIC2338,VIC
ST ARNAUD,VIC2339,VIC
ST ARNAUD EAST,VIC2340,VIC
ST ARNAUD NORTH,VIC2341,VIC
ST CLAIR,VIC2342,VIC
ST GERMAINS,VIC2343,VIC
ST HELENA,VIC2996,VIC
ST HELENS,VIC2344,VIC
ST HELENS PLAINS,VIC2345,VIC
ST JAMES,VIC2995,VIC
ST KILDA,VIC2346,VIC
ST KILDA EAST,VIC2347,VIC
ST KILDA WEST,VIC2348,VIC
ST LEONARDS,VIC2349,VIC
STACEYS BRIDGE,VIC2350,VIC
STAFFORDSHIRE REEF,VIC2351,VIC
STAGHORN FLAT,VIC2352,VIC
STANHOPE,VIC2353,VIC
STANHOPE SOUTH,VIC2354,VIC
STANLEY,VIC2355,VIC
STAUGHTON VALE,VIC2356,VIC
STAVELY,VIC2357,VIC
STAWELL,VIC2358,VIC
STEELS CREEK,VIC2359,VIC
STEIGLITZ,VIC2360,VIC
STEWARTON,VIC2361,VIC
STIRLING,VIC2362,VIC
STOCKDALE,VIC2363,VIC
STOCKYARD HILL,VIC2364,VIC
STONEHAVEN,VIC2365,VIC
STONELEIGH,VIC2366,VIC
STONY CREEK,VIC2957,VIC
STONY CREEK,VIC2957,VIC
STONYFORD,VIC2369,VIC
STRADBROKE,VIC2370,VIC
STRANGWAYS,VIC2371,VIC
STRATEN,VIC2372,VIC
STRATFORD,VIC2373,VIC
STRATH CREEK,VIC2374,VIC
STRATHALLAN,VIC2375,VIC
STRATHBOGIE,VIC2376,VIC
STRATHDALE,VIC2377,VIC
STRATHDOWNIE,VIC2378,VIC
STRATHEWEN,VIC2379,VIC
STRATHFIELDSAYE,VIC2380,VIC
STRATHKELLAR,VIC2381,VIC
STRATHLEA,VIC2382,VIC
STRATHMERTON,VIC2383,VIC
STRATHMORE,VIC2384,VIC
STRATHMORE HEIGHTS,VIC2385,VIC
STRATHTULLOH,VIC3018,VIC
STREATHAM,VIC2386,VIC
STRZELECKI,VIC2387,VIC
STUART MILL,VIC2388,VIC
SUGARLOAF,VIC2389,VIC
SUGARLOAF CREEK,VIC2390,VIC
SUGGAN BUGGAN,VIC2391,VIC
SULKY,VIC2392,VIC
SUMMERLANDS,VIC2393,VIC
SUNBURY,VIC2394,VIC
SUNDAY CREEK,VIC2395,VIC
SUNDERLAND BAY,VIC2396,VIC
SUNSET STRIP,VIC2397,VIC
SUNSHINE,VIC2398,VIC
SUNSHINE NORTH,VIC2399,VIC
SUNSHINE WEST,VIC2400,VIC
SURF BEACH,VIC2401,VIC
SURREY HILLS,VIC2402,VIC
SUTHERLAND,VIC2403,VIC
SUTHERLANDS CREEK,VIC2404,VIC
SUTTON,VIC2405,VIC
SUTTON GRANGE,VIC2406,VIC
SWAN BAY,VIC2407,VIC
SWAN HILL,VIC2408,VIC
SWAN HILL WEST,VIC2409,VIC
SWAN ISLAND,VIC2410,VIC
SWAN MARSH,VIC2411,VIC
SWAN REACH,VIC2412,VIC
SWANPOOL,VIC2413,VIC
SWANWATER,VIC2414,VIC
SWANWATER WEST,VIC2415,VIC
SWIFTS CREEK,VIC2416,VIC
SYDENHAM,VIC2417,VIC
SYLVATERRE,VIC2418,VIC
TABBERABBERA,VIC2419,VIC
TABILK,VIC2420,VIC
TABOR,VIC2421,VIC
TAGGERTY,VIC2422,VIC
TAHARA,VIC2423,VIC
TAHARA BRIDGE,VIC2424,VIC
TAHARA WEST,VIC2425,VIC
TALBOT,VIC2426,VIC
TALGARNO,VIC2427,VIC
TALLANDOON,VIC2946,VIC
TALLANGATTA,VIC2428,VIC
TALLANGATTA EAST,VIC2429,VIC
TALLANGATTA SOUTH,VIC2947,VIC
TALLANGATTA VALLEY,VIC2430,VIC
TALLAROOK,VIC2431,VIC
TALLYGAROOPNA,VIC2432,VIC
TAMBO CROSSING,VIC2433,VIC
TAMBO UPPER,VIC2434,VIC
TAMBOON,VIC2435,VIC
TAMBORITHA,VIC2436,VIC
TAMINICK,VIC2437,VIC
TAMLEUGH,VIC2438,VIC
TAMLEUGH NORTH,VIC2439,VIC
TANDAROOK,VIC2440,VIC
TANDARRA,VIC2441,VIC
TANGAMBALANGA,VIC2442,VIC
TANJIL,VIC2443,VIC
TANJIL BREN,VIC2444,VIC
TANJIL SOUTH,VIC2445,VIC
TANTARABOO,VIC2446,VIC
TANWOOD,VIC2447,VIC
TANYBRYN,VIC2448,VIC
TARADALE,VIC2449,VIC
TARCOMBE,VIC2450,VIC
TARILTA,VIC2451,VIC
TARNAGULLA,VIC2452,VIC
TARNEIT,VIC2453,VIC
TARNOOK,VIC2454,VIC
TAROON,VIC2455,VIC
TARRA VALLEY,VIC2456,VIC
TARRANYURK,VIC2457,VIC
TARRAVILLE,VIC2458,VIC
TARRAWARRA,VIC2459,VIC
TARRAWINGEE,VIC2460,VIC
TARRAYOUKYAN,VIC2461,VIC
TARRENGOWER,VIC2462,VIC
TARRENLEA,VIC2463,VIC
TARRINGTON,VIC2464,VIC
TARRONE,VIC2465,VIC
TARWIN,VIC2466,VIC
TARWIN LOWER,VIC2467,VIC
TATONG,VIC2468,VIC
TATURA,VIC2469,VIC
TATURA EAST,VIC2470,VIC
TATYOON,VIC2471,VIC
TAWONGA,VIC2472,VIC
TAWONGA SOUTH,VIC2473,VIC
TAYLOR BAY,VIC2474,VIC
TAYLORS HILL,VIC2475,VIC
TAYLORS LAKES,VIC2476,VIC
TEAL POINT,VIC2477,VIC
TECOMA,VIC2478,VIC
TEDDYWADDY,VIC2479,VIC
TEDDYWADDY WEST,VIC2480,VIC
TEESDALE,VIC2481,VIC
TELANGATUK EAST,VIC2482,VIC
TELFORD,VIC2483,VIC
TELOPEA DOWNS,VIC2484,VIC
TEMPLESTOWE,VIC2485,VIC
TEMPLESTOWE LOWER,VIC2486,VIC
TEMPY,VIC2487,VIC
TENBY POINT,VIC2488,VIC
TENNYSON,VIC2489,VIC
TERANG,VIC2490,VIC
TERIP TERIP,VIC2491,VIC
TERRAPPEE,VIC2492,VIC
TERRICK TERRICK,VIC2493,VIC
TERRICK TERRICK EAST,VIC2494,VIC
TESBURY,VIC2495,VIC
TETOORA ROAD,VIC2496,VIC
THALIA,VIC2497,VIC
THALLOO,VIC2498,VIC
THE BASIN,VIC2499,VIC
THE COVE,VIC2500,VIC
THE GURDIES,VIC2501,VIC
THE HEART,VIC2502,VIC
THE HONEYSUCKLES,VIC2503,VIC
THE PATCH,VIC2504,VIC
THE SISTERS,VIC2505,VIC
THOLOGOLONG,VIC2506,VIC
THOMASTOWN,VIC2507,VIC
THOMSON,VIC2986,VIC
THOMSON,VIC2986,VIC
THOONA,VIC2510,VIC
THORNBURY,VIC2511,VIC
THORNHILL PARK,VIC3019,VIC
THORNTON,VIC2512,VIC
THORPDALE,VIC2513,VIC
THORPDALE SOUTH,VIC2514,VIC
THOWGLA VALLEY,VIC2515,VIC
THREE BRIDGES,VIC2516,VIC
TIDAL RIVER,VIC2517,VIC
TIMBARRA,VIC2518,VIC
TIMBOON,VIC2519,VIC
TIMBOON WEST,VIC2520,VIC
TIMMERING,VIC2521,VIC
TIMOR,VIC2522,VIC
TIMOR WEST,VIC2523,VIC
TINAMBA,VIC2524,VIC
TINAMBA WEST,VIC2525,VIC
TINTALDRA,VIC2526,VIC
TITTYBONG,VIC2952,VIC
TOL TOL,VIC2528,VIC
TOLMIE,VIC2529,VIC
TOM GROGGIN,VIC2530,VIC
TONGALA,VIC2531,VIC
TONGHI CREEK,VIC2532,VIC
TONGIO,VIC2533,VIC
TONIMBUK,VIC2534,VIC
TOOAN,VIC2535,VIC
TOOBORAC,VIC2536,VIC
TOOLAMBA,VIC2537,VIC
TOOLAMBA WEST,VIC2538,VIC
TOOLANGI,VIC2539,VIC
TOOLERN VALE,VIC2540,VIC
TOOLLEEN,VIC2541,VIC
TOOLOME,VIC2542,VIC
TOOLONDO,VIC2543,VIC
TOOLONG,VIC2544,VIC
TOOMBON,VIC2545,VIC
TOONGABBIE,VIC2546,VIC
TOORA,VIC2547,VIC
TOORA NORTH,VIC2548,VIC
TOORADIN,VIC2549,VIC
TOORAK,VIC2550,VIC
TOORLOO ARM,VIC2551,VIC
TOORONGO,VIC2552,VIC
TOOTGAROOK,VIC2553,VIC
TORQUAY,VIC2554,VIC
TORRITA,VIC2555,VIC
TORRUMBARRY,VIC2556,VIC
TORWOOD,VIC2557,VIC
TOSTAREE,VIC2558,VIC
TOTTENHAM,VIC2559,VIC
TOTTINGTON,VIC2560,VIC
TOURELLO,VIC2561,VIC
TOWAN,VIC2562,VIC
TOWANINNY,VIC2563,VIC
TOWANINNY SOUTH,VIC2564,VIC
TOWER HILL,VIC2565,VIC
TOWONG,VIC2566,VIC
TOWONG UPPER,VIC2567,VIC
TRAFALGAR,VIC2568,VIC
TRAFALGAR EAST,VIC2569,VIC
TRAFALGAR SOUTH,VIC2570,VIC
TRAGOWEL,VIC2571,VIC
TRARALGON,VIC2572,VIC
TRARALGON EAST,VIC2573,VIC
TRARALGON SOUTH,VIC2574,VIC
TRAVANCORE,VIC2575,VIC
TRAWALLA,VIC2576,VIC
TRAWOOL,VIC2577,VIC
TRAYNORS LAGOON,VIC2578,VIC
TREMONT,VIC2579,VIC
TRENTHAM,VIC2580,VIC
TRENTHAM EAST,VIC2581,VIC
TRESCO,VIC2582,VIC
TRESCO WEST,VIC2583,VIC
TRIDA,VIC2584,VIC
TRUGANINA,VIC2585,VIC
TUBBUT,VIC2949,VIC
TUERONG,VIC2586,VIC
TULKARA,VIC2587,VIC
TULLAMARINE,VIC2588,VIC
TUNGAMAH,VIC2589,VIC
TUROAR,VIC2590,VIC
TURRIFF,VIC2591,VIC
TURRIFF EAST,VIC2592,VIC
TURTONS CREEK,VIC2593,VIC
TUTYE,VIC2594,VIC
TYAAK,VIC2595,VIC
TYABB,VIC2596,VIC
TYENNA,VIC2597,VIC
TYERS,VIC2598,VIC
TYLDEN,VIC2599,VIC
TYLDEN SOUTH,VIC2600,VIC
TYNONG,VIC2601,VIC
TYNONG NORTH,VIC2602,VIC
TYNTYNDER,VIC2603,VIC
TYNTYNDER SOUTH,VIC2604,VIC
TYRENDARRA,VIC2605,VIC
TYRENDARRA EAST,VIC2606,VIC
TYRRELL,VIC2607,VIC
TYRRELL DOWNS,VIC2608,VIC
ULLINA,VIC2609,VIC
ULLSWATER,VIC2610,VIC
ULTIMA,VIC2611,VIC
ULTIMA EAST,VIC2612,VIC
ULUPNA,VIC2613,VIC
UNDERA,VIC2614,VIC
UNDERBOOL,VIC2615,VIC
UPOTIPOTPON,VIC2616,VIC
UPPER FERNTREE GULLY,VIC2617,VIC
UPPER GUNDOWRING,VIC2618,VIC
UPPER LURG,VIC2619,VIC
UPPER PLENTY,VIC2620,VIC
UPPER RYANS CREEK,VIC2621,VIC
UPTON HILL,VIC2622,VIC
UPWEY,VIC2623,VIC
VALENCIA CREEK,VIC2624,VIC
VASEY,VIC2625,VIC
VAUGHAN,VIC2626,VIC
VECTIS,VIC2627,VIC
VENTNOR,VIC2628,VIC
VENUS BAY,VIC2629,VIC
VERMONT,VIC2630,VIC
VERMONT SOUTH,VIC2631,VIC
VERVALE,VIC2632,VIC
VESPER,VIC2633,VIC
VICTORIA POINT,VIC2634,VIC
VICTORIA VALLEY,VIC2635,VIC
VIEWBANK,VIC2636,VIC
VINIFERA,VIC2637,VIC
VIOLET TOWN,VIC2638,VIC
VITE VITE,VIC2639,VIC
VITE VITE NORTH,VIC2640,VIC
W TREE,VIC2641,VIC
WAAIA,VIC2642,VIC
WAANYARRA,VIC2643,VIC
WAARRE,VIC2644,VIC
WABONGA,VIC2645,VIC
WAGGARANDALL,VIC2646,VIC
WAHGUNYAH,VIC2647,VIC
WAHRING,VIC2648,VIC
WAIL,VIC2649,VIC
WAIREWA,VIC2650,VIC
WAITCHIE,VIC2651,VIC
WAL WAL,VIC2652,VIC
WALDARA,VIC2653,VIC
WALHALLA,VIC2654,VIC
WALHALLA EAST,VIC2655,VIC
WALKERVILLE,VIC2656,VIC
WALKERVILLE NORTH,VIC3005,VIC
WALKERVILLE SOUTH,VIC2657,VIC
WALLACE,VIC2658,VIC
WALLACEDALE,VIC2659,VIC
WALLAGARAUGH,VIC2660,VIC
WALLALOO,VIC2661,VIC
WALLALOO EAST,VIC2662,VIC
WALLAN,VIC2663,VIC
WALLINDUC,VIC2664,VIC
WALLINGTON,VIC2665,VIC
WALLUP,VIC2666,VIC
WALMER,VIC2667,VIC
WALPA,VIC2668,VIC
WALPEUP,VIC2669,VIC
WALWA,VIC2670,VIC
WANALTA,VIC2671,VIC
WANDANA HEIGHTS,VIC2672,VIC
WANDELLA,VIC2673,VIC
WANDILIGONG,VIC2674,VIC
WANDIN EAST,VIC2675,VIC
WANDIN NORTH,VIC2676,VIC
WANDO BRIDGE,VIC2677,VIC
WANDO VALE,VIC2678,VIC
WANDONG,VIC2679,VIC
WANDOWN,VIC2680,VIC
WANGANDARY,VIC2681,VIC
WANGARABELL,VIC2682,VIC
WANGARATTA,VIC2683,VIC
WANGARATTA SOUTH,VIC2684,VIC
WANGIE,VIC2685,VIC
WANGOOM,VIC2686,VIC
WANNON,VIC2687,VIC
WANTIRNA,VIC2688,VIC
WANTIRNA SOUTH,VIC2689,VIC
WARANGA,VIC2690,VIC
WARANGA SHORES,VIC2691,VIC
WARATAH BAY,VIC2692,VIC
WARBURTON,VIC2693,VIC
WAREEK,VIC2694,VIC
WARGAN,VIC2695,VIC
WARMUR,VIC2696,VIC
WARNCOORT,VIC2697,VIC
WARNE,VIC2698,VIC
WARNEET,VIC2699,VIC
WARRABKOOK,VIC2700,VIC
WARRACKNABEAL,VIC2701,VIC
WARRAGUL,VIC2702,VIC
WARRAGUL SOUTH,VIC2703,VIC
WARRAGUL WEST,VIC2704,VIC
WARRAK,VIC2705,VIC
WARRANDYTE,VIC2706,VIC
WARRANDYTE SOUTH,VIC2707,VIC
WARRANWOOD,VIC2708,VIC
WARRAYURE,VIC2709,VIC
WARRENBAYNE,VIC2710,VIC
WARRENHEIP,VIC2711,VIC
WARRENMANG,VIC2712,VIC
WARRION,VIC2713,VIC
WARRNAMBOOL,VIC2714,VIC
WARROCK,VIC2715,VIC
WARRONG,VIC2716,VIC
WARTOOK,VIC2717,VIC
WATCHEM,VIC2718,VIC
WATCHEM WEST,VIC2719,VIC
WATCHUPGA,VIC2720,VIC
WATERFORD PARK,VIC2721,VIC
WATERHOLES,VIC2722,VIC
WATERLOO,VIC2723,VIC
WATERWAYS,VIC2724,VIC
WATSONIA,VIC2725,VIC
WATSONIA NORTH,VIC2726,VIC
WATSONS CREEK,VIC2727,VIC
WATTLE BANK,VIC2728,VIC
WATTLE CREEK,VIC2729,VIC
WATTLE FLAT,VIC2730,VIC
WATTLE GLEN,VIC2731,VIC
WATTLE HILL,VIC2732,VIC
WAUBRA,VIC2733,VIC
WAURN PONDS,VIC2734,VIC
WAYGARA,VIC2735,VIC
WEATHERBOARD,VIC2736,VIC
WEDDERBURN,VIC2737,VIC
WEDDERBURN JUNCTION,VIC2738,VIC
WEE WEE RUP,VIC2739,VIC
WEEAPROINAH,VIC2740,VIC
WEERING,VIC2741,VIC
WEERITE,VIC2742,VIC
WEHLA,VIC2743,VIC
WEIR VIEWS,VIC3020,VIC
WELLSFORD,VIC2744,VIC
WELSHMANS REEF,VIC2745,VIC
WELSHPOOL,VIC2746,VIC
WEMEN,VIC2747,VIC
WENDOUREE,VIC2748,VIC
WENSLEYDALE,VIC2749,VIC
WENTWORTH,VIC2750,VIC
WERNETH,VIC2751,VIC
WERONA,VIC2752,VIC
WERRIBEE,VIC2753,VIC
WERRIBEE SOUTH,VIC2754,VIC
WERRIMULL,VIC2755,VIC
WESBURN,VIC2756,VIC
WEST BENDIGO,VIC2757,VIC
WEST CREEK,VIC2758,VIC
WEST FOOTSCRAY,VIC2759,VIC
WEST MELBOURNE,VIC2760,VIC
WEST WODONGA,VIC2761,VIC
WESTBURY,VIC2762,VIC
WESTBY,VIC2763,VIC
WESTMEADOWS,VIC2764,VIC
WESTMERE,VIC2765,VIC
WHANREGARWEN,VIC2766,VIC
WHARPARILLA,VIC2767,VIC
WHEATSHEAF,VIC2768,VIC
WHEELERS HILL,VIC2769,VIC
WHIPSTICK,VIC2770,VIC
WHIRILY,VIC2771,VIC
WHITE HILLS,VIC2772,VIC
WHITEHEADS CREEK,VIC2773,VIC
WHITELAW,VIC2774,VIC
WHITFIELD,VIC2775,VIC
WHITLANDS,VIC2776,VIC
WHITTINGTON,VIC2777,VIC
WHITTLESEA,VIC2778,VIC
WHOOREL,VIC2779,VIC
WHOROULY,VIC2780,VIC
WHOROULY EAST,VIC2781,VIC
WHOROULY SOUTH,VIC2782,VIC
WHROO,VIC2783,VIC
WICKLIFFE,VIC2784,VIC
WILBY,VIC2785,VIC
WILD DOG VALLEY,VIC2786,VIC
WILDWOOD,VIC2787,VIC
WILKUR,VIC2788,VIC
WILLANGIE,VIC2789,VIC
WILLATOOK,VIC2790,VIC
WILLAURA,VIC2791,VIC
WILLAURA NORTH,VIC2792,VIC
WILLENABRINA,VIC2793,VIC
WILLIAMS LANDING,VIC2948,VIC
WILLIAMSTOWN,VIC2794,VIC
WILLIAMSTOWN NORTH,VIC2795,VIC
WILLOW GROVE,VIC2796,VIC
WILLOWMAVIN,VIC2797,VIC
WILLOWVALE,VIC2798,VIC
WILLUNG,VIC2799,VIC
WILLUNG SOUTH,VIC2800,VIC
WILSONS HILL,VIC2801,VIC
WILSONS PROMONTORY,VIC2802,VIC
WIMBLEDON HEIGHTS,VIC2803,VIC
WINCHELSEA,VIC2804,VIC
WINCHELSEA SOUTH,VIC2805,VIC
WINDERMERE,VIC2806,VIC
WINDSOR,VIC2807,VIC
WINGAN RIVER,VIC2808,VIC
WINGEEL,VIC2809,VIC
WINJALLOK,VIC2810,VIC
WINLATON,VIC2811,VIC
WINNAMBOOL,VIC2812,VIC
WINNAP,VIC2813,VIC
WINNINDOO,VIC2814,VIC
WINSLOW,VIC2815,VIC
WINTER VALLEY,VIC3008,VIC
WINTON,VIC2816,VIC
WINTON NORTH,VIC2817,VIC
WIRRATE,VIC2818,VIC
WISELEIGH,VIC2819,VIC
WODONGA,VIC2820,VIC
WOLLERT,VIC2821,VIC
WOMBAT CREEK,VIC2822,VIC
WOMBELANO,VIC2823,VIC
WON WRON,VIC2824,VIC
WONGA,VIC2825,VIC
WONGA PARK,VIC2826,VIC
WONGARRA,VIC2827,VIC
WONGUNGARRA,VIC2828,VIC
WONNANGATTA,VIC2829,VIC
WONTHAGGI,VIC2830,VIC
WONWONDAH,VIC2831,VIC
WONYIP,VIC2832,VIC
WOOD WOOD,VIC2833,VIC
WOODEND,VIC2834,VIC
WOODEND NORTH,VIC2835,VIC
WOODFIELD,VIC2836,VIC
WOODFORD,VIC2837,VIC
WOODGLEN,VIC2838,VIC
WOODHOUSE,VIC2839,VIC
WOODLEIGH,VIC2840,VIC
WOODS POINT,VIC2841,VIC
WOODSIDE,VIC2842,VIC
WOODSIDE BEACH,VIC2843,VIC
WOODSIDE NORTH,VIC2844,VIC
WOODSTOCK,VIC2845,VIC
WOODSTOCK ON LODDON,VIC2846,VIC
WOODSTOCK WEST,VIC2847,VIC
WOODVALE,VIC2848,VIC
WOOL WOOL,VIC2849,VIC
WOOLAMAI,VIC2850,VIC
WOOLENOOK,VIC2851,VIC
WOOLSHED FLAT,VIC2852,VIC
WOOLSTHORPE,VIC2853,VIC
WOOMELANG,VIC2854,VIC
WOORAGEE,VIC2855,VIC
WOORARRA EAST,VIC2856,VIC
WOORARRA WEST,VIC2857,VIC
WOOREEN,VIC3001,VIC
WOORI YALLOCK,VIC2858,VIC
WOORINEN,VIC2859,VIC
WOORINEN NORTH,VIC2860,VIC
WOORINEN SOUTH,VIC2861,VIC
WOORNDOO,VIC2862,VIC
WOOROONOOK,VIC2863,VIC
WOOSANG,VIC2864,VIC
WOOTONG VALE,VIC2865,VIC
WORROWING,VIC2866,VIC
WRATHUNG,VIC2867,VIC
WRIXON,VIC2868,VIC
WROXHAM,VIC2869,VIC
WUK WUK,VIC2870,VIC
WULGULMERANG,VIC2871,VIC
WULGULMERANG EAST,VIC2872,VIC
WULGULMERANG WEST,VIC2873,VIC
WUNGHNU,VIC2874,VIC
WURDIBOLUC,VIC2875,VIC
WURRUK,VIC2876,VIC
WY YUNG,VIC2877,VIC
WYCHEPROOF,VIC2878,VIC
WYCHEPROOF SOUTH,VIC2879,VIC
WYCHITELLA,VIC2880,VIC
WYCHITELLA NORTH,VIC2881,VIC
WYE RIVER,VIC2882,VIC
WYELANGTA,VIC2883,VIC
WYNDHAM VALE,VIC2884,VIC
WYUNA,VIC2885,VIC
WYUNA EAST,VIC2886,VIC
YAAPEET,VIC2887,VIC
YABBA NORTH,VIC2888,VIC
YABBA SOUTH,VIC2889,VIC
YACKANDANDAH,VIC2890,VIC
YALCA,VIC2891,VIC
YALLA-Y-POORA,VIC2892,VIC
YALLAMBIE,VIC2893,VIC
YALLOURN,VIC2894,VIC
YALLOURN NORTH,VIC2895,VIC
YALMY,VIC2896,VIC
YAMBUK,VIC2897,VIC
YAMBUNA,VIC2898,VIC
YAN YEAN,VIC2899,VIC
YANAC,VIC2900,VIC
YANAKIE,VIC2901,VIC
YANDO,VIC2902,VIC
YANDOIT,VIC2903,VIC
YANDOIT HILLS,VIC2904,VIC
YANGERY,VIC2905,VIC
YANGOURA,VIC2906,VIC
YANNATHAN,VIC2907,VIC
YAPEEN,VIC2908,VIC
YARCK,VIC2909,VIC
YARPTURK,VIC2910,VIC
YARRA GLEN,VIC2911,VIC
YARRA JUNCTION,VIC2912,VIC
YARRABERB,VIC2913,VIC
YARRAGON,VIC2914,VIC
YARRAGON SOUTH,VIC2915,VIC
YARRAM,VIC2916,VIC
YARRAMBAT,VIC2917,VIC
YARRAVILLE,VIC2918,VIC
YARRAWALLA,VIC2919,VIC
YARRAWONGA,VIC2920,VIC
YARRAWONGA SOUTH,VIC2921,VIC
YARROWEYAH,VIC2922,VIC
YATCHAW,VIC2923,VIC
YAWONG HILLS,VIC2924,VIC
YEA,VIC2925,VIC
YELLINGBO,VIC2926,VIC
YELTA,VIC2927,VIC
YENDON,VIC2928,VIC
YEO,VIC2929,VIC
YEODENE,VIC2930,VIC
YERING,VIC2931,VIC
YEUNGROON,VIC2932,VIC
YEUNGROON EAST,VIC2933,VIC
YIELIMA,VIC2934,VIC
YINNAR,VIC2935,VIC
YINNAR SOUTH,VIC2936,VIC
YORK PLAINS,VIC2937,VIC
YOUANMITE,VIC2938,VIC
YOUARANG,VIC2939,VIC
YULECART,VIC2940,VIC
YUNDOOL,VIC2941,VIC
YUROKE,VIC2942,VIC
YUULONG,VIC2943,VIC
ZEERUST,VIC2944,VIC
ZUMSTEINS,VIC2945,VIC
ABBA RIVER,WA2804,WA
ABBEY,WA3295,WA
ABYDOSS VILLAGE,,WA
ACTON PARK,WA2796,WA
ADAMSVALE,WA2246,WA
AJANA,WA1942,WA
ALBANY,WA3012,WA
ALDERSYDE,WA2239,WA
ALEXANDER HEIGHTS,WA3190,WA
ALEXANDRA BRIDGE,WA3028,WA
ALFRED COVE,WA3309,WA
ALKIMOS,WA2875,WA
ALLANOOKA,WA1937,WA
ALLANSON,WA2573,WA
ALLIGATOR HOLE,,WA
ALMA,WA1941,WA
AMBANIA,WA1943,WA
AMBERGATE,WA2795,WA
AMELUP,WA1879,WA
ANGELO RIVER,WA1745,WA
ANKETELL,WA3083,WA
ANNIEBROOK,WA2790,WA
ANTONYMYRE,WA2761,WA
APPLECROSS,WA3111,WA
ARDATH,WA1910,WA
ARDROSS,WA3109,WA
ARGYLE,WA2809,WA
ARMADALE,WA3220,WA
ARRINO,WA1935,WA
ARROWSMITH,WA1934,WA
ARROWSMITH EAST,WA2356,WA
ARTHUR RIVER,WA1874,WA
ASCOT,WA3161,WA
ASHBY,WA3353,WA
ASHENDON,WA2213,WA
ASHFIELD,WA3337,WA
ATTADALE,WA3105,WA
ATWELL,WA3080,WA
AUBIN GROVE,WA3300,WA
AUGUSTA,WA2443,WA
AUSTRALIND,WA2485,WA
AVELEY,WA3238,WA
AVON VALLEY NATIONAL PARK,WA2952,WA
BAANDEE,WA2698,WA
BABAKIN,WA2318,WA
BABBAGE ISLAND,WA3276,WA
BADGEBUP,WA2566,WA
BADGERIN ROCK,WA2307,WA
BADGIN,WA2658,WA
BADGINGARRA,WA1929,WA
BADJALING,WA2665,WA
BADJALING,WA2665,WA
BAILUP,WA2953,WA
BAKERS HILL,WA2638,WA
BALBARRUP,WA2543,WA
BALCATTA,WA3172,WA
BALDIVIS,WA2510,WA
BALGA,WA3177,WA
BALGINJIRR,,WA
BALGO,,WA
BALINGUP,WA2553,WA
BALKULING,WA2659,WA
BALLA BALLA,WA2413,WA
BALLADONG,WA2955,WA
BALLADONIA,WA1725,WA
BALLAJURA,WA3192,WA
BALLAYING,WA2156,WA
BALLIDU,WA3240,WA
BALLY BALLY,WA2653,WA
BAMBUN,WA2886,WA
BANDY CREEK,WA2747,WA
BANDYA,WA1810,WA
BANJUP,WA2855,WA
BANKSIA GROVE,WA3209,WA
BANKSIADALE,WA1872,WA
BANNISTER,WA2140,WA
BARANGYA,,WA
BARBALIN,WA2703,WA
BARBERTON,WA2690,WA
BARRABUP,WA2065,WA
BARRAGUP,WA2837,WA
BARREL WELL,,WA
BARROW ISLAND,WA1704,WA
BASKERVILLE,WA2940,WA
BASSENDEAN,WA3163,WA
BATEMAN,WA3104,WA
BAUDIN,WA2064,WA
BAULA WAH,,WA
BAWOORROOGA,,WA
BAYNTON,WA3280,WA
BAYONET HEAD,WA3023,WA
BAYSWATER,WA2866,WA
BAYULU,,WA
BEACHLANDS,WA3369,WA
BEACON,WA2392,WA
BEACONSFIELD,WA3301,WA
BEADELL,WA1715,WA
BEAGLE BAY,,WA
BEAUFORT RIVER,WA2146,WA
BEAUMONT,WA2000,WA
BECKENHAM,WA3125,WA
BEDFORD,WA3336,WA
BEDFORDALE,WA2621,WA
BEDUNBURRA,,WA
BEECHBORO,WA3194,WA
BEECHINA,WA2947,WA
BEEDELUP,WA2083,WA
BEELA,WA2490,WA
BEELERUP,WA2811,WA
BEELIAR,WA2853,WA
BEENONG,WA2201,WA
BEERMULLAH,WA2074,WA
BEJOORDING,WA2680,WA
BELDON,WA3344,WA
BELELE SPRINGS,,WA
BELHUS,WA3237,WA
BELL SPRINGS,,WA
BELLARY SPRINGS,,WA
BELLEVUE,WA3228,WA
BELLS POINT,,WA
BELMONT,WA3160,WA
BENCUBBIN,WA2311,WA
BENGER,WA2493,WA
BENJABERRING,WA2296,WA
BENJINUP,WA2093,WA
BENNETT SPRINGS,WA3392,WA
BENTLEY,WA3144,WA
BERESFORD,WA3254,WA
BERKSHIRE VALLEY,WA2383,WA
BERNIER ISLAND,WA2754,WA
BERTRAM,WA3069,WA
BETHAL,,WA
BEVERLEY,WA1901,WA
BIBRA LAKE,WA2854,WA
BICKLEY,WA2929,WA
BICTON,WA3098,WA
BIDDELIA,WA2451,WA
BIDIJUL,,WA
BIDYADANGA,,WA
BIG GROVE,WA2770,WA
BILBARIN,WA2317,WA
BILGUNGURR,,WA
BILINGURR,WA3006,WA
BILLARD,,WA
BILLINUE,,WA
BIMBIJY,WA1982,WA
BINDI BINDI,WA1902,WA
BINDI BINDI,WA1902,WA
BINDOON,WA2263,WA
BINDOON TRAINING AREA,WA2675,WA
BINDULI,WA2977,WA
BINNINGUP,WA2491,WA
BINNU,WA1944,WA
BIRCHMONT,WA2502,WA
BIRIDU,,WA
BLACKSTONE,,WA
BLUFF POINT,WA3373,WA
BLYTHEWOOD,WA2506,WA
BOALLIA,WA2785,WA
BOBALONG,WA2118,WA
BOBIEDING,,WA
BODALLIN,WA1925,WA
BODDINGTON,WA2139,WA
BOILUP,WA2560,WA
BOKAL,WA2131,WA
BOLGART,WA2267,WA
BONDINI RESERVE,,WA
BONNIE ROCK,WA1981,WA
BONNIEFIELD,WA2706,WA
BOODARIE,WA2417,WA
BOODAROCKIN,WA2345,WA
BOOKARA,WA2707,WA
BOONANARRING,WA2530,WA
BOORABBIN,WA1804,WA
BOORAGOON,WA3107,WA
BOORALAMING,WA2305,WA
BOORARA,WA2984,WA
BOORARA BROOK,WA2039,WA
BOOTENAL,WA2965,WA
BOOTHENDARRA,WA1931,WA
BORANUP,WA2446,WA
BORDEN,WA3355,WA
BORDERDALE,WA2117,WA
BORNHOLM,WA2767,WA
BOSCABEL,WA2113,WA
BOULDER,WA3268,WA
BOUNDAIN,WA2159,WA
BOUVARD,WA2500,WA
BOVELL,WA2798,WA
BOW BRIDGE,WA2425,WA
BOW RIVER,,WA
BOWELLING,WA2129,WA
BOWES,WA2369,WA
BOWGADA,WA1776,WA
BOXWOOD HILL,WA1880,WA
BOYA,WA3231,WA
BOYANUP,WA2482,WA
BOYATUP,WA1999,WA
BOYERINE,WA2589,WA
BOYUP BROOK,WA2098,WA
BRABHAM,WA3393,WA
BRAMLEY,WA2783,WA
BRAZIER,WA2474,WA
BREERA,WA2887,WA
BREMER BAY,WA2186,WA
BRENTWOOD,WA3308,WA
BRETON BAY,WA2071,WA
BRIDGETOWN,WA2897,WA
BRIGADOON,WA2949,WA
BRINGO,WA2972,WA
BROADWATER,WA3032,WA
BROADWOOD,WA2978,WA
BROCKMAN,WA3381,WA
BROKE,WA1849,WA
BROOKDALE,WA3357,WA
BROOKHAMPTON,WA2477,WA
BROOKTON,WA2237,WA
BROOME,WA3004,WA
BROOMEHILL EAST,WA2123,WA
BROOMEHILL VILLAGE,WA3213,WA
BROOMEHILL WEST,WA2120,WA
BROWN HILL,WA2750,WA
BROWN RANGE,WA2987,WA
BRUCE ROCK,WA1911,WA
BRUNBRUNGANJAL,,WA
BRUNSWICK,WA2068,WA
BUCKINGHAM,WA2578,WA
BUCKLAND,WA2677,WA
BUDGARJOOK,,WA
BUDULAH,,WA
BULGARRA,WA3283,WA
BULGIN,,WA
BULL CREEK,WA3102,WA
BULLABULLING,WA2006,WA
BULLARING,WA2242,WA
BULLER,WA3258,WA
BULLFINCH,WA1926,WA
BULLOCK HILLS,WA2155,WA
BULLSBROOK,WA2224,WA
BULONG,WA2010,WA
BULYEE,WA2243,WA
BUNBURY,WA3046,WA
BUNDANOON,WA2724,WA
BUNDY BUNNA,,WA
BUNGARDI,,WA
BUNICHE,WA2202,WA
BUNINGBARR,,WA
BUNJIL,WA1778,WA
BUNNENGARRA,,WA
BUNTINE,WA1965,WA
BURAKIN,WA2389,WA
BURAMINYA,WA1711,WA
BURAWA,,WA
BUREKUP,WA2488,WA
BURGES,WA2957,WA
BURLONG,WA2644,WA
BURMA ROAD,WA2364,WA
BURNS BEACH,WA3198,WA
BURNSIDE,WA2454,WA
BURRACOPPIN,WA2332,WA
BURRAN ROCK,WA2699,WA
BURRGUK,,WA
BURRINGURRAH,,WA
BURRINUNGA,,WA
BURRUP,WA2759,WA
BURSWOOD,WA3151,WA
BUSHMEAD,WA3396,WA
BUSSELTON,WA3034,WA
BUTLER,WA3203,WA
BUTTAH WINDEE,,WA
BYFORD,WA2910,WA
BYGNUNN,,WA
CABLE BEACH,WA3003,WA
CADOUX,WA1906,WA
CAIGUNA,WA1726,WA
CALINGIRI,WA2688,WA
CALISTA,WA3068,WA
CALJIE,WA2648,WA
CALLCUP,WA2038,WA
CAMBALLIN,WA1844,WA
CAMBRIDGE GULF,WA1848,WA
CAMILLO,WA3223,WA
CANCANNING,WA2154,WA
CANE,WA1828,WA
CANNA,WA1976,WA
CANNING MILLS,WA2623,WA
CANNING VALE,WA2859,WA
CANNINGTON,WA3123,WA
CAPE ARID,WA1795,WA
CAPE BURNEY,WA2962,WA
CAPE LAVEQUE,,WA
CAPE LE GRAND,WA1994,WA
CAPE RANGE NATIONAL PARK,WA2024,WA
CAPEL,WA2479,WA
CAPEL RIVER,WA2473,WA
CAPRICORN,WA1751,WA
CARABAN,WA2519,WA
CARABOODA,WA2882,WA
CARANI,WA2282,WA
CARBLA,WA2019,WA
CARBUNUP RIVER,WA2464,WA
CARDABIA,,WA
CARDIFF,WA2575,WA
CARDUP,WA2909,WA
CAREY PARK,WA3042,WA
CARINE,WA3170,WA
CARLISLE,WA3150,WA
CARLOTTA,WA2061,WA
CARMEL,WA2919,WA
CARNAMAH,WA1961,WA
CARNARVON,WA3277,WA
CARNOT SPRINGS,,WA
CARRABIN,WA2333,WA
CARRAMAR,WA3208,WA
CARRANYA,,WA
CARRARANG,WA1813,WA
CARROLUP,WA2562,WA
CARTMETICUP,WA2591,WA
CASCADE,WA1992,WA
CASTLETOWN,WA3266,WA
CASUARINA,WA3082,WA
CATABY,WA2533,WA
CATTERICK,WA2551,WA
CATTLE CAMP,,WA
CATTLE CREEK,,WA
CAVERSHAM,WA2935,WA
CENTENNIAL PARK,WA3013,WA
CERVANTES,WA3242,WA
CHADWICK,WA3264,WA
CHAMPION LAKES,WA2914,WA
CHANDLER,WA2341,WA
CHANGERUP,WA2103,WA
CHANNYBEARUP,WA2534,WA
CHAPMAN HILL,WA2466,WA
CHARLEY CREEK,WA2812,WA
CHEEDITHA,,WA
CHERRY TREE POOL,WA2561,WA
CHEYNES,WA2054,WA
CHICHESTER,WA1835,WA
CHIDLOW,WA2627,WA
CHILE CREEK,,WA
CHINAMAN GARDEN,,WA
CHITTERING,WA2261,WA
CHOWERUP,WA1863,WA
CHURCHLANDS,WA3323,WA
CITY BEACH,WA3134,WA
CLACKLINE,WA2639,WA
CLAREMONT,WA3316,WA
CLARKSON,WA3199,WA
CLEARY,WA2391,WA
CLEAVERVILLE,WA2760,WA
CLIFTON,WA2828,WA
CLOVERDALE,WA3154,WA
COBLININE,WA2151,WA
COBURN,WA1950,WA
COCKATOO,,WA
COCKATOO SPRINGS,,WA
COCKBURN CENTRAL,WA3302,WA
COCKLEBIDDY,WA1802,WA
CODJATOTINE,WA2144,WA
COGLA DOWNS,,WA
COLD HARBOUR,WA2635,WA
COLLANILLING,WA2153,WA
COLLEGE GROVE,WA3038,WA
COLLIE,WA2574,WA
COLLIE BURN,WA2901,WA
COLLINGWOOD HEIGHTS,WA2775,WA
COLLINGWOOD PARK,WA3292,WA
COLLINS,WA2081,WA
COMMODINE,WA2608,WA
COMO,WA3142,WA
CONDINGUP,WA2403,WA
CONE BAY,,WA
CONNOLLY,WA3351,WA
CONTINE,WA2601,WA
COODANUP,WA3054,WA
COOGEE,WA3086,WA
COOKERNUP,WA2496,WA
COOLADAR HILL,WA1785,WA
COOLBELLUP,WA3091,WA
COOLBINIA,WA3328,WA
COOLCALALAYA,WA1952,WA
COOLGARDIE,WA2748,WA
COOLJARLOO,WA1858,WA
COOLOONGUP,WA2847,WA
COOLUP,WA2833,WA
COOMALBIDGUP,WA1987,WA
COOMBERDALE,WA2382,WA
COONABIDGEE,WA2523,WA
COONANA,,WA
COONDLE,WA2264,WA
COOROW,WA2742,WA
COOYA POOYA,WA2027,WA
COPLEY,WA2232,WA
CORAL BAY,WA3383,WA
CORINTHIA,WA2350,WA
CORRIGIN,WA2315,WA
COSMO NEWBERY,WA1733,WA
COSMO NEWBERY,WA1733,WA
COSSACK,WA2762,WA
COTTESLOE,WA3126,WA
COTTON CREEK,,WA
COURTENAY,WA2450,WA
COWALELLUP,WA2183,WA
COWALLA,WA2528,WA
COWARAMUP,WA2455,WA
COWCOWING,WA1907,WA
COYRECUP,WA2125,WA
CRAIGIE,WA3185,WA
CRAMPHORNE,WA1915,WA
CRANBROOK,WA1869,WA
CRAWLEY,WA3318,WA
CROCODILE HOLE,,WA
CROOKED BROOK,WA2483,WA
CROSSMAN,WA2141,WA
CROWEA,WA1860,WA
CUBALLING,WA2160,WA
CUBBINE,WA2250,WA
CUE,WA2976,WA
CULHAM,WA2679,WA
CULLACABARDEE,WA3195,WA
CULLACABARDEE,WA3195,WA
CULLALLA,WA2672,WA
CUNDEELEE,WA1806,WA
CUNDERDIN,WA1903,WA
CUNDINUP,WA2066,WA
CUNJARDINE,WA2265,WA
CURRAMBINE,WA3352,WA
CUTHBERT,WA3009,WA
DAADENNING CREEK,WA2257,WA
DAGGAR HILLS,WA1783,WA
DAGLISH,WA3319,WA
DALE,WA2221,WA
DALIAK,WA2634,WA
DALKEITH,WA3129,WA
DALWALLINU,WA1962,WA
DALYELLUP,WA2813,WA
DALYUP,WA1988,WA
DAMPIER,WA2993,WA
DAMPIER ARCHIPELAGO,WA1838,WA
DAMPIER PENINSULA,WA1841,WA
DANDANNING,WA2336,WA
DANDARAGAN,WA1928,WA
DANGIN,WA2655,WA
DARCH,WA3346,WA
DARDADINE,WA2582,WA
DARDANUP,WA3050,WA
DARDANUP WEST,WA2820,WA
DARKAN,WA2132,WA
DARLING DOWNS,WA2911,WA
DARLINGTON,WA2927,WA
DARLNGUNAYA,,WA
DARLU DARLU,,WA
DARRADUP,WA2058,WA
DARTMOOR,WA2381,WA
DARTNALL,WA2119,WA
DATATINE,WA2596,WA
DAVENPORT,WA2816,WA
DAWESVILLE,WA2830,WA
DAYTON,WA3391,WA
DE GREY,WA1839,WA
DEANMILL,WA2891,WA
DEEPDALE,WA3253,WA
DEEPDENE,WA2444,WA
DENBARKER,WA2045,WA
DENHAM,WA2753,WA
DENMARK,WA2772,WA
DERBY,WA2419,WA
DEVILS CREEK,WA2368,WA
DEWARS POOL,WA2671,WA
DIAMOND TREE,WA2536,WA
DIANELLA,WA2869,WA
DILLON SPRINGS,,WA
DINDILOA,WA2735,WA
DINGO SPRINGS,,WA
DINGUP,WA2542,WA
DINNER CAMP,,WA
DINNINUP,WA2099,WA
DIRK HARTOG ISLAND,WA1814,WA
DIXVALE,WA2892,WA
DJARADJUNG,,WA
DJARINDJIN,,WA
DJIBBINJ,,WA
DJILIMBARDI,,WA
DJIMUNG NGUDA,,WA
DJOODOOD,,WA
DJUGARAGYN,,WA
DJUGERARI,,WA
DJUGUN,WA3005,WA
DJULBURR,,WA
DODNUN,,WA
DONGARA,WA3243,WA
DONGOLOCKING,WA2598,WA
DONNELLY RIVER,WA2540,WA
DONNYBROOK,WA2810,WA
DOOBARDA,,WA
DOODENANNING,WA2249,WA
DOODLAKINE,WA2298,WA
DORRE ISLAND,WA2017,WA
DOUBLEVIEW,WA3136,WA
DOWERIN,WA2293,WA
DROME,WA2437,WA
DRUMMOND COVE,WA3371,WA
DRYANDRA,WA2604,WA
DRYSDALE RIVER,WA1763,WA
DUDAWA,WA2360,WA
DUDININ,WA2195,WA
DUDLEY PARK,WA2834,WA
DUKIN,WA2696,WA
DULBELLING,WA2661,WA
DULYALBIN,WA2347,WA
DUMBARTON,WA2643,WA
DUMBERNING,WA2600,WA
DUMBLEYUNG,WA2157,WA
DUNCRAIG,WA3169,WA
DUNDAS,WA2002,WA
DUNN ROCK,WA2208,WA
DUNSBOROUGH,WA2793,WA
DURACK,WA1767,WA
DURANILLIN,WA2130,WA
DURAWAH,WA2365,WA
DWARDA,WA2142,WA
DWELLINGUP,WA2903,WA
EAGLE BAY,WA3294,WA
EAST AUGUSTA,WA3026,WA
EAST BALLIDU,WA1967,WA
EAST BEVERLEY,WA2247,WA
EAST BOWES,WA2736,WA
EAST BUNBURY,WA3041,WA
EAST CANNINGTON,WA3153,WA
EAST CARNARVON,WA2988,WA
EAST CHAPMAN,WA2717,WA
EAST DAMBORING,WA2385,WA
EAST FREMANTLE,WA3099,WA
EAST LYONS RIVER,WA1824,WA
EAST MUNGLINUP,WA2398,WA
EAST MURCHISON,WA1823,WA
EAST NABAWA,WA2374,WA
EAST NANNUP,WA2470,WA
EAST NEWDEGATE,WA2207,WA
EAST PERTH,WA3146,WA
EAST PINGELLY,WA1900,WA
EAST POPANYINNING,WA2609,WA
EAST ROCKINGHAM,WA2849,WA
EAST VICTORIA PARK,WA3143,WA
EAST WICKEPIN,WA2614,WA
EAST YUNA,WA2377,WA
EASTBROOK,WA2535,WA
EATON,WA3049,WA
EDEN HILL,WA3162,WA
EDGEWATER,WA3186,WA
EGANU,WA1932,WA
EGLINTON,WA2876,WA
EIGHTY MILE BEACH,WA1755,WA
ELABBIN,WA2700,WA
ELACHBUTTING,WA1980,WA
ELGIN,WA2480,WA
ELLEKER,WA2435,WA
ELLENBROOK,WA2880,WA
ELLENDALE,WA2726,WA
EMBLETON,WA3158,WA
EMBULGUN,,WA
EMU CREEK,,WA
EMU FARM,,WA
EMU FLAT,WA1800,WA
EMU POINT,WA1707,WA
ENEABBA,WA1773,WA
ENNUIN,WA1983,WA
ERADU,WA2974,WA
ERADU SOUTH,WA2729,WA
ERSKINE,WA3052,WA
ESPERANCE,WA3375,WA
ETMILYN,WA2584,WA
EUCLA,WA1734,WA
EURARDY,WA1948,WA
EWLYAMARTUP,WA2124,WA
EXMOUTH,WA2757,WA
EXMOUTH GULF,WA1825,WA
FAIRBRIDGE,WA2586,WA
FALCON,WA2831,WA
FERGUSON,WA2486,WA
FERNDALE,WA3124,WA
FEYSVILLE,WA2009,WA
FIMISTON,WA3273,WA
FINUCANE,WA3385,WA
FITZGERALD,WA3356,WA
FITZGERALD RIVER NATIONAL PARK,WA1883,WA
FITZROY CROSSING,WA3007,WA
FIVE MILE,,WA
FLETCHER FAMILY,,WA
FLINT,WA2219,WA
FLOREAT,WA3133,WA
FLYING FOX,,WA
FLYNN,WA2227,WA
FLYWELL,,WA
FOREST GROVE,WA2448,WA
FOREST HILL,WA2046,WA
FORREST,WA1735,WA
FORREST BEACH,WA2806,WA
FORRESTANIA,WA1796,WA
FORRESTDALE,WA2857,WA
FORRESTFIELD,WA2920,WA
FORTESCUE,WA1747,WA
FOUR MILE,,WA
FRANCOIS PERON NATIONAL PARK,WA2016,WA
FRANKLAND RIVER,WA1865,WA
FRASER RANGE,WA1712,WA
FRAZIER DOWNS,,WA
FREMANTLE,WA3094,WA
FRENCHMAN BAY,WA3288,WA
FURNISSDALE,WA3055,WA
GABALONG,WA2692,WA
GABBADAH,WA2525,WA
GABBIN,WA2312,WA
GAIRDNER,WA1881,WA
GALAMANDA,,WA
GALERU,,WA
GANINYI,,WA
GAP RIDGE,WA2758,WA
GARDEN ISLAND,WA2848,WA
GASCOYNE JUNCTION,WA2990,WA
GASCOYNE RIVER,WA1741,WA
GEBOOWAMA,,WA
GEEGULLY CREEK,WA1842,WA
GELORUP,WA2814,WA
GEOGRAPHE,WA2800,WA
GEORGINA,WA2711,WA
GERALDTON,WA3249,WA
GHOOLI,WA1772,WA
GIBB,WA1762,WA
GIBSON,WA2400,WA
GIBSON DESERT NORTH,WA1709,WA
GIBSON DESERT SOUTH,WA1718,WA
GIDGEGANNUP,WA2225,WA
GILGERING,WA2230,WA
GILLAROONG,,WA
GILLIMANNING,WA2168,WA
GILLINGARRA,WA2277,WA
GILLY SHARPE,,WA
GILROYD,WA2021,WA
GILROYD,WA2021,WA
GINGERAH,WA1756,WA
GINGIN,WA3211,WA
GINGINUP,WA2529,WA
GIRRAWHEEN,WA3178,WA
GLEDHOW,WA2773,WA
GLEN FORREST,WA2932,WA
GLEN HILL,,WA
GLEN IRIS,WA3043,WA
GLEN MERVYN,WA2569,WA
GLENCOE,WA2593,WA
GLENDALOUGH,WA3388,WA
GLENFIELD,WA2968,WA
GLENLYNN,WA2546,WA
GLENORAN,WA2084,WA
GLENTROMIE,WA2689,WA
GNANGARA,WA2872,WA
GNANGARA,WA2872,WA
GNARABUP,WA3293,WA
GNOOREA,WA2992,WA
GNOWANGERUP,WA3217,WA
GNOWELLEN,WA2175,WA
GNYLMARUNG,,WA
GOLDEN BAY,WA3065,WA
GOOBINY,,WA
GOODA BINYA,,WA
GOODALARGIN,,WA
GOODE BEACH,WA3010,WA
GOODLANDS,WA1779,WA
GOOGARDAH,,WA
GOOGARR GOONYOOL,,WA
GOOLARABOOLOO,,WA
GOOLARRGON,,WA
GOOMALLING,WA2686,WA
GOOMARIN,WA2334,WA
GOOMBADING,,WA
GOOMBARAGIN,,WA
GOONJARLAN,,WA
GOOSE HILL,,WA
GOOSEBERRY HILL,WA3229,WA
GORGE ROCK,WA2314,WA
GORRIE,WA2946,WA
GOSNELLS,WA2916,WA
GRACETOWN,WA2784,WA
GRANVILLE,WA2524,WA
GRASS PATCH,WA1793,WA
GRASS VALLEY,WA2650,WA
GREEN HEAD,WA2704,WA
GREEN RANGE,WA2055,WA
GREEN VALLEY,WA2048,WA
GREENBUSHES,WA2549,WA
GREENFIELDS,WA2835,WA
GREENHILLS,WA2656,WA
GREENMOUNT,WA3230,WA
GREENOUGH,WA2710,WA
GREENWOOD,WA3174,WA
GREENWOODS VALLEY,WA2289,WA
GREGORY,WA3262,WA
GREY,WA3354,WA
GREYS PLAIN,WA3278,WA
GRIMWADE,WA2556,WA
GUDA GUDA,,WA
GUDUMUL,,WA
GUILDERTON,WA3210,WA
GUILDFORD,WA3165,WA
GULBERANG,,WA
GULLAWEED,,WA
GULUMONON,,WA
GUMBARNUN,,WA
GUNDARING,WA2594,WA
GUNYIDI,WA1959,WA
GURIMA,,WA
GURRBALGUN,,WA
GUTHA,WA1978,WA
GWAMBYGINE,WA2633,WA
GWELUP,WA3168,WA
GWINDINUP,WA2818,WA
HACKETTS GULLY,WA2928,WA
HALLS CREEK,WA3008,WA
HALLS HEAD,WA2832,WA
HAMEL,WA2827,WA
HAMELIN BAY,WA2779,WA
HAMELIN POOL,WA2018,WA
HAMERSLEY,WA3173,WA
HAMERSLEY RANGE,WA1829,WA
HAMILTON HILL,WA3088,WA
HAMMOND PARK,WA3299,WA
HANNANS,WA3272,WA
HARRIS RIVER,WA2579,WA
HARRISDALE,WA3114,WA
HARRISMITH,WA2612,WA
HARVEY,WA2494,WA
HASTINGS,WA2217,WA
HATTER HILL,WA1790,WA
HAY,WA2041,WA
HAYNES,WA3085,WA
HAZELMERE,WA2922,WA
HAZELVALE,WA2423,WA
HEATHRIDGE,WA3182,WA
HELENA VALLEY,WA2926,WA
HENDERSON,WA3076,WA
HENLEY BROOK,WA2938,WA
HENTY,WA2487,WA
HERDSMAN,WA3138,WA
HERNE HILL,WA3234,WA
HERRON,WA2829,WA
HESTER,WA2898,WA
HESTER BROOK,WA2550,WA
HICKETY,WA2734,WA
HIGGINSVILLE,WA2003,WA
HIGH WYCOMBE,WA3226,WA
HIGHBURY,WA1875,WA
HIGHGATE,WA3335,WA
HILBERT,WA2912,WA
HILL RIVER,WA2355,WA
HILLARYS,WA3180,WA
HILLMAN,WA3067,WA
HILLSIDE,WA2603,WA
HILTON,WA3306,WA
HINDMARSH,WA2294,WA
HINES HILL,WA2323,WA
HITHERGREEN,WA2803,WA
HOCKING,WA3348,WA
HODDYS WELL,WA2642,WA
HOFFMAN,WA2133,WA
HOLLETON,WA1919,WA
HOLLOW SPRINGS,,WA
HOLMWOOD,WA2731,WA
HOLT ROCK,WA1895,WA
HOLYOAKE,WA2587,WA
HONEYMOON BEACH,,WA
HOPE VALLEY,WA3077,WA
HOPELAND,WA2509,WA
HOPETOUN,WA1985,WA
HORROCKS,WA3261,WA
HOUTMAN ABROLHOS,WA1774,WA
HOVEA,WA2942,WA
HOWATHARRA,WA2732,WA
HOWICK,WA1998,WA
HULONGINE,WA2268,WA
HUNTINGDALE,WA3115,WA
HYDEN,WA1771,WA
IKEWA,WA2725,WA
ILKULKA,,WA
ILUKA,WA3197,WA
IMINTJI,,WA
INDEE,WA2028,WA
INGGARDA,WA1819,WA
INGLEHOPE,WA2585,WA
INGLEWOOD,WA3157,WA
INKPEN,WA2632,WA
INNALOO,WA3324,WA
INNAWANGA,WA1743,WA
IRAGUL,,WA
IRISHTOWN,WA2646,WA
IRRUNGADJI,,WA
IRRUNYTJU,,WA
IRWIN,WA3259,WA
ISRAELITE BAY,WA1801,WA
ISSEKA,WA3263,WA
JABIR JABIR,,WA
JACKITUP,WA2181,WA
JACUP,WA2187,WA
JALBARRAGUP,WA2469,WA
JALORAN,WA2152,WA
JALYIRR,,WA
JANDABUP,WA2879,WA
JANDAKOT,WA2856,WA
JANE BROOK,WA3236,WA
JANTERRIJI,,WA
JARDEE,WA2537,WA
JARLMADANGAH,,WA
JARLMADANGAH BURRU,WA3397,WA
JARLMADANKA,,WA
JARRAHDALE,WA2212,WA
JARRAHWOOD,WA3296,WA
JELCOBINE,WA2220,WA
JENNACUBBINE,WA2684,WA
JENNAPULLIN,WA2682,WA
JERDACUTTUP,WA1986,WA
JERRAMUNGUP,WA1882,WA
JIBBERDING,WA1971,WA
JIGALONG,WA3398,WA
JIGALONG,WA3398,WA
JILAKIN,WA2204,WA
JILARIYA,,WA
JIMBALAKUDUNJ,,WA
JIMBILUM,,WA
JINDALEE,WA3202,WA
JINDONG,WA2794,WA
JINGALUP,WA2110,WA
JINPARINYA,,WA
JITARNING,WA2197,WA
JOLIMONT,WA3320,WA
JOONDALUP,WA2877,WA
JOONDANNA,WA3331,WA
JOY SPRINGS,,WA
JULGNUNN,,WA
JULIMAR,WA2262,WA
JUNA DOWNS,WA1834,WA
JUNDARU,,WA
JUNJUWA,,WA
JUPITER WELL,,WA
JURIEN BAY,WA2354,WA
KADATHINNI,WA1933,WA
KADJINA,,WA
KALAMUNDA,WA2924,WA
KALANNIE,WA2390,WA
KALBARRI,WA2372,WA
KALBARRI NATIONAL PARK,WA1947,WA
KALGAN,WA2051,WA
KALGOORLIE,WA3271,WA
KALGUP,WA3035,WA
KALLAROO,WA3184,WA
KALOORUP,WA2459,WA
KALUMBURU,WA3284,WA
KALUMBURU,WA3284,WA
KALYADAYAN,,WA
KAMBALDA COMMUNITY,,WA
KAMBALDA EAST,WA2405,WA
KAMBALDA WEST,WA2404,WA
KANDIWAL,,WA
KANGAN,,WA
KANGAROO GULLY,WA2547,WA
KANOWNA,WA2013,WA
KANPA,,WA
KANPA,,WA
KARAKIN,WA2527,WA
KARALUNDI,WA3394,WA
KARALUNDI,WA3394,WA
KARAWARA,WA3312,WA
KARDINYA,WA3101,WA
KARIJINI,WA1832,WA
KARLGARIN,WA1909,WA
KARLKURLA,WA2980,WA
KARLONING,WA2340,WA
KARLOO,WA3247,WA
KARMULINUNGA,,WA
KARNPARRMI,,WA
KARNUP,WA2842,WA
KARRAGULLEN,WA2624,WA
KARRAKATTA,WA3317,WA
KARRAKUP,WA2619,WA
KARRAMINDIE,WA2008,WA
KARRANADGIN,WA2270,WA
KARRATHA,WA3390,WA
KARRATHA INDUSTRIAL ESTATE,WA2995,WA
KARRIDALE,WA2447,WA
KARRINYUP,WA3167,WA
KARRKU,,WA
KARROUN HILL,WA1782,WA
KARTANG RIJA,,WA
KATANNING,WA2122,WA
KATRINE,WA2233,WA
KAURING,WA2657,WA
KEALY,WA3030,WA
KEARNEY RANGE,,WA
KEBARINGUP,WA2179,WA
KELLERBERRIN,WA2258,WA
KELMSCOTT,WA2915,WA
KENDENUP,WA1867,WA
KENMARE,WA2115,WA
KENNEDY HILL,,WA
KENNEDY RANGE,WA1822,WA
KENSINGTON,WA3145,WA
KENTDALE,WA2771,WA
KENWICK,WA2917,WA
KERALUP,WA2841,WA
KEWDALE,WA2864,WA
KEYSBROOK,WA1899,WA
KIARA,WA3389,WA
KILLI KILLI,,WA
KIMBOLTON,WA1703,WA
KING GEORGE RIVER,,WA
KING LEOPOLD RANGES,WA1760,WA
KING RIVER,WA3024,WA
KINGS PARK,WA1706,WA
KINGSFORD,WA3279,WA
KINGSLEY,WA3187,WA
KINGSTON,WA1862,WA
KINROSS,WA3349,WA
KIRK ROCK,WA2615,WA
KIRUP,WA2092,WA
KIWIRRKURRA,,WA
KOJANEERUP SOUTH,WA2173,WA
KOJARENA,WA2716,WA
KOJONUP,WA2114,WA
KOKEBY,WA2238,WA
KONDININ,WA1908,WA
KONDUT,WA1905,WA
KONNONGORRING,WA2283,WA
KOOJAN,WA2278,WA
KOOKYNIE,WA1807,WA
KOOLANOOKA,WA1974,WA
KOOLYANOBBING,WA2352,WA
KOOMBERKINE,WA2303,WA
KOONDOOLA,WA3191,WA
KOONGAMIA,WA3361,WA
KOONGIE PARK,,WA
KOORABYE,,WA
KOORDA,WA2959,WA
KOORDA CLUB,,WA
KORBEL,WA1912,WA
KORDABUP,WA2427,WA
KORRELOCKING,WA2300,WA
KRONKUP,WA2433,WA
KUDARDUP,WA2445,WA
KUENDER,WA2203,WA
KUKERIN,WA3219,WA
KULIKUP,WA2101,WA
KULIN,WA2199,WA
KULIN WEST,WA2313,WA
KULJA,WA1969,WA
KUMARINA,WA1750,WA
KUMBRARUMBA,,WA
KUNAWARRITJI,,WA
KUNDAT DJARU,WA3399,WA
KUNDAT DJARU,WA3399,WA
KUNJIN,WA2245,WA
KUNMUNYA,,WA
KUNUNOPPIN,WA3241,WA
KUNUNURRA,WA2036,WA
KUPARTIYA,WA3400,WA
KUPARTIYA,WA3400,WA
KUPUNGARRI,,WA
KURINYJARN,,WA
KURLKU,,WA
KURNALPI,WA2014,WA
KURNANGKI,,WA
KURRAWANG,,WA
KURRENKUTTEN,WA2316,WA
KUTKABUBBA,,WA
KWEDA,WA2240,WA
KWELKAN,WA2701,WA
KWINANA BEACH,WA2851,WA
KWINANA TOWN CENTRE,WA3298,WA
KWOLYIN,WA2253,WA
LADJADARR,,WA
LAGRANGE,WA2033,WA
LAKE ARGYLE,WA1847,WA
LAKE AUSTIN,WA1786,WA
LAKE BIDDY,WA1891,WA
LAKE BROWN,WA2342,WA
LAKE CAMM,WA1896,WA
LAKE CARNEGIE,WA1749,WA
LAKE CLIFTON,WA2497,WA
LAKE COOGEE,,WA
LAKE DARLOT,WA1809,WA
LAKE DEBORAH,WA1727,WA
LAKE GRACE,WA2193,WA
LAKE HINDS,WA2286,WA
LAKE JASPER,WA2059,WA
LAKE KING,WA1789,WA
LAKE MARGARETTE,WA2310,WA
LAKE MUIR,WA1861,WA
LAKE NINAN,WA2284,WA
LAKE TOOLBRUNUP,WA2109,WA
LAKE WELLS,WA1713,WA
LAKELANDS,WA3063,WA
LAKEWOOD,WA2982,WA
LAMBOO STATION,,WA
LAMINGTON,WA3380,WA
LANCELIN,WA2531,WA
LANDSDALE,WA2871,WA
LANGE,WA2777,WA
LANGFORD,WA3122,WA
LATHAM,WA1964,WA
LATHLAIN,WA3334,WA
LAVERTON,WA1731,WA
LEARMONTH,WA2408,WA
LEDA,WA2850,WA
LEDGE POINT,WA2884,WA
LEEDERVILLE,WA3329,WA
LEEMAN,WA2705,WA
LEEMING,WA3113,WA
LEEUWIN,WA2442,WA
LEINSTER,WA1808,WA
LENNARD BROOK,WA2888,WA
LEONORA,WA1730,WA
LESCHENAULT,WA2823,WA
LESLEY,WA2625,WA
LESMURDIE,WA2921,WA
LEXIA,WA2874,WA
LIME LAKE,WA2590,WA
LINFARNE,WA2895,WA
LINGA,,WA
LITTLE GROVE,WA3011,WA
LITTLE ITALY,WA1893,WA
LITTLE SANDY DESERT,WA1717,WA
LOCKIER,WA2723,WA
LOCKRIDGE,WA3338,WA
LOCKYER,WA3286,WA
LOL GRAY,WA2605,WA
LOMBADINA,,WA
LONDONDERRY,WA2007,WA
LOOMA,,WA
LOONGABID,,WA
LORT RIVER,WA1993,WA
LOUMARD,,WA
LOWDEN,WA2567,WA
LOWER CHITTERING,WA2668,WA
LOWER HOTHAM,WA2135,WA
LOWER KING,WA3025,WA
LOWLANDS,WA2766,WA
LUDLOW,WA2805,WA
LULUIGUI,,WA
LUMEAH,WA2111,WA
LUMUKU,,WA
LYALLS MILL,WA2900,WA
LYNDON,WA1738,WA
LYNWOOD,WA3311,WA
MACLEOD,WA1820,WA
MADDARR,,WA
MADDINGTON,WA2918,WA
MADELEY,WA3345,WA
MADORA BAY,WA3062,WA
MADURA,WA1803,WA
MAGENTA,WA1889,WA
MAGITUP,WA2172,WA
MAHOGANY CREEK,WA2933,WA
MAHOMETS FLATS,WA3368,WA
MAIDA VALE,WA2923,WA
MAITLAND,WA1830,WA
MAJADDIN,,WA
MALABAINE,WA2651,WA
MALABURRA,,WA
MALAGA,WA3193,WA
MALEBELLING,WA2637,WA
MALLEE HILL,WA1887,WA
MALMALLING,WA2626,WA
MALUMBO,,WA
MALYALLING,WA2613,WA
MANDOGALUP,WA3078,WA
MANDURAH,WA3053,WA
MANJIMUP,WA2893,WA
MANMANNING,WA2306,WA
MANNING,WA3314,WA
MANTAMARU,,WA
MANTAMARU,,WA
MANYPEAKS,WA2053,WA
MARANGAROO,WA3176,WA
MARANUP,WA2545,WA
MARBELUP,WA2436,WA
MARBLE BAR,WA1754,WA
MARCHAGEE,WA1960,WA
MARDELLA,WA2211,WA
MARDIE,WA1702,WA
MARDIWAH LOOP,,WA
MARGARET RIVER,WA2452,WA
MARIGINIUP,WA2516,WA
MARMION,WA3342,WA
MARMION VILLAGE,,WA
MARNE,WA2741,WA
MARNJARL,,WA
MARRA WORRA WORRA,,WA
MARRACOONDA,WA2563,WA
MARRADONG,WA2138,WA
MARRAH,WA2739,WA
MARRIBANK,,WA
MARRINUP,WA2904,WA
MARTA MARTA,,WA
MARTIN,WA2620,WA
MARUNBABIDI,,WA
MARVEL LOCH,WA1924,WA
MARYBROOK,WA2791,WA
MASSEY BAY,WA2986,WA
MAYA,WA1966,WA
MAYANUP,WA2095,WA
MAYLANDS,WA3156,WA
MCALINDEN,WA2094,WA
MCBEATH,WA3386,WA
MCGOWAN,,WA
MCKAIL,WA2774,WA
MEADOW,WA1951,WA
MEADOW SPRINGS,WA3060,WA
MECKERING,WA2663,WA
MEDA,WA1845,WA
MEDINA,WA3072,WA
MEEKATHARRA,WA1716,WA
MEEKING,WA2581,WA
MEELON,WA2583,WA
MEENAAR,WA2652,WA
MEERUP,WA2420,WA
MELALEUCA,WA2514,WA
MELVILLE,WA3305,WA
MENORA,WA3327,WA
MENZIES,WA1729,WA
MERCEDES COVE,,WA
MERILUP,WA2190,WA
MERIVALE,WA2402,WA
MERKANOOKA,WA2363,WA
MERREDIN,WA2325,WA
MERRIWA,WA3204,WA
MERU,WA3252,WA
METRICUP,WA2461,WA
METTLER,WA2056,WA
MIA MAYA,,WA
MIAMOON,WA2386,WA
MIDDLE LAGOON,,WA
MIDDLE SWAN,WA2936,WA
MIDDLESEX,WA2538,WA
MIDDLETON BEACH,WA3290,WA
MIDLAND,WA3227,WA
MIDVALE,WA3232,WA
MILBA,,WA
MILING,WA1956,WA
MILLARGOON,,WA
MILLARS WELL,WA3384,WA
MILLBRIDGE,WA3048,WA
MILLBROOK,WA2778,WA
MILLENDON,WA2941,WA
MILLI MILLI NYILIL,,WA
MILLS LAKE,WA2185,WA
MILLSTREAM,WA2026,WA
MILO,WA2358,WA
MILPARA,WA3021,WA
MIMBI,,WA
MIMEGARRA,WA2079,WA
MINDARABIN,WA2180,WA
MINDARIE,WA3200,WA
MINDARRA,WA2272,WA
MINDI RARDI,,WA
MINDIBUNGU,,WA
MINDING,WA2148,WA
MINGALALKA,,WA
MINGENEW,WA3260,WA
MINGULLATHARNDO,,WA
MINIATA,,WA
MINIGIN,WA2158,WA
MINILYA,WA1737,WA
MINNENOOKA,WA2713,WA
MINNIVALE,WA2304,WA
MINYIRR,WA3002,WA
MIRA MAR,WA3017,WA
MIRIMA,,WA
MIRRABOOKA,WA3188,WA
MITCHELL PLATEAU,WA1846,WA
MOBRUP,WA2106,WA
MOCARDY,WA1904,WA
MOGUMBER,WA2273,WA
MOGUMBER COMMUNITY,,WA
MOKINE,WA2640,WA
MOKUP,WA2105,WA
MOLLERIN,WA1970,WA
MOLLOY ISLAND,WA3027,WA
MOLLY SPRINGS,,WA
MONBON,,WA
MONJEBUP,WA2176,WA
MONJINGUP,WA2399,WA
MONKEY MIA,WA3274,WA
MOODIARRUP,WA2104,WA
MOOJEBING,WA2565,WA
MOOLIABEENEE,WA2673,WA
MOONDAH,WA2669,WA
MOONDYNE,WA2629,WA
MOONGARDIE,,WA
MOONIES HILL,WA2107,WA
MOONYOONOOKA,WA2715,WA
MOORA,WA2279,WA
MOORE RIVER NATIONAL PARK,WA2073,WA
MOORIARY,WA2722,WA
MOORINE ROCK,WA2348,WA
MORANGUP,WA2226,WA
MORAPOI,,WA
MORARD,,WA
MORAWA,WA2395,WA
MORBINNING,WA2654,WA
MORDALUP,WA2087,WA
MORESBY,WA2967,WA
MORGANTOWN,WA3382,WA
MORLEY,WA2870,WA
MORNINGTON,WA2128,WA
MORRELL PARK,,WA
MOSMAN PARK,WA3100,WA
MOULYINNING,WA2189,WA
MOUNT ADAMS,WA1936,WA
MOUNT ANKETELL,WA2411,WA
MOUNT BARKER,WA1855,WA
MOUNT BUDD,WA2362,WA
MOUNT BURGES,WA2011,WA
MOUNT CAROLINE,WA2667,WA
MOUNT CLAREMONT,WA3127,WA
MOUNT CLARENCE,WA3014,WA
MOUNT COOKE,WA1898,WA
MOUNT DIVIDE,,WA
MOUNT ELPHINSTONE,WA3287,WA
MOUNT ERIN,WA2721,WA
MOUNT HAMPTON,WA1918,WA
MOUNT HARDEY,WA2636,WA
MOUNT HARDMAN,WA1758,WA
MOUNT HAWTHORN,WA3141,WA
MOUNT HELENA,WA2945,WA
MOUNT HILL,WA2709,WA
MOUNT HOLLAND,WA1797,WA
MOUNT HORNER,WA2359,WA
MOUNT JACKSON,WA1781,WA
MOUNT LAWLEY,WA3155,WA
MOUNT LINDESAY,WA2043,WA
MOUNT MADDEN,WA1991,WA
MOUNT MAGNET,WA2397,WA
MOUNT MARGARET,,WA
MOUNT MELVILLE,WA3289,WA
MOUNT NASURA,WA3358,WA
MOUNT NEY,WA1997,WA
MOUNT OBSERVATION,WA2228,WA
MOUNT PALMER,WA2004,WA
MOUNT PLEASANT,WA3108,WA
MOUNT RICHON,WA3221,WA
MOUNT ROMANCE,WA1853,WA
MOUNT SHEILA,WA1833,WA
MOUNT SHERIDAN,WA1894,WA
MOUNT STIRLING,WA2255,WA
MOUNT TARCOOLA,WA3370,WA
MOUNT WALKER,WA2319,WA
MOUNT WELLS,WA2210,WA
MOUNT WITTENOOM,,WA
MOUROUBRA,WA1972,WA
MOWANJUM,,WA
MOWLA BLUFF,,WA
MUCHEA,WA2260,WA
MUCKENBURRA,WA2522,WA
MUD SPRINGS,,WA
MUDJARRL,,WA
MUDNUN,,WA
MUELLER RANGES,WA1759,WA
MUJA,WA2577,WA
MUKINBUDIN,WA2339,WA
MULAN,,WA
MULATAGA,WA2996,WA
MULGA DOWNS,WA1837,WA
MULGA QUEEN,,WA
MULGUL STATION,,WA
MULLALOO,WA3183,WA
MULLALYUP,WA2091,WA
MULLEWA,WA2380,WA
MULLIBIDEE,,WA
MULLINGAR,WA2752,WA
MULUCKINE,WA2649,WA
MULUDJA,,WA
MUMBALLUP,WA2570,WA
MUMBERKINE,WA2681,WA
MUNDABULLANGANA,WA2029,WA
MUNDARING,WA2934,WA
MUNDIJONG,WA2907,WA
MUNDRABILLA,WA1812,WA
MUNDUD,,WA
MUNGALUP,WA2571,WA
MUNGET,,WA
MUNGLINUP,WA1990,WA
MUNGULLAH,,WA
MUNMARUL,,WA
MUNSTER,WA2513,WA
MUNTADGIN,WA1916,WA
MUNTHANMAR,,WA
MURADUP,WA2112,WA
MURCHISON,WA1740,WA
MURDOCH,WA3103,WA
MURDONG,WA2121,WA
MURESK,WA2958,WA
MURPHY CREEK,,WA
MYALUP,WA2069,WA
MYARA,WA2906,WA
MYAREE,WA3307,WA
MYRUP,WA2401,WA
NABAWA,WA2733,WA
NAIRIBIN,WA2188,WA
NALKAIN,WA2694,WA
NALYERLUP,WA2177,WA
NAMBAN,WA2384,WA
NAMBEELUP,WA2508,WA
NAMBI VILLAGE,,WA
NAMBUNG,WA2353,WA
NANARUP,WA2050,WA
NANGA,WA1816,WA
NANGA BROOK,WA2136,WA
NANGEENAN,WA2324,WA
NANGETTY,WA2366,WA
NANNUP,WA2063,WA
NANSON,WA2719,WA
NANUTARRA,WA1746,WA
NAPIER,WA2052,WA
NARALING,WA2371,WA
NAREMBEEN,WA3366,WA
NARNGULU,WA2964,WA
NARRA TARRA,WA2718,WA
NARRALOGGAN,WA2660,WA
NARRIKUP,WA1854,WA
NARROGIN,WA2905,WA
NARROGIN VALLEY,WA2602,WA
NATURALISTE,WA2465,WA
NAVAL BASE,WA3075,WA
NEALE,WA1714,WA
NEDLANDS,WA3130,WA
NEEDILUP,WA2184,WA
NEEM,,WA
NEENDALING,WA1886,WA
NEERABUP,WA2515,WA
NEERGABBY,WA2521,WA
NEMBUDDING,WA2695,WA
NERIDUP,WA1995,WA
NERRAMYNE,WA1953,WA
NERREN NERREN,WA1949,WA
NEW LOOMA,,WA
NEW NORCIA,WA2276,WA
NEWCARLBEON,WA1968,WA
NEWDEGATE,WA2206,WA
NEWLANDS,WA2808,WA
NEWMAN,WA1752,WA
NGAANYATJARRA-GILES,WA1721,WA
NGADALARGIN,,WA
NGALINGKADJI,,WA
NGALLAGUNDA,,WA
NGAMAKOON,,WA
NGARANTJADU,,WA
NGARLAN,,WA
NGARLAN BURR,,WA
NGULUP,,WA
NGULWIRRIWIRRI,,WA
NGUMPAN,,WA
NGURRAWAANA,,WA
NGURTUWARTA,,WA
NGYALAWILLI,,WA
NICHOLSON CAMP,,WA
NICKOL,WA3281,WA
NILGEN,WA2076,WA
NILLARGOON,,WA
NILLIR IRBANJIN,,WA
NILLUP,WA2781,WA
NILLYGAN,,WA
NIMBING,,WA
NINGA MIA,,WA
NINGALOO,WA2023,WA
NIPPERING,WA2597,WA
NIRIMBA,WA2503,WA
NOGGERUP,WA2557,WA
NOKANING,WA2328,WA
NOLBA,WA2738,WA
NOLLAMARA,WA3343,WA
NOMANS LAKE,WA2611,WA
NORANDA,WA3189,WA
NORNALUP,WA2040,WA
NORPA,WA2697,WA
NORSEMAN,WA1724,WA
NORTH BAANDEE,WA2326,WA
NORTH BANNISTER,WA2215,WA
NORTH BEACH,WA3339,WA
NORTH BODALLIN,WA2351,WA
NORTH BOYANUP,WA2815,WA
NORTH BURNGUP,WA2205,WA
NORTH CASCADE,WA1791,WA
NORTH COOGEE,WA3089,WA
NORTH DANDALUP,WA2616,WA
NORTH ERADU,WA2375,WA
NORTH FREMANTLE,WA3097,WA
NORTH GREENBUSHES,WA2899,WA
NORTH JINDONG,WA2788,WA
NORTH KELLERBERRIN,WA2299,WA
NORTH KUKERIN,WA2194,WA
NORTH KUNUNOPPIN,WA2335,WA
NORTH LAKE,WA3093,WA
NORTH LAKE GRACE,WA2200,WA
NORTH MOULYINNING,WA2599,WA
NORTH PERTH,WA3330,WA
NORTH PLANTATIONS,WA2755,WA
NORTH STIRLINGS,WA2171,WA
NORTH TAMMIN,WA2297,WA
NORTH TRAYNING,WA2309,WA
NORTH WALPOLE,WA1851,WA
NORTH WEST CAPE,WA2409,WA
NORTH WIALKI,WA2396,WA
NORTH YELBENI,WA2308,WA
NORTH YUNDERUP,WA2836,WA
NORTHAM,WA2645,WA
NORTHAMPTON,WA2975,WA
NORTHBRIDGE,WA3321,WA
NORTHCLIFFE,WA2764,WA
NORTHERN GULLY,WA2720,WA
NORTON BORE,,WA
NOWERGUP,WA2881,WA
NUDUGUN,,WA
NUGADONG,WA2387,WA
NUKARNI,WA2329,WA
NULLA NULLA,,WA
NULLAGINE,WA1753,WA
NULLAKI,WA2430,WA
NULLYWAH,,WA
NULSEN,WA3265,WA
NUNGARIN,WA2330,WA
NUNIERRA,WA1945,WA
NUNILE,WA2676,WA
NUNJU YALLET,,WA
NYABING,WA1885,WA
NYGAH NYGAH,,WA
NYUMWAH,,WA
O'CONNOR,WA3096,WA
OAKAJEE,WA2970,WA
OAKFORD,WA2852,WA
OAKLEY,WA2839,WA
OCEAN BEACH,WA2428,WA
OCEAN REEF,WA3205,WA
OGILVIE,WA1775,WA
OLD PLAINS,WA2275,WA
OLDBURY,WA2512,WA
ONE ARM POINT,,WA
ONGERUP,WA3218,WA
ONSLOW,WA2410,WA
OOMBULGURRI,WA1768,WA
OOMBULGURRI,WA1768,WA
ORA BANDA,WA2012,WA
ORANA,WA3291,WA
ORANGE GROVE,WA3224,WA
ORANGE SPRINGS,WA2532,WA
ORCHID VALLEY,WA2096,WA
ORD RIVER,WA1766,WA
ORELIA,WA3073,WA
OSBORNE PARK,WA3139,WA
OSMINGTON,WA2457,WA
PADBURY,WA3181,WA
PAGO,,WA
PALGARUP,WA2896,WA
PALLINUP,WA2178,WA
PALMDALE,WA2440,WA
PALMER,WA2580,WA
PALMYRA,WA3304,WA
PANDANUS PARK,,WA
PANNAWONICA,WA2991,WA
PANTAPIN,WA2252,WA
PANTIJAN,,WA
PAPULANKUTJA,,WA
PARABURDOO,WA2407,WA
PARADISE,WA2821,WA
PARDOO,WA2032,WA
PARKER RANGE,WA2001,WA
PARKERVILLE,WA2943,WA
PARKESTON,WA2751,WA
PARKFIELD,WA2824,WA
PARKLANDS,WA3061,WA
PARKWOOD,WA3119,WA
PARMELIA,WA3070,WA
PARNPAJINYA,,WA
PARRYVILLE,WA2426,WA
PARUKUPAN,,WA
PATJARR,,WA
PATJARR,,WA
PAULLS VALLEY,WA2931,WA
PAYNEDALE,WA2476,WA
PAYNES FIND,WA1722,WA
PAYNESVILLE,WA1787,WA
PEACEFUL BAY,WA2422,WA
PEAK HILL,WA1744,WA
PEARSALL,WA3347,WA
PEEDAMULLA,WA2025,WA
PEERABEELUP,WA2060,WA
PEGS CREEK,WA3282,WA
PELICAN POINT,WA3047,WA
PELLING PELLING,,WA
PEMBERTON,WA2889,WA
PEPPERMINT GROVE,WA3315,WA
PEPPERMINT GROVE BEACH,WA3036,WA
PERENJORI,WA1777,WA
PERILLUP,WA1866,WA
PERON,WA3058,WA
PERTH,WA2863,WA
PERTH AIRPORT,WA2865,WA
PERUP,WA2086,WA
PETERMARER CREEK,,WA
PETRUDOR,WA2743,WA
PIA WADJARI,,WA
PIARA WATERS,WA3112,WA
PIAWANING,WA2280,WA
PICCADILLY,WA3269,WA
PICKERING BROOK,WA2214,WA
PICTON,WA3044,WA
PICTON EAST,WA3045,WA
PIESSE BROOK,WA2925,WA
PIESSEVILLE,WA2150,WA
PINDAR,WA1984,WA
PINGARING,WA1892,WA
PINGELLY,WA3216,WA
PINGRUP,WA1770,WA
PINJAR,WA2517,WA
PINJARRA,WA2838,WA
PINJIN,,WA
PINK LAKE,WA2745,WA
PINTHARUKA,WA1975,WA
PINWERNYING,WA3214,WA
PIPPINGARRA,WA2030,WA
PIPPINGARRA,WA2030,WA
PIPUNYA,,WA
PITHARA,WA1957,WA
PLUMRIDGE LAKES,WA1708,WA
POINT GREY,WA2499,WA
POINT SAMSON,WA2416,WA
POPANYINNING,WA2607,WA
PORONGURUP,WA2439,WA
PORT ALBANY,WA3015,WA
PORT DENISON,WA2960,WA
PORT HEDLAND,WA2763,WA
PORT KENNEDY,WA2843,WA
POSTANS,WA3071,WA
PRESTON BEACH,WA2495,WA
PRESTON SETTLEMENT,WA2572,WA
PREVELLY,WA3029,WA
PRINCE REGENT RIVER,WA1761,WA
PULLOUT SPRINGS,,WA
PUMPHREYS BRIDGE,WA2145,WA
PUNJU NJAMAL,,WA
PUNMU,,WA
PUNTAWARI,,WA
PURLUWALA,,WA
PURNULULU,WA2034,WA
QUAIRADING,WA2662,WA
QUALEUP,WA2102,WA
QUEDJINUP,WA2792,WA
QUEENS PARK,WA3152,WA
QUEENWOOD,WA2484,WA
QUELAGETTING,WA2693,WA
QUELLINGTON,WA2647,WA
QUINDALUP,WA2463,WA
QUINDANNING,WA2588,WA
QUINNINUP,WA2082,WA
QUINNS ROCKS,WA3201,WA
RANFORD,WA3215,WA
RANGEWAY,WA3250,WA
RARRDJALI,,WA
RAVENSTHORPE,WA1989,WA
RAVENSWOOD,WA2507,WA
RAWLINNA,WA1732,WA
RED CREEK,,WA
RED GULLY,WA2077,WA
RED HILL,WA2939,WA
RED HILL,WA2939,WA
RED SHELLS,,WA
REDBANK,WA3001,WA
REDCLIFFE,WA3159,WA
REDGATE,WA2782,WA
REDMOND,WA2047,WA
REDMOND WEST,WA2044,WA
REEDY,WA1788,WA
REGANS FORD,WA2078,WA
REINSCOURT,WA2799,WA
REMLAP,WA2394,WA
RESERVOIR,WA2930,WA
RIDGEWOOD,WA3350,WA
RINGBARK,WA2894,WA
RIVERTON,WA3120,WA
RIVERVALE,WA3149,WA
ROBE RIVER,,WA
ROBINSON,WA2769,WA
ROCKINGHAM,WA2846,WA
ROCKLEA,WA1831,WA
ROCKWELL,WA2737,WA
ROCKY GULLY,WA1864,WA
ROCKY SPRINGS,,WA
ROEBOURNE,WA2412,WA
ROEBUCK,WA1757,WA
ROELANDS,WA2067,WA
ROLEYSTONE,WA2622,WA
ROLLAH,,WA
ROSA BROOK,WA2062,WA
ROSA GLEN,WA2456,WA
ROSSMORE,WA2685,WA
ROSSMOYNE,WA3310,WA
ROTHSAY,WA1780,WA
ROTTNEST ISLAND,WA2861,WA
RUABON,WA2471,WA
RUDDS GULLY,WA2963,WA
RYANSBROOK,WA2559,WA
SABINA RIVER,WA2797,WA
SAFETY BAY,WA3057,WA
SALMON GUMS,WA1794,WA
SALTER POINT,WA3117,WA
SAMSON,WA3387,WA
SAN REMO,WA3297,WA
SANDPATCH,WA2424,WA
SANDSPRINGS,WA2966,WA
SANDSTONE,WA1710,WA
SANDY GULLY,WA2370,WA
SAWYERS VALLEY,WA2223,WA
SCADDAN,WA1792,WA
SCARBOROUGH,WA3135,WA
SCHROEDER,WA1856,WA
SCOTSDALE,WA2042,WA
SCOTT RIVER,WA2449,WA
SCOTT RIVER EAST,WA2057,WA
SCOTTS BROOK,WA2097,WA
SEABIRD,WA2883,WA
SECRET HARBOUR,WA3066,WA
SEPPINGS,WA3016,WA
SERPENTINE,WA2618,WA
SEVILLE GROVE,WA3222,WA
SHACKLETON,WA2254,WA
SHADFORTH,WA2431,WA
SHANNON,WA1850,WA
SHARK BAY,WA1736,WA
SHELLEY,WA3118,WA
SHENTON PARK,WA3132,WA
SHERLOCK,WA1836,WA
SHOALWATER,WA3059,WA
SHOTTS,WA2576,WA
SIESTA PARK,WA3031,WA
SILVER SANDS,WA3056,WA
SINAGRA,WA3207,WA
SINCLAIR,WA3376,WA
SINGLETON,WA3064,WA
SIR SAMUEL,WA2015,WA
SKELETON ROCK,WA1920,WA
SMITH BROOK,WA2890,WA
SOLUS,WA2209,WA
SOMERVILLE,WA2979,WA
SORRENTO,WA3341,WA
SOUTH BODALLIN,WA1923,WA
SOUTH BOULDER,WA2983,WA
SOUTH BUNBURY,WA3040,WA
SOUTH BURRACOPPIN,WA1921,WA
SOUTH CARNARVON,WA3275,WA
SOUTH DATATINE,WA2595,WA
SOUTH DOODLAKINE,WA2259,WA
SOUTH FREMANTLE,WA3095,WA
SOUTH GLENCOE,WA2592,WA
SOUTH GREENOUGH,WA2708,WA
SOUTH GUILDFORD,WA3164,WA
SOUTH HEDLAND,WA2999,WA
SOUTH KALGOORLIE,WA3379,WA
SOUTH KUKERIN,WA2191,WA
SOUTH KUMMININ,WA1914,WA
SOUTH KUNUNOPPIN,WA2327,WA
SOUTH LAKE,WA3092,WA
SOUTH LAKE GRACE,WA2192,WA
SOUTH MURCHISON,WA1739,WA
SOUTH NEWDEGATE,WA1890,WA
SOUTH PERTH,WA3147,WA
SOUTH PLANTATIONS,WA2989,WA
SOUTH QUAIRADING,WA2241,WA
SOUTH STIRLING,WA2441,WA
SOUTH TAMMIN,WA2256,WA
SOUTH TRAYNING,WA2302,WA
SOUTH YELBENI,WA2301,WA
SOUTH YILGARN,WA2322,WA
SOUTH YUNA,WA2740,WA
SOUTH YUNDERUP,WA2505,WA
SOUTHAMPTON,WA2548,WA
SOUTHERN BROOK,WA2683,WA
SOUTHERN CROSS,WA2349,WA
SOUTHERN RIVER,WA2858,WA
SPALDING,WA3257,WA
SPEARWOOD,WA3087,WA
SPEEWAH VALLEY,,WA
SPENCER PARK,WA3020,WA
SPENCERS BROOK,WA2641,WA
SPRINGFIELD,WA2961,WA
SPRINGS,WA2216,WA
ST GEORGE RANGES,WA1720,WA
ST JAMES,WA3333,WA
ST RONANS,WA2631,WA
STAKE HILL,WA2840,WA
STIRLING,WA3171,WA
STIRLING ESTATE,WA2478,WA
STIRLING RANGE NATIONAL PARK,WA1878,WA
STONEVILLE,WA2944,WA
STOVE HILL,WA2994,WA
STRATHALBYN,WA3372,WA
STRATHAM,WA2481,WA
STRATHERNE,WA2610,WA
STRATTON,WA3233,WA
STRELLEY,WA2418,WA
STRELLEY,WA2418,WA
STURT CREEK,WA1765,WA
SUBIACO,WA3131,WA
SUCCESS,WA3081,WA
SUNNYSIDE,WA2552,WA
SUNSET BEACH,WA3374,WA
SWAN VIEW,WA3235,WA
SWANBOURNE,WA3128,WA
TAKALARUP,WA1877,WA
TALANDJI,WA1827,WA
TALBOT,WA2229,WA
TALBOT WEST,WA2222,WA
TALGOMINE,WA2331,WA
TALISKER,WA1817,WA
TAMALA,WA1815,WA
TAMALA PARK,WA3196,WA
TAMBELLUP,WA3212,WA
TAMMIN,WA3363,WA
TAMPU,WA2393,WA
TANAMI,WA1764,WA
TANDEGIN,WA1917,WA
TAPPER'S INLET,,WA
TAPPING,WA3206,WA
TARCOOLA BEACH,WA3245,WA
TARDUN,WA1977,WA
TARIN ROCK,WA2196,WA
TARKU,,WA
TEESDALE,WA2902,WA
TELFER,WA1719,WA
TENINDEWA,WA2376,WA
TENTERDEN,WA1868,WA
THE LAKES,WA2628,WA
THE PLAINS,WA2807,WA
THE SPECTACLES,WA3074,WA
THE VINES,WA3239,WA
THOMSON BROOK,WA2555,WA
THORNLIE,WA2860,WA
THREE MILE,,WA
THREE SPRINGS,WA3367,WA
THROSSELL,WA2235,WA
TIBRADDEN,WA2973,WA
TINCURRIN,WA2165,WA
TINGLEDALE,WA2765,WA
TIRRALINTJI,,WA
TJALKA WARA,,WA
TJIRRKARLI,,WA
TJIRRKARLI,,WA
TJUKURLA,,WA
TJUKURLA,,WA
TJUNTJUNTJARA,,WA
TKALKA BOORDA,,WA
TOM PRICE,WA2756,WA
TONEBRIDGE,WA2088,WA
TOODYAY,WA2630,WA
TOOLIBIN,WA2164,WA
TOOLONGA,WA1955,WA
TOOMPUP,WA2182,WA
TORBAY,WA2434,WA
TORNDIRRUP,WA2049,WA
TOWNSENDALE,WA2163,WA
TRAFALGAR,WA2749,WA
TRAYNING,WA3365,WA
TREEBY,WA3395,WA
TREETON,WA2458,WA
TRENT,WA1852,WA
TRIGG,WA3166,WA
TRIGWELL,WA2100,WA
TUART HILL,WA3332,WA
TURKEY HILL,WA1927,WA
TUTUNUP,WA2472,WA
TWO ROCKS,WA2518,WA
UCARTY,WA2292,WA
UCARTY WEST,WA2269,WA
UDUC,WA2825,WA
ULARRING,WA1728,WA
ULLAWARRA,,WA
ULLULA STATION,,WA
UPPER CAPEL,WA2475,WA
UPPER MURRAY,WA2134,WA
UPPER SWAN,WA2950,WA
UPPER WARREN,WA2085,WA
USELESS LOOP,WA2985,WA
USHER,WA3037,WA
UTAKARRA,WA3251,WA
VALENTINE,WA2730,WA
VANCOUVER PENINSULA,WA3018,WA
VARLEY,WA1897,WA
VASSE,WA2467,WA
VICTORIA PARK,WA3148,WA
VICTORIA ROCK,WA1798,WA
VICTORY HEIGHTS,WA3378,WA
VITTORIA,WA2817,WA
VIVEASH,WA3362,WA
WADDERIN,WA1913,WA
WADDINGTON,WA2691,WA
WADDY FOREST,WA2388,WA
WAEEL,WA2664,WA
WAGERUP,WA1870,WA
WAGGRAKINE,WA2969,WA
WAGIN,WA2149,WA
WAIKIKI,WA2845,WA
WAKATHUNI,,WA
WALEBING,WA2281,WA
WALGOOLAN,WA1922,WA
WALGUN,,WA
WALKAWAY,WA2712,WA
WALLAREENYA,WA2415,WA
WALLAROO,WA1805,WA
WALLISTON,WA3359,WA
WALMSLEY,WA3022,WA
WALPOLE,WA2421,WA
WALSALL,WA2786,WA
WALYORMOURING,WA2271,WA
WALYUNGA NATIONAL PARK,WA2951,WA
WALYURIN,WA2198,WA
WAMALI,,WA
WAMENUSKING,WA2244,WA
WANAMULYUNDONG,,WA
WANARN,,WA
WANARN,,WA
WANDANA,WA2379,WA
WANDANOOKA,,WA
WANDERING,WA2143,WA
WANDI,WA3084,WA
WANDILLUP,WA2089,WA
WANDINA,WA3246,WA
WANERIE,WA2526,WA
WANGARA,WA2868,WA
WANGKATJUNGKA,,WA
WANNAMAL,WA2674,WA
WANNANUP,WA3051,WA
WANNEROO,WA2878,WA
WANSBROUGH,WA2108,WA
WARAKURNA,,WA
WARAKURNA,,WA
WARAWARRUP,WA2826,WA
WARBURTON,WA2031,WA
WARBURTON,WA2031,WA
WARDERING,WA2161,WA
WARDING EAST,WA2248,WA
WARINGARRI,,WA
WARMUN,WA3285,WA
WARMUN,WA3285,WA
WARNBRO,WA2844,WA
WARNER GLEN,WA2780,WA
WAROONA,WA1871,WA
WARRACHUPPIN,WA2344,WA
WARRADARGE,WA1930,WA
WARRALAKIN,WA2343,WA
WARRALONG,,WA
WARRAYU,,WA
WARRENUP,WA2776,WA
WARWICK,WA3175,WA
WATERBANK,WA1840,WA
WATERCARRIN,WA2291,WA
WATERFORD,WA3313,WA
WATERLOO,WA2822,WA
WATERMANS BAY,WA3340,WA
WATHEROO,WA1958,WA
WATTENING,WA2266,WA
WATTLE GROVE,WA3225,WA
WATTLEUP,WA3079,WA
WATTONING,WA2338,WA
WEBBERTON,WA3255,WA
WEDGE ISLAND,WA2075,WA
WEDGECARRUP,WA2147,WA
WEDGEFIELD,WA3000,WA
WELBUNGIN,WA2337,WA
WELD RANGE,WA1784,WA
WELLARD,WA2511,WA
WELLESLEY,WA2489,WA
WELLINGTON FOREST,WA2126,WA
WELLINGTON MILL,WA2819,WA
WELLSTEAD,WA2174,WA
WELSHPOOL,WA2862,WA
WEMBLEY,WA3137,WA
WEMBLEY DOWNS,WA3322,WA
WEST BALLIDU,WA2288,WA
WEST BEACH,WA2746,WA
WEST BINNU,WA2373,WA
WEST BUSSELTON,WA3033,WA
WEST CAPE HOWE,WA2768,WA
WEST CASUARINAS,WA1939,WA
WEST COOLUP,WA2501,WA
WEST END,WA3244,WA
WEST FITZGERALD,WA1884,WA
WEST HOLLETON,WA2321,WA
WEST KALGOORLIE,WA3377,WA
WEST LAMINGTON,WA3270,WA
WEST LEEDERVILLE,WA3326,WA
WEST LYONS RIVER,WA1742,WA
WEST PERTH,WA1705,WA
WEST PINGELLY,WA2236,WA
WEST PINJARRA,WA2504,WA
WEST POPANYINNING,WA2606,WA
WEST RIVER,WA1888,WA
WEST SWAN,WA2937,WA
WEST TOODYAY,WA2670,WA
WESTDALE,WA2218,WA
WESTMINSTER,WA3179,WA
WESTONIA,WA2702,WA
WESTWOOD,WA2116,WA
WEYMUL,,WA
WHIM CREEK,WA2998,WA
WHITBY,WA2908,WA
WHITE GUM VALLEY,WA3303,WA
WHITE PEAK,WA2971,WA
WHITE ROCK OUTSTATION,,WA
WHITEMAN,WA2873,WA
WHITTAKER,WA2617,WA
WHULICH,,WA
WIALKI,WA1979,WA
WICHERINA,WA2728,WA
WICHERINA SOUTH,WA2727,WA
WICKEPIN,WA2167,WA
WICKHAM,WA2997,WA
WIDGIEMOOLTHA,WA1799,WA
WIJILAWARRIM,WA3401,WA
WILBERFORCE,WA2234,WA
WILBINGA,WA2520,WA
WILGA,WA2558,WA
WILGA WEST,WA2554,WA
WILGARRUP,WA2544,WA
WILGOYNE,WA2346,WA
WILLAGEE,WA3106,WA
WILLARE,WA1843,WA
WILLETTON,WA3116,WA
WILLIAM BAY,WA2429,WA
WILLIAMS,WA1769,WA
WILLIAMSTOWN,WA2981,WA
WILLYUNG,WA2438,WA
WILSON,WA3121,WA
WILUNA,WA1748,WA
WILUNA COMMUNITY,,WA
WILYABRUP,WA2460,WA
WINDABOUT,WA3267,WA
WINDIDDA,,WA
WINDJINGAYRE,,WA
WINDY HARBOUR,WA2037,WA
WINGELLINA,,WA
WINNEJUP,WA2090,WA
WINTHROP,WA3110,WA
WIRRILIMIRA,,WA
WITCHCLIFFE,WA2453,WA
WITHERS,WA3039,WA
WITTENOOM,WA2414,WA
WITTENOOM HILLS,WA1996,WA
WOGOLIN,WA2170,WA
WOKALUP,WA2492,WA
WOMARDEN,WA1973,WA
WONGAMINE,WA2678,WA
WONGAN HILLS,WA2287,WA
WONGATHA WONGANARRA,,WA
WONGOONDY,WA2367,WA
WONNERUP,WA2802,WA
WONTHELLA,WA3248,WA
WOODANILLING,WA2564,WA
WOODBRIDGE,WA3360,WA
WOODLANDS,WA3325,WA
WOODLEIGH,WA2020,WA
WOODRIDGE,WA2885,WA
WOODSTOCK HOMESTEAD,,WA
WOODVALE,WA2867,WA
WOOGENELLUP,WA1876,WA
WOOLAH,,WA
WOOLGORONG,WA1954,WA
WOOLOCUTTY,WA2320,WA
WOORAMEL,WA1818,WA
WOOROLOO,WA2948,WA
WOORREE,WA3256,WA
WOOTTATING,WA2231,WA
WORSLEY,WA2127,WA
WUBIN,WA1963,WA
WUGGABUN,,WA
WULUNUNJUR,,WA
WUNDOWIE,WA2954,WA
WUNGONG,WA2913,WA
WUNGU,,WA
WUNKUL,,WA
WURAMING,WA2137,WA
WURRERANGINY,,WA
WYALKATCHEM,WA2295,WA
WYENING,WA2687,WA
WYNDHAM,WA2035,WA
WYOLA WEST,WA2290,WA
XANTIPPE,WA2744,WA
YABBERUP,WA2568,WA
YAGGA YAGGA,,WA
YAKAMIA,WA3019,WA
YAKANARRA,,WA
YALARDY,WA2022,WA
YALGOO,WA1723,WA
YALLABATHARRA,WA1940,WA
YALLINGUP,WA2462,WA
YALLINGUP SIDING,WA2789,WA
YALYALUP,WA2468,WA
YANCHEP,WA2070,WA
YANDANOOKA,WA1938,WA
YANDARINYA,,WA
YANDEYARRA,,WA
YANDOO CREEK,WA1821,WA
YANGEBUP,WA3090,WA
YANMAH,WA2539,WA
YANNARIE,WA1826,WA
YARAWINDAH,WA2274,WA
YARDARINO,WA2357,WA
YARDGEE,,WA
YARDOOGARRA,,WA
YARLOOP,WA2498,WA
YARRAGADEE,WA2361,WA
YARRAMURRAL,,WA
YARRI YARRI,,WA
YATHARLA,,WA
YATHROO,WA2080,WA
YAWURU,,WA
YEAGARUP,WA1859,WA
YEAL,WA2072,WA
YEALERING,WA2169,WA
YEBBLE,,WA
YELBENI,WA3364,WA
YELLOWDINE,WA2005,WA
YELVERTON,WA2787,WA
YERECOIN,WA2285,WA
YETNA,WA2714,WA
YILKARI,WA2406,WA
YILLIMINNING,WA2166,WA
YIRRALALLEM,,WA
YIYILI,,WA
YOGANUP,WA1857,WA
YOKINE,WA3140,WA
YOONGARILLUP,WA2801,WA
YORK,WA2956,WA
YORNANING,WA2162,WA
YORNUP,WA2541,WA
YOTING,WA2666,WA
YOUNDEGIN,WA2251,WA
YOUNGALEENA,,WA
YOUNGS SIDING,WA2432,WA
YOURDAMUNG LAKE,WA1873,WA
YULGA JINNA,,WA
YULUMBU,,WA
YUNA,WA2378,WA
YUNGGUL,,WA
YUNGNORA,,WA
ZANTHUS,WA1811,WA
ZUYTDORP,WA1946,WA
